creation_id,lab_item_id,rank,lab_item,mod_intro,mod_fact_1,mod_fact_2,mod_fact_3,mod_fact_4,mod_fact_5,mod_disclaimer,status,times_used,last_used_at
PBVita-Lab-001,LAB-001,1,amber glass research vial with rubber stopper,Catalog reference documentation: amber glass research vial with rubber stopper — for laboratory procurement teams (001/500),Listed as research material for laboratory documentation only · ref 001,Supplied in research-appropriate sealed packaging · motif 001,Intended for in-vitro assay preparation contexts · card 001,Explicit research-use only — not for clinical application · line 001,View laboratory listing for full documentation · CTA 001,For laboratory research use only. Not for human use or consumption.,Active,0,
PBVita-Lab-002,LAB-002,2,clear borosilicate peptide vial upright,Laboratory listing overview: clear borosilicate peptide vial upright — for laboratory procurement teams (002/500),Catalog ID reserved for catalog listing tracking · ref 002,Presented in laboratory catalog presentation format · motif 002,Supports pathway and mechanism study documentation · card 002,Documentation must retain research-only disclaimer · line 002,Refer to catalog page for receiving checklist · CTA 002,For laboratory research use only. Not for human use or consumption.,Active,0,
PBVita-Lab-003,LAB-003,3,frosted white research vial with matte label panel,Research material specification card: frosted white research vial with matte label pan — for laboratory procurement teams (003/500),Structured entry supporting analytical reference entry records · ref 003,Packaged for controlled research handling workflows · motif 003,Aligned to laboratory QC reference collections · card 003,Explicit research-use only — not for clinical application · line 003,Review laboratory listing before procurement · CTA 003,For laboratory research use only. Not for human use or consumption.,Active,0,
PBVita-Lab-004,LAB-004,4,dual-chamber lyophilized research vial,Analytical catalog entry: dual-chamber lyophilized research vial — for analytical reference workflows (004/500),Published for laboratory SKU reference use · ref 004,Unit presentation matches research receiving standards · motif 004,Positioned for laboratory methods development files · card 004,Documentation must retain research-only disclaimer · line 004,Open catalog record for specifications and notes · CTA 004,For laboratory research use only. Not for human use or consumption.,Active,0,
PBVita-Lab-005,LAB-005,5,screw-cap scintillation vial,Controlled research SKU brief: screw-cap scintillation vial — for analytical reference workflows (005/500),Indexed under documentation record for receiving logs · ref 005,Container format suited to laboratory storage protocols · motif 005,Used within laboratory characterization workflows · card 005,Explicit research-use only — not for clinical application · line 005,View listing for research handling summary · CTA 005,For laboratory research use only. Not for human use or consumption.,Active,0,
PBVita-Lab-006,LAB-006,6,cryovial with silicone gasket cap,Documentation index summary: cryovial with silicone gasket cap — for analytical reference workflows (006/500),Maintained as inventory line item in the research catalog · ref 006,Ship-ready research packaging with tamper-evident cues · motif 006,Documented for instrument calibration support files · card 006,Documentation must retain research-only disclaimer · line 006,Access full research documentation in catalog · CTA 006,For laboratory research use only. Not for human use or consumption.,Active,0,
PBVita-Lab-007,LAB-007,7,amber dropper-style research bottle sealed,Laboratory inventory spotlight: amber dropper-style research bottle sealed — for controlled research inventory (007/500),Formatted for qualified research lot documentation packets · ref 007,Catalog photography reflects actual research unit form · motif 007,Included for analytical standards cross-reference · card 007,Explicit research-use only — not for clinical application · line 007,See research listing for packaging and lot fields · CTA 007,For laboratory research use only. Not for human use or consumption.,Active,0,
PBVita-Lab-008,LAB-008,8,HPLC sample vial with insert,Reference listing synopsis: HPLC sample vial with insert — for controlled research inventory (008/500),Aligned to reference standard entry inventory controls · ref 008,Physical format intended for laboratory bench inventory · motif 008,Referenced in analytical method documentation sets · card 008,Documentation must retain research-only disclaimer · line 008,Open documentation card for complete fields · CTA 008,For laboratory research use only. Not for human use or consumption.,Active,0,
PBVita-Lab-009,LAB-009,9,headspace vial with crimp cap,Research catalog fact sheet: headspace vial with crimp cap — for controlled research inventory (009/500),Prepared as research material for analytical files · ref 009,Pack configuration supports research chain-of-custody notes · motif 009,Suitable for controlled research sample libraries · card 009,Explicit research-use only — not for clinical application · line 009,Continue to listing for controlled SKU details · CTA 009,For laboratory research use only. Not for human use or consumption.,Active,0,
PBVita-Lab-010,LAB-010,10,amber serum vial lying on side,Qualified material overview: amber serum vial lying on side — for documentation and receiving (010/500),Designated catalog listing within PBVita listings · ref 010,Unit geometry documented for catalog identification · motif 010,Cataloged for research protocol bill-of-materials · card 010,Documentation must retain research-only disclaimer · line 010,Consult catalog entry for storage class details · CTA 010,For laboratory research use only. Not for human use or consumption.,Active,0,
PBVita-Lab-011,LAB-011,11,clear vial cluster in cardboard vial tray,Catalog reference documentation: clear vial cluster in cardboard vial tray — for documentation and receiving (011/500),Listed as analytical reference entry for laboratory documentation only · ref 011,Supplied in research-appropriate sealed packaging · motif 011,Intended for in-vitro assay preparation contexts · card 011,Explicit research-use only — not for clinical application · line 011,View laboratory listing for full documentation · CTA 011,For laboratory research use only. Not for human use or consumption.,Active,0,
PBVita-Lab-012,LAB-012,12,vacuum-sealed research vial in foil pouch open flap,Laboratory listing overview: vacuum-sealed research vial in foil pouch open f — for documentation and receiving (012/500),Catalog ID reserved for laboratory SKU tracking · ref 012,Presented in laboratory catalog presentation format · motif 012,Supports pathway and mechanism study documentation · card 012,Documentation must retain research-only disclaimer · line 012,Refer to catalog page for receiving checklist · CTA 012,For laboratory research use only. Not for human use or consumption.,Active,0,
PBVita-Lab-013,LAB-013,13,graduated media bottle 100ml,Research material specification card: graduated media bottle 100ml — for assay preparation planning (013/500),Structured entry supporting documentation record records · ref 013,Packaged for controlled research handling workflows · motif 013,Aligned to laboratory QC reference collections · card 013,Explicit research-use only — not for clinical application · line 013,Review laboratory listing before procurement · CTA 013,For laboratory research use only. Not for human use or consumption.,Active,0,
PBVita-Lab-014,LAB-014,14,amber reagent bottle with pour ring,Analytical catalog entry: amber reagent bottle with pour ring — for assay preparation planning (014/500),Published for inventory line item reference use · ref 014,Unit presentation matches research receiving standards · motif 014,Positioned for laboratory methods development files · card 014,Documentation must retain research-only disclaimer · line 014,Open catalog record for specifications and notes · CTA 014,For laboratory research use only. Not for human use or consumption.,Active,0,
PBVita-Lab-015,LAB-015,15,sterile water for research bottle,Controlled research SKU brief: sterile water for research bottle — for assay preparation planning (015/500),Indexed under qualified research lot for receiving logs · ref 015,Container format suited to laboratory storage protocols · motif 015,Used within laboratory characterization workflows · card 015,Explicit research-use only — not for clinical application · line 015,View listing for research handling summary · CTA 015,For laboratory research use only. Not for human use or consumption.,Active,0,
PBVita-Lab-016,LAB-016,16,glass ampule scored neck sealed,Documentation index summary: glass ampule scored neck sealed — for catalog compliance review (016/500),Maintained as reference standard entry in the research catalog · ref 016,Ship-ready research packaging with tamper-evident cues · motif 016,Documented for instrument calibration support files · card 016,Documentation must retain research-only disclaimer · line 016,Access full research documentation in catalog · CTA 016,For laboratory research use only. Not for human use or consumption.,Active,0,
PBVita-Lab-017,LAB-017,17,amber ampule on reflective tray,Laboratory inventory spotlight: amber ampule on reflective tray — for catalog compliance review (017/500),Formatted for research material documentation packets · ref 017,Catalog photography reflects actual research unit form · motif 017,Included for analytical standards cross-reference · card 017,Explicit research-use only — not for clinical application · line 017,See research listing for packaging and lot fields · CTA 017,For laboratory research use only. Not for human use or consumption.,Active,0,
PBVita-Lab-018,LAB-018,18,multi-dose research vial with intact seal,Reference listing synopsis: multi-dose research vial with intact seal — for catalog compliance review (018/500),Aligned to catalog listing inventory controls · ref 018,Physical format intended for laboratory bench inventory · motif 018,Referenced in analytical method documentation sets · card 018,Documentation must retain research-only disclaimer · line 018,Open documentation card for complete fields · CTA 018,For laboratory research use only. Not for human use or consumption.,Active,0,
PBVita-Lab-019,LAB-019,19,clear vial with lyophilized white cake,Research catalog fact sheet: clear vial with lyophilized white cake — for laboratory operations desks (019/500),Prepared as analytical reference entry for analytical files · ref 019,Pack configuration supports research chain-of-custody notes · motif 019,Suitable for controlled research sample libraries · card 019,Explicit research-use only — not for clinical application · line 019,Continue to listing for controlled SKU details · CTA 019,For laboratory research use only. Not for human use or consumption.,Active,0,
PBVita-Lab-020,LAB-020,20,tall chromatography collection vial,Qualified material overview: tall chromatography collection vial — for laboratory operations desks (020/500),Designated laboratory SKU within PBVita listings · ref 020,Unit geometry documented for catalog identification · motif 020,Cataloged for research protocol bill-of-materials · card 020,Documentation must retain research-only disclaimer · line 020,Consult catalog entry for storage class details · CTA 020,For laboratory research use only. Not for human use or consumption.,Active,0,
PBVita-Lab-021,LAB-021,21,short stubby sample vial with red cap,Catalog reference documentation: short stubby sample vial with red cap — for laboratory operations desks (021/500),Listed as documentation record for laboratory documentation only · ref 021,Supplied in research-appropriate sealed packaging · motif 021,Intended for in-vitro assay preparation contexts · card 021,Explicit research-use only — not for clinical application · line 021,View laboratory listing for full documentation · CTA 021,For laboratory research use only. Not for human use or consumption.,Active,0,
PBVita-Lab-022,LAB-022,22,UV-protective amber vial in foam well,Laboratory listing overview: UV-protective amber vial in foam well — for research purchasing records (022/500),Catalog ID reserved for inventory line item tracking · ref 022,Presented in laboratory catalog presentation format · motif 022,Supports pathway and mechanism study documentation · card 022,Documentation must retain research-only disclaimer · line 022,Refer to catalog page for receiving checklist · CTA 022,For laboratory research use only. Not for human use or consumption.,Active,0,
PBVita-Lab-023,LAB-023,23,glass vial with PTFE-lined cap,Research material specification card: glass vial with PTFE-lined cap — for research purchasing records (023/500),Structured entry supporting qualified research lot records · ref 023,Packaged for controlled research handling workflows · motif 023,Aligned to laboratory QC reference collections · card 023,Explicit research-use only — not for clinical application · line 023,Review laboratory listing before procurement · CTA 023,For laboratory research use only. Not for human use or consumption.,Active,0,
PBVita-Lab-024,LAB-024,24,research vial beside matching empty carton,Analytical catalog entry: research vial beside matching empty carton — for research purchasing records (024/500),Published for reference standard entry reference use · ref 024,Unit presentation matches research receiving standards · motif 024,Positioned for laboratory methods development files · card 024,Documentation must retain research-only disclaimer · line 024,Open catalog record for specifications and notes · CTA 024,For laboratory research use only. Not for human use or consumption.,Active,0,
PBVita-Lab-025,LAB-025,25,pair of matched peptide vials side by side,Controlled research SKU brief: pair of matched peptide vials side by side — for standards documentation files (025/500),Indexed under research material for receiving logs · ref 025,Container format suited to laboratory storage protocols · motif 025,Used within laboratory characterization workflows · card 025,Explicit research-use only — not for clinical application · line 025,View listing for research handling summary · CTA 025,For laboratory research use only. Not for human use or consumption.,Active,0,
PBVita-Lab-026,LAB-026,26,vial with shrink-band tamper evidence,Documentation index summary: vial with shrink-band tamper evidence — for standards documentation files (026/500),Maintained as catalog listing in the research catalog · ref 026,Ship-ready research packaging with tamper-evident cues · motif 026,Documented for instrument calibration support files · card 026,Documentation must retain research-only disclaimer · line 026,Access full research documentation in catalog · CTA 026,For laboratory research use only. Not for human use or consumption.,Active,0,
PBVita-Lab-027,LAB-027,27,cold-labeled vial with frost on glass,Laboratory inventory spotlight: cold-labeled vial with frost on glass — for standards documentation files (027/500),Formatted for analytical reference entry documentation packets · ref 027,Catalog photography reflects actual research unit form · motif 027,Included for analytical standards cross-reference · card 027,Explicit research-use only — not for clinical application · line 027,See research listing for packaging and lot fields · CTA 027,For laboratory research use only. Not for human use or consumption.,Active,0,
PBVita-Lab-028,LAB-028,28,vial standing in stainless steel vial block,Reference listing synopsis: vial standing in stainless steel vial block — for internal catalog publishing (028/500),Aligned to laboratory SKU inventory controls · ref 028,Physical format intended for laboratory bench inventory · motif 028,Referenced in analytical method documentation sets · card 028,Documentation must retain research-only disclaimer · line 028,Open documentation card for complete fields · CTA 028,For laboratory research use only. Not for human use or consumption.,Active,0,
PBVita-Lab-029,LAB-029,29,amber vial backlit to show liquid meniscus,Research catalog fact sheet: amber vial backlit to show liquid meniscus — for internal catalog publishing (029/500),Prepared as documentation record for analytical files · ref 029,Pack configuration supports research chain-of-custody notes · motif 029,Suitable for controlled research sample libraries · card 029,Explicit research-use only — not for clinical application · line 029,Continue to listing for controlled SKU details · CTA 029,For laboratory research use only. Not for human use or consumption.,Active,0,
PBVita-Lab-030,LAB-030,30,clear vial with colored cap insert blue,Qualified material overview: clear vial with colored cap insert blue — for internal catalog publishing (030/500),Designated inventory line item within PBVita listings · ref 030,Unit geometry documented for catalog identification · motif 030,Cataloged for research protocol bill-of-materials · card 030,Documentation must retain research-only disclaimer · line 030,Consult catalog entry for storage class details · CTA 030,For laboratory research use only. Not for human use or consumption.,Active,0,
PBVita-Lab-031,LAB-031,31,research vial on anti-vibration pad,Catalog reference documentation: research vial on anti-vibration pad — for laboratory procurement teams (031/500),Listed as qualified research lot for laboratory documentation only · ref 031,Supplied in research-appropriate sealed packaging · motif 031,Intended for in-vitro assay preparation contexts · card 031,Explicit research-use only — not for clinical application · line 031,View laboratory listing for full documentation · CTA 031,For laboratory research use only. Not for human use or consumption.,Active,0,
PBVita-Lab-032,LAB-032,32,septum vial with needle-free research adapter nearby,Laboratory listing overview: septum vial with needle-free research adapter ne — for laboratory procurement teams (032/500),Catalog ID reserved for reference standard entry tracking · ref 032,Presented in laboratory catalog presentation format · motif 032,Supports pathway and mechanism study documentation · card 032,Documentation must retain research-only disclaimer · line 032,Refer to catalog page for receiving checklist · CTA 032,For laboratory research use only. Not for human use or consumption.,Active,0,
PBVita-Lab-033,LAB-033,33,glass vial with desiccant canister beside it,Research material specification card: glass vial with desiccant canister beside it — for laboratory procurement teams (033/500),Structured entry supporting research material records · ref 033,Packaged for controlled research handling workflows · motif 033,Aligned to laboratory QC reference collections · card 033,Explicit research-use only — not for clinical application · line 033,Review laboratory listing before procurement · CTA 033,For laboratory research use only. Not for human use or consumption.,Active,0,
PBVita-Lab-034,LAB-034,34,amber vial wrapped in light-protective sleeve,Analytical catalog entry: amber vial wrapped in light-protective sleeve — for analytical reference workflows (034/500),Published for catalog listing reference use · ref 034,Unit presentation matches research receiving standards · motif 034,Positioned for laboratory methods development files · card 034,Documentation must retain research-only disclaimer · line 034,Open catalog record for specifications and notes · CTA 034,For laboratory research use only. Not for human use or consumption.,Active,0,
PBVita-Lab-035,LAB-035,35,clear vial with batch tag string tie,Controlled research SKU brief: clear vial with batch tag string tie — for analytical reference workflows (035/500),Indexed under analytical reference entry for receiving logs · ref 035,Container format suited to laboratory storage protocols · motif 035,Used within laboratory characterization workflows · card 035,Explicit research-use only — not for clinical application · line 035,View listing for research handling summary · CTA 035,For laboratory research use only. Not for human use or consumption.,Active,0,
PBVita-Lab-036,LAB-036,36,vial in clear acrylic display stand,Documentation index summary: vial in clear acrylic display stand — for analytical reference workflows (036/500),Maintained as laboratory SKU in the research catalog · ref 036,Ship-ready research packaging with tamper-evident cues · motif 036,Documented for instrument calibration support files · card 036,Documentation must retain research-only disclaimer · line 036,Access full research documentation in catalog · CTA 036,For laboratory research use only. Not for human use or consumption.,Active,0,
PBVita-Lab-037,LAB-037,37,wide-mouth powder research jar sealed,Laboratory inventory spotlight: wide-mouth powder research jar sealed — for controlled research inventory (037/500),Formatted for documentation record documentation packets · ref 037,Catalog photography reflects actual research unit form · motif 037,Included for analytical standards cross-reference · card 037,Explicit research-use only — not for clinical application · line 037,See research listing for packaging and lot fields · CTA 037,For laboratory research use only. Not for human use or consumption.,Active,0,
PBVita-Lab-038,LAB-038,38,amber powder jar with scoop nested on lid,Reference listing synopsis: amber powder jar with scoop nested on lid — for controlled research inventory (038/500),Aligned to inventory line item inventory controls · ref 038,Physical format intended for laboratory bench inventory · motif 038,Referenced in analytical method documentation sets · card 038,Documentation must retain research-only disclaimer · line 038,Open documentation card for complete fields · CTA 038,For laboratory research use only. Not for human use or consumption.,Active,0,
PBVita-Lab-039,LAB-039,39,micro-vial 0.5ml with tiny label,Research catalog fact sheet: micro-vial 0.5ml with tiny label — for controlled research inventory (039/500),Prepared as qualified research lot for analytical files · ref 039,Pack configuration supports research chain-of-custody notes · motif 039,Suitable for controlled research sample libraries · card 039,Explicit research-use only — not for clinical application · line 039,Continue to listing for controlled SKU details · CTA 039,For laboratory research use only. Not for human use or consumption.,Active,0,
PBVita-Lab-040,LAB-040,40,research vial next to calibrated weight set,Qualified material overview: research vial next to calibrated weight set — for documentation and receiving (040/500),Designated reference standard entry within PBVita listings · ref 040,Unit geometry documented for catalog identification · motif 040,Cataloged for research protocol bill-of-materials · card 040,Documentation must retain research-only disclaimer · line 040,Consult catalog entry for storage class details · CTA 040,For laboratory research use only. Not for human use or consumption.,Active,0,
PBVita-Lab-041,LAB-041,41,pre-filled research pen on matte black acrylic,Catalog reference documentation: pre-filled research pen on matte black acrylic — for documentation and receiving (041/500),Listed as research material for laboratory documentation only · ref 041,Supplied in research-appropriate sealed packaging · motif 041,Intended for in-vitro assay preparation contexts · card 041,Explicit research-use only — not for clinical application · line 041,View laboratory listing for full documentation · CTA 041,For laboratory research use only. Not for human use or consumption.,Active,0,
PBVita-Lab-042,LAB-042,42,research pen with visible liquid barrel macro,Laboratory listing overview: research pen with visible liquid barrel macro — for documentation and receiving (042/500),Catalog ID reserved for catalog listing tracking · ref 042,Presented in laboratory catalog presentation format · motif 042,Supports pathway and mechanism study documentation · card 042,Documentation must retain research-only disclaimer · line 042,Refer to catalog page for receiving checklist · CTA 042,For laboratory research use only. Not for human use or consumption.,Active,0,
PBVita-Lab-043,LAB-043,43,precision research pen standing upright,Research material specification card: precision research pen standing upright — for assay preparation planning (043/500),Structured entry supporting analytical reference entry records · ref 043,Packaged for controlled research handling workflows · motif 043,Aligned to laboratory QC reference collections · card 043,Explicit research-use only — not for clinical application · line 043,Review laboratory listing before procurement · CTA 043,For laboratory research use only. Not for human use or consumption.,Active,0,
PBVita-Lab-044,LAB-044,44,two research pens parallel on slate,Analytical catalog entry: two research pens parallel on slate — for assay preparation planning (044/500),Published for laboratory SKU reference use · ref 044,Unit presentation matches research receiving standards · motif 044,Positioned for laboratory methods development files · card 044,Documentation must retain research-only disclaimer · line 044,Open catalog record for specifications and notes · CTA 044,For laboratory research use only. Not for human use or consumption.,Active,0,
PBVita-Lab-045,LAB-045,45,research pen cap removed resting beside barrel,Controlled research SKU brief: research pen cap removed resting beside barrel — for assay preparation planning (045/500),Indexed under documentation record for receiving logs · ref 045,Container format suited to laboratory storage protocols · motif 045,Used within laboratory characterization workflows · card 045,Explicit research-use only — not for clinical application · line 045,View listing for research handling summary · CTA 045,For laboratory research use only. Not for human use or consumption.,Active,0,
PBVita-Lab-046,LAB-046,46,research pen on mirrored chrome plate,Documentation index summary: research pen on mirrored chrome plate — for catalog compliance review (046/500),Maintained as inventory line item in the research catalog · ref 046,Ship-ready research packaging with tamper-evident cues · motif 046,Documented for instrument calibration support files · card 046,Documentation must retain research-only disclaimer · line 046,Access full research documentation in catalog · CTA 046,For laboratory research use only. Not for human use or consumption.,Active,0,
PBVita-Lab-047,LAB-047,47,research pen with dose window close-up,Laboratory inventory spotlight: research pen with dose window close-up — for catalog compliance review (047/500),Formatted for qualified research lot documentation packets · ref 047,Catalog photography reflects actual research unit form · motif 047,Included for analytical standards cross-reference · card 047,Explicit research-use only — not for clinical application · line 047,See research listing for packaging and lot fields · CTA 047,For laboratory research use only. Not for human use or consumption.,Active,0,
PBVita-Lab-048,LAB-048,48,cartridge for research pen alone,Reference listing synopsis: cartridge for research pen alone — for catalog compliance review (048/500),Aligned to reference standard entry inventory controls · ref 048,Physical format intended for laboratory bench inventory · motif 048,Referenced in analytical method documentation sets · card 048,Documentation must retain research-only disclaimer · line 048,Open documentation card for complete fields · CTA 048,For laboratory research use only. Not for human use or consumption.,Active,0,
PBVita-Lab-049,LAB-049,49,research pen in open hard case insert,Research catalog fact sheet: research pen in open hard case insert — for laboratory operations desks (049/500),Prepared as research material for analytical files · ref 049,Pack configuration supports research chain-of-custody notes · motif 049,Suitable for controlled research sample libraries · card 049,Explicit research-use only — not for clinical application · line 049,Continue to listing for controlled SKU details · CTA 049,For laboratory research use only. Not for human use or consumption.,Active,0,
PBVita-Lab-050,LAB-050,50,research pen beside sealed cartridge blister,Qualified material overview: research pen beside sealed cartridge blister — for laboratory operations desks (050/500),Designated catalog listing within PBVita listings · ref 050,Unit geometry documented for catalog identification · motif 050,Cataloged for research protocol bill-of-materials · card 050,Documentation must retain research-only disclaimer · line 050,Consult catalog entry for storage class details · CTA 050,For laboratory research use only. Not for human use or consumption.,Active,0,
PBVita-Lab-051,LAB-051,51,frosted research pen body with metal clip,Catalog reference documentation: frosted research pen body with metal clip — for laboratory operations desks (051/500),Listed as analytical reference entry for laboratory documentation only · ref 051,Supplied in research-appropriate sealed packaging · motif 051,Intended for in-vitro assay preparation contexts · card 051,Explicit research-use only — not for clinical application · line 051,View laboratory listing for full documentation · CTA 051,For laboratory research use only. Not for human use or consumption.,Active,0,
PBVita-Lab-052,LAB-052,52,transparent research pen showing internal mechanism,Laboratory listing overview: transparent research pen showing internal mechan — for research purchasing records (052/500),Catalog ID reserved for laboratory SKU tracking · ref 052,Presented in laboratory catalog presentation format · motif 052,Supports pathway and mechanism study documentation · card 052,Documentation must retain research-only disclaimer · line 052,Refer to catalog page for receiving checklist · CTA 052,For laboratory research use only. Not for human use or consumption.,Active,0,
PBVita-Lab-053,LAB-053,53,research pen on folded sterile wrap paper,Research material specification card: research pen on folded sterile wrap paper — for research purchasing records (053/500),Structured entry supporting documentation record records · ref 053,Packaged for controlled research handling workflows · motif 053,Aligned to laboratory QC reference collections · card 053,Explicit research-use only — not for clinical application · line 053,Review laboratory listing before procurement · CTA 053,For laboratory research use only. Not for human use or consumption.,Active,0,
PBVita-Lab-054,LAB-054,54,research pen low-angle hero on concrete lab bench,Analytical catalog entry: research pen low-angle hero on concrete lab benc — for research purchasing records (054/500),Published for inventory line item reference use · ref 054,Unit presentation matches research receiving standards · motif 054,Positioned for laboratory methods development files · card 054,Documentation must retain research-only disclaimer · line 054,Open catalog record for specifications and notes · CTA 054,For laboratory research use only. Not for human use or consumption.,Active,0,
PBVita-Lab-055,LAB-055,55,research pen next to empty packaging tray,Controlled research SKU brief: research pen next to empty packaging tray — for standards documentation files (055/500),Indexed under qualified research lot for receiving logs · ref 055,Container format suited to laboratory storage protocols · motif 055,Used within laboratory characterization workflows · card 055,Explicit research-use only — not for clinical application · line 055,View listing for research handling summary · CTA 055,For laboratory research use only. Not for human use or consumption.,Active,0,
PBVita-Lab-056,LAB-056,56,dual research pens crossed at 15 degrees,Documentation index summary: dual research pens crossed at 15 degrees — for standards documentation files (056/500),Maintained as reference standard entry in the research catalog · ref 056,Ship-ready research packaging with tamper-evident cues · motif 056,Documented for instrument calibration support files · card 056,Documentation must retain research-only disclaimer · line 056,Access full research documentation in catalog · CTA 056,For laboratory research use only. Not for human use or consumption.,Active,0,
PBVita-Lab-057,LAB-057,57,research pen with color-coded ring marker,Laboratory inventory spotlight: research pen with color-coded ring marker — for standards documentation files (057/500),Formatted for research material documentation packets · ref 057,Catalog photography reflects actual research unit form · motif 057,Included for analytical standards cross-reference · card 057,Explicit research-use only — not for clinical application · line 057,See research listing for packaging and lot fields · CTA 057,For laboratory research use only. Not for human use or consumption.,Active,0,
PBVita-Lab-058,LAB-058,58,research pen barrel filled with clear solution,Reference listing synopsis: research pen barrel filled with clear solution — for internal catalog publishing (058/500),Aligned to catalog listing inventory controls · ref 058,Physical format intended for laboratory bench inventory · motif 058,Referenced in analytical method documentation sets · card 058,Documentation must retain research-only disclaimer · line 058,Open documentation card for complete fields · CTA 058,For laboratory research use only. Not for human use or consumption.,Active,0,
PBVita-Lab-059,LAB-059,59,research pen on white infinity cyclorama,Research catalog fact sheet: research pen on white infinity cyclorama — for internal catalog publishing (059/500),Prepared as analytical reference entry for analytical files · ref 059,Pack configuration supports research chain-of-custody notes · motif 059,Suitable for controlled research sample libraries · card 059,Explicit research-use only — not for clinical application · line 059,Continue to listing for controlled SKU details · CTA 059,For laboratory research use only. Not for human use or consumption.,Active,0,
PBVita-Lab-060,LAB-060,60,research pen silhouette edge-lit,Qualified material overview: research pen silhouette edge-lit — for internal catalog publishing (060/500),Designated laboratory SKU within PBVita listings · ref 060,Unit geometry documented for catalog identification · motif 060,Cataloged for research protocol bill-of-materials · card 060,Documentation must retain research-only disclaimer · line 060,Consult catalog entry for storage class details · CTA 060,For laboratory research use only. Not for human use or consumption.,Active,0,
PBVita-Lab-061,LAB-061,61,compact travel research pen shorter body,Catalog reference documentation: compact travel research pen shorter body — for laboratory procurement teams (061/500),Listed as documentation record for laboratory documentation only · ref 061,Supplied in research-appropriate sealed packaging · motif 061,Intended for in-vitro assay preparation contexts · card 061,Explicit research-use only — not for clinical application · line 061,View laboratory listing for full documentation · CTA 061,For laboratory research use only. Not for human use or consumption.,Active,0,
PBVita-Lab-062,LAB-062,62,research pen components laid out as kit,Laboratory listing overview: research pen components laid out as kit — for laboratory procurement teams (062/500),Catalog ID reserved for inventory line item tracking · ref 062,Presented in laboratory catalog presentation format · motif 062,Supports pathway and mechanism study documentation · card 062,Documentation must retain research-only disclaimer · line 062,Refer to catalog page for receiving checklist · CTA 062,For laboratory research use only. Not for human use or consumption.,Active,0,
PBVita-Lab-063,LAB-063,63,research pen clipped to lab coat pocket fabric still,Research material specification card: research pen clipped to lab coat pocket fabric s — for laboratory procurement teams (063/500),Structured entry supporting qualified research lot records · ref 063,Packaged for controlled research handling workflows · motif 063,Aligned to laboratory QC reference collections · card 063,Explicit research-use only — not for clinical application · line 063,Review laboratory listing before procurement · CTA 063,For laboratory research use only. Not for human use or consumption.,Active,0,
PBVita-Lab-064,LAB-064,64,research pen on brushed aluminum tray,Analytical catalog entry: research pen on brushed aluminum tray — for analytical reference workflows (064/500),Published for reference standard entry reference use · ref 064,Unit presentation matches research receiving standards · motif 064,Positioned for laboratory methods development files · card 064,Documentation must retain research-only disclaimer · line 064,Open catalog record for specifications and notes · CTA 064,For laboratory research use only. Not for human use or consumption.,Active,0,
PBVita-Lab-065,LAB-065,65,research pen with protective tip shield locked,Controlled research SKU brief: research pen with protective tip shield locked — for analytical reference workflows (065/500),Indexed under research material for receiving logs · ref 065,Container format suited to laboratory storage protocols · motif 065,Used within laboratory characterization workflows · card 065,Explicit research-use only — not for clinical application · line 065,View listing for research handling summary · CTA 065,For laboratory research use only. Not for human use or consumption.,Active,0,
PBVita-Lab-066,LAB-066,66,borosilicate Erlenmeyer flask 250ml empty,Documentation index summary: borosilicate Erlenmeyer flask 250ml empty — for analytical reference workflows (066/500),Maintained as catalog listing in the research catalog · ref 066,Ship-ready research packaging with tamper-evident cues · motif 066,Documented for instrument calibration support files · card 066,Documentation must retain research-only disclaimer · line 066,Access full research documentation in catalog · CTA 066,For laboratory research use only. Not for human use or consumption.,Active,0,
PBVita-Lab-067,LAB-067,67,Erlenmeyer flask with clear buffer solution,Laboratory inventory spotlight: Erlenmeyer flask with clear buffer solution — for controlled research inventory (067/500),Formatted for analytical reference entry documentation packets · ref 067,Catalog photography reflects actual research unit form · motif 067,Included for analytical standards cross-reference · card 067,Explicit research-use only — not for clinical application · line 067,See research listing for packaging and lot fields · CTA 067,For laboratory research use only. Not for human use or consumption.,Active,0,
PBVita-Lab-068,LAB-068,68,volumetric flask with stopper,Reference listing synopsis: volumetric flask with stopper — for controlled research inventory (068/500),Aligned to laboratory SKU inventory controls · ref 068,Physical format intended for laboratory bench inventory · motif 068,Referenced in analytical method documentation sets · card 068,Documentation must retain research-only disclaimer · line 068,Open documentation card for complete fields · CTA 068,For laboratory research use only. Not for human use or consumption.,Active,0,
PBVita-Lab-069,LAB-069,69,graduated cylinder 100ml on stand,Research catalog fact sheet: graduated cylinder 100ml on stand — for controlled research inventory (069/500),Prepared as documentation record for analytical files · ref 069,Pack configuration supports research chain-of-custody notes · motif 069,Suitable for controlled research sample libraries · card 069,Explicit research-use only — not for clinical application · line 069,Continue to listing for controlled SKU details · CTA 069,For laboratory research use only. Not for human use or consumption.,Active,0,
PBVita-Lab-070,LAB-070,70,beaker 600ml with pouring spout,Qualified material overview: beaker 600ml with pouring spout — for documentation and receiving (070/500),Designated inventory line item within PBVita listings · ref 070,Unit geometry documented for catalog identification · motif 070,Cataloged for research protocol bill-of-materials · card 070,Documentation must retain research-only disclaimer · line 070,Consult catalog entry for storage class details · CTA 070,For laboratory research use only. Not for human use or consumption.,Active,0,
PBVita-Lab-071,LAB-071,71,beaker nest set of three,Catalog reference documentation: beaker nest set of three — for documentation and receiving (071/500),Listed as qualified research lot for laboratory documentation only · ref 071,Supplied in research-appropriate sealed packaging · motif 071,Intended for in-vitro assay preparation contexts · card 071,Explicit research-use only — not for clinical application · line 071,View laboratory listing for full documentation · CTA 071,For laboratory research use only. Not for human use or consumption.,Active,0,
PBVita-Lab-072,LAB-072,72,round-bottom flask on cork ring,Laboratory listing overview: round-bottom flask on cork ring — for documentation and receiving (072/500),Catalog ID reserved for reference standard entry tracking · ref 072,Presented in laboratory catalog presentation format · motif 072,Supports pathway and mechanism study documentation · card 072,Documentation must retain research-only disclaimer · line 072,Refer to catalog page for receiving checklist · CTA 072,For laboratory research use only. Not for human use or consumption.,Active,0,
PBVita-Lab-073,LAB-073,73,three-neck flask dry,Research material specification card: three-neck flask dry — for assay preparation planning (073/500),Structured entry supporting research material records · ref 073,Packaged for controlled research handling workflows · motif 073,Aligned to laboratory QC reference collections · card 073,Explicit research-use only — not for clinical application · line 073,Review laboratory listing before procurement · CTA 073,For laboratory research use only. Not for human use or consumption.,Active,0,
PBVita-Lab-074,LAB-074,74,condenser glass column horizontal,Analytical catalog entry: condenser glass column horizontal — for assay preparation planning (074/500),Published for catalog listing reference use · ref 074,Unit presentation matches research receiving standards · motif 074,Positioned for laboratory methods development files · card 074,Documentation must retain research-only disclaimer · line 074,Open catalog record for specifications and notes · CTA 074,For laboratory research use only. Not for human use or consumption.,Active,0,
PBVita-Lab-075,LAB-075,75,separatory funnel closed stopcock,Controlled research SKU brief: separatory funnel closed stopcock — for assay preparation planning (075/500),Indexed under analytical reference entry for receiving logs · ref 075,Container format suited to laboratory storage protocols · motif 075,Used within laboratory characterization workflows · card 075,Explicit research-use only — not for clinical application · line 075,View listing for research handling summary · CTA 075,For laboratory research use only. Not for human use or consumption.,Active,0,
PBVita-Lab-076,LAB-076,76,Petri dish closed sterile,Documentation index summary: Petri dish closed sterile — for catalog compliance review (076/500),Maintained as laboratory SKU in the research catalog · ref 076,Ship-ready research packaging with tamper-evident cues · motif 076,Documented for instrument calibration support files · card 076,Documentation must retain research-only disclaimer · line 076,Access full research documentation in catalog · CTA 076,For laboratory research use only. Not for human use or consumption.,Active,0,
PBVita-Lab-077,LAB-077,77,stack of Petri dishes,Laboratory inventory spotlight: stack of Petri dishes — for catalog compliance review (077/500),Formatted for documentation record documentation packets · ref 077,Catalog photography reflects actual research unit form · motif 077,Included for analytical standards cross-reference · card 077,Explicit research-use only — not for clinical application · line 077,See research listing for packaging and lot fields · CTA 077,For laboratory research use only. Not for human use or consumption.,Active,0,
PBVita-Lab-078,LAB-078,78,watch glass covering a beaker,Reference listing synopsis: watch glass covering a beaker — for catalog compliance review (078/500),Aligned to inventory line item inventory controls · ref 078,Physical format intended for laboratory bench inventory · motif 078,Referenced in analytical method documentation sets · card 078,Documentation must retain research-only disclaimer · line 078,Open documentation card for complete fields · CTA 078,For laboratory research use only. Not for human use or consumption.,Active,0,
PBVita-Lab-079,LAB-079,79,glass stirring rod on ceramic tile,Research catalog fact sheet: glass stirring rod on ceramic tile — for laboratory operations desks (079/500),Prepared as qualified research lot for analytical files · ref 079,Pack configuration supports research chain-of-custody notes · motif 079,Suitable for controlled research sample libraries · card 079,Explicit research-use only — not for clinical application · line 079,Continue to listing for controlled SKU details · CTA 079,For laboratory research use only. Not for human use or consumption.,Active,0,
PBVita-Lab-080,LAB-080,80,reagent bottle with glass stopper,Qualified material overview: reagent bottle with glass stopper — for laboratory operations desks (080/500),Designated reference standard entry within PBVita listings · ref 080,Unit geometry documented for catalog identification · motif 080,Cataloged for research protocol bill-of-materials · card 080,Documentation must retain research-only disclaimer · line 080,Consult catalog entry for storage class details · CTA 080,For laboratory research use only. Not for human use or consumption.,Active,0,
PBVita-Lab-081,LAB-081,81,Buchner flask side arm,Catalog reference documentation: Buchner flask side arm — for laboratory operations desks (081/500),Listed as research material for laboratory documentation only · ref 081,Supplied in research-appropriate sealed packaging · motif 081,Intended for in-vitro assay preparation contexts · card 081,Explicit research-use only — not for clinical application · line 081,View laboratory listing for full documentation · CTA 081,For laboratory research use only. Not for human use or consumption.,Active,0,
PBVita-Lab-082,LAB-082,82,filter funnel in ring stand clamp,Laboratory listing overview: filter funnel in ring stand clamp — for research purchasing records (082/500),Catalog ID reserved for catalog listing tracking · ref 082,Presented in laboratory catalog presentation format · motif 082,Supports pathway and mechanism study documentation · card 082,Documentation must retain research-only disclaimer · line 082,Refer to catalog page for receiving checklist · CTA 082,For laboratory research use only. Not for human use or consumption.,Active,0,
PBVita-Lab-083,LAB-083,83,test tube rack with six empty tubes,Research material specification card: test tube rack with six empty tubes — for research purchasing records (083/500),Structured entry supporting analytical reference entry records · ref 083,Packaged for controlled research handling workflows · motif 083,Aligned to laboratory QC reference collections · card 083,Explicit research-use only — not for clinical application · line 083,Review laboratory listing before procurement · CTA 083,For laboratory research use only. Not for human use or consumption.,Active,0,
PBVita-Lab-084,LAB-084,84,single test tube with clear solution,Analytical catalog entry: single test tube with clear solution — for research purchasing records (084/500),Published for laboratory SKU reference use · ref 084,Unit presentation matches research receiving standards · motif 084,Positioned for laboratory methods development files · card 084,Documentation must retain research-only disclaimer · line 084,Open catalog record for specifications and notes · CTA 084,For laboratory research use only. Not for human use or consumption.,Active,0,
PBVita-Lab-085,LAB-085,85,culture tube with screw cap,Controlled research SKU brief: culture tube with screw cap — for standards documentation files (085/500),Indexed under documentation record for receiving logs · ref 085,Container format suited to laboratory storage protocols · motif 085,Used within laboratory characterization workflows · card 085,Explicit research-use only — not for clinical application · line 085,View listing for research handling summary · CTA 085,For laboratory research use only. Not for human use or consumption.,Active,0,
PBVita-Lab-086,LAB-086,86,NMR tube in foam carrier,Documentation index summary: NMR tube in foam carrier — for standards documentation files (086/500),Maintained as inventory line item in the research catalog · ref 086,Ship-ready research packaging with tamper-evident cues · motif 086,Documented for instrument calibration support files · card 086,Documentation must retain research-only disclaimer · line 086,Access full research documentation in catalog · CTA 086,For laboratory research use only. Not for human use or consumption.,Active,0,
PBVita-Lab-087,LAB-087,87,glass pipette graduated,Laboratory inventory spotlight: glass pipette graduated — for standards documentation files (087/500),Formatted for qualified research lot documentation packets · ref 087,Catalog photography reflects actual research unit form · motif 087,Included for analytical standards cross-reference · card 087,Explicit research-use only — not for clinical application · line 087,See research listing for packaging and lot fields · CTA 087,For laboratory research use only. Not for human use or consumption.,Active,0,
PBVita-Lab-088,LAB-088,88,Pasteur pipette in glass jar holder,Reference listing synopsis: Pasteur pipette in glass jar holder — for internal catalog publishing (088/500),Aligned to reference standard entry inventory controls · ref 088,Physical format intended for laboratory bench inventory · motif 088,Referenced in analytical method documentation sets · card 088,Documentation must retain research-only disclaimer · line 088,Open documentation card for complete fields · CTA 088,For laboratory research use only. Not for human use or consumption.,Active,0,
PBVita-Lab-089,LAB-089,89,burette clamped vertically,Research catalog fact sheet: burette clamped vertically — for internal catalog publishing (089/500),Prepared as research material for analytical files · ref 089,Pack configuration supports research chain-of-custody notes · motif 089,Suitable for controlled research sample libraries · card 089,Explicit research-use only — not for clinical application · line 089,Continue to listing for controlled SKU details · CTA 089,For laboratory research use only. Not for human use or consumption.,Active,0,
PBVita-Lab-090,LAB-090,90,desiccator jar with plate,Qualified material overview: desiccator jar with plate — for internal catalog publishing (090/500),Designated catalog listing within PBVita listings · ref 090,Unit geometry documented for catalog identification · motif 090,Cataloged for research protocol bill-of-materials · card 090,Documentation must retain research-only disclaimer · line 090,Consult catalog entry for storage class details · CTA 090,For laboratory research use only. Not for human use or consumption.,Active,0,
PBVita-Lab-091,LAB-091,91,crystallizing dish,Catalog reference documentation: crystallizing dish — for laboratory procurement teams (091/500),Listed as analytical reference entry for laboratory documentation only · ref 091,Supplied in research-appropriate sealed packaging · motif 091,Intended for in-vitro assay preparation contexts · card 091,Explicit research-use only — not for clinical application · line 091,View laboratory listing for full documentation · CTA 091,For laboratory research use only. Not for human use or consumption.,Active,0,
PBVita-Lab-092,LAB-092,92,evaporating dish porcelain,Laboratory listing overview: evaporating dish porcelain — for laboratory procurement teams (092/500),Catalog ID reserved for laboratory SKU tracking · ref 092,Presented in laboratory catalog presentation format · motif 092,Supports pathway and mechanism study documentation · card 092,Documentation must retain research-only disclaimer · line 092,Refer to catalog page for receiving checklist · CTA 092,For laboratory research use only. Not for human use or consumption.,Active,0,
PBVita-Lab-093,LAB-093,93,mortar and pestle porcelain clean,Research material specification card: mortar and pestle porcelain clean — for laboratory procurement teams (093/500),Structured entry supporting documentation record records · ref 093,Packaged for controlled research handling workflows · motif 093,Aligned to laboratory QC reference collections · card 093,Explicit research-use only — not for clinical application · line 093,Review laboratory listing before procurement · CTA 093,For laboratory research use only. Not for human use or consumption.,Active,0,
PBVita-Lab-094,LAB-094,94,glass stirring mantle flask setup dry,Analytical catalog entry: glass stirring mantle flask setup dry — for analytical reference workflows (094/500),Published for inventory line item reference use · ref 094,Unit presentation matches research receiving standards · motif 094,Positioned for laboratory methods development files · card 094,Documentation must retain research-only disclaimer · line 094,Open catalog record for specifications and notes · CTA 094,For laboratory research use only. Not for human use or consumption.,Active,0,
PBVita-Lab-095,LAB-095,95,Kjeldahl flask,Controlled research SKU brief: Kjeldahl flask — for analytical reference workflows (095/500),Indexed under qualified research lot for receiving logs · ref 095,Container format suited to laboratory storage protocols · motif 095,Used within laboratory characterization workflows · card 095,Explicit research-use only — not for clinical application · line 095,View listing for research handling summary · CTA 095,For laboratory research use only. Not for human use or consumption.,Active,0,
PBVita-Lab-096,LAB-096,96,gas washing bottle,Documentation index summary: gas washing bottle — for analytical reference workflows (096/500),Maintained as reference standard entry in the research catalog · ref 096,Ship-ready research packaging with tamper-evident cues · motif 096,Documented for instrument calibration support files · card 096,Documentation must retain research-only disclaimer · line 096,Access full research documentation in catalog · CTA 096,For laboratory research use only. Not for human use or consumption.,Active,0,
PBVita-Lab-097,LAB-097,97,glass syringe without needle research only,Laboratory inventory spotlight: glass syringe without needle research only — for controlled research inventory (097/500),Formatted for research material documentation packets · ref 097,Catalog photography reflects actual research unit form · motif 097,Included for analytical standards cross-reference · card 097,Explicit research-use only — not for clinical application · line 097,See research listing for packaging and lot fields · CTA 097,For laboratory research use only. Not for human use or consumption.,Active,0,
PBVita-Lab-098,LAB-098,98,Luer-lock glass barrel capped,Reference listing synopsis: Luer-lock glass barrel capped — for controlled research inventory (098/500),Aligned to catalog listing inventory controls · ref 098,Physical format intended for laboratory bench inventory · motif 098,Referenced in analytical method documentation sets · card 098,Documentation must retain research-only disclaimer · line 098,Open documentation card for complete fields · CTA 098,For laboratory research use only. Not for human use or consumption.,Active,0,
PBVita-Lab-099,LAB-099,99,microscope slide box open showing slides,Research catalog fact sheet: microscope slide box open showing slides — for controlled research inventory (099/500),Prepared as analytical reference entry for analytical files · ref 099,Pack configuration supports research chain-of-custody notes · motif 099,Suitable for controlled research sample libraries · card 099,Explicit research-use only — not for clinical application · line 099,Continue to listing for controlled SKU details · CTA 099,For laboratory research use only. Not for human use or consumption.,Active,0,
PBVita-Lab-100,LAB-100,100,cover slips in plastic dispenser,Qualified material overview: cover slips in plastic dispenser — for documentation and receiving (100/500),Designated laboratory SKU within PBVita listings · ref 100,Unit geometry documented for catalog identification · motif 100,Cataloged for research protocol bill-of-materials · card 100,Documentation must retain research-only disclaimer · line 100,Consult catalog entry for storage class details · CTA 100,For laboratory research use only. Not for human use or consumption.,Active,0,
PBVita-Lab-101,LAB-101,101,single-channel micropipette upright,Catalog reference documentation: single-channel micropipette upright — for documentation and receiving (101/500),Listed as documentation record for laboratory documentation only · ref 101,Supplied in research-appropriate sealed packaging · motif 101,Intended for in-vitro assay preparation contexts · card 101,Explicit research-use only — not for clinical application · line 101,View laboratory listing for full documentation · CTA 101,For laboratory research use only. Not for human use or consumption.,Active,0,
PBVita-Lab-102,LAB-102,102,micropipette with sterile filtered tip attached,Laboratory listing overview: micropipette with sterile filtered tip attached — for documentation and receiving (102/500),Catalog ID reserved for inventory line item tracking · ref 102,Presented in laboratory catalog presentation format · motif 102,Supports pathway and mechanism study documentation · card 102,Documentation must retain research-only disclaimer · line 102,Refer to catalog page for receiving checklist · CTA 102,For laboratory research use only. Not for human use or consumption.,Active,0,
PBVita-Lab-103,LAB-103,103,multicolor micropipette set in stand,Research material specification card: multicolor micropipette set in stand — for assay preparation planning (103/500),Structured entry supporting qualified research lot records · ref 103,Packaged for controlled research handling workflows · motif 103,Aligned to laboratory QC reference collections · card 103,Explicit research-use only — not for clinical application · line 103,Review laboratory listing before procurement · CTA 103,For laboratory research use only. Not for human use or consumption.,Active,0,
PBVita-Lab-104,LAB-104,104,electronic pipette on charging stand,Analytical catalog entry: electronic pipette on charging stand — for assay preparation planning (104/500),Published for reference standard entry reference use · ref 104,Unit presentation matches research receiving standards · motif 104,Positioned for laboratory methods development files · card 104,Documentation must retain research-only disclaimer · line 104,Open catalog record for specifications and notes · CTA 104,For laboratory research use only. Not for human use or consumption.,Active,0,
PBVita-Lab-105,LAB-105,105,repeater pipette with tip comb,Controlled research SKU brief: repeater pipette with tip comb — for assay preparation planning (105/500),Indexed under research material for receiving logs · ref 105,Container format suited to laboratory storage protocols · motif 105,Used within laboratory characterization workflows · card 105,Explicit research-use only — not for clinical application · line 105,View listing for research handling summary · CTA 105,For laboratory research use only. Not for human use or consumption.,Active,0,
PBVita-Lab-106,LAB-106,106,serological pipette pump controller,Documentation index summary: serological pipette pump controller — for catalog compliance review (106/500),Maintained as catalog listing in the research catalog · ref 106,Ship-ready research packaging with tamper-evident cues · motif 106,Documented for instrument calibration support files · card 106,Documentation must retain research-only disclaimer · line 106,Access full research documentation in catalog · CTA 106,For laboratory research use only. Not for human use or consumption.,Active,0,
PBVita-Lab-107,LAB-107,107,box of sterile pipette tips closed,Laboratory inventory spotlight: box of sterile pipette tips closed — for catalog compliance review (107/500),Formatted for analytical reference entry documentation packets · ref 107,Catalog photography reflects actual research unit form · motif 107,Included for analytical standards cross-reference · card 107,Explicit research-use only — not for clinical application · line 107,See research listing for packaging and lot fields · CTA 107,For laboratory research use only. Not for human use or consumption.,Active,0,
PBVita-Lab-108,LAB-108,108,open pipette tip rack blue tips,Reference listing synopsis: open pipette tip rack blue tips — for catalog compliance review (108/500),Aligned to laboratory SKU inventory controls · ref 108,Physical format intended for laboratory bench inventory · motif 108,Referenced in analytical method documentation sets · card 108,Documentation must retain research-only disclaimer · line 108,Open documentation card for complete fields · CTA 108,For laboratory research use only. Not for human use or consumption.,Active,0,
PBVita-Lab-109,LAB-109,109,reservoir trough for multichannel,Research catalog fact sheet: reservoir trough for multichannel — for laboratory operations desks (109/500),Prepared as documentation record for analytical files · ref 109,Pack configuration supports research chain-of-custody notes · motif 109,Suitable for controlled research sample libraries · card 109,Explicit research-use only — not for clinical application · line 109,Continue to listing for controlled SKU details · CTA 109,For laboratory research use only. Not for human use or consumption.,Active,0,
PBVita-Lab-110,LAB-110,110,multichannel pipette 8-channel,Qualified material overview: multichannel pipette 8-channel — for laboratory operations desks (110/500),Designated inventory line item within PBVita listings · ref 110,Unit geometry documented for catalog identification · motif 110,Cataloged for research protocol bill-of-materials · card 110,Documentation must retain research-only disclaimer · line 110,Consult catalog entry for storage class details · CTA 110,For laboratory research use only. Not for human use or consumption.,Active,0,
PBVita-Lab-111,LAB-111,111,positive displacement pipette,Catalog reference documentation: positive displacement pipette — for laboratory operations desks (111/500),Listed as qualified research lot for laboratory documentation only · ref 111,Supplied in research-appropriate sealed packaging · motif 111,Intended for in-vitro assay preparation contexts · card 111,Explicit research-use only — not for clinical application · line 111,View laboratory listing for full documentation · CTA 111,For laboratory research use only. Not for human use or consumption.,Active,0,
PBVita-Lab-112,LAB-112,112,glass Hamilton-style syringe pipette,Laboratory listing overview: glass Hamilton-style syringe pipette — for research purchasing records (112/500),Catalog ID reserved for reference standard entry tracking · ref 112,Presented in laboratory catalog presentation format · motif 112,Supports pathway and mechanism study documentation · card 112,Documentation must retain research-only disclaimer · line 112,Refer to catalog page for receiving checklist · CTA 112,For laboratory research use only. Not for human use or consumption.,Active,0,
PBVita-Lab-113,LAB-113,113,dispense bottle with pump top,Research material specification card: dispense bottle with pump top — for research purchasing records (113/500),Structured entry supporting research material records · ref 113,Packaged for controlled research handling workflows · motif 113,Aligned to laboratory QC reference collections · card 113,Explicit research-use only — not for clinical application · line 113,Review laboratory listing before procurement · CTA 113,For laboratory research use only. Not for human use or consumption.,Active,0,
PBVita-Lab-114,LAB-114,114,squeeze wash bottle distilled water labeled,Analytical catalog entry: squeeze wash bottle distilled water labeled — for research purchasing records (114/500),Published for catalog listing reference use · ref 114,Unit presentation matches research receiving standards · motif 114,Positioned for laboratory methods development files · card 114,Documentation must retain research-only disclaimer · line 114,Open catalog record for specifications and notes · CTA 114,For laboratory research use only. Not for human use or consumption.,Active,0,
PBVita-Lab-115,LAB-115,115,bottle-top dispenser on reagent bottle,Controlled research SKU brief: bottle-top dispenser on reagent bottle — for standards documentation files (115/500),Indexed under analytical reference entry for receiving logs · ref 115,Container format suited to laboratory storage protocols · motif 115,Used within laboratory characterization workflows · card 115,Explicit research-use only — not for clinical application · line 115,View listing for research handling summary · CTA 115,For laboratory research use only. Not for human use or consumption.,Active,0,
PBVita-Lab-116,LAB-116,116,peristaltic pump head with tubing,Documentation index summary: peristaltic pump head with tubing — for standards documentation files (116/500),Maintained as laboratory SKU in the research catalog · ref 116,Ship-ready research packaging with tamper-evident cues · motif 116,Documented for instrument calibration support files · card 116,Documentation must retain research-only disclaimer · line 116,Access full research documentation in catalog · CTA 116,For laboratory research use only. Not for human use or consumption.,Active,0,
PBVita-Lab-117,LAB-117,117,syringe filter unit 0.22 micron,Laboratory inventory spotlight: syringe filter unit 0.22 micron — for standards documentation files (117/500),Formatted for documentation record documentation packets · ref 117,Catalog photography reflects actual research unit form · motif 117,Included for analytical standards cross-reference · card 117,Explicit research-use only — not for clinical application · line 117,See research listing for packaging and lot fields · CTA 117,For laboratory research use only. Not for human use or consumption.,Active,0,
PBVita-Lab-118,LAB-118,118,sterile syringe filter attached to syringe no needle,Reference listing synopsis: sterile syringe filter attached to syringe no ne — for internal catalog publishing (118/500),Aligned to inventory line item inventory controls · ref 118,Physical format intended for laboratory bench inventory · motif 118,Referenced in analytical method documentation sets · card 118,Documentation must retain research-only disclaimer · line 118,Open documentation card for complete fields · CTA 118,For laboratory research use only. Not for human use or consumption.,Active,0,
PBVita-Lab-119,LAB-119,119,pipette tip waste container empty,Research catalog fact sheet: pipette tip waste container empty — for internal catalog publishing (119/500),Prepared as qualified research lot for analytical files · ref 119,Pack configuration supports research chain-of-custody notes · motif 119,Suitable for controlled research sample libraries · card 119,Explicit research-use only — not for clinical application · line 119,Continue to listing for controlled SKU details · CTA 119,For laboratory research use only. Not for human use or consumption.,Active,0,
PBVita-Lab-120,LAB-120,120,calibration balance weight next to pipette,Qualified material overview: calibration balance weight next to pipette — for internal catalog publishing (120/500),Designated reference standard entry within PBVita listings · ref 120,Unit geometry documented for catalog identification · motif 120,Cataloged for research protocol bill-of-materials · card 120,Documentation must retain research-only disclaimer · line 120,Consult catalog entry for storage class details · CTA 120,For laboratory research use only. Not for human use or consumption.,Active,0,
PBVita-Lab-121,LAB-121,121,PCR plate with sealed film,Catalog reference documentation: PCR plate with sealed film — for laboratory procurement teams (121/500),Listed as research material for laboratory documentation only · ref 121,Supplied in research-appropriate sealed packaging · motif 121,Intended for in-vitro assay preparation contexts · card 121,Explicit research-use only — not for clinical application · line 121,View laboratory listing for full documentation · CTA 121,For laboratory research use only. Not for human use or consumption.,Active,0,
PBVita-Lab-122,LAB-122,122,deep-well plate empty,Laboratory listing overview: deep-well plate empty — for laboratory procurement teams (122/500),Catalog ID reserved for catalog listing tracking · ref 122,Presented in laboratory catalog presentation format · motif 122,Supports pathway and mechanism study documentation · card 122,Documentation must retain research-only disclaimer · line 122,Refer to catalog page for receiving checklist · CTA 122,For laboratory research use only. Not for human use or consumption.,Active,0,
PBVita-Lab-123,LAB-123,123,microcentrifuge tube rack full,Research material specification card: microcentrifuge tube rack full — for laboratory procurement teams (123/500),Structured entry supporting analytical reference entry records · ref 123,Packaged for controlled research handling workflows · motif 123,Aligned to laboratory QC reference collections · card 123,Explicit research-use only — not for clinical application · line 123,Review laboratory listing before procurement · CTA 123,For laboratory research use only. Not for human use or consumption.,Active,0,
PBVita-Lab-124,LAB-124,124,single microcentrifuge tube 1.5ml closed,Analytical catalog entry: single microcentrifuge tube 1.5ml closed — for analytical reference workflows (124/500),Published for laboratory SKU reference use · ref 124,Unit presentation matches research receiving standards · motif 124,Positioned for laboratory methods development files · card 124,Documentation must retain research-only disclaimer · line 124,Open catalog record for specifications and notes · CTA 124,For laboratory research use only. Not for human use or consumption.,Active,0,
PBVita-Lab-125,LAB-125,125,strip of PCR tubes,Controlled research SKU brief: strip of PCR tubes — for analytical reference workflows (125/500),Indexed under documentation record for receiving logs · ref 125,Container format suited to laboratory storage protocols · motif 125,Used within laboratory characterization workflows · card 125,Explicit research-use only — not for clinical application · line 125,View listing for research handling summary · CTA 125,For laboratory research use only. Not for human use or consumption.,Active,0,
PBVita-Lab-126,LAB-126,126,laboratory freezer box cardboard with vials,Documentation index summary: laboratory freezer box cardboard with vials — for analytical reference workflows (126/500),Maintained as inventory line item in the research catalog · ref 126,Ship-ready research packaging with tamper-evident cues · motif 126,Documented for instrument calibration support files · card 126,Documentation must retain research-only disclaimer · line 126,Access full research documentation in catalog · CTA 126,For laboratory research use only. Not for human use or consumption.,Active,0,
PBVita-Lab-127,LAB-127,127,polycarbonate freezer box empty grid,Laboratory inventory spotlight: polycarbonate freezer box empty grid — for controlled research inventory (127/500),Formatted for qualified research lot documentation packets · ref 127,Catalog photography reflects actual research unit form · motif 127,Included for analytical standards cross-reference · card 127,Explicit research-use only — not for clinical application · line 127,See research listing for packaging and lot fields · CTA 127,For laboratory research use only. Not for human use or consumption.,Active,0,
PBVita-Lab-128,LAB-128,128,cold packs flanking a research carton,Reference listing synopsis: cold packs flanking a research carton — for controlled research inventory (128/500),Aligned to reference standard entry inventory controls · ref 128,Physical format intended for laboratory bench inventory · motif 128,Referenced in analytical method documentation sets · card 128,Documentation must retain research-only disclaimer · line 128,Open documentation card for complete fields · CTA 128,For laboratory research use only. Not for human use or consumption.,Active,0,
PBVita-Lab-129,LAB-129,129,insulated shipper open showing foam insert,Research catalog fact sheet: insulated shipper open showing foam insert — for controlled research inventory (129/500),Prepared as research material for analytical files · ref 129,Pack configuration supports research chain-of-custody notes · motif 129,Suitable for controlled research sample libraries · card 129,Explicit research-use only — not for clinical application · line 129,Continue to listing for controlled SKU details · CTA 129,For laboratory research use only. Not for human use or consumption.,Active,0,
PBVita-Lab-130,LAB-130,130,mini cooler bag for research samples unzipped,Qualified material overview: mini cooler bag for research samples unzipped — for documentation and receiving (130/500),Designated catalog listing within PBVita listings · ref 130,Unit geometry documented for catalog identification · motif 130,Cataloged for research protocol bill-of-materials · card 130,Documentation must retain research-only disclaimer · line 130,Consult catalog entry for storage class details · CTA 130,For laboratory research use only. Not for human use or consumption.,Active,0,
PBVita-Lab-131,LAB-131,131,temperature data logger on pack,Catalog reference documentation: temperature data logger on pack — for documentation and receiving (131/500),Listed as analytical reference entry for laboratory documentation only · ref 131,Supplied in research-appropriate sealed packaging · motif 131,Intended for in-vitro assay preparation contexts · card 131,Explicit research-use only — not for clinical application · line 131,View laboratory listing for full documentation · CTA 131,For laboratory research use only. Not for human use or consumption.,Active,0,
PBVita-Lab-132,LAB-132,132,cryogenic gloves folded beside cryobox,Laboratory listing overview: cryogenic gloves folded beside cryobox — for documentation and receiving (132/500),Catalog ID reserved for laboratory SKU tracking · ref 132,Presented in laboratory catalog presentation format · motif 132,Supports pathway and mechanism study documentation · card 132,Documentation must retain research-only disclaimer · line 132,Refer to catalog page for receiving checklist · CTA 132,For laboratory research use only. Not for human use or consumption.,Active,0,
PBVita-Lab-133,LAB-133,133,liquid nitrogen vapor shipper exterior,Research material specification card: liquid nitrogen vapor shipper exterior — for assay preparation planning (133/500),Structured entry supporting documentation record records · ref 133,Packaged for controlled research handling workflows · motif 133,Aligned to laboratory QC reference collections · card 133,Explicit research-use only — not for clinical application · line 133,Review laboratory listing before procurement · CTA 133,For laboratory research use only. Not for human use or consumption.,Active,0,
PBVita-Lab-134,LAB-134,134,frosted ice pan with sealed vials,Analytical catalog entry: frosted ice pan with sealed vials — for assay preparation planning (134/500),Published for inventory line item reference use · ref 134,Unit presentation matches research receiving standards · motif 134,Positioned for laboratory methods development files · card 134,Documentation must retain research-only disclaimer · line 134,Open catalog record for specifications and notes · CTA 134,For laboratory research use only. Not for human use or consumption.,Active,0,
PBVita-Lab-135,LAB-135,135,refrigerator shelf bin with labeled vials,Controlled research SKU brief: refrigerator shelf bin with labeled vials — for assay preparation planning (135/500),Indexed under qualified research lot for receiving logs · ref 135,Container format suited to laboratory storage protocols · motif 135,Used within laboratory characterization workflows · card 135,Explicit research-use only — not for clinical application · line 135,View listing for research handling summary · CTA 135,For laboratory research use only. Not for human use or consumption.,Active,0,
PBVita-Lab-136,LAB-136,136,cold chain indicator sticker sheet,Documentation index summary: cold chain indicator sticker sheet — for catalog compliance review (136/500),Maintained as reference standard entry in the research catalog · ref 136,Ship-ready research packaging with tamper-evident cues · motif 136,Documented for instrument calibration support files · card 136,Documentation must retain research-only disclaimer · line 136,Access full research documentation in catalog · CTA 136,For laboratory research use only. Not for human use or consumption.,Active,0,
PBVita-Lab-137,LAB-137,137,phase-change pack brick,Laboratory inventory spotlight: phase-change pack brick — for catalog compliance review (137/500),Formatted for research material documentation packets · ref 137,Catalog photography reflects actual research unit form · motif 137,Included for analytical standards cross-reference · card 137,Explicit research-use only — not for clinical application · line 137,See research listing for packaging and lot fields · CTA 137,For laboratory research use only. Not for human use or consumption.,Active,0,
PBVita-Lab-138,LAB-138,138,styrofoam cold box lid ajar,Reference listing synopsis: styrofoam cold box lid ajar — for catalog compliance review (138/500),Aligned to catalog listing inventory controls · ref 138,Physical format intended for laboratory bench inventory · motif 138,Referenced in analytical method documentation sets · card 138,Documentation must retain research-only disclaimer · line 138,Open documentation card for complete fields · CTA 138,For laboratory research use only. Not for human use or consumption.,Active,0,
PBVita-Lab-139,LAB-139,139,validated shipping carton with UN marks research,Research catalog fact sheet: validated shipping carton with UN marks research — for laboratory operations desks (139/500),Prepared as analytical reference entry for analytical files · ref 139,Pack configuration supports research chain-of-custody notes · motif 139,Suitable for controlled research sample libraries · card 139,Explicit research-use only — not for clinical application · line 139,Continue to listing for controlled SKU details · CTA 139,For laboratory research use only. Not for human use or consumption.,Active,0,
PBVita-Lab-140,LAB-140,140,thermal probe in calibration bath beaker,Qualified material overview: thermal probe in calibration bath beaker — for laboratory operations desks (140/500),Designated laboratory SKU within PBVita listings · ref 140,Unit geometry documented for catalog identification · motif 140,Cataloged for research protocol bill-of-materials · card 140,Documentation must retain research-only disclaimer · line 140,Consult catalog entry for storage class details · CTA 140,For laboratory research use only. Not for human use or consumption.,Active,0,
PBVita-Lab-141,LAB-141,141,freezer rack drawer pulled slightly,Catalog reference documentation: freezer rack drawer pulled slightly — for laboratory operations desks (141/500),Listed as documentation record for laboratory documentation only · ref 141,Supplied in research-appropriate sealed packaging · motif 141,Intended for in-vitro assay preparation contexts · card 141,Explicit research-use only — not for clinical application · line 141,View laboratory listing for full documentation · CTA 141,For laboratory research use only. Not for human use or consumption.,Active,0,
PBVita-Lab-142,LAB-142,142,cryo cane with clip for vials,Laboratory listing overview: cryo cane with clip for vials — for research purchasing records (142/500),Catalog ID reserved for inventory line item tracking · ref 142,Presented in laboratory catalog presentation format · motif 142,Supports pathway and mechanism study documentation · card 142,Documentation must retain research-only disclaimer · line 142,Refer to catalog page for receiving checklist · CTA 142,For laboratory research use only. Not for human use or consumption.,Active,0,
PBVita-Lab-143,LAB-143,143,ice bucket with closed tube floating pack,Research material specification card: ice bucket with closed tube floating pack — for research purchasing records (143/500),Structured entry supporting qualified research lot records · ref 143,Packaged for controlled research handling workflows · motif 143,Aligned to laboratory QC reference collections · card 143,Explicit research-use only — not for clinical application · line 143,Review laboratory listing before procurement · CTA 143,For laboratory research use only. Not for human use or consumption.,Active,0,
PBVita-Lab-144,LAB-144,144,coolant bottle for centrifuge,Analytical catalog entry: coolant bottle for centrifuge — for research purchasing records (144/500),Published for reference standard entry reference use · ref 144,Unit presentation matches research receiving standards · motif 144,Positioned for laboratory methods development files · card 144,Documentation must retain research-only disclaimer · line 144,Open catalog record for specifications and notes · CTA 144,For laboratory research use only. Not for human use or consumption.,Active,0,
PBVita-Lab-145,LAB-145,145,insulated vial sleeve neoprene,Controlled research SKU brief: insulated vial sleeve neoprene — for standards documentation files (145/500),Indexed under research material for receiving logs · ref 145,Container format suited to laboratory storage protocols · motif 145,Used within laboratory characterization workflows · card 145,Explicit research-use only — not for clinical application · line 145,View listing for research handling summary · CTA 145,For laboratory research use only. Not for human use or consumption.,Active,0,
PBVita-Lab-146,LAB-146,146,analytical balance with draft shield closed,Documentation index summary: analytical balance with draft shield closed — for standards documentation files (146/500),Maintained as catalog listing in the research catalog · ref 146,Ship-ready research packaging with tamper-evident cues · motif 146,Documented for instrument calibration support files · card 146,Documentation must retain research-only disclaimer · line 146,Access full research documentation in catalog · CTA 146,For laboratory research use only. Not for human use or consumption.,Active,0,
PBVita-Lab-147,LAB-147,147,analytical balance with vial on pan,Laboratory inventory spotlight: analytical balance with vial on pan — for standards documentation files (147/500),Formatted for analytical reference entry documentation packets · ref 147,Catalog photography reflects actual research unit form · motif 147,Included for analytical standards cross-reference · card 147,Explicit research-use only — not for clinical application · line 147,See research listing for packaging and lot fields · CTA 147,For laboratory research use only. Not for human use or consumption.,Active,0,
PBVita-Lab-148,LAB-148,148,pH meter with electrode in holder,Reference listing synopsis: pH meter with electrode in holder — for internal catalog publishing (148/500),Aligned to laboratory SKU inventory controls · ref 148,Physical format intended for laboratory bench inventory · motif 148,Referenced in analytical method documentation sets · card 148,Documentation must retain research-only disclaimer · line 148,Open documentation card for complete fields · CTA 148,For laboratory research use only. Not for human use or consumption.,Active,0,
PBVita-Lab-149,LAB-149,149,magnetic stir plate with stir bar in beaker,Research catalog fact sheet: magnetic stir plate with stir bar in beaker — for internal catalog publishing (149/500),Prepared as documentation record for analytical files · ref 149,Pack configuration supports research chain-of-custody notes · motif 149,Suitable for controlled research sample libraries · card 149,Explicit research-use only — not for clinical application · line 149,Continue to listing for controlled SKU details · CTA 149,For laboratory research use only. Not for human use or consumption.,Active,0,
PBVita-Lab-150,LAB-150,150,vortex mixer alone,Qualified material overview: vortex mixer alone — for internal catalog publishing (150/500),Designated inventory line item within PBVita listings · ref 150,Unit geometry documented for catalog identification · motif 150,Cataloged for research protocol bill-of-materials · card 150,Documentation must retain research-only disclaimer · line 150,Consult catalog entry for storage class details · CTA 150,For laboratory research use only. Not for human use or consumption.,Active,0,
PBVita-Lab-151,LAB-151,151,microcentrifuge closed lid,Catalog reference documentation: microcentrifuge closed lid — for laboratory procurement teams (151/500),Listed as qualified research lot for laboratory documentation only · ref 151,Supplied in research-appropriate sealed packaging · motif 151,Intended for in-vitro assay preparation contexts · card 151,Explicit research-use only — not for clinical application · line 151,View laboratory listing for full documentation · CTA 151,For laboratory research use only. Not for human use or consumption.,Active,0,
PBVita-Lab-152,LAB-152,152,open microcentrifuge showing rotor empty,Laboratory listing overview: open microcentrifuge showing rotor empty — for laboratory procurement teams (152/500),Catalog ID reserved for reference standard entry tracking · ref 152,Presented in laboratory catalog presentation format · motif 152,Supports pathway and mechanism study documentation · card 152,Documentation must retain research-only disclaimer · line 152,Refer to catalog page for receiving checklist · CTA 152,For laboratory research use only. Not for human use or consumption.,Active,0,
PBVita-Lab-153,LAB-153,153,tube rotator wheel with clips,Research material specification card: tube rotator wheel with clips — for laboratory procurement teams (153/500),Structured entry supporting research material records · ref 153,Packaged for controlled research handling workflows · motif 153,Aligned to laboratory QC reference collections · card 153,Explicit research-use only — not for clinical application · line 153,Review laboratory listing before procurement · CTA 153,For laboratory research use only. Not for human use or consumption.,Active,0,
PBVita-Lab-154,LAB-154,154,benchtop orbital-platform shaker empty,Analytical catalog entry: benchtop orbital-platform shaker empty — for analytical reference workflows (154/500),Published for catalog listing reference use · ref 154,Unit presentation matches research receiving standards · motif 154,Positioned for laboratory methods development files · card 154,Documentation must retain research-only disclaimer · line 154,Open catalog record for specifications and notes · CTA 154,For laboratory research use only. Not for human use or consumption.,Active,0,
PBVita-Lab-155,LAB-155,155,hot plate stirrer ceramic top,Controlled research SKU brief: hot plate stirrer ceramic top — for analytical reference workflows (155/500),Indexed under analytical reference entry for receiving logs · ref 155,Container format suited to laboratory storage protocols · motif 155,Used within laboratory characterization workflows · card 155,Explicit research-use only — not for clinical application · line 155,View listing for research handling summary · CTA 155,For laboratory research use only. Not for human use or consumption.,Active,0,
PBVita-Lab-156,LAB-156,156,lab jack raised under flask,Documentation index summary: lab jack raised under flask — for analytical reference workflows (156/500),Maintained as laboratory SKU in the research catalog · ref 156,Ship-ready research packaging with tamper-evident cues · motif 156,Documented for instrument calibration support files · card 156,Documentation must retain research-only disclaimer · line 156,Access full research documentation in catalog · CTA 156,For laboratory research use only. Not for human use or consumption.,Active,0,
PBVita-Lab-157,LAB-157,157,ring stand with clamps bare,Laboratory inventory spotlight: ring stand with clamps bare — for controlled research inventory (157/500),Formatted for documentation record documentation packets · ref 157,Catalog photography reflects actual research unit form · motif 157,Included for analytical standards cross-reference · card 157,Explicit research-use only — not for clinical application · line 157,See research listing for packaging and lot fields · CTA 157,For laboratory research use only. Not for human use or consumption.,Active,0,
PBVita-Lab-158,LAB-158,158,digital timer on bench,Reference listing synopsis: digital timer on bench — for controlled research inventory (158/500),Aligned to inventory line item inventory controls · ref 158,Physical format intended for laboratory bench inventory · motif 158,Referenced in analytical method documentation sets · card 158,Documentation must retain research-only disclaimer · line 158,Open documentation card for complete fields · CTA 158,For laboratory research use only. Not for human use or consumption.,Active,0,
PBVita-Lab-159,LAB-159,159,calipers measuring a vial diameter,Research catalog fact sheet: calipers measuring a vial diameter — for controlled research inventory (159/500),Prepared as qualified research lot for analytical files · ref 159,Pack configuration supports research chain-of-custody notes · motif 159,Suitable for controlled research sample libraries · card 159,Explicit research-use only — not for clinical application · line 159,Continue to listing for controlled SKU details · CTA 159,For laboratory research use only. Not for human use or consumption.,Active,0,
PBVita-Lab-160,LAB-160,160,USB laboratory camera on boom arm,Qualified material overview: USB laboratory camera on boom arm — for documentation and receiving (160/500),Designated reference standard entry within PBVita listings · ref 160,Unit geometry documented for catalog identification · motif 160,Cataloged for research protocol bill-of-materials · card 160,Documentation must retain research-only disclaimer · line 160,Consult catalog entry for storage class details · CTA 160,For laboratory research use only. Not for human use or consumption.,Active,0,
PBVita-Lab-161,LAB-161,161,stereo microscope head over stage,Catalog reference documentation: stereo microscope head over stage — for documentation and receiving (161/500),Listed as research material for laboratory documentation only · ref 161,Supplied in research-appropriate sealed packaging · motif 161,Intended for in-vitro assay preparation contexts · card 161,Explicit research-use only — not for clinical application · line 161,View laboratory listing for full documentation · CTA 161,For laboratory research use only. Not for human use or consumption.,Active,0,
PBVita-Lab-162,LAB-162,162,compound microscope side profile,Laboratory listing overview: compound microscope side profile — for documentation and receiving (162/500),Catalog ID reserved for catalog listing tracking · ref 162,Presented in laboratory catalog presentation format · motif 162,Supports pathway and mechanism study documentation · card 162,Documentation must retain research-only disclaimer · line 162,Refer to catalog page for receiving checklist · CTA 162,For laboratory research use only. Not for human use or consumption.,Active,0,
PBVita-Lab-163,LAB-163,163,spectrophotometer closed sample door,Research material specification card: spectrophotometer closed sample door — for assay preparation planning (163/500),Structured entry supporting analytical reference entry records · ref 163,Packaged for controlled research handling workflows · motif 163,Aligned to laboratory QC reference collections · card 163,Explicit research-use only — not for clinical application · line 163,Review laboratory listing before procurement · CTA 163,For laboratory research use only. Not for human use or consumption.,Active,0,
PBVita-Lab-164,LAB-164,164,cuvette pair in foam,Analytical catalog entry: cuvette pair in foam — for assay preparation planning (164/500),Published for laboratory SKU reference use · ref 164,Unit presentation matches research receiving standards · motif 164,Positioned for laboratory methods development files · card 164,Documentation must retain research-only disclaimer · line 164,Open catalog record for specifications and notes · CTA 164,For laboratory research use only. Not for human use or consumption.,Active,0,
PBVita-Lab-165,LAB-165,165,HPLC system front panel detail,Controlled research SKU brief: HPLC system front panel detail — for assay preparation planning (165/500),Indexed under documentation record for receiving logs · ref 165,Container format suited to laboratory storage protocols · motif 165,Used within laboratory characterization workflows · card 165,Explicit research-use only — not for clinical application · line 165,View listing for research handling summary · CTA 165,For laboratory research use only. Not for human use or consumption.,Active,0,
PBVita-Lab-166,LAB-166,166,fraction collector carousel,Documentation index summary: fraction collector carousel — for catalog compliance review (166/500),Maintained as inventory line item in the research catalog · ref 166,Ship-ready research packaging with tamper-evident cues · motif 166,Documented for instrument calibration support files · card 166,Documentation must retain research-only disclaimer · line 166,Access full research documentation in catalog · CTA 166,For laboratory research use only. Not for human use or consumption.,Active,0,
PBVita-Lab-167,LAB-167,167,gel electrophoresis tank empty,Laboratory inventory spotlight: gel electrophoresis tank empty — for catalog compliance review (167/500),Formatted for qualified research lot documentation packets · ref 167,Catalog photography reflects actual research unit form · motif 167,Included for analytical standards cross-reference · card 167,Explicit research-use only — not for clinical application · line 167,See research listing for packaging and lot fields · CTA 167,For laboratory research use only. Not for human use or consumption.,Active,0,
PBVita-Lab-168,LAB-168,168,power supply for electrophoresis,Reference listing synopsis: power supply for electrophoresis — for catalog compliance review (168/500),Aligned to reference standard entry inventory controls · ref 168,Physical format intended for laboratory bench inventory · motif 168,Referenced in analytical method documentation sets · card 168,Documentation must retain research-only disclaimer · line 168,Open documentation card for complete fields · CTA 168,For laboratory research use only. Not for human use or consumption.,Active,0,
PBVita-Lab-169,LAB-169,169,laminar flow hood interior empty product tray,Research catalog fact sheet: laminar flow hood interior empty product tray — for laboratory operations desks (169/500),Prepared as research material for analytical files · ref 169,Pack configuration supports research chain-of-custody notes · motif 169,Suitable for controlled research sample libraries · card 169,Explicit research-use only — not for clinical application · line 169,Continue to listing for controlled SKU details · CTA 169,For laboratory research use only. Not for human use or consumption.,Active,0,
PBVita-Lab-170,LAB-170,170,biosafety cabinet sash closed exterior,Qualified material overview: biosafety cabinet sash closed exterior — for laboratory operations desks (170/500),Designated catalog listing within PBVita listings · ref 170,Unit geometry documented for catalog identification · motif 170,Cataloged for research protocol bill-of-materials · card 170,Documentation must retain research-only disclaimer · line 170,Consult catalog entry for storage class details · CTA 170,For laboratory research use only. Not for human use or consumption.,Active,0,
PBVita-Lab-171,LAB-171,171,autoclave tape roll and indicator vial,Catalog reference documentation: autoclave tape roll and indicator vial — for laboratory operations desks (171/500),Listed as analytical reference entry for laboratory documentation only · ref 171,Supplied in research-appropriate sealed packaging · motif 171,Intended for in-vitro assay preparation contexts · card 171,Explicit research-use only — not for clinical application · line 171,View laboratory listing for full documentation · CTA 171,For laboratory research use only. Not for human use or consumption.,Active,0,
PBVita-Lab-172,LAB-172,172,lab oven window view empty shelves,Laboratory listing overview: lab oven window view empty shelves — for research purchasing records (172/500),Catalog ID reserved for laboratory SKU tracking · ref 172,Presented in laboratory catalog presentation format · motif 172,Supports pathway and mechanism study documentation · card 172,Documentation must retain research-only disclaimer · line 172,Refer to catalog page for receiving checklist · CTA 172,For laboratory research use only. Not for human use or consumption.,Active,0,
PBVita-Lab-173,LAB-173,173,vacuum pump compact oil-free,Research material specification card: vacuum pump compact oil-free — for research purchasing records (173/500),Structured entry supporting documentation record records · ref 173,Packaged for controlled research handling workflows · motif 173,Aligned to laboratory QC reference collections · card 173,Explicit research-use only — not for clinical application · line 173,Review laboratory listing before procurement · CTA 173,For laboratory research use only. Not for human use or consumption.,Active,0,
PBVita-Lab-174,LAB-174,174,diaphragm vacuum gauge,Analytical catalog entry: diaphragm vacuum gauge — for research purchasing records (174/500),Published for inventory line item reference use · ref 174,Unit presentation matches research receiving standards · motif 174,Positioned for laboratory methods development files · card 174,Documentation must retain research-only disclaimer · line 174,Open catalog record for specifications and notes · CTA 174,For laboratory research use only. Not for human use or consumption.,Active,0,
PBVita-Lab-175,LAB-175,175,sonic bath lid closed,Controlled research SKU brief: sonic bath lid closed — for standards documentation files (175/500),Indexed under qualified research lot for receiving logs · ref 175,Container format suited to laboratory storage protocols · motif 175,Used within laboratory characterization workflows · card 175,Explicit research-use only — not for clinical application · line 175,View listing for research handling summary · CTA 175,For laboratory research use only. Not for human use or consumption.,Active,0,
PBVita-Lab-176,LAB-176,176,lab microwave digester exterior,Documentation index summary: lab microwave digester exterior — for standards documentation files (176/500),Maintained as reference standard entry in the research catalog · ref 176,Ship-ready research packaging with tamper-evident cues · motif 176,Documented for instrument calibration support files · card 176,Documentation must retain research-only disclaimer · line 176,Access full research documentation in catalog · CTA 176,For laboratory research use only. Not for human use or consumption.,Active,0,
PBVita-Lab-177,LAB-177,177,fume hood sash partially open with empty clamp,Laboratory inventory spotlight: fume hood sash partially open with empty clamp — for standards documentation files (177/500),Formatted for research material documentation packets · ref 177,Catalog photography reflects actual research unit form · motif 177,Included for analytical standards cross-reference · card 177,Explicit research-use only — not for clinical application · line 177,See research listing for packaging and lot fields · CTA 177,For laboratory research use only. Not for human use or consumption.,Active,0,
PBVita-Lab-178,LAB-178,178,anti-static bar on packaging station,Reference listing synopsis: anti-static bar on packaging station — for internal catalog publishing (178/500),Aligned to catalog listing inventory controls · ref 178,Physical format intended for laboratory bench inventory · motif 178,Referenced in analytical method documentation sets · card 178,Documentation must retain research-only disclaimer · line 178,Open documentation card for complete fields · CTA 178,For laboratory research use only. Not for human use or consumption.,Active,0,
PBVita-Lab-179,LAB-179,179,barcode scanner beside vial,Research catalog fact sheet: barcode scanner beside vial — for internal catalog publishing (179/500),Prepared as analytical reference entry for analytical files · ref 179,Pack configuration supports research chain-of-custody notes · motif 179,Suitable for controlled research sample libraries · card 179,Explicit research-use only — not for clinical application · line 179,Continue to listing for controlled SKU details · CTA 179,For laboratory research use only. Not for human use or consumption.,Active,0,
PBVita-Lab-180,LAB-180,180,label printer with research label stock,Qualified material overview: label printer with research label stock — for internal catalog publishing (180/500),Designated laboratory SKU within PBVita listings · ref 180,Unit geometry documented for catalog identification · motif 180,Cataloged for research protocol bill-of-materials · card 180,Documentation must retain research-only disclaimer · line 180,Consult catalog entry for storage class details · CTA 180,For laboratory research use only. Not for human use or consumption.,Active,0,
PBVita-Lab-181,LAB-181,181,brushed stainless steel lab tray with vial,Catalog reference documentation: brushed stainless steel lab tray with vial — for laboratory procurement teams (181/500),Listed as documentation record for laboratory documentation only · ref 181,Supplied in research-appropriate sealed packaging · motif 181,Intended for in-vitro assay preparation contexts · card 181,Explicit research-use only — not for clinical application · line 181,View laboratory listing for full documentation · CTA 181,For laboratory research use only. Not for human use or consumption.,Active,0,
PBVita-Lab-182,LAB-182,182,black anodized aluminum instrument tray,Laboratory listing overview: black anodized aluminum instrument tray — for laboratory procurement teams (182/500),Catalog ID reserved for inventory line item tracking · ref 182,Presented in laboratory catalog presentation format · motif 182,Supports pathway and mechanism study documentation · card 182,Documentation must retain research-only disclaimer · line 182,Refer to catalog page for receiving checklist · CTA 182,For laboratory research use only. Not for human use or consumption.,Active,0,
PBVita-Lab-183,LAB-183,183,white melamine lab bench section,Research material specification card: white melamine lab bench section — for laboratory procurement teams (183/500),Structured entry supporting qualified research lot records · ref 183,Packaged for controlled research handling workflows · motif 183,Aligned to laboratory QC reference collections · card 183,Explicit research-use only — not for clinical application · line 183,Review laboratory listing before procurement · CTA 183,For laboratory research use only. Not for human use or consumption.,Active,0,
PBVita-Lab-184,LAB-184,184,epoxy resin lab countertop swatch with beaker,Analytical catalog entry: epoxy resin lab countertop swatch with beaker — for analytical reference workflows (184/500),Published for reference standard entry reference use · ref 184,Unit presentation matches research receiving standards · motif 184,Positioned for laboratory methods development files · card 184,Documentation must retain research-only disclaimer · line 184,Open catalog record for specifications and notes · CTA 184,For laboratory research use only. Not for human use or consumption.,Active,0,
PBVita-Lab-185,LAB-185,185,blue absorbent bench underpad with pen,Controlled research SKU brief: blue absorbent bench underpad with pen — for analytical reference workflows (185/500),Indexed under research material for receiving logs · ref 185,Container format suited to laboratory storage protocols · motif 185,Used within laboratory characterization workflows · card 185,Explicit research-use only — not for clinical application · line 185,View listing for research handling summary · CTA 185,For laboratory research use only. Not for human use or consumption.,Active,0,
PBVita-Lab-186,LAB-186,186,perforated stainless drying rack with glassware,Documentation index summary: perforated stainless drying rack with glassware — for analytical reference workflows (186/500),Maintained as catalog listing in the research catalog · ref 186,Ship-ready research packaging with tamper-evident cues · motif 186,Documented for instrument calibration support files · card 186,Documentation must retain research-only disclaimer · line 186,Access full research documentation in catalog · CTA 186,For laboratory research use only. Not for human use or consumption.,Active,0,
PBVita-Lab-187,LAB-187,187,acrylic glove box exterior gloves hanging,Laboratory inventory spotlight: acrylic glove box exterior gloves hanging — for controlled research inventory (187/500),Formatted for analytical reference entry documentation packets · ref 187,Catalog photography reflects actual research unit form · motif 187,Included for analytical standards cross-reference · card 187,Explicit research-use only — not for clinical application · line 187,See research listing for packaging and lot fields · CTA 187,For laboratory research use only. Not for human use or consumption.,Active,0,
PBVita-Lab-188,LAB-188,188,modular lab shelving with neat reagent bottles,Reference listing synopsis: modular lab shelving with neat reagent bottles — for controlled research inventory (188/500),Aligned to laboratory SKU inventory controls · ref 188,Physical format intended for laboratory bench inventory · motif 188,Referenced in analytical method documentation sets · card 188,Documentation must retain research-only disclaimer · line 188,Open documentation card for complete fields · CTA 188,For laboratory research use only. Not for human use or consumption.,Active,0,
PBVita-Lab-189,LAB-189,189,pegboard with hanging clamps and rings,Research catalog fact sheet: pegboard with hanging clamps and rings — for controlled research inventory (189/500),Prepared as documentation record for analytical files · ref 189,Pack configuration supports research chain-of-custody notes · motif 189,Suitable for controlled research sample libraries · card 189,Explicit research-use only — not for clinical application · line 189,Continue to listing for controlled SKU details · CTA 189,For laboratory research use only. Not for human use or consumption.,Active,0,
PBVita-Lab-190,LAB-190,190,ESD mat with research carton,Qualified material overview: ESD mat with research carton — for documentation and receiving (190/500),Designated inventory line item within PBVita listings · ref 190,Unit geometry documented for catalog identification · motif 190,Cataloged for research protocol bill-of-materials · card 190,Documentation must retain research-only disclaimer · line 190,Consult catalog entry for storage class details · CTA 190,For laboratory research use only. Not for human use or consumption.,Active,0,
PBVita-Lab-191,LAB-191,191,ceramic tile sample with amber vial,Catalog reference documentation: ceramic tile sample with amber vial — for documentation and receiving (191/500),Listed as qualified research lot for laboratory documentation only · ref 191,Supplied in research-appropriate sealed packaging · motif 191,Intended for in-vitro assay preparation contexts · card 191,Explicit research-use only — not for clinical application · line 191,View laboratory listing for full documentation · CTA 191,For laboratory research use only. Not for human use or consumption.,Active,0,
PBVita-Lab-192,LAB-192,192,marble pass-through shelf with sealed box,Laboratory listing overview: marble pass-through shelf with sealed box — for documentation and receiving (192/500),Catalog ID reserved for reference standard entry tracking · ref 192,Presented in laboratory catalog presentation format · motif 192,Supports pathway and mechanism study documentation · card 192,Documentation must retain research-only disclaimer · line 192,Refer to catalog page for receiving checklist · CTA 192,For laboratory research use only. Not for human use or consumption.,Active,0,
PBVita-Lab-193,LAB-193,193,wire chrome basket with cleaned vials,Research material specification card: wire chrome basket with cleaned vials — for assay preparation planning (193/500),Structured entry supporting research material records · ref 193,Packaged for controlled research handling workflows · motif 193,Aligned to laboratory QC reference collections · card 193,Explicit research-use only — not for clinical application · line 193,Review laboratory listing before procurement · CTA 193,For laboratory research use only. Not for human use or consumption.,Active,0,
PBVita-Lab-194,LAB-194,194,parts bin drawer open showing caps,Analytical catalog entry: parts bin drawer open showing caps — for assay preparation planning (194/500),Published for catalog listing reference use · ref 194,Unit presentation matches research receiving standards · motif 194,Positioned for laboratory methods development files · card 194,Documentation must retain research-only disclaimer · line 194,Open catalog record for specifications and notes · CTA 194,For laboratory research use only. Not for human use or consumption.,Active,0,
PBVita-Lab-195,LAB-195,195,kanban bin with pipette tip boxes,Controlled research SKU brief: kanban bin with pipette tip boxes — for assay preparation planning (195/500),Indexed under analytical reference entry for receiving logs · ref 195,Container format suited to laboratory storage protocols · motif 195,Used within laboratory characterization workflows · card 195,Explicit research-use only — not for clinical application · line 195,View listing for research handling summary · CTA 195,For laboratory research use only. Not for human use or consumption.,Active,0,
PBVita-Lab-196,LAB-196,196,magnetic tool strip with metal spatulas,Documentation index summary: magnetic tool strip with metal spatulas — for catalog compliance review (196/500),Maintained as laboratory SKU in the research catalog · ref 196,Ship-ready research packaging with tamper-evident cues · motif 196,Documented for instrument calibration support files · card 196,Documentation must retain research-only disclaimer · line 196,Access full research documentation in catalog · CTA 196,For laboratory research use only. Not for human use or consumption.,Active,0,
PBVita-Lab-197,LAB-197,197,weighing paper book open,Laboratory inventory spotlight: weighing paper book open — for catalog compliance review (197/500),Formatted for documentation record documentation packets · ref 197,Catalog photography reflects actual research unit form · motif 197,Included for analytical standards cross-reference · card 197,Explicit research-use only — not for clinical application · line 197,See research listing for packaging and lot fields · CTA 197,For laboratory research use only. Not for human use or consumption.,Active,0,
PBVita-Lab-198,LAB-198,198,lab notebook closed with pen on top research,Reference listing synopsis: lab notebook closed with pen on top research — for catalog compliance review (198/500),Aligned to inventory line item inventory controls · ref 198,Physical format intended for laboratory bench inventory · motif 198,Referenced in analytical method documentation sets · card 198,Documentation must retain research-only disclaimer · line 198,Open documentation card for complete fields · CTA 198,For laboratory research use only. Not for human use or consumption.,Active,0,
PBVita-Lab-199,LAB-199,199,clipboard with blank COA template,Research catalog fact sheet: clipboard with blank COA template — for laboratory operations desks (199/500),Prepared as qualified research lot for analytical files · ref 199,Pack configuration supports research chain-of-custody notes · motif 199,Suitable for controlled research sample libraries · card 199,Explicit research-use only — not for clinical application · line 199,Continue to listing for controlled SKU details · CTA 199,For laboratory research use only. Not for human use or consumption.,Active,0,
PBVita-Lab-200,LAB-200,200,sample log binder spine,Qualified material overview: sample log binder spine — for laboratory operations desks (200/500),Designated reference standard entry within PBVita listings · ref 200,Unit geometry documented for catalog identification · motif 200,Cataloged for research protocol bill-of-materials · card 200,Documentation must retain research-only disclaimer · line 200,Consult catalog entry for storage class details · CTA 200,For laboratory research use only. Not for human use or consumption.,Active,0,
PBVita-Lab-201,LAB-201,201,color-coded tape rolls for lab labeling,Catalog reference documentation: color-coded tape rolls for lab labeling — for laboratory operations desks (201/500),Listed as research material for laboratory documentation only · ref 201,Supplied in research-appropriate sealed packaging · motif 201,Intended for in-vitro assay preparation contexts · card 201,Explicit research-use only — not for clinical application · line 201,View laboratory listing for full documentation · CTA 201,For laboratory research use only. Not for human use or consumption.,Active,0,
PBVita-Lab-202,LAB-202,202,sharpies and lab markers in cup,Laboratory listing overview: sharpies and lab markers in cup — for research purchasing records (202/500),Catalog ID reserved for catalog listing tracking · ref 202,Presented in laboratory catalog presentation format · motif 202,Supports pathway and mechanism study documentation · card 202,Documentation must retain research-only disclaimer · line 202,Refer to catalog page for receiving checklist · CTA 202,For laboratory research use only. Not for human use or consumption.,Active,0,
PBVita-Lab-203,LAB-203,203,kimwipe box and glass cleaner bottle,Research material specification card: kimwipe box and glass cleaner bottle — for research purchasing records (203/500),Structured entry supporting analytical reference entry records · ref 203,Packaged for controlled research handling workflows · motif 203,Aligned to laboratory QC reference collections · card 203,Explicit research-use only — not for clinical application · line 203,Review laboratory listing before procurement · CTA 203,For laboratory research use only. Not for human use or consumption.,Active,0,
PBVita-Lab-204,LAB-204,204,spill kit tray sealed,Analytical catalog entry: spill kit tray sealed — for research purchasing records (204/500),Published for laboratory SKU reference use · ref 204,Unit presentation matches research receiving standards · motif 204,Positioned for laboratory methods development files · card 204,Documentation must retain research-only disclaimer · line 204,Open catalog record for specifications and notes · CTA 204,For laboratory research use only. Not for human use or consumption.,Active,0,
PBVita-Lab-205,LAB-205,205,first-aid cabinet closed wall mount,Controlled research SKU brief: first-aid cabinet closed wall mount — for standards documentation files (205/500),Indexed under documentation record for receiving logs · ref 205,Container format suited to laboratory storage protocols · motif 205,Used within laboratory characterization workflows · card 205,Explicit research-use only — not for clinical application · line 205,View listing for research handling summary · CTA 205,For laboratory research use only. Not for human use or consumption.,Active,0,
PBVita-Lab-206,LAB-206,206,white research product carton closed,Documentation index summary: white research product carton closed — for standards documentation files (206/500),Maintained as inventory line item in the research catalog · ref 206,Ship-ready research packaging with tamper-evident cues · motif 206,Documented for instrument calibration support files · card 206,Documentation must retain research-only disclaimer · line 206,Access full research documentation in catalog · CTA 206,For laboratory research use only. Not for human use or consumption.,Active,0,
PBVita-Lab-207,LAB-207,207,open carton revealing foam-cradled vial,Laboratory inventory spotlight: open carton revealing foam-cradled vial — for standards documentation files (207/500),Formatted for qualified research lot documentation packets · ref 207,Catalog photography reflects actual research unit form · motif 207,Included for analytical standards cross-reference · card 207,Explicit research-use only — not for clinical application · line 207,See research listing for packaging and lot fields · CTA 207,For laboratory research use only. Not for human use or consumption.,Active,0,
PBVita-Lab-208,LAB-208,208,blister card of research cartridges,Reference listing synopsis: blister card of research cartridges — for internal catalog publishing (208/500),Aligned to reference standard entry inventory controls · ref 208,Physical format intended for laboratory bench inventory · motif 208,Referenced in analytical method documentation sets · card 208,Documentation must retain research-only disclaimer · line 208,Open documentation card for complete fields · CTA 208,For laboratory research use only. Not for human use or consumption.,Active,0,
PBVita-Lab-209,LAB-209,209,foil pouch resealable with vial silhouette,Research catalog fact sheet: foil pouch resealable with vial silhouette — for internal catalog publishing (209/500),Prepared as research material for analytical files · ref 209,Pack configuration supports research chain-of-custody notes · motif 209,Suitable for controlled research sample libraries · card 209,Explicit research-use only — not for clinical application · line 209,Continue to listing for controlled SKU details · CTA 209,For laboratory research use only. Not for human use or consumption.,Active,0,
PBVita-Lab-210,LAB-210,210,corrugated mailer for vials,Qualified material overview: corrugated mailer for vials — for internal catalog publishing (210/500),Designated catalog listing within PBVita listings · ref 210,Unit geometry documented for catalog identification · motif 210,Cataloged for research protocol bill-of-materials · card 210,Documentation must retain research-only disclaimer · line 210,Consult catalog entry for storage class details · CTA 210,For laboratory research use only. Not for human use or consumption.,Active,0,
PBVita-Lab-211,LAB-211,211,tamper-evident label sheet,Catalog reference documentation: tamper-evident label sheet — for laboratory procurement teams (211/500),Listed as analytical reference entry for laboratory documentation only · ref 211,Supplied in research-appropriate sealed packaging · motif 211,Intended for in-vitro assay preparation contexts · card 211,Explicit research-use only — not for clinical application · line 211,View laboratory listing for full documentation · CTA 211,For laboratory research use only. Not for human use or consumption.,Active,0,
PBVita-Lab-212,LAB-212,212,roll of thermal lab labels,Laboratory listing overview: roll of thermal lab labels — for laboratory procurement teams (212/500),Catalog ID reserved for laboratory SKU tracking · ref 212,Presented in laboratory catalog presentation format · motif 212,Supports pathway and mechanism study documentation · card 212,Documentation must retain research-only disclaimer · line 212,Refer to catalog page for receiving checklist · CTA 212,For laboratory research use only. Not for human use or consumption.,Active,0,
PBVita-Lab-213,LAB-213,213,serialized hologram sticker pack,Research material specification card: serialized hologram sticker pack — for laboratory procurement teams (213/500),Structured entry supporting documentation record records · ref 213,Packaged for controlled research handling workflows · motif 213,Aligned to laboratory QC reference collections · card 213,Explicit research-use only — not for clinical application · line 213,Review laboratory listing before procurement · CTA 213,For laboratory research use only. Not for human use or consumption.,Active,0,
PBVita-Lab-214,LAB-214,214,insert card folded research use only,Analytical catalog entry: insert card folded research use only — for analytical reference workflows (214/500),Published for inventory line item reference use · ref 214,Unit presentation matches research receiving standards · motif 214,Positioned for laboratory methods development files · card 214,Documentation must retain research-only disclaimer · line 214,Open catalog record for specifications and notes · CTA 214,For laboratory research use only. Not for human use or consumption.,Active,0,
PBVita-Lab-215,LAB-215,215,desiccant packets arranged,Controlled research SKU brief: desiccant packets arranged — for analytical reference workflows (215/500),Indexed under qualified research lot for receiving logs · ref 215,Container format suited to laboratory storage protocols · motif 215,Used within laboratory characterization workflows · card 215,Explicit research-use only — not for clinical application · line 215,View listing for research handling summary · CTA 215,For laboratory research use only. Not for human use or consumption.,Active,0,
PBVita-Lab-216,LAB-216,216,oxygen absorber packets,Documentation index summary: oxygen absorber packets — for analytical reference workflows (216/500),Maintained as reference standard entry in the research catalog · ref 216,Ship-ready research packaging with tamper-evident cues · motif 216,Documented for instrument calibration support files · card 216,Documentation must retain research-only disclaimer · line 216,Access full research documentation in catalog · CTA 216,For laboratory research use only. Not for human use or consumption.,Active,0,
PBVita-Lab-217,LAB-217,217,bubble wrap coil beside carton,Laboratory inventory spotlight: bubble wrap coil beside carton — for controlled research inventory (217/500),Formatted for research material documentation packets · ref 217,Catalog photography reflects actual research unit form · motif 217,Included for analytical standards cross-reference · card 217,Explicit research-use only — not for clinical application · line 217,See research listing for packaging and lot fields · CTA 217,For laboratory research use only. Not for human use or consumption.,Active,0,
PBVita-Lab-218,LAB-218,218,void fill kraft paper and vial box,Reference listing synopsis: void fill kraft paper and vial box — for controlled research inventory (218/500),Aligned to catalog listing inventory controls · ref 218,Physical format intended for laboratory bench inventory · motif 218,Referenced in analytical method documentation sets · card 218,Documentation must retain research-only disclaimer · line 218,Open documentation card for complete fields · CTA 218,For laboratory research use only. Not for human use or consumption.,Active,0,
PBVita-Lab-219,LAB-219,219,unit carton with window showing pen,Research catalog fact sheet: unit carton with window showing pen — for controlled research inventory (219/500),Prepared as analytical reference entry for analytical files · ref 219,Pack configuration supports research chain-of-custody notes · motif 219,Suitable for controlled research sample libraries · card 219,Explicit research-use only — not for clinical application · line 219,Continue to listing for controlled SKU details · CTA 219,For laboratory research use only. Not for human use or consumption.,Active,0,
PBVita-Lab-220,LAB-220,220,multipack sleeve holding three cartons,Qualified material overview: multipack sleeve holding three cartons — for documentation and receiving (220/500),Designated laboratory SKU within PBVita listings · ref 220,Unit geometry documented for catalog identification · motif 220,Cataloged for research protocol bill-of-materials · card 220,Documentation must retain research-only disclaimer · line 220,Consult catalog entry for storage class details · CTA 220,For laboratory research use only. Not for human use or consumption.,Active,0,
PBVita-Lab-221,LAB-221,221,shipping label pouch on carton,Catalog reference documentation: shipping label pouch on carton — for documentation and receiving (221/500),Listed as documentation record for laboratory documentation only · ref 221,Supplied in research-appropriate sealed packaging · motif 221,Intended for in-vitro assay preparation contexts · card 221,Explicit research-use only — not for clinical application · line 221,View laboratory listing for full documentation · CTA 221,For laboratory research use only. Not for human use or consumption.,Active,0,
PBVita-Lab-222,LAB-222,222,pallet of identical research cartons cropped,Laboratory listing overview: pallet of identical research cartons cropped — for documentation and receiving (222/500),Catalog ID reserved for inventory line item tracking · ref 222,Presented in laboratory catalog presentation format · motif 222,Supports pathway and mechanism study documentation · card 222,Documentation must retain research-only disclaimer · line 222,Refer to catalog page for receiving checklist · CTA 222,For laboratory research use only. Not for human use or consumption.,Active,0,
PBVita-Lab-223,LAB-223,223,retail shelf strip with one facing carton,Research material specification card: retail shelf strip with one facing carton — for assay preparation planning (223/500),Structured entry supporting qualified research lot records · ref 223,Packaged for controlled research handling workflows · motif 223,Aligned to laboratory QC reference collections · card 223,Explicit research-use only — not for clinical application · line 223,Review laboratory listing before procurement · CTA 223,For laboratory research use only. Not for human use or consumption.,Active,0,
PBVita-Lab-224,LAB-224,224,gift-unrelated plain kraft research mailer,Analytical catalog entry: gift-unrelated plain kraft research mailer — for assay preparation planning (224/500),Published for reference standard entry reference use · ref 224,Unit presentation matches research receiving standards · motif 224,Positioned for laboratory methods development files · card 224,Documentation must retain research-only disclaimer · line 224,Open catalog record for specifications and notes · CTA 224,For laboratory research use only. Not for human use or consumption.,Active,0,
PBVita-Lab-225,LAB-225,225,plastic clamshell for research pen,Controlled research SKU brief: plastic clamshell for research pen — for assay preparation planning (225/500),Indexed under research material for receiving logs · ref 225,Container format suited to laboratory storage protocols · motif 225,Used within laboratory characterization workflows · card 225,Explicit research-use only — not for clinical application · line 225,View listing for research handling summary · CTA 225,For laboratory research use only. Not for human use or consumption.,Active,0,
PBVita-Lab-226,LAB-226,226,tubular glassine sleeve for labels,Documentation index summary: tubular glassine sleeve for labels — for catalog compliance review (226/500),Maintained as catalog listing in the research catalog · ref 226,Ship-ready research packaging with tamper-evident cues · motif 226,Documented for instrument calibration support files · card 226,Documentation must retain research-only disclaimer · line 226,Access full research documentation in catalog · CTA 226,For laboratory research use only. Not for human use or consumption.,Active,0,
PBVita-Lab-227,LAB-227,227,cap assortment in compartment box,Laboratory inventory spotlight: cap assortment in compartment box — for catalog compliance review (227/500),Formatted for analytical reference entry documentation packets · ref 227,Catalog photography reflects actual research unit form · motif 227,Included for analytical standards cross-reference · card 227,Explicit research-use only — not for clinical application · line 227,See research listing for packaging and lot fields · CTA 227,For laboratory research use only. Not for human use or consumption.,Active,0,
PBVita-Lab-228,LAB-228,228,induction seal wad samples,Reference listing synopsis: induction seal wad samples — for catalog compliance review (228/500),Aligned to laboratory SKU inventory controls · ref 228,Physical format intended for laboratory bench inventory · motif 228,Referenced in analytical method documentation sets · card 228,Documentation must retain research-only disclaimer · line 228,Open documentation card for complete fields · CTA 228,For laboratory research use only. Not for human use or consumption.,Active,0,
PBVita-Lab-229,LAB-229,229,carton die-cut flat unfolded,Research catalog fact sheet: carton die-cut flat unfolded — for laboratory operations desks (229/500),Prepared as documentation record for analytical files · ref 229,Pack configuration supports research chain-of-custody notes · motif 229,Suitable for controlled research sample libraries · card 229,Explicit research-use only — not for clinical application · line 229,Continue to listing for controlled SKU details · CTA 229,For laboratory research use only. Not for human use or consumption.,Active,0,
PBVita-Lab-230,LAB-230,230,brand stamp block and ink pad unused,Qualified material overview: brand stamp block and ink pad unused — for laboratory operations desks (230/500),Designated inventory line item within PBVita listings · ref 230,Unit geometry documented for catalog identification · motif 230,Cataloged for research protocol bill-of-materials · card 230,Documentation must retain research-only disclaimer · line 230,Consult catalog entry for storage class details · CTA 230,For laboratory research use only. Not for human use or consumption.,Active,0,
PBVita-Lab-231,LAB-231,231,box of nitrile gloves blue closed,Catalog reference documentation: box of nitrile gloves blue closed — for laboratory operations desks (231/500),Listed as qualified research lot for laboratory documentation only · ref 231,Supplied in research-appropriate sealed packaging · motif 231,Intended for in-vitro assay preparation contexts · card 231,Explicit research-use only — not for clinical application · line 231,View laboratory listing for full documentation · CTA 231,For laboratory research use only. Not for human use or consumption.,Active,0,
PBVita-Lab-232,LAB-232,232,pair of nitrile gloves laid flat unused,Laboratory listing overview: pair of nitrile gloves laid flat unused — for research purchasing records (232/500),Catalog ID reserved for reference standard entry tracking · ref 232,Presented in laboratory catalog presentation format · motif 232,Supports pathway and mechanism study documentation · card 232,Documentation must retain research-only disclaimer · line 232,Refer to catalog page for receiving checklist · CTA 232,For laboratory research use only. Not for human use or consumption.,Active,0,
PBVita-Lab-233,LAB-233,233,sterile sleeve covers packaged,Research material specification card: sterile sleeve covers packaged — for research purchasing records (233/500),Structured entry supporting research material records · ref 233,Packaged for controlled research handling workflows · motif 233,Aligned to laboratory QC reference collections · card 233,Explicit research-use only — not for clinical application · line 233,Review laboratory listing before procurement · CTA 233,For laboratory research use only. Not for human use or consumption.,Active,0,
PBVita-Lab-234,LAB-234,234,bouffant cap package,Analytical catalog entry: bouffant cap package — for research purchasing records (234/500),Published for catalog listing reference use · ref 234,Unit presentation matches research receiving standards · motif 234,Positioned for laboratory methods development files · card 234,Documentation must retain research-only disclaimer · line 234,Open catalog record for specifications and notes · CTA 234,For laboratory research use only. Not for human use or consumption.,Active,0,
PBVita-Lab-235,LAB-235,235,safety glasses on lab tray,Controlled research SKU brief: safety glasses on lab tray — for standards documentation files (235/500),Indexed under analytical reference entry for receiving logs · ref 235,Container format suited to laboratory storage protocols · motif 235,Used within laboratory characterization workflows · card 235,Explicit research-use only — not for clinical application · line 235,View listing for research handling summary · CTA 235,For laboratory research use only. Not for human use or consumption.,Active,0,
PBVita-Lab-236,LAB-236,236,face shield on stand,Documentation index summary: face shield on stand — for standards documentation files (236/500),Maintained as laboratory SKU in the research catalog · ref 236,Ship-ready research packaging with tamper-evident cues · motif 236,Documented for instrument calibration support files · card 236,Documentation must retain research-only disclaimer · line 236,Access full research documentation in catalog · CTA 236,For laboratory research use only. Not for human use or consumption.,Active,0,
PBVita-Lab-237,LAB-237,237,lab coat on hanger cropped torso-less,Laboratory inventory spotlight: lab coat on hanger cropped torso-less — for standards documentation files (237/500),Formatted for documentation record documentation packets · ref 237,Catalog photography reflects actual research unit form · motif 237,Included for analytical standards cross-reference · card 237,Explicit research-use only — not for clinical application · line 237,See research listing for packaging and lot fields · CTA 237,For laboratory research use only. Not for human use or consumption.,Active,0,
PBVita-Lab-238,LAB-238,238,shoe covers packaged,Reference listing synopsis: shoe covers packaged — for internal catalog publishing (238/500),Aligned to inventory line item inventory controls · ref 238,Physical format intended for laboratory bench inventory · motif 238,Referenced in analytical method documentation sets · card 238,Documentation must retain research-only disclaimer · line 238,Open documentation card for complete fields · CTA 238,For laboratory research use only. Not for human use or consumption.,Active,0,
PBVita-Lab-239,LAB-239,239,sterile alcohol prep pads box,Research catalog fact sheet: sterile alcohol prep pads box — for internal catalog publishing (239/500),Prepared as qualified research lot for analytical files · ref 239,Pack configuration supports research chain-of-custody notes · motif 239,Suitable for controlled research sample libraries · card 239,Explicit research-use only — not for clinical application · line 239,Continue to listing for controlled SKU details · CTA 239,For laboratory research use only. Not for human use or consumption.,Active,0,
PBVita-Lab-240,LAB-240,240,sterile gauze stack in tray,Qualified material overview: sterile gauze stack in tray — for internal catalog publishing (240/500),Designated reference standard entry within PBVita listings · ref 240,Unit geometry documented for catalog identification · motif 240,Cataloged for research protocol bill-of-materials · card 240,Documentation must retain research-only disclaimer · line 240,Consult catalog entry for storage class details · CTA 240,For laboratory research use only. Not for human use or consumption.,Active,0,
PBVita-Lab-241,LAB-241,241,autoclaved instrument pouch sealed,Catalog reference documentation: autoclaved instrument pouch sealed — for laboratory procurement teams (241/500),Listed as research material for laboratory documentation only · ref 241,Supplied in research-appropriate sealed packaging · motif 241,Intended for in-vitro assay preparation contexts · card 241,Explicit research-use only — not for clinical application · line 241,View laboratory listing for full documentation · CTA 241,For laboratory research use only. Not for human use or consumption.,Active,0,
PBVita-Lab-242,LAB-242,242,indicator tape on sterilized tray wrap,Laboratory listing overview: indicator tape on sterilized tray wrap — for laboratory procurement teams (242/500),Catalog ID reserved for catalog listing tracking · ref 242,Presented in laboratory catalog presentation format · motif 242,Supports pathway and mechanism study documentation · card 242,Documentation must retain research-only disclaimer · line 242,Refer to catalog page for receiving checklist · CTA 242,For laboratory research use only. Not for human use or consumption.,Active,0,
PBVita-Lab-243,LAB-243,243,hand sanitizer pump bottle lab brand-agnostic,Research material specification card: hand sanitizer pump bottle lab brand-agnostic — for laboratory procurement teams (243/500),Structured entry supporting analytical reference entry records · ref 243,Packaged for controlled research handling workflows · motif 243,Aligned to laboratory QC reference collections · card 243,Explicit research-use only — not for clinical application · line 243,Review laboratory listing before procurement · CTA 243,For laboratory research use only. Not for human use or consumption.,Active,0,
PBVita-Lab-244,LAB-244,244,eye wash bottle sealed,Analytical catalog entry: eye wash bottle sealed — for analytical reference workflows (244/500),Published for laboratory SKU reference use · ref 244,Unit presentation matches research receiving standards · motif 244,Positioned for laboratory methods development files · card 244,Documentation must retain research-only disclaimer · line 244,Open catalog record for specifications and notes · CTA 244,For laboratory research use only. Not for human use or consumption.,Active,0,
PBVita-Lab-245,LAB-245,245,biohazard sharps container closed unused,Controlled research SKU brief: biohazard sharps container closed unused — for analytical reference workflows (245/500),Indexed under documentation record for receiving logs · ref 245,Container format suited to laboratory storage protocols · motif 245,Used within laboratory characterization workflows · card 245,Explicit research-use only — not for clinical application · line 245,View listing for research handling summary · CTA 245,For laboratory research use only. Not for human use or consumption.,Active,0,
PBVita-Lab-246,LAB-246,246,specimen transport bag with pouch,Documentation index summary: specimen transport bag with pouch — for analytical reference workflows (246/500),Maintained as inventory line item in the research catalog · ref 246,Ship-ready research packaging with tamper-evident cues · motif 246,Documented for instrument calibration support files · card 246,Documentation must retain research-only disclaimer · line 246,Access full research documentation in catalog · CTA 246,For laboratory research use only. Not for human use or consumption.,Active,0,
PBVita-Lab-247,LAB-247,247,cleanroom sticky mat sheet roll,Laboratory inventory spotlight: cleanroom sticky mat sheet roll — for controlled research inventory (247/500),Formatted for qualified research lot documentation packets · ref 247,Catalog photography reflects actual research unit form · motif 247,Included for analytical standards cross-reference · card 247,Explicit research-use only — not for clinical application · line 247,See research listing for packaging and lot fields · CTA 247,For laboratory research use only. Not for human use or consumption.,Active,0,
PBVita-Lab-248,LAB-248,248,IPA spray bottle 70 percent labeled research,Reference listing synopsis: IPA spray bottle 70 percent labeled research — for controlled research inventory (248/500),Aligned to reference standard entry inventory controls · ref 248,Physical format intended for laboratory bench inventory · motif 248,Referenced in analytical method documentation sets · card 248,Documentation must retain research-only disclaimer · line 248,Open documentation card for complete fields · CTA 248,For laboratory research use only. Not for human use or consumption.,Active,0,
PBVita-Lab-249,LAB-249,249,lint-free wipes canister,Research catalog fact sheet: lint-free wipes canister — for controlled research inventory (249/500),Prepared as research material for analytical files · ref 249,Pack configuration supports research chain-of-custody notes · motif 249,Suitable for controlled research sample libraries · card 249,Explicit research-use only — not for clinical application · line 249,Continue to listing for controlled SKU details · CTA 249,For laboratory research use only. Not for human use or consumption.,Active,0,
PBVita-Lab-250,LAB-250,250,sterile field wrap unfolded empty,Qualified material overview: sterile field wrap unfolded empty — for documentation and receiving (250/500),Designated catalog listing within PBVita listings · ref 250,Unit geometry documented for catalog identification · motif 250,Cataloged for research protocol bill-of-materials · card 250,Documentation must retain research-only disclaimer · line 250,Consult catalog entry for storage class details · CTA 250,For laboratory research use only. Not for human use or consumption.,Active,0,
PBVita-Lab-251,LAB-251,251,cobalt blue glass research vial sealed,Catalog reference documentation: cobalt blue glass research vial sealed — for documentation and receiving (251/500),Listed as analytical reference entry for laboratory documentation only · ref 251,Supplied in research-appropriate sealed packaging · motif 251,Intended for in-vitro assay preparation contexts · card 251,Explicit research-use only — not for clinical application · line 251,View laboratory listing for full documentation · CTA 251,For laboratory research use only. Not for human use or consumption.,Active,0,
PBVita-Lab-252,LAB-252,252,clear vial with flip-off seal green,Laboratory listing overview: clear vial with flip-off seal green — for documentation and receiving (252/500),Catalog ID reserved for laboratory SKU tracking · ref 252,Presented in laboratory catalog presentation format · motif 252,Supports pathway and mechanism study documentation · card 252,Documentation must retain research-only disclaimer · line 252,Refer to catalog page for receiving checklist · CTA 252,For laboratory research use only. Not for human use or consumption.,Active,0,
PBVita-Lab-253,LAB-253,253,amber vial with measured fill to shoulder,Research material specification card: amber vial with measured fill to shoulder — for assay preparation planning (253/500),Structured entry supporting documentation record records · ref 253,Packaged for controlled research handling workflows · motif 253,Aligned to laboratory QC reference collections · card 253,Explicit research-use only — not for clinical application · line 253,Review laboratory listing before procurement · CTA 253,For laboratory research use only. Not for human use or consumption.,Active,0,
PBVita-Lab-254,LAB-254,254,twin-pack vials in clear clamshell,Analytical catalog entry: twin-pack vials in clear clamshell — for assay preparation planning (254/500),Published for inventory line item reference use · ref 254,Unit presentation matches research receiving standards · motif 254,Positioned for laboratory methods development files · card 254,Documentation must retain research-only disclaimer · line 254,Open catalog record for specifications and notes · CTA 254,For laboratory research use only. Not for human use or consumption.,Active,0,
PBVita-Lab-255,LAB-255,255,vial with RFID collar ring installed,Controlled research SKU brief: vial with RFID collar ring installed — for assay preparation planning (255/500),Indexed under qualified research lot for receiving logs · ref 255,Container format suited to laboratory storage protocols · motif 255,Used within laboratory characterization workflows · card 255,Explicit research-use only — not for clinical application · line 255,View listing for research handling summary · CTA 255,For laboratory research use only. Not for human use or consumption.,Active,0,
PBVita-Lab-256,LAB-256,256,research vial in individual carton window,Documentation index summary: research vial in individual carton window — for catalog compliance review (256/500),Maintained as reference standard entry in the research catalog · ref 256,Ship-ready research packaging with tamper-evident cues · motif 256,Documented for instrument calibration support files · card 256,Documentation must retain research-only disclaimer · line 256,Access full research documentation in catalog · CTA 256,For laboratory research use only. Not for human use or consumption.,Active,0,
PBVita-Lab-257,LAB-257,257,silicone-coated vial for sticky compounds,Laboratory inventory spotlight: silicone-coated vial for sticky compounds — for catalog compliance review (257/500),Formatted for research material documentation packets · ref 257,Catalog photography reflects actual research unit form · motif 257,Included for analytical standards cross-reference · card 257,Explicit research-use only — not for clinical application · line 257,See research listing for packaging and lot fields · CTA 257,For laboratory research use only. Not for human use or consumption.,Active,0,
PBVita-Lab-258,LAB-258,258,vial with colored break-ring neck,Reference listing synopsis: vial with colored break-ring neck — for catalog compliance review (258/500),Aligned to catalog listing inventory controls · ref 258,Physical format intended for laboratory bench inventory · motif 258,Referenced in analytical method documentation sets · card 258,Documentation must retain research-only disclaimer · line 258,Open documentation card for complete fields · CTA 258,For laboratory research use only. Not for human use or consumption.,Active,0,
PBVita-Lab-259,LAB-259,259,heavy-wall pressure vial,Research catalog fact sheet: heavy-wall pressure vial — for laboratory operations desks (259/500),Prepared as analytical reference entry for analytical files · ref 259,Pack configuration supports research chain-of-custody notes · motif 259,Suitable for controlled research sample libraries · card 259,Explicit research-use only — not for clinical application · line 259,Continue to listing for controlled SKU details · CTA 259,For laboratory research use only. Not for human use or consumption.,Active,0,
PBVita-Lab-260,LAB-260,260,vial standing in CNC-machined aluminum puck,Qualified material overview: vial standing in CNC-machined aluminum puck — for laboratory operations desks (260/500),Designated laboratory SKU within PBVita listings · ref 260,Unit geometry documented for catalog identification · motif 260,Cataloged for research protocol bill-of-materials · card 260,Documentation must retain research-only disclaimer · line 260,Consult catalog entry for storage class details · CTA 260,For laboratory research use only. Not for human use or consumption.,Active,0,
PBVita-Lab-261,LAB-261,261,clear vial with laser-etched lot panel blank,Catalog reference documentation: clear vial with laser-etched lot panel blank — for laboratory operations desks (261/500),Listed as documentation record for laboratory documentation only · ref 261,Supplied in research-appropriate sealed packaging · motif 261,Intended for in-vitro assay preparation contexts · card 261,Explicit research-use only — not for clinical application · line 261,View laboratory listing for full documentation · CTA 261,For laboratory research use only. Not for human use or consumption.,Active,0,
PBVita-Lab-262,LAB-262,262,amber vial beside silica canister mini,Laboratory listing overview: amber vial beside silica canister mini — for research purchasing records (262/500),Catalog ID reserved for inventory line item tracking · ref 262,Presented in laboratory catalog presentation format · motif 262,Supports pathway and mechanism study documentation · card 262,Documentation must retain research-only disclaimer · line 262,Refer to catalog page for receiving checklist · CTA 262,For laboratory research use only. Not for human use or consumption.,Active,0,
PBVita-Lab-263,LAB-263,263,vial rack aluminum 5x10 empty slots with one vial,Research material specification card: vial rack aluminum 5x10 empty slots with one via — for research purchasing records (263/500),Structured entry supporting qualified research lot records · ref 263,Packaged for controlled research handling workflows · motif 263,Aligned to laboratory QC reference collections · card 263,Explicit research-use only — not for clinical application · line 263,Review laboratory listing before procurement · CTA 263,For laboratory research use only. Not for human use or consumption.,Active,0,
PBVita-Lab-264,LAB-264,264,crimped vial under magnifying dome lamp light,Analytical catalog entry: crimped vial under magnifying dome lamp light — for research purchasing records (264/500),Published for reference standard entry reference use · ref 264,Unit presentation matches research receiving standards · motif 264,Positioned for laboratory methods development files · card 264,Documentation must retain research-only disclaimer · line 264,Open catalog record for specifications and notes · CTA 264,For laboratory research use only. Not for human use or consumption.,Active,0,
PBVita-Lab-265,LAB-265,265,research vial with heat-shrink neck band gold,Controlled research SKU brief: research vial with heat-shrink neck band gold — for standards documentation files (265/500),Indexed under research material for receiving logs · ref 265,Container format suited to laboratory storage protocols · motif 265,Used within laboratory characterization workflows · card 265,Explicit research-use only — not for clinical application · line 265,View listing for research handling summary · CTA 265,For laboratory research use only. Not for human use or consumption.,Active,0,
PBVita-Lab-266,LAB-266,266,glass vial with plastic overcap tethered,Documentation index summary: glass vial with plastic overcap tethered — for standards documentation files (266/500),Maintained as catalog listing in the research catalog · ref 266,Ship-ready research packaging with tamper-evident cues · motif 266,Documented for instrument calibration support files · card 266,Documentation must retain research-only disclaimer · line 266,Access full research documentation in catalog · CTA 266,For laboratory research use only. Not for human use or consumption.,Active,0,
PBVita-Lab-267,LAB-267,267,microbarcoded vial close-up label area,Laboratory inventory spotlight: microbarcoded vial close-up label area — for standards documentation files (267/500),Formatted for analytical reference entry documentation packets · ref 267,Catalog photography reflects actual research unit form · motif 267,Included for analytical standards cross-reference · card 267,Explicit research-use only — not for clinical application · line 267,See research listing for packaging and lot fields · CTA 267,For laboratory research use only. Not for human use or consumption.,Active,0,
PBVita-Lab-268,LAB-268,268,vial in vacuum skin-pack card,Reference listing synopsis: vial in vacuum skin-pack card — for internal catalog publishing (268/500),Aligned to laboratory SKU inventory controls · ref 268,Physical format intended for laboratory bench inventory · motif 268,Referenced in analytical method documentation sets · card 268,Documentation must retain research-only disclaimer · line 268,Open documentation card for complete fields · CTA 268,For laboratory research use only. Not for human use or consumption.,Active,0,
PBVita-Lab-269,LAB-269,269,clear vial suspended in acrylic block embed mock,Research catalog fact sheet: clear vial suspended in acrylic block embed mock — for internal catalog publishing (269/500),Prepared as documentation record for analytical files · ref 269,Pack configuration supports research chain-of-custody notes · motif 269,Suitable for controlled research sample libraries · card 269,Explicit research-use only — not for clinical application · line 269,Continue to listing for controlled SKU details · CTA 269,For laboratory research use only. Not for human use or consumption.,Active,0,
PBVita-Lab-270,LAB-270,270,amber vial next to calibrated pipette tip,Qualified material overview: amber vial next to calibrated pipette tip — for internal catalog publishing (270/500),Designated inventory line item within PBVita listings · ref 270,Unit geometry documented for catalog identification · motif 270,Cataloged for research protocol bill-of-materials · card 270,Documentation must retain research-only disclaimer · line 270,Consult catalog entry for storage class details · CTA 270,For laboratory research use only. Not for human use or consumption.,Active,0,
PBVita-Lab-271,LAB-271,271,lyo vial with cake cracked texture visible,Catalog reference documentation: lyo vial with cake cracked texture visible — for laboratory procurement teams (271/500),Listed as qualified research lot for laboratory documentation only · ref 271,Supplied in research-appropriate sealed packaging · motif 271,Intended for in-vitro assay preparation contexts · card 271,Explicit research-use only — not for clinical application · line 271,View laboratory listing for full documentation · CTA 271,For laboratory research use only. Not for human use or consumption.,Active,0,
PBVita-Lab-272,LAB-272,272,vial with nitrogen headspace indication label,Laboratory listing overview: vial with nitrogen headspace indication label — for laboratory procurement teams (272/500),Catalog ID reserved for reference standard entry tracking · ref 272,Presented in laboratory catalog presentation format · motif 272,Supports pathway and mechanism study documentation · card 272,Documentation must retain research-only disclaimer · line 272,Refer to catalog page for receiving checklist · CTA 272,For laboratory research use only. Not for human use or consumption.,Active,0,
PBVita-Lab-273,LAB-273,273,research vial on anti-roll hexagonal base adapter,Research material specification card: research vial on anti-roll hexagonal base adapte — for laboratory procurement teams (273/500),Structured entry supporting research material records · ref 273,Packaged for controlled research handling workflows · motif 273,Aligned to laboratory QC reference collections · card 273,Explicit research-use only — not for clinical application · line 273,Review laboratory listing before procurement · CTA 273,For laboratory research use only. Not for human use or consumption.,Active,0,
PBVita-Lab-274,LAB-274,274,glass vial with ceramic print opaque white,Analytical catalog entry: glass vial with ceramic print opaque white — for analytical reference workflows (274/500),Published for catalog listing reference use · ref 274,Unit presentation matches research receiving standards · motif 274,Positioned for laboratory methods development files · card 274,Documentation must retain research-only disclaimer · line 274,Open catalog record for specifications and notes · CTA 274,For laboratory research use only. Not for human use or consumption.,Active,0,
PBVita-Lab-275,LAB-275,275,vial shipper insert pulp tray single well,Controlled research SKU brief: vial shipper insert pulp tray single well — for analytical reference workflows (275/500),Indexed under analytical reference entry for receiving logs · ref 275,Container format suited to laboratory storage protocols · motif 275,Used within laboratory characterization workflows · card 275,Explicit research-use only — not for clinical application · line 275,View listing for research handling summary · CTA 275,For laboratory research use only. Not for human use or consumption.,Active,0,
PBVita-Lab-276,LAB-276,276,research pen with metal nose cone,Documentation index summary: research pen with metal nose cone — for analytical reference workflows (276/500),Maintained as laboratory SKU in the research catalog · ref 276,Ship-ready research packaging with tamper-evident cues · motif 276,Documented for instrument calibration support files · card 276,Documentation must retain research-only disclaimer · line 276,Access full research documentation in catalog · CTA 276,For laboratory research use only. Not for human use or consumption.,Active,0,
PBVita-Lab-277,LAB-277,277,slim research pen graphite gray body,Laboratory inventory spotlight: slim research pen graphite gray body — for controlled research inventory (277/500),Formatted for documentation record documentation packets · ref 277,Catalog photography reflects actual research unit form · motif 277,Included for analytical standards cross-reference · card 277,Explicit research-use only — not for clinical application · line 277,See research listing for packaging and lot fields · CTA 277,For laboratory research use only. Not for human use or consumption.,Active,0,
PBVita-Lab-278,LAB-278,278,research pen with translucent smoke barrel,Reference listing synopsis: research pen with translucent smoke barrel — for controlled research inventory (278/500),Aligned to inventory line item inventory controls · ref 278,Physical format intended for laboratory bench inventory · motif 278,Referenced in analytical method documentation sets · card 278,Documentation must retain research-only disclaimer · line 278,Open documentation card for complete fields · CTA 278,For laboratory research use only. Not for human use or consumption.,Active,0,
PBVita-Lab-279,LAB-279,279,research pen docked in display stand prop,Research catalog fact sheet: research pen docked in display stand prop — for controlled research inventory (279/500),Prepared as qualified research lot for analytical files · ref 279,Pack configuration supports research chain-of-custody notes · motif 279,Suitable for controlled research sample libraries · card 279,Explicit research-use only — not for clinical application · line 279,Continue to listing for controlled SKU details · CTA 279,For laboratory research use only. Not for human use or consumption.,Active,0,
PBVita-Lab-280,LAB-280,280,research pen beside torque-test fixture,Qualified material overview: research pen beside torque-test fixture — for documentation and receiving (280/500),Designated reference standard entry within PBVita listings · ref 280,Unit geometry documented for catalog identification · motif 280,Cataloged for research protocol bill-of-materials · card 280,Documentation must retain research-only disclaimer · line 280,Consult catalog entry for storage class details · CTA 280,For laboratory research use only. Not for human use or consumption.,Active,0,
PBVita-Lab-281,LAB-281,281,research pen clip detail macro,Catalog reference documentation: research pen clip detail macro — for documentation and receiving (281/500),Listed as research material for laboratory documentation only · ref 281,Supplied in research-appropriate sealed packaging · motif 281,Intended for in-vitro assay preparation contexts · card 281,Explicit research-use only — not for clinical application · line 281,View laboratory listing for full documentation · CTA 281,For laboratory research use only. Not for human use or consumption.,Active,0,
PBVita-Lab-282,LAB-282,282,research pen rubber grip section macro,Laboratory listing overview: research pen rubber grip section macro — for documentation and receiving (282/500),Catalog ID reserved for catalog listing tracking · ref 282,Presented in laboratory catalog presentation format · motif 282,Supports pathway and mechanism study documentation · card 282,Documentation must retain research-only disclaimer · line 282,Refer to catalog page for receiving checklist · CTA 282,For laboratory research use only. Not for human use or consumption.,Active,0,
PBVita-Lab-283,LAB-283,283,research pen dial click collar engraved,Research material specification card: research pen dial click collar engraved — for assay preparation planning (283/500),Structured entry supporting analytical reference entry records · ref 283,Packaged for controlled research handling workflows · motif 283,Aligned to laboratory QC reference collections · card 283,Explicit research-use only — not for clinical application · line 283,Review laboratory listing before procurement · CTA 283,For laboratory research use only. Not for human use or consumption.,Active,0,
PBVita-Lab-284,LAB-284,284,research pen in vertical acrylic tower,Analytical catalog entry: research pen in vertical acrylic tower — for assay preparation planning (284/500),Published for laboratory SKU reference use · ref 284,Unit presentation matches research receiving standards · motif 284,Positioned for laboratory methods development files · card 284,Documentation must retain research-only disclaimer · line 284,Open catalog record for specifications and notes · CTA 284,For laboratory research use only. Not for human use or consumption.,Active,0,
PBVita-Lab-285,LAB-285,285,research pen kit tin open,Controlled research SKU brief: research pen kit tin open — for assay preparation planning (285/500),Indexed under documentation record for receiving logs · ref 285,Container format suited to laboratory storage protocols · motif 285,Used within laboratory characterization workflows · card 285,Explicit research-use only — not for clinical application · line 285,View listing for research handling summary · CTA 285,For laboratory research use only. Not for human use or consumption.,Active,0,
PBVita-Lab-286,LAB-286,286,research pen with spare cartridge pair,Documentation index summary: research pen with spare cartridge pair — for catalog compliance review (286/500),Maintained as inventory line item in the research catalog · ref 286,Ship-ready research packaging with tamper-evident cues · motif 286,Documented for instrument calibration support files · card 286,Documentation must retain research-only disclaimer · line 286,Access full research documentation in catalog · CTA 286,For laboratory research use only. Not for human use or consumption.,Active,0,
PBVita-Lab-287,LAB-287,287,research pen under polarizing light tent,Laboratory inventory spotlight: research pen under polarizing light tent — for catalog compliance review (287/500),Formatted for qualified research lot documentation packets · ref 287,Catalog photography reflects actual research unit form · motif 287,Included for analytical standards cross-reference · card 287,Explicit research-use only — not for clinical application · line 287,See research listing for packaging and lot fields · CTA 287,For laboratory research use only. Not for human use or consumption.,Active,0,
PBVita-Lab-288,LAB-288,288,research pen on carbon-fiber sample plate,Reference listing synopsis: research pen on carbon-fiber sample plate — for catalog compliance review (288/500),Aligned to reference standard entry inventory controls · ref 288,Physical format intended for laboratory bench inventory · motif 288,Referenced in analytical method documentation sets · card 288,Documentation must retain research-only disclaimer · line 288,Open documentation card for complete fields · CTA 288,For laboratory research use only. Not for human use or consumption.,Active,0,
PBVita-Lab-289,LAB-289,289,research pen tip-cap forest green,Research catalog fact sheet: research pen tip-cap forest green — for laboratory operations desks (289/500),Prepared as research material for analytical files · ref 289,Pack configuration supports research chain-of-custody notes · motif 289,Suitable for controlled research sample libraries · card 289,Explicit research-use only — not for clinical application · line 289,Continue to listing for controlled SKU details · CTA 289,For laboratory research use only. Not for human use or consumption.,Active,0,
PBVita-Lab-290,LAB-290,290,research pen body disassembled halves,Qualified material overview: research pen body disassembled halves — for laboratory operations desks (290/500),Designated catalog listing within PBVita listings · ref 290,Unit geometry documented for catalog identification · motif 290,Cataloged for research protocol bill-of-materials · card 290,Documentation must retain research-only disclaimer · line 290,Consult catalog entry for storage class details · CTA 290,For laboratory research use only. Not for human use or consumption.,Active,0,
PBVita-Lab-291,LAB-291,291,research pen with serialized sticker blank,Catalog reference documentation: research pen with serialized sticker blank — for laboratory operations desks (291/500),Listed as analytical reference entry for laboratory documentation only · ref 291,Supplied in research-appropriate sealed packaging · motif 291,Intended for in-vitro assay preparation contexts · card 291,Explicit research-use only — not for clinical application · line 291,View laboratory listing for full documentation · CTA 291,For laboratory research use only. Not for human use or consumption.,Active,0,
PBVita-Lab-292,LAB-292,292,research pen in velvet-lined evaluation box,Laboratory listing overview: research pen in velvet-lined evaluation box — for research purchasing records (292/500),Catalog ID reserved for laboratory SKU tracking · ref 292,Presented in laboratory catalog presentation format · motif 292,Supports pathway and mechanism study documentation · card 292,Documentation must retain research-only disclaimer · line 292,Refer to catalog page for receiving checklist · CTA 292,For laboratory research use only. Not for human use or consumption.,Active,0,
PBVita-Lab-293,LAB-293,293,research pen silhouette against soft gradient gray,Research material specification card: research pen silhouette against soft gradient gr — for research purchasing records (293/500),Structured entry supporting documentation record records · ref 293,Packaged for controlled research handling workflows · motif 293,Aligned to laboratory QC reference collections · card 293,Explicit research-use only — not for clinical application · line 293,Review laboratory listing before procurement · CTA 293,For laboratory research use only. Not for human use or consumption.,Active,0,
PBVita-Lab-294,LAB-294,294,research pen next to thickness gauge,Analytical catalog entry: research pen next to thickness gauge — for research purchasing records (294/500),Published for inventory line item reference use · ref 294,Unit presentation matches research receiving standards · motif 294,Positioned for laboratory methods development files · card 294,Documentation must retain research-only disclaimer · line 294,Open catalog record for specifications and notes · CTA 294,For laboratory research use only. Not for human use or consumption.,Active,0,
PBVita-Lab-295,LAB-295,295,research pen capped and uncapped twins,Controlled research SKU brief: research pen capped and uncapped twins — for standards documentation files (295/500),Indexed under qualified research lot for receiving logs · ref 295,Container format suited to laboratory storage protocols · motif 295,Used within laboratory characterization workflows · card 295,Explicit research-use only — not for clinical application · line 295,View listing for research handling summary · CTA 295,For laboratory research use only. Not for human use or consumption.,Active,0,
PBVita-Lab-296,LAB-296,296,compact research pen titanium-look shell,Documentation index summary: compact research pen titanium-look shell — for standards documentation files (296/500),Maintained as reference standard entry in the research catalog · ref 296,Ship-ready research packaging with tamper-evident cues · motif 296,Documented for instrument calibration support files · card 296,Documentation must retain research-only disclaimer · line 296,Access full research documentation in catalog · CTA 296,For laboratory research use only. Not for human use or consumption.,Active,0,
PBVita-Lab-297,LAB-297,297,research pen with soft-touch overmold,Laboratory inventory spotlight: research pen with soft-touch overmold — for standards documentation files (297/500),Formatted for research material documentation packets · ref 297,Catalog photography reflects actual research unit form · motif 297,Included for analytical standards cross-reference · card 297,Explicit research-use only — not for clinical application · line 297,See research listing for packaging and lot fields · CTA 297,For laboratory research use only. Not for human use or consumption.,Active,0,
PBVita-Lab-298,LAB-298,298,research pen window showing piston position,Reference listing synopsis: research pen window showing piston position — for internal catalog publishing (298/500),Aligned to catalog listing inventory controls · ref 298,Physical format intended for laboratory bench inventory · motif 298,Referenced in analytical method documentation sets · card 298,Documentation must retain research-only disclaimer · line 298,Open documentation card for complete fields · CTA 298,For laboratory research use only. Not for human use or consumption.,Active,0,
PBVita-Lab-299,LAB-299,299,research pen on linen lab wipe folded,Research catalog fact sheet: research pen on linen lab wipe folded — for internal catalog publishing (299/500),Prepared as analytical reference entry for analytical files · ref 299,Pack configuration supports research chain-of-custody notes · motif 299,Suitable for controlled research sample libraries · card 299,Explicit research-use only — not for clinical application · line 299,Continue to listing for controlled SKU details · CTA 299,For laboratory research use only. Not for human use or consumption.,Active,0,
PBVita-Lab-300,LAB-300,300,research pen aligned to ruler for scale,Qualified material overview: research pen aligned to ruler for scale — for internal catalog publishing (300/500),Designated laboratory SKU within PBVita listings · ref 300,Unit geometry documented for catalog identification · motif 300,Cataloged for research protocol bill-of-materials · card 300,Documentation must retain research-only disclaimer · line 300,Consult catalog entry for storage class details · CTA 300,For laboratory research use only. Not for human use or consumption.,Active,0,
PBVita-Lab-301,LAB-301,301,Schlenk flask with side arm stopcock,Catalog reference documentation: Schlenk flask with side arm stopcock — for laboratory procurement teams (301/500),Listed as documentation record for laboratory documentation only · ref 301,Supplied in research-appropriate sealed packaging · motif 301,Intended for in-vitro assay preparation contexts · card 301,Explicit research-use only — not for clinical application · line 301,View laboratory listing for full documentation · CTA 301,For laboratory research use only. Not for human use or consumption.,Active,0,
PBVita-Lab-302,LAB-302,302,pear-shaped flask,Laboratory listing overview: pear-shaped flask — for laboratory procurement teams (302/500),Catalog ID reserved for inventory line item tracking · ref 302,Presented in laboratory catalog presentation format · motif 302,Supports pathway and mechanism study documentation · card 302,Documentation must retain research-only disclaimer · line 302,Refer to catalog page for receiving checklist · CTA 302,For laboratory research use only. Not for human use or consumption.,Active,0,
PBVita-Lab-303,LAB-303,303,filter flask with ceramic Buchner funnel seated,Research material specification card: filter flask with ceramic Buchner funnel seated — for laboratory procurement teams (303/500),Structured entry supporting qualified research lot records · ref 303,Packaged for controlled research handling workflows · motif 303,Aligned to laboratory QC reference collections · card 303,Explicit research-use only — not for clinical application · line 303,Review laboratory listing before procurement · CTA 303,For laboratory research use only. Not for human use or consumption.,Active,0,
PBVita-Lab-304,LAB-304,304,addition funnel graduated,Analytical catalog entry: addition funnel graduated — for analytical reference workflows (304/500),Published for reference standard entry reference use · ref 304,Unit presentation matches research receiving standards · motif 304,Positioned for laboratory methods development files · card 304,Documentation must retain research-only disclaimer · line 304,Open catalog record for specifications and notes · CTA 304,For laboratory research use only. Not for human use or consumption.,Active,0,
PBVita-Lab-305,LAB-305,305,Claisen adapter glass,Controlled research SKU brief: Claisen adapter glass — for analytical reference workflows (305/500),Indexed under research material for receiving logs · ref 305,Container format suited to laboratory storage protocols · motif 305,Used within laboratory characterization workflows · card 305,Explicit research-use only — not for clinical application · line 305,View listing for research handling summary · CTA 305,For laboratory research use only. Not for human use or consumption.,Active,0,
PBVita-Lab-306,LAB-306,306,Y-adapter vacuum,Documentation index summary: Y-adapter vacuum — for analytical reference workflows (306/500),Maintained as catalog listing in the research catalog · ref 306,Ship-ready research packaging with tamper-evident cues · motif 306,Documented for instrument calibration support files · card 306,Documentation must retain research-only disclaimer · line 306,Access full research documentation in catalog · CTA 306,For laboratory research use only. Not for human use or consumption.,Active,0,
PBVita-Lab-307,LAB-307,307,cold finger condenser,Laboratory inventory spotlight: cold finger condenser — for controlled research inventory (307/500),Formatted for analytical reference entry documentation packets · ref 307,Catalog photography reflects actual research unit form · motif 307,Included for analytical standards cross-reference · card 307,Explicit research-use only — not for clinical application · line 307,See research listing for packaging and lot fields · CTA 307,For laboratory research use only. Not for human use or consumption.,Active,0,
PBVita-Lab-308,LAB-308,308,jacketed beaker,Reference listing synopsis: jacketed beaker — for controlled research inventory (308/500),Aligned to laboratory SKU inventory controls · ref 308,Physical format intended for laboratory bench inventory · motif 308,Referenced in analytical method documentation sets · card 308,Documentation must retain research-only disclaimer · line 308,Open documentation card for complete fields · CTA 308,For laboratory research use only. Not for human use or consumption.,Active,0,
PBVita-Lab-309,LAB-309,309,crystallizer dish jacketed,Research catalog fact sheet: crystallizer dish jacketed — for controlled research inventory (309/500),Prepared as documentation record for analytical files · ref 309,Pack configuration supports research chain-of-custody notes · motif 309,Suitable for controlled research sample libraries · card 309,Explicit research-use only — not for clinical application · line 309,Continue to listing for controlled SKU details · CTA 309,For laboratory research use only. Not for human use or consumption.,Active,0,
PBVita-Lab-310,LAB-310,310,glass reaction tube sealed,Qualified material overview: glass reaction tube sealed — for documentation and receiving (310/500),Designated inventory line item within PBVita listings · ref 310,Unit geometry documented for catalog identification · motif 310,Cataloged for research protocol bill-of-materials · card 310,Documentation must retain research-only disclaimer · line 310,Consult catalog entry for storage class details · CTA 310,For laboratory research use only. Not for human use or consumption.,Active,0,
PBVita-Lab-311,LAB-311,311,NMR spinner turbine with tube,Catalog reference documentation: NMR spinner turbine with tube — for documentation and receiving (311/500),Listed as qualified research lot for laboratory documentation only · ref 311,Supplied in research-appropriate sealed packaging · motif 311,Intended for in-vitro assay preparation contexts · card 311,Explicit research-use only — not for clinical application · line 311,View laboratory listing for full documentation · CTA 311,For laboratory research use only. Not for human use or consumption.,Active,0,
PBVita-Lab-312,LAB-312,312,cuvette rack acrylic holding four,Laboratory listing overview: cuvette rack acrylic holding four — for documentation and receiving (312/500),Catalog ID reserved for reference standard entry tracking · ref 312,Presented in laboratory catalog presentation format · motif 312,Supports pathway and mechanism study documentation · card 312,Documentation must retain research-only disclaimer · line 312,Refer to catalog page for receiving checklist · CTA 312,For laboratory research use only. Not for human use or consumption.,Active,0,
PBVita-Lab-313,LAB-313,313,flow cell glass optical,Research material specification card: flow cell glass optical — for assay preparation planning (313/500),Structured entry supporting research material records · ref 313,Packaged for controlled research handling workflows · motif 313,Aligned to laboratory QC reference collections · card 313,Explicit research-use only — not for clinical application · line 313,Review laboratory listing before procurement · CTA 313,For laboratory research use only. Not for human use or consumption.,Active,0,
PBVita-Lab-314,LAB-314,314,Soxhlet extractor assembled dry,Analytical catalog entry: Soxhlet extractor assembled dry — for assay preparation planning (314/500),Published for catalog listing reference use · ref 314,Unit presentation matches research receiving standards · motif 314,Positioned for laboratory methods development files · card 314,Documentation must retain research-only disclaimer · line 314,Open catalog record for specifications and notes · CTA 314,For laboratory research use only. Not for human use or consumption.,Active,0,
PBVita-Lab-315,LAB-315,315,Dean-Stark trap,Controlled research SKU brief: Dean-Stark trap — for assay preparation planning (315/500),Indexed under analytical reference entry for receiving logs · ref 315,Container format suited to laboratory storage protocols · motif 315,Used within laboratory characterization workflows · card 315,Explicit research-use only — not for clinical application · line 315,View listing for research handling summary · CTA 315,For laboratory research use only. Not for human use or consumption.,Active,0,
PBVita-Lab-316,LAB-316,316,gas burette,Documentation index summary: gas burette — for catalog compliance review (316/500),Maintained as laboratory SKU in the research catalog · ref 316,Ship-ready research packaging with tamper-evident cues · motif 316,Documented for instrument calibration support files · card 316,Documentation must retain research-only disclaimer · line 316,Access full research documentation in catalog · CTA 316,For laboratory research use only. Not for human use or consumption.,Active,0,
PBVita-Lab-317,LAB-317,317,pycnometer bottle,Laboratory inventory spotlight: pycnometer bottle — for catalog compliance review (317/500),Formatted for documentation record documentation packets · ref 317,Catalog photography reflects actual research unit form · motif 317,Included for analytical standards cross-reference · card 317,Explicit research-use only — not for clinical application · line 317,See research listing for packaging and lot fields · CTA 317,For laboratory research use only. Not for human use or consumption.,Active,0,
PBVita-Lab-318,LAB-318,318,specific gravity bottle,Reference listing synopsis: specific gravity bottle — for catalog compliance review (318/500),Aligned to inventory line item inventory controls · ref 318,Physical format intended for laboratory bench inventory · motif 318,Referenced in analytical method documentation sets · card 318,Documentation must retain research-only disclaimer · line 318,Open documentation card for complete fields · CTA 318,For laboratory research use only. Not for human use or consumption.,Active,0,
PBVita-Lab-319,LAB-319,319,wide dilution bottle research,Research catalog fact sheet: wide dilution bottle research — for laboratory operations desks (319/500),Prepared as qualified research lot for analytical files · ref 319,Pack configuration supports research chain-of-custody notes · motif 319,Suitable for controlled research sample libraries · card 319,Explicit research-use only — not for clinical application · line 319,Continue to listing for controlled SKU details · CTA 319,For laboratory research use only. Not for human use or consumption.,Active,0,
PBVita-Lab-320,LAB-320,320,media Roux bottle flat,Qualified material overview: media Roux bottle flat — for laboratory operations desks (320/500),Designated reference standard entry within PBVita listings · ref 320,Unit geometry documented for catalog identification · motif 320,Cataloged for research protocol bill-of-materials · card 320,Documentation must retain research-only disclaimer · line 320,Consult catalog entry for storage class details · CTA 320,For laboratory research use only. Not for human use or consumption.,Active,0,
PBVita-Lab-321,LAB-321,321,roller bottle cell culture empty,Catalog reference documentation: roller bottle cell culture empty — for laboratory operations desks (321/500),Listed as research material for laboratory documentation only · ref 321,Supplied in research-appropriate sealed packaging · motif 321,Intended for in-vitro assay preparation contexts · card 321,Explicit research-use only — not for clinical application · line 321,View laboratory listing for full documentation · CTA 321,For laboratory research use only. Not for human use or consumption.,Active,0,
PBVita-Lab-322,LAB-322,322,spinner flask with impeller,Laboratory listing overview: spinner flask with impeller — for research purchasing records (322/500),Catalog ID reserved for catalog listing tracking · ref 322,Presented in laboratory catalog presentation format · motif 322,Supports pathway and mechanism study documentation · card 322,Documentation must retain research-only disclaimer · line 322,Refer to catalog page for receiving checklist · CTA 322,For laboratory research use only. Not for human use or consumption.,Active,0,
PBVita-Lab-323,LAB-323,323,glass desiccator plate alone,Research material specification card: glass desiccator plate alone — for research purchasing records (323/500),Structured entry supporting analytical reference entry records · ref 323,Packaged for controlled research handling workflows · motif 323,Aligned to laboratory QC reference collections · card 323,Explicit research-use only — not for clinical application · line 323,Review laboratory listing before procurement · CTA 323,For laboratory research use only. Not for human use or consumption.,Active,0,
PBVita-Lab-324,LAB-324,324,weighing bottle tall form,Analytical catalog entry: weighing bottle tall form — for research purchasing records (324/500),Published for laboratory SKU reference use · ref 324,Unit presentation matches research receiving standards · motif 324,Positioned for laboratory methods development files · card 324,Documentation must retain research-only disclaimer · line 324,Open catalog record for specifications and notes · CTA 324,For laboratory research use only. Not for human use or consumption.,Active,0,
PBVita-Lab-325,LAB-325,325,sample bomb cylinder small research closed,Controlled research SKU brief: sample bomb cylinder small research closed — for standards documentation files (325/500),Indexed under documentation record for receiving logs · ref 325,Container format suited to laboratory storage protocols · motif 325,Used within laboratory characterization workflows · card 325,Explicit research-use only — not for clinical application · line 325,View listing for research handling summary · CTA 325,For laboratory research use only. Not for human use or consumption.,Active,0,
PBVita-Lab-326,LAB-326,326,positive displacement capillary tip pack,Documentation index summary: positive displacement capillary tip pack — for standards documentation files (326/500),Maintained as inventory line item in the research catalog · ref 326,Ship-ready research packaging with tamper-evident cues · motif 326,Documented for instrument calibration support files · card 326,Documentation must retain research-only disclaimer · line 326,Access full research documentation in catalog · CTA 326,For laboratory research use only. Not for human use or consumption.,Active,0,
PBVita-Lab-327,LAB-327,327,gel-loading pipette tips rack,Laboratory inventory spotlight: gel-loading pipette tips rack — for standards documentation files (327/500),Formatted for qualified research lot documentation packets · ref 327,Catalog photography reflects actual research unit form · motif 327,Included for analytical standards cross-reference · card 327,Explicit research-use only — not for clinical application · line 327,See research listing for packaging and lot fields · CTA 327,For laboratory research use only. Not for human use or consumption.,Active,0,
PBVita-Lab-328,LAB-328,328,wide-bore pipette tips for viscous samples,Reference listing synopsis: wide-bore pipette tips for viscous samples — for internal catalog publishing (328/500),Aligned to reference standard entry inventory controls · ref 328,Physical format intended for laboratory bench inventory · motif 328,Referenced in analytical method documentation sets · card 328,Documentation must retain research-only disclaimer · line 328,Open documentation card for complete fields · CTA 328,For laboratory research use only. Not for human use or consumption.,Active,0,
PBVita-Lab-329,LAB-329,329,filtered pipette tips sterile rack purple,Research catalog fact sheet: filtered pipette tips sterile rack purple — for internal catalog publishing (329/500),Prepared as research material for analytical files · ref 329,Pack configuration supports research chain-of-custody notes · motif 329,Suitable for controlled research sample libraries · card 329,Explicit research-use only — not for clinical application · line 329,Continue to listing for controlled SKU details · CTA 329,For laboratory research use only. Not for human use or consumption.,Active,0,
PBVita-Lab-330,LAB-330,330,pipette calibration balance kit case,Qualified material overview: pipette calibration balance kit case — for internal catalog publishing (330/500),Designated catalog listing within PBVita listings · ref 330,Unit geometry documented for catalog identification · motif 330,Cataloged for research protocol bill-of-materials · card 330,Documentation must retain research-only disclaimer · line 330,Consult catalog entry for storage class details · CTA 330,For laboratory research use only. Not for human use or consumption.,Active,0,
PBVita-Lab-331,LAB-331,331,bottle-top aspirator,Catalog reference documentation: bottle-top aspirator — for laboratory procurement teams (331/500),Listed as analytical reference entry for laboratory documentation only · ref 331,Supplied in research-appropriate sealed packaging · motif 331,Intended for in-vitro assay preparation contexts · card 331,Explicit research-use only — not for clinical application · line 331,View laboratory listing for full documentation · CTA 331,For laboratory research use only. Not for human use or consumption.,Active,0,
PBVita-Lab-332,LAB-332,332,vacuum aspiration pipette controller,Laboratory listing overview: vacuum aspiration pipette controller — for laboratory procurement teams (332/500),Catalog ID reserved for laboratory SKU tracking · ref 332,Presented in laboratory catalog presentation format · motif 332,Supports pathway and mechanism study documentation · card 332,Documentation must retain research-only disclaimer · line 332,Refer to catalog page for receiving checklist · CTA 332,For laboratory research use only. Not for human use or consumption.,Active,0,
PBVita-Lab-333,LAB-333,333,serological pipette individually wrapped bundle,Research material specification card: serological pipette individually wrapped bundle — for laboratory procurement teams (333/500),Structured entry supporting documentation record records · ref 333,Packaged for controlled research handling workflows · motif 333,Aligned to laboratory QC reference collections · card 333,Explicit research-use only — not for clinical application · line 333,Review laboratory listing before procurement · CTA 333,For laboratory research use only. Not for human use or consumption.,Active,0,
PBVita-Lab-334,LAB-334,334,bulb pipette filler classic,Analytical catalog entry: bulb pipette filler classic — for analytical reference workflows (334/500),Published for inventory line item reference use · ref 334,Unit presentation matches research receiving standards · motif 334,Positioned for laboratory methods development files · card 334,Documentation must retain research-only disclaimer · line 334,Open catalog record for specifications and notes · CTA 334,For laboratory research use only. Not for human use or consumption.,Active,0,
PBVita-Lab-335,LAB-335,335,motorized pipette filler,Controlled research SKU brief: motorized pipette filler — for analytical reference workflows (335/500),Indexed under qualified research lot for receiving logs · ref 335,Container format suited to laboratory storage protocols · motif 335,Used within laboratory characterization workflows · card 335,Explicit research-use only — not for clinical application · line 335,View listing for research handling summary · CTA 335,For laboratory research use only. Not for human use or consumption.,Active,0,
PBVita-Lab-336,LAB-336,336,reagent reservoir 12-column,Documentation index summary: reagent reservoir 12-column — for analytical reference workflows (336/500),Maintained as reference standard entry in the research catalog · ref 336,Ship-ready research packaging with tamper-evident cues · motif 336,Documented for instrument calibration support files · card 336,Documentation must retain research-only disclaimer · line 336,Access full research documentation in catalog · CTA 336,For laboratory research use only. Not for human use or consumption.,Active,0,
PBVita-Lab-337,LAB-337,337,trough for 16-channel pipette,Laboratory inventory spotlight: trough for 16-channel pipette — for controlled research inventory (337/500),Formatted for research material documentation packets · ref 337,Catalog photography reflects actual research unit form · motif 337,Included for analytical standards cross-reference · card 337,Explicit research-use only — not for clinical application · line 337,See research listing for packaging and lot fields · CTA 337,For laboratory research use only. Not for human use or consumption.,Active,0,
PBVita-Lab-338,LAB-338,338,disposable transfer pipette pack,Reference listing synopsis: disposable transfer pipette pack — for controlled research inventory (338/500),Aligned to catalog listing inventory controls · ref 338,Physical format intended for laboratory bench inventory · motif 338,Referenced in analytical method documentation sets · card 338,Documentation must retain research-only disclaimer · line 338,Open documentation card for complete fields · CTA 338,For laboratory research use only. Not for human use or consumption.,Active,0,
PBVita-Lab-339,LAB-339,339,Pasteur pipette rubber bulbs bag,Research catalog fact sheet: Pasteur pipette rubber bulbs bag — for controlled research inventory (339/500),Prepared as analytical reference entry for analytical files · ref 339,Pack configuration supports research chain-of-custody notes · motif 339,Suitable for controlled research sample libraries · card 339,Explicit research-use only — not for clinical application · line 339,Continue to listing for controlled SKU details · CTA 339,For laboratory research use only. Not for human use or consumption.,Active,0,
PBVita-Lab-340,LAB-340,340,syringe pump bare with research syringe glass,Qualified material overview: syringe pump bare with research syringe glass — for documentation and receiving (340/500),Designated laboratory SKU within PBVita listings · ref 340,Unit geometry documented for catalog identification · motif 340,Cataloged for research protocol bill-of-materials · card 340,Documentation must retain research-only disclaimer · line 340,Consult catalog entry for storage class details · CTA 340,For laboratory research use only. Not for human use or consumption.,Active,0,
PBVita-Lab-341,LAB-341,341,microfluidic chip in petri carrier,Catalog reference documentation: microfluidic chip in petri carrier — for documentation and receiving (341/500),Listed as documentation record for laboratory documentation only · ref 341,Supplied in research-appropriate sealed packaging · motif 341,Intended for in-vitro assay preparation contexts · card 341,Explicit research-use only — not for clinical application · line 341,View laboratory listing for full documentation · CTA 341,For laboratory research use only. Not for human use or consumption.,Active,0,
PBVita-Lab-342,LAB-342,342,tubing kit silicone assorted diameters,Laboratory listing overview: tubing kit silicone assorted diameters — for documentation and receiving (342/500),Catalog ID reserved for inventory line item tracking · ref 342,Presented in laboratory catalog presentation format · motif 342,Supports pathway and mechanism study documentation · card 342,Documentation must retain research-only disclaimer · line 342,Refer to catalog page for receiving checklist · CTA 342,For laboratory research use only. Not for human use or consumption.,Active,0,
PBVita-Lab-343,LAB-343,343,quick-connect luer fittings tray,Research material specification card: quick-connect luer fittings tray — for assay preparation planning (343/500),Structured entry supporting qualified research lot records · ref 343,Packaged for controlled research handling workflows · motif 343,Aligned to laboratory QC reference collections · card 343,Explicit research-use only — not for clinical application · line 343,Review laboratory listing before procurement · CTA 343,For laboratory research use only. Not for human use or consumption.,Active,0,
PBVita-Lab-344,LAB-344,344,check valve luer set,Analytical catalog entry: check valve luer set — for assay preparation planning (344/500),Published for reference standard entry reference use · ref 344,Unit presentation matches research receiving standards · motif 344,Positioned for laboratory methods development files · card 344,Documentation must retain research-only disclaimer · line 344,Open catalog record for specifications and notes · CTA 344,For laboratory research use only. Not for human use or consumption.,Active,0,
PBVita-Lab-345,LAB-345,345,in-line filter capsule,Controlled research SKU brief: in-line filter capsule — for assay preparation planning (345/500),Indexed under research material for receiving logs · ref 345,Container format suited to laboratory storage protocols · motif 345,Used within laboratory characterization workflows · card 345,Explicit research-use only — not for clinical application · line 345,View listing for research handling summary · CTA 345,For laboratory research use only. Not for human use or consumption.,Active,0,
PBVita-Lab-346,LAB-346,346,sterile media bag empty folded,Documentation index summary: sterile media bag empty folded — for catalog compliance review (346/500),Maintained as catalog listing in the research catalog · ref 346,Ship-ready research packaging with tamper-evident cues · motif 346,Documented for instrument calibration support files · card 346,Documentation must retain research-only disclaimer · line 346,Access full research documentation in catalog · CTA 346,For laboratory research use only. Not for human use or consumption.,Active,0,
PBVita-Lab-347,LAB-347,347,bag spike port cover set,Laboratory inventory spotlight: bag spike port cover set — for catalog compliance review (347/500),Formatted for analytical reference entry documentation packets · ref 347,Catalog photography reflects actual research unit form · motif 347,Included for analytical standards cross-reference · card 347,Explicit research-use only — not for clinical application · line 347,See research listing for packaging and lot fields · CTA 347,For laboratory research use only. Not for human use or consumption.,Active,0,
PBVita-Lab-348,LAB-348,348,graduated conical tube 50ml rack,Reference listing synopsis: graduated conical tube 50ml rack — for catalog compliance review (348/500),Aligned to laboratory SKU inventory controls · ref 348,Physical format intended for laboratory bench inventory · motif 348,Referenced in analytical method documentation sets · card 348,Documentation must retain research-only disclaimer · line 348,Open documentation card for complete fields · CTA 348,For laboratory research use only. Not for human use or consumption.,Active,0,
PBVita-Lab-349,LAB-349,349,conical tube 15ml amber,Research catalog fact sheet: conical tube 15ml amber — for laboratory operations desks (349/500),Prepared as documentation record for analytical files · ref 349,Pack configuration supports research chain-of-custody notes · motif 349,Suitable for controlled research sample libraries · card 349,Explicit research-use only — not for clinical application · line 349,Continue to listing for controlled SKU details · CTA 349,For laboratory research use only. Not for human use or consumption.,Active,0,
PBVita-Lab-350,LAB-350,350,screw-cap microtube amber 2ml,Qualified material overview: screw-cap microtube amber 2ml — for laboratory operations desks (350/500),Designated inventory line item within PBVita listings · ref 350,Unit geometry documented for catalog identification · motif 350,Cataloged for research protocol bill-of-materials · card 350,Documentation must retain research-only disclaimer · line 350,Consult catalog entry for storage class details · CTA 350,For laboratory research use only. Not for human use or consumption.,Active,0,
PBVita-Lab-351,LAB-351,351,validated cold chain tote rigid,Catalog reference documentation: validated cold chain tote rigid — for laboratory operations desks (351/500),Listed as qualified research lot for laboratory documentation only · ref 351,Supplied in research-appropriate sealed packaging · motif 351,Intended for in-vitro assay preparation contexts · card 351,Explicit research-use only — not for clinical application · line 351,View laboratory listing for full documentation · CTA 351,For laboratory research use only. Not for human use or consumption.,Active,0,
PBVita-Lab-352,LAB-352,352,probe thermometer in vial sleeve,Laboratory listing overview: probe thermometer in vial sleeve — for research purchasing records (352/500),Catalog ID reserved for reference standard entry tracking · ref 352,Presented in laboratory catalog presentation format · motif 352,Supports pathway and mechanism study documentation · card 352,Documentation must retain research-only disclaimer · line 352,Refer to catalog page for receiving checklist · CTA 352,For laboratory research use only. Not for human use or consumption.,Active,0,
PBVita-Lab-353,LAB-353,353,USB temperature logger blister,Research material specification card: USB temperature logger blister — for research purchasing records (353/500),Structured entry supporting research material records · ref 353,Packaged for controlled research handling workflows · motif 353,Aligned to laboratory QC reference collections · card 353,Explicit research-use only — not for clinical application · line 353,Review laboratory listing before procurement · CTA 353,For laboratory research use only. Not for human use or consumption.,Active,0,
PBVita-Lab-354,LAB-354,354,freeze indicator labels roll,Analytical catalog entry: freeze indicator labels roll — for research purchasing records (354/500),Published for catalog listing reference use · ref 354,Unit presentation matches research receiving standards · motif 354,Positioned for laboratory methods development files · card 354,Documentation must retain research-only disclaimer · line 354,Open catalog record for specifications and notes · CTA 354,For laboratory research use only. Not for human use or consumption.,Active,0,
PBVita-Lab-355,LAB-355,355,warm indicator labels pack,Controlled research SKU brief: warm indicator labels pack — for standards documentation files (355/500),Indexed under analytical reference entry for receiving logs · ref 355,Container format suited to laboratory storage protocols · motif 355,Used within laboratory characterization workflows · card 355,Explicit research-use only — not for clinical application · line 355,View listing for research handling summary · CTA 355,For laboratory research use only. Not for human use or consumption.,Active,0,
PBVita-Lab-356,LAB-356,356,gel pack honeycomb style,Documentation index summary: gel pack honeycomb style — for standards documentation files (356/500),Maintained as laboratory SKU in the research catalog · ref 356,Ship-ready research packaging with tamper-evident cues · motif 356,Documented for instrument calibration support files · card 356,Documentation must retain research-only disclaimer · line 356,Access full research documentation in catalog · CTA 356,For laboratory research use only. Not for human use or consumption.,Active,0,
PBVita-Lab-357,LAB-357,357,PCM panel flat pack,Laboratory inventory spotlight: PCM panel flat pack — for standards documentation files (357/500),Formatted for documentation record documentation packets · ref 357,Catalog photography reflects actual research unit form · motif 357,Included for analytical standards cross-reference · card 357,Explicit research-use only — not for clinical application · line 357,See research listing for packaging and lot fields · CTA 357,For laboratory research use only. Not for human use or consumption.,Active,0,
PBVita-Lab-358,LAB-358,358,dry ice chest exterior closed labeled research,Reference listing synopsis: dry ice chest exterior closed labeled research — for internal catalog publishing (358/500),Aligned to inventory line item inventory controls · ref 358,Physical format intended for laboratory bench inventory · motif 358,Referenced in analytical method documentation sets · card 358,Documentation must retain research-only disclaimer · line 358,Open documentation card for complete fields · CTA 358,For laboratory research use only. Not for human use or consumption.,Active,0,
PBVita-Lab-359,LAB-359,359,cryo label kit freezer-grade,Research catalog fact sheet: cryo label kit freezer-grade — for internal catalog publishing (359/500),Prepared as qualified research lot for analytical files · ref 359,Pack configuration supports research chain-of-custody notes · motif 359,Suitable for controlled research sample libraries · card 359,Explicit research-use only — not for clinical application · line 359,Continue to listing for controlled SKU details · CTA 359,For laboratory research use only. Not for human use or consumption.,Active,0,
PBVita-Lab-360,LAB-360,360,freezer tape roll white,Qualified material overview: freezer tape roll white — for internal catalog publishing (360/500),Designated reference standard entry within PBVita listings · ref 360,Unit geometry documented for catalog identification · motif 360,Cataloged for research protocol bill-of-materials · card 360,Documentation must retain research-only disclaimer · line 360,Consult catalog entry for storage class details · CTA 360,For laboratory research use only. Not for human use or consumption.,Active,0,
PBVita-Lab-361,LAB-361,361,cryobox cardboard 10x10 with partial vials,Catalog reference documentation: cryobox cardboard 10x10 with partial vials — for laboratory procurement teams (361/500),Listed as research material for laboratory documentation only · ref 361,Supplied in research-appropriate sealed packaging · motif 361,Intended for in-vitro assay preparation contexts · card 361,Explicit research-use only — not for clinical application · line 361,View laboratory listing for full documentation · CTA 361,For laboratory research use only. Not for human use or consumption.,Active,0,
PBVita-Lab-362,LAB-362,362,polycarbonate cryobox latch closed,Laboratory listing overview: polycarbonate cryobox latch closed — for laboratory procurement teams (362/500),Catalog ID reserved for catalog listing tracking · ref 362,Presented in laboratory catalog presentation format · motif 362,Supports pathway and mechanism study documentation · card 362,Documentation must retain research-only disclaimer · line 362,Refer to catalog page for receiving checklist · CTA 362,For laboratory research use only. Not for human use or consumption.,Active,0,
PBVita-Lab-363,LAB-363,363,cold brick stack of two,Research material specification card: cold brick stack of two — for laboratory procurement teams (363/500),Structured entry supporting analytical reference entry records · ref 363,Packaged for controlled research handling workflows · motif 363,Aligned to laboratory QC reference collections · card 363,Explicit research-use only — not for clinical application · line 363,Review laboratory listing before procurement · CTA 363,For laboratory research use only. Not for human use or consumption.,Active,0,
PBVita-Lab-364,LAB-364,364,insulated bottle carrier for reagents,Analytical catalog entry: insulated bottle carrier for reagents — for analytical reference workflows (364/500),Published for laboratory SKU reference use · ref 364,Unit presentation matches research receiving standards · motif 364,Positioned for laboratory methods development files · card 364,Documentation must retain research-only disclaimer · line 364,Open catalog record for specifications and notes · CTA 364,For laboratory research use only. Not for human use or consumption.,Active,0,
PBVita-Lab-365,LAB-365,365,refrigerated centrifuge rotor lid,Controlled research SKU brief: refrigerated centrifuge rotor lid — for analytical reference workflows (365/500),Indexed under documentation record for receiving logs · ref 365,Container format suited to laboratory storage protocols · motif 365,Used within laboratory characterization workflows · card 365,Explicit research-use only — not for clinical application · line 365,View listing for research handling summary · CTA 365,For laboratory research use only. Not for human use or consumption.,Active,0,
PBVita-Lab-366,LAB-366,366,pre-chilled aluminum tube block,Documentation index summary: pre-chilled aluminum tube block — for analytical reference workflows (366/500),Maintained as inventory line item in the research catalog · ref 366,Ship-ready research packaging with tamper-evident cues · motif 366,Documented for instrument calibration support files · card 366,Documentation must retain research-only disclaimer · line 366,Access full research documentation in catalog · CTA 366,For laboratory research use only. Not for human use or consumption.,Active,0,
PBVita-Lab-367,LAB-367,367,cooling core for shipper,Laboratory inventory spotlight: cooling core for shipper — for controlled research inventory (367/500),Formatted for qualified research lot documentation packets · ref 367,Catalog photography reflects actual research unit form · motif 367,Included for analytical standards cross-reference · card 367,Explicit research-use only — not for clinical application · line 367,See research listing for packaging and lot fields · CTA 367,For laboratory research use only. Not for human use or consumption.,Active,0,
PBVita-Lab-368,LAB-368,368,thermal pallet cover folded,Reference listing synopsis: thermal pallet cover folded — for controlled research inventory (368/500),Aligned to reference standard entry inventory controls · ref 368,Physical format intended for laboratory bench inventory · motif 368,Referenced in analytical method documentation sets · card 368,Documentation must retain research-only disclaimer · line 368,Open documentation card for complete fields · CTA 368,For laboratory research use only. Not for human use or consumption.,Active,0,
PBVita-Lab-369,LAB-369,369,cold chain SOP binder spine only,Research catalog fact sheet: cold chain SOP binder spine only — for controlled research inventory (369/500),Prepared as research material for analytical files · ref 369,Pack configuration supports research chain-of-custody notes · motif 369,Suitable for controlled research sample libraries · card 369,Explicit research-use only — not for clinical application · line 369,Continue to listing for controlled SKU details · CTA 369,For laboratory research use only. Not for human use or consumption.,Active,0,
PBVita-Lab-370,LAB-370,370,ice sleeve for single conical tube,Qualified material overview: ice sleeve for single conical tube — for documentation and receiving (370/500),Designated catalog listing within PBVita listings · ref 370,Unit geometry documented for catalog identification · motif 370,Cataloged for research protocol bill-of-materials · card 370,Documentation must retain research-only disclaimer · line 370,Consult catalog entry for storage class details · CTA 370,For laboratory research use only. Not for human use or consumption.,Active,0,
PBVita-Lab-371,LAB-371,371,frost-free freezer shelf bin labeled research,Catalog reference documentation: frost-free freezer shelf bin labeled research — for documentation and receiving (371/500),Listed as analytical reference entry for laboratory documentation only · ref 371,Supplied in research-appropriate sealed packaging · motif 371,Intended for in-vitro assay preparation contexts · card 371,Explicit research-use only — not for clinical application · line 371,View laboratory listing for full documentation · CTA 371,For laboratory research use only. Not for human use or consumption.,Active,0,
PBVita-Lab-372,LAB-372,372,LN2 glove pair boxed,Laboratory listing overview: LN2 glove pair boxed — for documentation and receiving (372/500),Catalog ID reserved for laboratory SKU tracking · ref 372,Presented in laboratory catalog presentation format · motif 372,Supports pathway and mechanism study documentation · card 372,Documentation must retain research-only disclaimer · line 372,Refer to catalog page for receiving checklist · CTA 372,For laboratory research use only. Not for human use or consumption.,Active,0,
PBVita-Lab-373,LAB-373,373,face shield for cryo boxed,Research material specification card: face shield for cryo boxed — for assay preparation planning (373/500),Structured entry supporting documentation record records · ref 373,Packaged for controlled research handling workflows · motif 373,Aligned to laboratory QC reference collections · card 373,Explicit research-use only — not for clinical application · line 373,Review laboratory listing before procurement · CTA 373,For laboratory research use only. Not for human use or consumption.,Active,0,
PBVita-Lab-374,LAB-374,374,cryo cane numbered tags,Analytical catalog entry: cryo cane numbered tags — for assay preparation planning (374/500),Published for inventory line item reference use · ref 374,Unit presentation matches research receiving standards · motif 374,Positioned for laboratory methods development files · card 374,Documentation must retain research-only disclaimer · line 374,Open catalog record for specifications and notes · CTA 374,For laboratory research use only. Not for human use or consumption.,Active,0,
PBVita-Lab-375,LAB-375,375,vapor plug for dry shipper,Controlled research SKU brief: vapor plug for dry shipper — for assay preparation planning (375/500),Indexed under qualified research lot for receiving logs · ref 375,Container format suited to laboratory storage protocols · motif 375,Used within laboratory characterization workflows · card 375,Explicit research-use only — not for clinical application · line 375,View listing for research handling summary · CTA 375,For laboratory research use only. Not for human use or consumption.,Active,0,
PBVita-Lab-376,LAB-376,376,microplate reader closed,Documentation index summary: microplate reader closed — for catalog compliance review (376/500),Maintained as reference standard entry in the research catalog · ref 376,Ship-ready research packaging with tamper-evident cues · motif 376,Documented for instrument calibration support files · card 376,Documentation must retain research-only disclaimer · line 376,Access full research documentation in catalog · CTA 376,For laboratory research use only. Not for human use or consumption.,Active,0,
PBVita-Lab-377,LAB-377,377,qPCR machine lid closed,Laboratory inventory spotlight: qPCR machine lid closed — for catalog compliance review (377/500),Formatted for research material documentation packets · ref 377,Catalog photography reflects actual research unit form · motif 377,Included for analytical standards cross-reference · card 377,Explicit research-use only — not for clinical application · line 377,See research listing for packaging and lot fields · CTA 377,For laboratory research use only. Not for human use or consumption.,Active,0,
PBVita-Lab-378,LAB-378,378,thermocycler block alone empty,Reference listing synopsis: thermocycler block alone empty — for catalog compliance review (378/500),Aligned to catalog listing inventory controls · ref 378,Physical format intended for laboratory bench inventory · motif 378,Referenced in analytical method documentation sets · card 378,Documentation must retain research-only disclaimer · line 378,Open documentation card for complete fields · CTA 378,For laboratory research use only. Not for human use or consumption.,Active,0,
PBVita-Lab-379,LAB-379,379,gel imager darkroom unit closed,Research catalog fact sheet: gel imager darkroom unit closed — for laboratory operations desks (379/500),Prepared as analytical reference entry for analytical files · ref 379,Pack configuration supports research chain-of-custody notes · motif 379,Suitable for controlled research sample libraries · card 379,Explicit research-use only — not for clinical application · line 379,Continue to listing for controlled SKU details · CTA 379,For laboratory research use only. Not for human use or consumption.,Active,0,
PBVita-Lab-380,LAB-380,380,western blot transfer tank,Qualified material overview: western blot transfer tank — for laboratory operations desks (380/500),Designated laboratory SKU within PBVita listings · ref 380,Unit geometry documented for catalog identification · motif 380,Cataloged for research protocol bill-of-materials · card 380,Documentation must retain research-only disclaimer · line 380,Consult catalog entry for storage class details · CTA 380,For laboratory research use only. Not for human use or consumption.,Active,0,
PBVita-Lab-381,LAB-381,381,rocking platform mixer,Catalog reference documentation: rocking platform mixer — for laboratory operations desks (381/500),Listed as documentation record for laboratory documentation only · ref 381,Supplied in research-appropriate sealed packaging · motif 381,Intended for in-vitro assay preparation contexts · card 381,Explicit research-use only — not for clinical application · line 381,View laboratory listing for full documentation · CTA 381,For laboratory research use only. Not for human use or consumption.,Active,0,
PBVita-Lab-382,LAB-382,382,3D nutating mixer,Laboratory listing overview: 3D nutating mixer — for research purchasing records (382/500),Catalog ID reserved for inventory line item tracking · ref 382,Presented in laboratory catalog presentation format · motif 382,Supports pathway and mechanism study documentation · card 382,Documentation must retain research-only disclaimer · line 382,Refer to catalog page for receiving checklist · CTA 382,For laboratory research use only. Not for human use or consumption.,Active,0,
PBVita-Lab-383,LAB-383,383,overhead stirrer motor on stand,Research material specification card: overhead stirrer motor on stand — for research purchasing records (383/500),Structured entry supporting qualified research lot records · ref 383,Packaged for controlled research handling workflows · motif 383,Aligned to laboratory QC reference collections · card 383,Explicit research-use only — not for clinical application · line 383,Review laboratory listing before procurement · CTA 383,For laboratory research use only. Not for human use or consumption.,Active,0,
PBVita-Lab-384,LAB-384,384,homogenizer probe parked in stand,Analytical catalog entry: homogenizer probe parked in stand — for research purchasing records (384/500),Published for reference standard entry reference use · ref 384,Unit presentation matches research receiving standards · motif 384,Positioned for laboratory methods development files · card 384,Documentation must retain research-only disclaimer · line 384,Open catalog record for specifications and notes · CTA 384,For laboratory research use only. Not for human use or consumption.,Active,0,
PBVita-Lab-385,LAB-385,385,sonic probe tip set,Controlled research SKU brief: sonic probe tip set — for standards documentation files (385/500),Indexed under research material for receiving logs · ref 385,Container format suited to laboratory storage protocols · motif 385,Used within laboratory characterization workflows · card 385,Explicit research-use only — not for clinical application · line 385,View listing for research handling summary · CTA 385,For laboratory research use only. Not for human use or consumption.,Active,0,
PBVita-Lab-386,LAB-386,386,lab homogenizer tube adapter,Documentation index summary: lab homogenizer tube adapter — for standards documentation files (386/500),Maintained as catalog listing in the research catalog · ref 386,Ship-ready research packaging with tamper-evident cues · motif 386,Documented for instrument calibration support files · card 386,Documentation must retain research-only disclaimer · line 386,Access full research documentation in catalog · CTA 386,For laboratory research use only. Not for human use or consumption.,Active,0,
PBVita-Lab-387,LAB-387,387,vacuum concentrator closed,Laboratory inventory spotlight: vacuum concentrator closed — for standards documentation files (387/500),Formatted for analytical reference entry documentation packets · ref 387,Catalog photography reflects actual research unit form · motif 387,Included for analytical standards cross-reference · card 387,Explicit research-use only — not for clinical application · line 387,See research listing for packaging and lot fields · CTA 387,For laboratory research use only. Not for human use or consumption.,Active,0,
PBVita-Lab-388,LAB-388,388,lyophilizer chamber exterior,Reference listing synopsis: lyophilizer chamber exterior — for internal catalog publishing (388/500),Aligned to laboratory SKU inventory controls · ref 388,Physical format intended for laboratory bench inventory · motif 388,Referenced in analytical method documentation sets · card 388,Documentation must retain research-only disclaimer · line 388,Open documentation card for complete fields · CTA 388,For laboratory research use only. Not for human use or consumption.,Active,0,
PBVita-Lab-389,LAB-389,389,manifold freeze dryer ports capped,Research catalog fact sheet: manifold freeze dryer ports capped — for internal catalog publishing (389/500),Prepared as documentation record for analytical files · ref 389,Pack configuration supports research chain-of-custody notes · motif 389,Suitable for controlled research sample libraries · card 389,Explicit research-use only — not for clinical application · line 389,Continue to listing for controlled SKU details · CTA 389,For laboratory research use only. Not for human use or consumption.,Active,0,
PBVita-Lab-390,LAB-390,390,rotary evaporator glassware dry assembled,Qualified material overview: rotary evaporator glassware dry assembled — for internal catalog publishing (390/500),Designated inventory line item within PBVita listings · ref 390,Unit geometry documented for catalog identification · motif 390,Cataloged for research protocol bill-of-materials · card 390,Documentation must retain research-only disclaimer · line 390,Consult catalog entry for storage class details · CTA 390,For laboratory research use only. Not for human use or consumption.,Active,0,
PBVita-Lab-391,LAB-391,391,chiller recirculator compact,Catalog reference documentation: chiller recirculator compact — for laboratory procurement teams (391/500),Listed as qualified research lot for laboratory documentation only · ref 391,Supplied in research-appropriate sealed packaging · motif 391,Intended for in-vitro assay preparation contexts · card 391,Explicit research-use only — not for clinical application · line 391,View laboratory listing for full documentation · CTA 391,For laboratory research use only. Not for human use or consumption.,Active,0,
PBVita-Lab-392,LAB-392,392,lab water bath lid on,Laboratory listing overview: lab water bath lid on — for laboratory procurement teams (392/500),Catalog ID reserved for reference standard entry tracking · ref 392,Presented in laboratory catalog presentation format · motif 392,Supports pathway and mechanism study documentation · card 392,Documentation must retain research-only disclaimer · line 392,Refer to catalog page for receiving checklist · CTA 392,For laboratory research use only. Not for human use or consumption.,Active,0,
PBVita-Lab-393,LAB-393,393,oil bath pot empty clean,Research material specification card: oil bath pot empty clean — for laboratory procurement teams (393/500),Structured entry supporting research material records · ref 393,Packaged for controlled research handling workflows · motif 393,Aligned to laboratory QC reference collections · card 393,Explicit research-use only — not for clinical application · line 393,Review laboratory listing before procurement · CTA 393,For laboratory research use only. Not for human use or consumption.,Active,0,
PBVita-Lab-394,LAB-394,394,heating mantle nested sizes,Analytical catalog entry: heating mantle nested sizes — for analytical reference workflows (394/500),Published for catalog listing reference use · ref 394,Unit presentation matches research receiving standards · motif 394,Positioned for laboratory methods development files · card 394,Documentation must retain research-only disclaimer · line 394,Open catalog record for specifications and notes · CTA 394,For laboratory research use only. Not for human use or consumption.,Active,0,
PBVita-Lab-395,LAB-395,395,PID temperature controller box,Controlled research SKU brief: PID temperature controller box — for analytical reference workflows (395/500),Indexed under analytical reference entry for receiving logs · ref 395,Container format suited to laboratory storage protocols · motif 395,Used within laboratory characterization workflows · card 395,Explicit research-use only — not for clinical application · line 395,View listing for research handling summary · CTA 395,For laboratory research use only. Not for human use or consumption.,Active,0,
PBVita-Lab-396,LAB-396,396,thermocouple wire spool,Documentation index summary: thermocouple wire spool — for analytical reference workflows (396/500),Maintained as laboratory SKU in the research catalog · ref 396,Ship-ready research packaging with tamper-evident cues · motif 396,Documented for instrument calibration support files · card 396,Documentation must retain research-only disclaimer · line 396,Access full research documentation in catalog · CTA 396,For laboratory research use only. Not for human use or consumption.,Active,0,
PBVita-Lab-397,LAB-397,397,data acquisition module USB,Laboratory inventory spotlight: data acquisition module USB — for controlled research inventory (397/500),Formatted for documentation record documentation packets · ref 397,Catalog photography reflects actual research unit form · motif 397,Included for analytical standards cross-reference · card 397,Explicit research-use only — not for clinical application · line 397,See research listing for packaging and lot fields · CTA 397,For laboratory research use only. Not for human use or consumption.,Active,0,
PBVita-Lab-398,LAB-398,398,lab computer terminal blank screen cropped,Reference listing synopsis: lab computer terminal blank screen cropped — for controlled research inventory (398/500),Aligned to inventory line item inventory controls · ref 398,Physical format intended for laboratory bench inventory · motif 398,Referenced in analytical method documentation sets · card 398,Documentation must retain research-only disclaimer · line 398,Open documentation card for complete fields · CTA 398,For laboratory research use only. Not for human use or consumption.,Active,0,
PBVita-Lab-399,LAB-399,399,balance anti-vibration table section,Research catalog fact sheet: balance anti-vibration table section — for controlled research inventory (399/500),Prepared as qualified research lot for analytical files · ref 399,Pack configuration supports research chain-of-custody notes · motif 399,Suitable for controlled research sample libraries · card 399,Explicit research-use only — not for clinical application · line 399,Continue to listing for controlled SKU details · CTA 399,For laboratory research use only. Not for human use or consumption.,Active,0,
PBVita-Lab-400,LAB-400,400,ionizer bar over weigh station,Qualified material overview: ionizer bar over weigh station — for documentation and receiving (400/500),Designated reference standard entry within PBVita listings · ref 400,Unit geometry documented for catalog identification · motif 400,Cataloged for research protocol bill-of-materials · card 400,Documentation must retain research-only disclaimer · line 400,Consult catalog entry for storage class details · CTA 400,For laboratory research use only. Not for human use or consumption.,Active,0,
PBVita-Lab-401,LAB-401,401,static gun industrial lab,Catalog reference documentation: static gun industrial lab — for documentation and receiving (401/500),Listed as research material for laboratory documentation only · ref 401,Supplied in research-appropriate sealed packaging · motif 401,Intended for in-vitro assay preparation contexts · card 401,Explicit research-use only — not for clinical application · line 401,View laboratory listing for full documentation · CTA 401,For laboratory research use only. Not for human use or consumption.,Active,0,
PBVita-Lab-402,LAB-402,402,particle-free pen for cleanroom labeling,Laboratory listing overview: particle-free pen for cleanroom labeling — for documentation and receiving (402/500),Catalog ID reserved for catalog listing tracking · ref 402,Presented in laboratory catalog presentation format · motif 402,Supports pathway and mechanism study documentation · card 402,Documentation must retain research-only disclaimer · line 402,Refer to catalog page for receiving checklist · CTA 402,For laboratory research use only. Not for human use or consumption.,Active,0,
PBVita-Lab-403,LAB-403,403,cleanroom binder plastic,Research material specification card: cleanroom binder plastic — for assay preparation planning (403/500),Structured entry supporting analytical reference entry records · ref 403,Packaged for controlled research handling workflows · motif 403,Aligned to laboratory QC reference collections · card 403,Explicit research-use only — not for clinical application · line 403,Review laboratory listing before procurement · CTA 403,For laboratory research use only. Not for human use or consumption.,Active,0,
PBVita-Lab-404,LAB-404,404,glove integrity tester unit,Analytical catalog entry: glove integrity tester unit — for assay preparation planning (404/500),Published for laboratory SKU reference use · ref 404,Unit presentation matches research receiving standards · motif 404,Positioned for laboratory methods development files · card 404,Documentation must retain research-only disclaimer · line 404,Open catalog record for specifications and notes · CTA 404,For laboratory research use only. Not for human use or consumption.,Active,0,
PBVita-Lab-405,LAB-405,405,seal strength tester grips empty,Controlled research SKU brief: seal strength tester grips empty — for assay preparation planning (405/500),Indexed under documentation record for receiving logs · ref 405,Container format suited to laboratory storage protocols · motif 405,Used within laboratory characterization workflows · card 405,Explicit research-use only — not for clinical application · line 405,View listing for research handling summary · CTA 405,For laboratory research use only. Not for human use or consumption.,Active,0,
PBVita-Lab-406,LAB-406,406,torque tester for caps,Documentation index summary: torque tester for caps — for catalog compliance review (406/500),Maintained as inventory line item in the research catalog · ref 406,Ship-ready research packaging with tamper-evident cues · motif 406,Documented for instrument calibration support files · card 406,Documentation must retain research-only disclaimer · line 406,Access full research documentation in catalog · CTA 406,For laboratory research use only. Not for human use or consumption.,Active,0,
PBVita-Lab-407,LAB-407,407,vision inspection camera enclosure,Laboratory inventory spotlight: vision inspection camera enclosure — for catalog compliance review (407/500),Formatted for qualified research lot documentation packets · ref 407,Catalog photography reflects actual research unit form · motif 407,Included for analytical standards cross-reference · card 407,Explicit research-use only — not for clinical application · line 407,See research listing for packaging and lot fields · CTA 407,For laboratory research use only. Not for human use or consumption.,Active,0,
PBVita-Lab-408,LAB-408,408,label verification scanner tunnel,Reference listing synopsis: label verification scanner tunnel — for catalog compliance review (408/500),Aligned to reference standard entry inventory controls · ref 408,Physical format intended for laboratory bench inventory · motif 408,Referenced in analytical method documentation sets · card 408,Documentation must retain research-only disclaimer · line 408,Open documentation card for complete fields · CTA 408,For laboratory research use only. Not for human use or consumption.,Active,0,
PBVita-Lab-409,LAB-409,409,metal detector aperture lab pack line,Research catalog fact sheet: metal detector aperture lab pack line — for laboratory operations desks (409/500),Prepared as research material for analytical files · ref 409,Pack configuration supports research chain-of-custody notes · motif 409,Suitable for controlled research sample libraries · card 409,Explicit research-use only — not for clinical application · line 409,Continue to listing for controlled SKU details · CTA 409,For laboratory research use only. Not for human use or consumption.,Active,0,
PBVita-Lab-410,LAB-410,410,checkweigher conveyor section static,Qualified material overview: checkweigher conveyor section static — for laboratory operations desks (410/500),Designated catalog listing within PBVita listings · ref 410,Unit geometry documented for catalog identification · motif 410,Cataloged for research protocol bill-of-materials · card 410,Documentation must retain research-only disclaimer · line 410,Consult catalog entry for storage class details · CTA 410,For laboratory research use only. Not for human use or consumption.,Active,0,
PBVita-Lab-411,LAB-411,411,pass-through chamber closed doors,Catalog reference documentation: pass-through chamber closed doors — for laboratory operations desks (411/500),Listed as analytical reference entry for laboratory documentation only · ref 411,Supplied in research-appropriate sealed packaging · motif 411,Intended for in-vitro assay preparation contexts · card 411,Explicit research-use only — not for clinical application · line 411,View laboratory listing for full documentation · CTA 411,For laboratory research use only. Not for human use or consumption.,Active,0,
PBVita-Lab-412,LAB-412,412,cleanroom cart with sealed bins,Laboratory listing overview: cleanroom cart with sealed bins — for research purchasing records (412/500),Catalog ID reserved for laboratory SKU tracking · ref 412,Presented in laboratory catalog presentation format · motif 412,Supports pathway and mechanism study documentation · card 412,Documentation must retain research-only disclaimer · line 412,Refer to catalog page for receiving checklist · CTA 412,For laboratory research use only. Not for human use or consumption.,Active,0,
PBVita-Lab-413,LAB-413,413,stainless utility cart two shelf,Research material specification card: stainless utility cart two shelf — for research purchasing records (413/500),Structured entry supporting documentation record records · ref 413,Packaged for controlled research handling workflows · motif 413,Aligned to laboratory QC reference collections · card 413,Explicit research-use only — not for clinical application · line 413,Review laboratory listing before procurement · CTA 413,For laboratory research use only. Not for human use or consumption.,Active,0,
PBVita-Lab-414,LAB-414,414,lab stool base only cropped,Analytical catalog entry: lab stool base only cropped — for research purchasing records (414/500),Published for inventory line item reference use · ref 414,Unit presentation matches research receiving standards · motif 414,Positioned for laboratory methods development files · card 414,Documentation must retain research-only disclaimer · line 414,Open catalog record for specifications and notes · CTA 414,For laboratory research use only. Not for human use or consumption.,Active,0,
PBVita-Lab-415,LAB-415,415,anti-fatigue mat section with tray,Controlled research SKU brief: anti-fatigue mat section with tray — for standards documentation files (415/500),Indexed under qualified research lot for receiving logs · ref 415,Container format suited to laboratory storage protocols · motif 415,Used within laboratory characterization workflows · card 415,Explicit research-use only — not for clinical application · line 415,View listing for research handling summary · CTA 415,For laboratory research use only. Not for human use or consumption.,Active,0,
PBVita-Lab-416,LAB-416,416,chemical storage cabinet closed flammable,Documentation index summary: chemical storage cabinet closed flammable — for standards documentation files (416/500),Maintained as reference standard entry in the research catalog · ref 416,Ship-ready research packaging with tamper-evident cues · motif 416,Documented for instrument calibration support files · card 416,Documentation must retain research-only disclaimer · line 416,Access full research documentation in catalog · CTA 416,For laboratory research use only. Not for human use or consumption.,Active,0,
PBVita-Lab-417,LAB-417,417,acid cabinet blue closed,Laboratory inventory spotlight: acid cabinet blue closed — for standards documentation files (417/500),Formatted for research material documentation packets · ref 417,Catalog photography reflects actual research unit form · motif 417,Included for analytical standards cross-reference · card 417,Explicit research-use only — not for clinical application · line 417,See research listing for packaging and lot fields · CTA 417,For laboratory research use only. Not for human use or consumption.,Active,0,
PBVita-Lab-418,LAB-418,418,gas cylinder restraint chain detail,Reference listing synopsis: gas cylinder restraint chain detail — for internal catalog publishing (418/500),Aligned to catalog listing inventory controls · ref 418,Physical format intended for laboratory bench inventory · motif 418,Referenced in analytical method documentation sets · card 418,Documentation must retain research-only disclaimer · line 418,Open documentation card for complete fields · CTA 418,For laboratory research use only. Not for human use or consumption.,Active,0,
PBVita-Lab-419,LAB-419,419,cylinder cap and valve cover,Research catalog fact sheet: cylinder cap and valve cover — for internal catalog publishing (419/500),Prepared as analytical reference entry for analytical files · ref 419,Pack configuration supports research chain-of-custody notes · motif 419,Suitable for controlled research sample libraries · card 419,Explicit research-use only — not for clinical application · line 419,Continue to listing for controlled SKU details · CTA 419,For laboratory research use only. Not for human use or consumption.,Active,0,
PBVita-Lab-420,LAB-420,420,bench linear organizer with vials pens,Qualified material overview: bench linear organizer with vials pens — for internal catalog publishing (420/500),Designated laboratory SKU within PBVita listings · ref 420,Unit geometry documented for catalog identification · motif 420,Cataloged for research protocol bill-of-materials · card 420,Documentation must retain research-only disclaimer · line 420,Consult catalog entry for storage class details · CTA 420,For laboratory research use only. Not for human use or consumption.,Active,0,
PBVita-Lab-421,LAB-421,421,drawer organizer custom vial wells,Catalog reference documentation: drawer organizer custom vial wells — for laboratory procurement teams (421/500),Listed as documentation record for laboratory documentation only · ref 421,Supplied in research-appropriate sealed packaging · motif 421,Intended for in-vitro assay preparation contexts · card 421,Explicit research-use only — not for clinical application · line 421,View laboratory listing for full documentation · CTA 421,For laboratory research use only. Not for human use or consumption.,Active,0,
PBVita-Lab-422,LAB-422,422,wall-mounted glove dispenser empty slots,Laboratory listing overview: wall-mounted glove dispenser empty slots — for laboratory procurement teams (422/500),Catalog ID reserved for inventory line item tracking · ref 422,Presented in laboratory catalog presentation format · motif 422,Supports pathway and mechanism study documentation · card 422,Documentation must retain research-only disclaimer · line 422,Refer to catalog page for receiving checklist · CTA 422,For laboratory research use only. Not for human use or consumption.,Active,0,
PBVita-Lab-423,LAB-423,423,paper towel dispenser stainless lab,Research material specification card: paper towel dispenser stainless lab — for laboratory procurement teams (423/500),Structured entry supporting qualified research lot records · ref 423,Packaged for controlled research handling workflows · motif 423,Aligned to laboratory QC reference collections · card 423,Explicit research-use only — not for clinical application · line 423,Review laboratory listing before procurement · CTA 423,For laboratory research use only. Not for human use or consumption.,Active,0,
PBVita-Lab-424,LAB-424,424,hands-free sensor trash can closed lab,Analytical catalog entry: hands-free sensor trash can closed lab — for analytical reference workflows (424/500),Published for reference standard entry reference use · ref 424,Unit presentation matches research receiving standards · motif 424,Positioned for laboratory methods development files · card 424,Documentation must retain research-only disclaimer · line 424,Open catalog record for specifications and notes · CTA 424,For laboratory research use only. Not for human use or consumption.,Active,0,
PBVita-Lab-425,LAB-425,425,recycling bin for tip boxes labeled,Controlled research SKU brief: recycling bin for tip boxes labeled — for analytical reference workflows (425/500),Indexed under research material for receiving logs · ref 425,Container format suited to laboratory storage protocols · motif 425,Used within laboratory characterization workflows · card 425,Explicit research-use only — not for clinical application · line 425,View listing for research handling summary · CTA 425,For laboratory research use only. Not for human use or consumption.,Active,0,
PBVita-Lab-426,LAB-426,426,floor marked tape grid sample,Documentation index summary: floor marked tape grid sample — for analytical reference workflows (426/500),Maintained as catalog listing in the research catalog · ref 426,Ship-ready research packaging with tamper-evident cues · motif 426,Documented for instrument calibration support files · card 426,Documentation must retain research-only disclaimer · line 426,Access full research documentation in catalog · CTA 426,For laboratory research use only. Not for human use or consumption.,Active,0,
PBVita-Lab-427,LAB-427,427,cleanroom light panel glow on products,Laboratory inventory spotlight: cleanroom light panel glow on products — for controlled research inventory (427/500),Formatted for analytical reference entry documentation packets · ref 427,Catalog photography reflects actual research unit form · motif 427,Included for analytical standards cross-reference · card 427,Explicit research-use only — not for clinical application · line 427,See research listing for packaging and lot fields · CTA 427,For laboratory research use only. Not for human use or consumption.,Active,0,
PBVita-Lab-428,LAB-428,428,HEPA filter grill exterior,Reference listing synopsis: HEPA filter grill exterior — for controlled research inventory (428/500),Aligned to laboratory SKU inventory controls · ref 428,Physical format intended for laboratory bench inventory · motif 428,Referenced in analytical method documentation sets · card 428,Documentation must retain research-only disclaimer · line 428,Open documentation card for complete fields · CTA 428,For laboratory research use only. Not for human use or consumption.,Active,0,
PBVita-Lab-429,LAB-429,429,magnehelic gauge on wall,Research catalog fact sheet: magnehelic gauge on wall — for controlled research inventory (429/500),Prepared as documentation record for analytical files · ref 429,Pack configuration supports research chain-of-custody notes · motif 429,Suitable for controlled research sample libraries · card 429,Explicit research-use only — not for clinical application · line 429,Continue to listing for controlled SKU details · CTA 429,For laboratory research use only. Not for human use or consumption.,Active,0,
PBVita-Lab-430,LAB-430,430,room differential pressure display,Qualified material overview: room differential pressure display — for documentation and receiving (430/500),Designated inventory line item within PBVita listings · ref 430,Unit geometry documented for catalog identification · motif 430,Cataloged for research protocol bill-of-materials · card 430,Documentation must retain research-only disclaimer · line 430,Consult catalog entry for storage class details · CTA 430,For laboratory research use only. Not for human use or consumption.,Active,0,
PBVita-Lab-431,LAB-431,431,interlocking pass cart,Catalog reference documentation: interlocking pass cart — for documentation and receiving (431/500),Listed as qualified research lot for laboratory documentation only · ref 431,Supplied in research-appropriate sealed packaging · motif 431,Intended for in-vitro assay preparation contexts · card 431,Explicit research-use only — not for clinical application · line 431,View laboratory listing for full documentation · CTA 431,For laboratory research use only. Not for human use or consumption.,Active,0,
PBVita-Lab-432,LAB-432,432,gowning bench empty,Laboratory listing overview: gowning bench empty — for documentation and receiving (432/500),Catalog ID reserved for reference standard entry tracking · ref 432,Presented in laboratory catalog presentation format · motif 432,Supports pathway and mechanism study documentation · card 432,Documentation must retain research-only disclaimer · line 432,Refer to catalog page for receiving checklist · CTA 432,For laboratory research use only. Not for human use or consumption.,Active,0,
PBVita-Lab-433,LAB-433,433,bootie dispenser box,Research material specification card: bootie dispenser box — for assay preparation planning (433/500),Structured entry supporting research material records · ref 433,Packaged for controlled research handling workflows · motif 433,Aligned to laboratory QC reference collections · card 433,Explicit research-use only — not for clinical application · line 433,Review laboratory listing before procurement · CTA 433,For laboratory research use only. Not for human use or consumption.,Active,0,
PBVita-Lab-434,LAB-434,434,gowning mirror frame empty soft reflection,Analytical catalog entry: gowning mirror frame empty soft reflection — for assay preparation planning (434/500),Published for catalog listing reference use · ref 434,Unit presentation matches research receiving standards · motif 434,Positioned for laboratory methods development files · card 434,Documentation must retain research-only disclaimer · line 434,Open catalog record for specifications and notes · CTA 434,For laboratory research use only. Not for human use or consumption.,Active,0,
PBVita-Lab-435,LAB-435,435,step-over bench cleanroom,Controlled research SKU brief: step-over bench cleanroom — for assay preparation planning (435/500),Indexed under analytical reference entry for receiving logs · ref 435,Container format suited to laboratory storage protocols · motif 435,Used within laboratory characterization workflows · card 435,Explicit research-use only — not for clinical application · line 435,View listing for research handling summary · CTA 435,For laboratory research use only. Not for human use or consumption.,Active,0,
PBVita-Lab-436,LAB-436,436,unit dose blister of research cartridges five,Documentation index summary: unit dose blister of research cartridges five — for catalog compliance review (436/500),Maintained as laboratory SKU in the research catalog · ref 436,Ship-ready research packaging with tamper-evident cues · motif 436,Documented for instrument calibration support files · card 436,Documentation must retain research-only disclaimer · line 436,Access full research documentation in catalog · CTA 436,For laboratory research use only. Not for human use or consumption.,Active,0,
PBVita-Lab-437,LAB-437,437,child-resistant research vial cap assortment,Laboratory inventory spotlight: child-resistant research vial cap assortment — for catalog compliance review (437/500),Formatted for documentation record documentation packets · ref 437,Catalog photography reflects actual research unit form · motif 437,Included for analytical standards cross-reference · card 437,Explicit research-use only — not for clinical application · line 437,See research listing for packaging and lot fields · CTA 437,For laboratory research use only. Not for human use or consumption.,Active,0,
PBVita-Lab-438,LAB-438,438,induction-sealed bottle mouth macro,Reference listing synopsis: induction-sealed bottle mouth macro — for catalog compliance review (438/500),Aligned to inventory line item inventory controls · ref 438,Physical format intended for laboratory bench inventory · motif 438,Referenced in analytical method documentation sets · card 438,Documentation must retain research-only disclaimer · line 438,Open documentation card for complete fields · CTA 438,For laboratory research use only. Not for human use or consumption.,Active,0,
PBVita-Lab-439,LAB-439,439,carton with perforation tear strip,Research catalog fact sheet: carton with perforation tear strip — for laboratory operations desks (439/500),Prepared as qualified research lot for analytical files · ref 439,Pack configuration supports research chain-of-custody notes · motif 439,Suitable for controlled research sample libraries · card 439,Explicit research-use only — not for clinical application · line 439,Continue to listing for controlled SKU details · CTA 439,For laboratory research use only. Not for human use or consumption.,Active,0,
PBVita-Lab-440,LAB-440,440,mailer with foam corners kit,Qualified material overview: mailer with foam corners kit — for laboratory operations desks (440/500),Designated reference standard entry within PBVita listings · ref 440,Unit geometry documented for catalog identification · motif 440,Cataloged for research protocol bill-of-materials · card 440,Documentation must retain research-only disclaimer · line 440,Consult catalog entry for storage class details · CTA 440,For laboratory research use only. Not for human use or consumption.,Active,0,
PBVita-Lab-441,LAB-441,441,rigid plastic vial wallet,Catalog reference documentation: rigid plastic vial wallet — for laboratory operations desks (441/500),Listed as research material for laboratory documentation only · ref 441,Supplied in research-appropriate sealed packaging · motif 441,Intended for in-vitro assay preparation contexts · card 441,Explicit research-use only — not for clinical application · line 441,View laboratory listing for full documentation · CTA 441,For laboratory research use only. Not for human use or consumption.,Active,0,
PBVita-Lab-442,LAB-442,442,aluminum bottle for light-sensitive reagent,Laboratory listing overview: aluminum bottle for light-sensitive reagent — for research purchasing records (442/500),Catalog ID reserved for catalog listing tracking · ref 442,Presented in laboratory catalog presentation format · motif 442,Supports pathway and mechanism study documentation · card 442,Documentation must retain research-only disclaimer · line 442,Refer to catalog page for receiving checklist · CTA 442,For laboratory research use only. Not for human use or consumption.,Active,0,
PBVita-Lab-443,LAB-443,443,pump spray research solvent bottle empty,Research material specification card: pump spray research solvent bottle empty — for research purchasing records (443/500),Structured entry supporting analytical reference entry records · ref 443,Packaged for controlled research handling workflows · motif 443,Aligned to laboratory QC reference collections · card 443,Explicit research-use only — not for clinical application · line 443,Review laboratory listing before procurement · CTA 443,For laboratory research use only. Not for human use or consumption.,Active,0,
PBVita-Lab-444,LAB-444,444,dropper assembly components laid out,Analytical catalog entry: dropper assembly components laid out — for research purchasing records (444/500),Published for laboratory SKU reference use · ref 444,Unit presentation matches research receiving standards · motif 444,Positioned for laboratory methods development files · card 444,Documentation must retain research-only disclaimer · line 444,Open catalog record for specifications and notes · CTA 444,For laboratory research use only. Not for human use or consumption.,Active,0,
PBVita-Lab-445,LAB-445,445,measuring scoop nested sizes,Controlled research SKU brief: measuring scoop nested sizes — for standards documentation files (445/500),Indexed under documentation record for receiving logs · ref 445,Container format suited to laboratory storage protocols · motif 445,Used within laboratory characterization workflows · card 445,Explicit research-use only — not for clinical application · line 445,View listing for research handling summary · CTA 445,For laboratory research use only. Not for human use or consumption.,Active,0,
PBVita-Lab-446,LAB-446,446,desiccant canister indicating unused,Documentation index summary: desiccant canister indicating unused — for standards documentation files (446/500),Maintained as inventory line item in the research catalog · ref 446,Ship-ready research packaging with tamper-evident cues · motif 446,Documented for instrument calibration support files · card 446,Documentation must retain research-only disclaimer · line 446,Access full research documentation in catalog · CTA 446,For laboratory research use only. Not for human use or consumption.,Active,0,
PBVita-Lab-447,LAB-447,447,humidity control pack for cabinets,Laboratory inventory spotlight: humidity control pack for cabinets — for standards documentation files (447/500),Formatted for qualified research lot documentation packets · ref 447,Catalog photography reflects actual research unit form · motif 447,Included for analytical standards cross-reference · card 447,Explicit research-use only — not for clinical application · line 447,See research listing for packaging and lot fields · CTA 447,For laboratory research use only. Not for human use or consumption.,Active,0,
PBVita-Lab-448,LAB-448,448,tamper sleeve on carton,Reference listing synopsis: tamper sleeve on carton — for internal catalog publishing (448/500),Aligned to reference standard entry inventory controls · ref 448,Physical format intended for laboratory bench inventory · motif 448,Referenced in analytical method documentation sets · card 448,Documentation must retain research-only disclaimer · line 448,Open documentation card for complete fields · CTA 448,For laboratory research use only. Not for human use or consumption.,Active,0,
PBVita-Lab-449,LAB-449,449,security tape on shipper seam,Research catalog fact sheet: security tape on shipper seam — for internal catalog publishing (449/500),Prepared as research material for analytical files · ref 449,Pack configuration supports research chain-of-custody notes · motif 449,Suitable for controlled research sample libraries · card 449,Explicit research-use only — not for clinical application · line 449,Continue to listing for controlled SKU details · CTA 449,For laboratory research use only. Not for human use or consumption.,Active,0,
PBVita-Lab-450,LAB-450,450,QR code label sheet blank destination,Qualified material overview: QR code label sheet blank destination — for internal catalog publishing (450/500),Designated catalog listing within PBVita listings · ref 450,Unit geometry documented for catalog identification · motif 450,Cataloged for research protocol bill-of-materials · card 450,Documentation must retain research-only disclaimer · line 450,Consult catalog entry for storage class details · CTA 450,For laboratory research use only. Not for human use or consumption.,Active,0,
PBVita-Lab-451,LAB-451,451,lot sticker sheets color coded,Catalog reference documentation: lot sticker sheets color coded — for laboratory procurement teams (451/500),Listed as analytical reference entry for laboratory documentation only · ref 451,Supplied in research-appropriate sealed packaging · motif 451,Intended for in-vitro assay preparation contexts · card 451,Explicit research-use only — not for clinical application · line 451,View laboratory listing for full documentation · CTA 451,For laboratory research use only. Not for human use or consumption.,Active,0,
PBVita-Lab-452,LAB-452,452,pack insert accordion folded,Laboratory listing overview: pack insert accordion folded — for laboratory procurement teams (452/500),Catalog ID reserved for laboratory SKU tracking · ref 452,Presented in laboratory catalog presentation format · motif 452,Supports pathway and mechanism study documentation · card 452,Documentation must retain research-only disclaimer · line 452,Refer to catalog page for receiving checklist · CTA 452,For laboratory research use only. Not for human use or consumption.,Active,0,
PBVita-Lab-453,LAB-453,453,silica gel pillow packs,Research material specification card: silica gel pillow packs — for laboratory procurement teams (453/500),Structured entry supporting documentation record records · ref 453,Packaged for controlled research handling workflows · motif 453,Aligned to laboratory QC reference collections · card 453,Explicit research-use only — not for clinical application · line 453,Review laboratory listing before procurement · CTA 453,For laboratory research use only. Not for human use or consumption.,Active,0,
PBVita-Lab-454,LAB-454,454,foam-in-place corner blocks,Analytical catalog entry: foam-in-place corner blocks — for analytical reference workflows (454/500),Published for inventory line item reference use · ref 454,Unit presentation matches research receiving standards · motif 454,Positioned for laboratory methods development files · card 454,Documentation must retain research-only disclaimer · line 454,Open catalog record for specifications and notes · CTA 454,For laboratory research use only. Not for human use or consumption.,Active,0,
PBVita-Lab-455,LAB-455,455,molded pulp egg-crate for vials,Controlled research SKU brief: molded pulp egg-crate for vials — for analytical reference workflows (455/500),Indexed under qualified research lot for receiving logs · ref 455,Container format suited to laboratory storage protocols · motif 455,Used within laboratory characterization workflows · card 455,Explicit research-use only — not for clinical application · line 455,View listing for research handling summary · CTA 455,For laboratory research use only. Not for human use or consumption.,Active,0,
PBVita-Lab-456,LAB-456,456,PET clam for dual pens,Documentation index summary: PET clam for dual pens — for analytical reference workflows (456/500),Maintained as reference standard entry in the research catalog · ref 456,Ship-ready research packaging with tamper-evident cues · motif 456,Documented for instrument calibration support files · card 456,Documentation must retain research-only disclaimer · line 456,Access full research documentation in catalog · CTA 456,For laboratory research use only. Not for human use or consumption.,Active,0,
PBVita-Lab-457,LAB-457,457,kraft tube mailer for pen,Laboratory inventory spotlight: kraft tube mailer for pen — for controlled research inventory (457/500),Formatted for research material documentation packets · ref 457,Catalog photography reflects actual research unit form · motif 457,Included for analytical standards cross-reference · card 457,Explicit research-use only — not for clinical application · line 457,See research listing for packaging and lot fields · CTA 457,For laboratory research use only. Not for human use or consumption.,Active,0,
PBVita-Lab-458,LAB-458,458,windowless matte black carton research,Reference listing synopsis: windowless matte black carton research — for controlled research inventory (458/500),Aligned to catalog listing inventory controls · ref 458,Physical format intended for laboratory bench inventory · motif 458,Referenced in analytical method documentation sets · card 458,Documentation must retain research-only disclaimer · line 458,Open documentation card for complete fields · CTA 458,For laboratory research use only. Not for human use or consumption.,Active,0,
PBVita-Lab-459,LAB-459,459,soft-touch laminate carton,Research catalog fact sheet: soft-touch laminate carton — for controlled research inventory (459/500),Prepared as analytical reference entry for analytical files · ref 459,Pack configuration supports research chain-of-custody notes · motif 459,Suitable for controlled research sample libraries · card 459,Explicit research-use only — not for clinical application · line 459,Continue to listing for controlled SKU details · CTA 459,For laboratory research use only. Not for human use or consumption.,Active,0,
PBVita-Lab-460,LAB-460,460,carton with embossed logo blank area,Qualified material overview: carton with embossed logo blank area — for documentation and receiving (460/500),Designated laboratory SKU within PBVita listings · ref 460,Unit geometry documented for catalog identification · motif 460,Cataloged for research protocol bill-of-materials · card 460,Documentation must retain research-only disclaimer · line 460,Consult catalog entry for storage class details · CTA 460,For laboratory research use only. Not for human use or consumption.,Active,0,
PBVita-Lab-461,LAB-461,461,sterile gown packaged barrier fabric,Catalog reference documentation: sterile gown packaged barrier fabric — for documentation and receiving (461/500),Listed as documentation record for laboratory documentation only · ref 461,Supplied in research-appropriate sealed packaging · motif 461,Intended for in-vitro assay preparation contexts · card 461,Explicit research-use only — not for clinical application · line 461,View laboratory listing for full documentation · CTA 461,For laboratory research use only. Not for human use or consumption.,Active,0,
PBVita-Lab-462,LAB-462,462,sleeve protector pair packaged,Laboratory listing overview: sleeve protector pair packaged — for documentation and receiving (462/500),Catalog ID reserved for inventory line item tracking · ref 462,Presented in laboratory catalog presentation format · motif 462,Supports pathway and mechanism study documentation · card 462,Documentation must retain research-only disclaimer · line 462,Refer to catalog page for receiving checklist · CTA 462,For laboratory research use only. Not for human use or consumption.,Active,0,
PBVita-Lab-463,LAB-463,463,cleanroom goggles sealed bag,Research material specification card: cleanroom goggles sealed bag — for assay preparation planning (463/500),Structured entry supporting qualified research lot records · ref 463,Packaged for controlled research handling workflows · motif 463,Aligned to laboratory QC reference collections · card 463,Explicit research-use only — not for clinical application · line 463,Review laboratory listing before procurement · CTA 463,For laboratory research use only. Not for human use or consumption.,Active,0,
PBVita-Lab-464,LAB-464,464,ear plugs dispenser bottle,Analytical catalog entry: ear plugs dispenser bottle — for assay preparation planning (464/500),Published for reference standard entry reference use · ref 464,Unit presentation matches research receiving standards · motif 464,Positioned for laboratory methods development files · card 464,Documentation must retain research-only disclaimer · line 464,Open catalog record for specifications and notes · CTA 464,For laboratory research use only. Not for human use or consumption.,Active,0,
PBVita-Lab-465,LAB-465,465,cut-resistant glove pair folded,Controlled research SKU brief: cut-resistant glove pair folded — for assay preparation planning (465/500),Indexed under research material for receiving logs · ref 465,Container format suited to laboratory storage protocols · motif 465,Used within laboratory characterization workflows · card 465,Explicit research-use only — not for clinical application · line 465,View listing for research handling summary · CTA 465,For laboratory research use only. Not for human use or consumption.,Active,0,
PBVita-Lab-466,LAB-466,466,cryo apron folded,Documentation index summary: cryo apron folded — for catalog compliance review (466/500),Maintained as catalog listing in the research catalog · ref 466,Ship-ready research packaging with tamper-evident cues · motif 466,Documented for instrument calibration support files · card 466,Documentation must retain research-only disclaimer · line 466,Access full research documentation in catalog · CTA 466,For laboratory research use only. Not for human use or consumption.,Active,0,
PBVita-Lab-467,LAB-467,467,chemical apron neoprene folded,Laboratory inventory spotlight: chemical apron neoprene folded — for catalog compliance review (467/500),Formatted for analytical reference entry documentation packets · ref 467,Catalog photography reflects actual research unit form · motif 467,Included for analytical standards cross-reference · card 467,Explicit research-use only — not for clinical application · line 467,See research listing for packaging and lot fields · CTA 467,For laboratory research use only. Not for human use or consumption.,Active,0,
PBVita-Lab-468,LAB-468,468,respirator cartridges in pack unused,Reference listing synopsis: respirator cartridges in pack unused — for catalog compliance review (468/500),Aligned to laboratory SKU inventory controls · ref 468,Physical format intended for laboratory bench inventory · motif 468,Referenced in analytical method documentation sets · card 468,Documentation must retain research-only disclaimer · line 468,Open documentation card for complete fields · CTA 468,For laboratory research use only. Not for human use or consumption.,Active,0,
PBVita-Lab-469,LAB-469,469,half-mask respirator unused on tray,Research catalog fact sheet: half-mask respirator unused on tray — for laboratory operations desks (469/500),Prepared as documentation record for analytical files · ref 469,Pack configuration supports research chain-of-custody notes · motif 469,Suitable for controlled research sample libraries · card 469,Explicit research-use only — not for clinical application · line 469,Continue to listing for controlled SKU details · CTA 469,For laboratory research use only. Not for human use or consumption.,Active,0,
PBVita-Lab-470,LAB-470,470,safety glasses anti-fog cloth kit,Qualified material overview: safety glasses anti-fog cloth kit — for laboratory operations desks (470/500),Designated inventory line item within PBVita listings · ref 470,Unit geometry documented for catalog identification · motif 470,Cataloged for research protocol bill-of-materials · card 470,Documentation must retain research-only disclaimer · line 470,Consult catalog entry for storage class details · CTA 470,For laboratory research use only. Not for human use or consumption.,Active,0,
PBVita-Lab-471,LAB-471,471,finger cots box,Catalog reference documentation: finger cots box — for laboratory operations desks (471/500),Listed as qualified research lot for laboratory documentation only · ref 471,Supplied in research-appropriate sealed packaging · motif 471,Intended for in-vitro assay preparation contexts · card 471,Explicit research-use only — not for clinical application · line 471,View laboratory listing for full documentation · CTA 471,For laboratory research use only. Not for human use or consumption.,Active,0,
PBVita-Lab-472,LAB-472,472,sterile gloves individually wrapped pair,Laboratory listing overview: sterile gloves individually wrapped pair — for research purchasing records (472/500),Catalog ID reserved for reference standard entry tracking · ref 472,Presented in laboratory catalog presentation format · motif 472,Supports pathway and mechanism study documentation · card 472,Documentation must retain research-only disclaimer · line 472,Refer to catalog page for receiving checklist · CTA 472,For laboratory research use only. Not for human use or consumption.,Active,0,
PBVita-Lab-473,LAB-473,473,cleanroom paper ream,Research material specification card: cleanroom paper ream — for research purchasing records (473/500),Structured entry supporting research material records · ref 473,Packaged for controlled research handling workflows · motif 473,Aligned to laboratory QC reference collections · card 473,Explicit research-use only — not for clinical application · line 473,Review laboratory listing before procurement · CTA 473,For laboratory research use only. Not for human use or consumption.,Active,0,
PBVita-Lab-474,LAB-474,474,cleanroom notebooks pack,Analytical catalog entry: cleanroom notebooks pack — for research purchasing records (474/500),Published for catalog listing reference use · ref 474,Unit presentation matches research receiving standards · motif 474,Positioned for laboratory methods development files · card 474,Documentation must retain research-only disclaimer · line 474,Open catalog record for specifications and notes · CTA 474,For laboratory research use only. Not for human use or consumption.,Active,0,
PBVita-Lab-475,LAB-475,475,sticky roller for garments,Controlled research SKU brief: sticky roller for garments — for standards documentation files (475/500),Indexed under analytical reference entry for receiving logs · ref 475,Container format suited to laboratory storage protocols · motif 475,Used within laboratory characterization workflows · card 475,Explicit research-use only — not for clinical application · line 475,View listing for research handling summary · CTA 475,For laboratory research use only. Not for human use or consumption.,Active,0,
PBVita-Lab-476,LAB-476,476,garment bag hanging empty,Documentation index summary: garment bag hanging empty — for standards documentation files (476/500),Maintained as laboratory SKU in the research catalog · ref 476,Ship-ready research packaging with tamper-evident cues · motif 476,Documented for instrument calibration support files · card 476,Documentation must retain research-only disclaimer · line 476,Access full research documentation in catalog · CTA 476,For laboratory research use only. Not for human use or consumption.,Active,0,
PBVita-Lab-477,LAB-477,477,laundry hamper closed cleanroom,Laboratory inventory spotlight: laundry hamper closed cleanroom — for standards documentation files (477/500),Formatted for documentation record documentation packets · ref 477,Catalog photography reflects actual research unit form · motif 477,Included for analytical standards cross-reference · card 477,Explicit research-use only — not for clinical application · line 477,See research listing for packaging and lot fields · CTA 477,For laboratory research use only. Not for human use or consumption.,Active,0,
PBVita-Lab-478,LAB-478,478,PPE size placard stand,Reference listing synopsis: PPE size placard stand — for internal catalog publishing (478/500),Aligned to inventory line item inventory controls · ref 478,Physical format intended for laboratory bench inventory · motif 478,Referenced in analytical method documentation sets · card 478,Documentation must retain research-only disclaimer · line 478,Open documentation card for complete fields · CTA 478,For laboratory research use only. Not for human use or consumption.,Active,0,
PBVita-Lab-479,LAB-479,479,eye wash sign placard only,Research catalog fact sheet: eye wash sign placard only — for internal catalog publishing (479/500),Prepared as qualified research lot for analytical files · ref 479,Pack configuration supports research chain-of-custody notes · motif 479,Suitable for controlled research sample libraries · card 479,Explicit research-use only — not for clinical application · line 479,Continue to listing for controlled SKU details · CTA 479,For laboratory research use only. Not for human use or consumption.,Active,0,
PBVita-Lab-480,LAB-480,480,spill sock absorbent coiled,Qualified material overview: spill sock absorbent coiled — for internal catalog publishing (480/500),Designated reference standard entry within PBVita listings · ref 480,Unit geometry documented for catalog identification · motif 480,Cataloged for research protocol bill-of-materials · card 480,Documentation must retain research-only disclaimer · line 480,Consult catalog entry for storage class details · CTA 480,For laboratory research use only. Not for human use or consumption.,Active,0,
PBVita-Lab-481,LAB-481,481,neutralizer powder bottle,Catalog reference documentation: neutralizer powder bottle — for laboratory procurement teams (481/500),Listed as research material for laboratory documentation only · ref 481,Supplied in research-appropriate sealed packaging · motif 481,Intended for in-vitro assay preparation contexts · card 481,Explicit research-use only — not for clinical application · line 481,View laboratory listing for full documentation · CTA 481,For laboratory research use only. Not for human use or consumption.,Active,0,
PBVita-Lab-482,LAB-482,482,chemical absorbent pads stack,Laboratory listing overview: chemical absorbent pads stack — for laboratory procurement teams (482/500),Catalog ID reserved for catalog listing tracking · ref 482,Presented in laboratory catalog presentation format · motif 482,Supports pathway and mechanism study documentation · card 482,Documentation must retain research-only disclaimer · line 482,Refer to catalog page for receiving checklist · CTA 482,For laboratory research use only. Not for human use or consumption.,Active,0,
PBVita-Lab-483,LAB-483,483,waste bag stand with labeled bag empty,Research material specification card: waste bag stand with labeled bag empty — for laboratory procurement teams (483/500),Structured entry supporting analytical reference entry records · ref 483,Packaged for controlled research handling workflows · motif 483,Aligned to laboratory QC reference collections · card 483,Explicit research-use only — not for clinical application · line 483,Review laboratory listing before procurement · CTA 483,For laboratory research use only. Not for human use or consumption.,Active,0,
PBVita-Lab-484,LAB-484,484,sharps container wall bracket empty mount,Analytical catalog entry: sharps container wall bracket empty mount — for analytical reference workflows (484/500),Published for laboratory SKU reference use · ref 484,Unit presentation matches research receiving standards · motif 484,Positioned for laboratory methods development files · card 484,Documentation must retain research-only disclaimer · line 484,Open catalog record for specifications and notes · CTA 484,For laboratory research use only. Not for human use or consumption.,Active,0,
PBVita-Lab-485,LAB-485,485,biohazard label roll,Controlled research SKU brief: biohazard label roll — for analytical reference workflows (485/500),Indexed under documentation record for receiving logs · ref 485,Container format suited to laboratory storage protocols · motif 485,Used within laboratory characterization workflows · card 485,Explicit research-use only — not for clinical application · line 485,View listing for research handling summary · CTA 485,For laboratory research use only. Not for human use or consumption.,Active,0,
PBVita-Lab-486,LAB-486,486,mass spectrometer inlet detail idle,Documentation index summary: mass spectrometer inlet detail idle — for analytical reference workflows (486/500),Maintained as inventory line item in the research catalog · ref 486,Ship-ready research packaging with tamper-evident cues · motif 486,Documented for instrument calibration support files · card 486,Documentation must retain research-only disclaimer · line 486,Access full research documentation in catalog · CTA 486,For laboratory research use only. Not for human use or consumption.,Active,0,
PBVita-Lab-487,LAB-487,487,LC column oven door closed,Laboratory inventory spotlight: LC column oven door closed — for controlled research inventory (487/500),Formatted for qualified research lot documentation packets · ref 487,Catalog photography reflects actual research unit form · motif 487,Included for analytical standards cross-reference · card 487,Explicit research-use only — not for clinical application · line 487,See research listing for packaging and lot fields · CTA 487,For laboratory research use only. Not for human use or consumption.,Active,0,
PBVita-Lab-488,LAB-488,488,autosampler tray with vials partial,Reference listing synopsis: autosampler tray with vials partial — for controlled research inventory (488/500),Aligned to reference standard entry inventory controls · ref 488,Physical format intended for laboratory bench inventory · motif 488,Referenced in analytical method documentation sets · card 488,Documentation must retain research-only disclaimer · line 488,Open documentation card for complete fields · CTA 488,For laboratory research use only. Not for human use or consumption.,Active,0,
PBVita-Lab-489,LAB-489,489,GC column box,Research catalog fact sheet: GC column box — for controlled research inventory (489/500),Prepared as research material for analytical files · ref 489,Pack configuration supports research chain-of-custody notes · motif 489,Suitable for controlled research sample libraries · card 489,Explicit research-use only — not for clinical application · line 489,Continue to listing for controlled SKU details · CTA 489,For laboratory research use only. Not for human use or consumption.,Active,0,
PBVita-Lab-490,LAB-490,490,helium cylinder regulator detail,Qualified material overview: helium cylinder regulator detail — for documentation and receiving (490/500),Designated catalog listing within PBVita listings · ref 490,Unit geometry documented for catalog identification · motif 490,Cataloged for research protocol bill-of-materials · card 490,Documentation must retain research-only disclaimer · line 490,Consult catalog entry for storage class details · CTA 490,For laboratory research use only. Not for human use or consumption.,Active,0,
PBVita-Lab-491,LAB-491,491,zero air generator compact,Catalog reference documentation: zero air generator compact — for documentation and receiving (491/500),Listed as analytical reference entry for laboratory documentation only · ref 491,Supplied in research-appropriate sealed packaging · motif 491,Intended for in-vitro assay preparation contexts · card 491,Explicit research-use only — not for clinical application · line 491,View laboratory listing for full documentation · CTA 491,For laboratory research use only. Not for human use or consumption.,Active,0,
PBVita-Lab-492,LAB-492,492,TOC analyzer exterior,Laboratory listing overview: TOC analyzer exterior — for documentation and receiving (492/500),Catalog ID reserved for laboratory SKU tracking · ref 492,Presented in laboratory catalog presentation format · motif 492,Supports pathway and mechanism study documentation · card 492,Documentation must retain research-only disclaimer · line 492,Refer to catalog page for receiving checklist · CTA 492,For laboratory research use only. Not for human use or consumption.,Active,0,
PBVita-Lab-493,LAB-493,493,dissolution apparatus basket idle,Research material specification card: dissolution apparatus basket idle — for assay preparation planning (493/500),Structured entry supporting documentation record records · ref 493,Packaged for controlled research handling workflows · motif 493,Aligned to laboratory QC reference collections · card 493,Explicit research-use only — not for clinical application · line 493,Review laboratory listing before procurement · CTA 493,For laboratory research use only. Not for human use or consumption.,Active,0,
PBVita-Lab-494,LAB-494,494,hardness tester for solid research materials,Analytical catalog entry: hardness tester for solid research materials — for assay preparation planning (494/500),Published for inventory line item reference use · ref 494,Unit presentation matches research receiving standards · motif 494,Positioned for laboratory methods development files · card 494,Documentation must retain research-only disclaimer · line 494,Open catalog record for specifications and notes · CTA 494,For laboratory research use only. Not for human use or consumption.,Active,0,
PBVita-Lab-495,LAB-495,495,friability drum open empty,Controlled research SKU brief: friability drum open empty — for assay preparation planning (495/500),Indexed under qualified research lot for receiving logs · ref 495,Container format suited to laboratory storage protocols · motif 495,Used within laboratory characterization workflows · card 495,Explicit research-use only — not for clinical application · line 495,View listing for research handling summary · CTA 495,For laboratory research use only. Not for human use or consumption.,Active,0,
PBVita-Lab-496,LAB-496,496,tap density tester,Documentation index summary: tap density tester — for catalog compliance review (496/500),Maintained as reference standard entry in the research catalog · ref 496,Ship-ready research packaging with tamper-evident cues · motif 496,Documented for instrument calibration support files · card 496,Documentation must retain research-only disclaimer · line 496,Access full research documentation in catalog · CTA 496,For laboratory research use only. Not for human use or consumption.,Active,0,
PBVita-Lab-497,LAB-497,497,sieve stack for powders,Laboratory inventory spotlight: sieve stack for powders — for catalog compliance review (497/500),Formatted for research material documentation packets · ref 497,Catalog photography reflects actual research unit form · motif 497,Included for analytical standards cross-reference · card 497,Explicit research-use only — not for clinical application · line 497,See research listing for packaging and lot fields · CTA 497,For laboratory research use only. Not for human use or consumption.,Active,0,
PBVita-Lab-498,LAB-498,498,laser diffraction sample cell,Reference listing synopsis: laser diffraction sample cell — for catalog compliance review (498/500),Aligned to catalog listing inventory controls · ref 498,Physical format intended for laboratory bench inventory · motif 498,Referenced in analytical method documentation sets · card 498,Documentation must retain research-only disclaimer · line 498,Open documentation card for complete fields · CTA 498,For laboratory research use only. Not for human use or consumption.,Active,0,
PBVita-Lab-499,LAB-499,499,zeta potential cuvette,Research catalog fact sheet: zeta potential cuvette — for laboratory operations desks (499/500),Prepared as analytical reference entry for analytical files · ref 499,Pack configuration supports research chain-of-custody notes · motif 499,Suitable for controlled research sample libraries · card 499,Explicit research-use only — not for clinical application · line 499,Continue to listing for controlled SKU details · CTA 499,For laboratory research use only. Not for human use or consumption.,Active,0,
PBVita-Lab-500,LAB-500,500,rheometer geometry plate,Qualified material overview: rheometer geometry plate — for laboratory operations desks (500/500),Designated laboratory SKU within PBVita listings · ref 500,Unit geometry documented for catalog identification · motif 500,Cataloged for research protocol bill-of-materials · card 500,Documentation must retain research-only disclaimer · line 500,Consult catalog entry for storage class details · CTA 500,For laboratory research use only. Not for human use or consumption.,Active,0,
