creation_id,rank,lab_item_id,category,lab_item,material_detail,compound_name,shot_family,camera_angle,camera_direction,framing,scene_brief,quality_var_count,quality_suffix,aspect_ratio,duration_seconds,resolution,model_still,model_video,still_resolution,video_prompt,video_motion_prompt,still_edit_prompt,status,times_used,last_used_at,surface,lighting,camera_move,color_grade,hero_style,video_url
PBVita-Chem-001,1,CHEM-001,chem_cytosol,Chemical breakdown — intracellular amino-acid condensation,"translucent pink-violet peptide ball-and-stick chain, glass-like atoms",BPC-157,push_in,eye-level,forward,"9:16, reaction plane mid-frame, finishes closer, shallow DOF","chem reaction · BPC-157 · translucent pink-violet peptide ball-and-stick chain, glass-like atoms · SET: INSIDE a living cell — crowded cytoplasm, organelle silhouettes, wet protein mesh. Amino-acid monomers stream toward a growing peptide and condense; each n… shot:push_in · eye-level · cytoplasm among organelles, ribosome-like machin · no text · no logo",6,"cinematic 3D medical animation of a cellular chemical reaction, photoreal, 8k, HDR, living cells plus amino acids reacting at microscopic scale, no vials, no pens, no people, no product studio, no readable text, no logos",9:16,15,720p,grok-imagine-image-2.0,kwaivgi/kling-v3.0-pro,2k,"HERO SUBJECT: translucent pink-violet peptide ball-and-stick chain, glass-like atoms. This still is a cellular chemical reaction of that structure — 'BPC-157' is never printed as text. SET: INSIDE a living cell — crowded cytoplasm, organelle silhouettes, wet protein mesh. Amino-acid monomers stream toward a growing peptide and condense; each new bond a sharp chemical flash. A nucleus or mitochondrion sits in bokeh. SURFACE: cytoplasm among organelles, ribosome-like machinery, wet protein mesh. LIGHTING: low-key rim light along the membrane; bond flashes as the only key. COLOR GRADE: violet-cyan night-lab grade, ice-blue amino acids. CAMERA: push_in — slow push-in as amino acids dock and peptide bonds flash, then hold. 9:16, reaction plane mid-frame, finishes closer, shallow DOF. Photoreal 3D medical still, 9:16, shallow depth of field, tack-sharp reaction plane. No text, no logos, no palm tree, no URL, no vials, no pens, no people.","Silent. Camera: slow push-in as amino acids dock and peptide bonds flash, then hold. Stay on cytoplasm among organelles, ribosome-like machinery, wet protein mesh with low-key rim light along the membrane; bond flashes as the only key. Amino acids keep colliding and forming peptide bonds. No text, no logos, no vials, no pens.","Keep this as cytosol condensation — amino acids locking into a peptide chain on cytoplasm among organelles, ribosome-like machinery, wet protein mesh with low-key rim light along the membrane; bond flashes as the only key and violet-cyan night-lab grade, ice-blue amino acids. Hero structure: translucent pink-violet peptide ball-and-stick chain, glass-like atoms. Delete every logo, palm tree, watermark, URL, caption, letter, number, and label. No vials, no pens, no people, no sunlit studio, no glass pedestal.",Active,0,,"cytoplasm among organelles, ribosome-like machinery, wet protein mesh",low-key rim light along the membrane; bond flashes as the only key,"slow push-in as amino acids dock and peptide bonds flash, then hold","violet-cyan night-lab grade, ice-blue amino acids",cytosol condensation — amino acids locking into a peptide chain,
PBVita-Chem-002,2,CHEM-002,chem_mito,Chemical breakdown — mitochondrial-membrane peptide assembly,large multi-agonist peptide in peach and champagne,Retatrutide,pull_back,slight-high,backward,"9:16, starts tight on a forming bond, reveals the full cell","chem reaction · Retatrutide · large multi-agonist peptide in peach and champagne · SET: inside a mitochondrion — cristae as stacked canyons, dense matrix, inner membrane. Amino acids collide along the folds and form peptide bonds with brief en… shot:pull_back · slight-high · mitochondrial inner membrane, cristae folds, den · no text · no logo",6,"cinematic 3D medical animation of a cellular chemical reaction, photoreal, 8k, HDR, living cells plus amino acids reacting at microscopic scale, no vials, no pens, no people, no product studio, no readable text, no logos",9:16,15,720p,grok-imagine-image-2.0,kwaivgi/kling-v3.0-pro,2k,"HERO SUBJECT: large multi-agonist peptide in peach and champagne. This still is a cellular chemical reaction of that structure — 'Retatrutide' is never printed as text. SET: inside a mitochondrion — cristae as stacked canyons, dense matrix, inner membrane. Amino acids collide along the folds and form peptide bonds with brief energy flashes. SURFACE: mitochondrial inner membrane, cristae folds, dense matrix. LIGHTING: volumetric caustic shafts through translucent cytoplasm. COLOR GRADE: emerald cytosol grade, rose-gold peptide bonds. CAMERA: pull_back — slow pull-back from a flashing peptide bond to the whole living cell, then hold. 9:16, starts tight on a forming bond, reveals the full cell. Photoreal 3D medical still, 9:16, shallow depth of field, tack-sharp reaction plane. No text, no logos, no palm tree, no URL, no vials, no pens, no people.","Silent. Camera: slow pull-back from a flashing peptide bond to the whole living cell, then hold. Stay on mitochondrial inner membrane, cristae folds, dense matrix with volumetric caustic shafts through translucent cytoplasm. Amino acids keep colliding and forming peptide bonds. No text, no logos, no vials, no pens.","Keep this as cristae reaction — amino acids assembling along inner membrane folds on mitochondrial inner membrane, cristae folds, dense matrix with volumetric caustic shafts through translucent cytoplasm and emerald cytosol grade, rose-gold peptide bonds. Hero structure: large multi-agonist peptide in peach and champagne. Delete every logo, palm tree, watermark, URL, caption, letter, number, and label. No vials, no pens, no people, no sunlit studio, no glass pedestal.",Active,0,,"mitochondrial inner membrane, cristae folds, dense matrix",volumetric caustic shafts through translucent cytoplasm,"slow pull-back from a flashing peptide bond to the whole living cell, then hold","emerald cytosol grade, rose-gold peptide bonds",cristae reaction — amino acids assembling along inner membrane folds,
PBVita-Chem-003,3,CHEM-003,chem_nucleus,Chemical breakdown — nuclear-envelope peptide reaction,copper-blue tripeptide complex with a single copper center glow,GHK-Cu,vertical_rise,slight-low,up,"9:16, starts at the lower membrane, rises along the reaction","chem reaction · GHK-Cu · copper-blue tripeptide complex with a single copper center glow · SET: the nuclear envelope — a pore tunnel, chromatin bokeh, nucleoplasm edge. Amino-acid monomers gather at the pore and form peptide bonds with wispy electron-… shot:vertical_rise · slight-low · nuclear envelope pore, chromatin bokeh, nucleopl · no text · no logo",6,"cinematic 3D medical animation of a cellular chemical reaction, photoreal, 8k, HDR, living cells plus amino acids reacting at microscopic scale, no vials, no pens, no people, no product studio, no readable text, no logos",9:16,15,720p,grok-imagine-image-2.0,kwaivgi/kling-v3.0-pro,2k,"HERO SUBJECT: copper-blue tripeptide complex with a single copper center glow. This still is a cellular chemical reaction of that structure — 'GHK-Cu' is never printed as text. SET: the nuclear envelope — a pore tunnel, chromatin bokeh, nucleoplasm edge. Amino-acid monomers gather at the pore and form peptide bonds with wispy electron-cloud filaments. SURFACE: nuclear envelope pore, chromatin bokeh, nucleoplasm edge. LIGHTING: cool bioluminescent fill with a warm flash at each peptide bond. COLOR GRADE: copper-amber organelle grade, cool cyan highlights. CAMERA: vertical_rise — slow vertical rise along the bilayer as amino acids lock into the chain, then hold. 9:16, starts at the lower membrane, rises along the reaction. Photoreal 3D medical still, 9:16, shallow depth of field, tack-sharp reaction plane. No text, no logos, no palm tree, no URL, no vials, no pens, no people.","Silent. Camera: slow vertical rise along the bilayer as amino acids lock into the chain, then hold. Stay on nuclear envelope pore, chromatin bokeh, nucleoplasm edge with cool bioluminescent fill with a warm flash at each peptide bond. Amino acids keep colliding and forming peptide bonds. No text, no logos, no vials, no pens.","Keep this as nuclear-pore reaction — amino acids assembling at the envelope edge on nuclear envelope pore, chromatin bokeh, nucleoplasm edge with cool bioluminescent fill with a warm flash at each peptide bond and copper-amber organelle grade, cool cyan highlights. Hero structure: copper-blue tripeptide complex with a single copper center glow. Delete every logo, palm tree, watermark, URL, caption, letter, number, and label. No vials, no pens, no people, no sunlit studio, no glass pedestal.",Active,0,,"nuclear envelope pore, chromatin bokeh, nucleoplasm edge",cool bioluminescent fill with a warm flash at each peptide bond,"slow vertical rise along the bilayer as amino acids lock into the chain, then hold","copper-amber organelle grade, cool cyan highlights",nuclear-pore reaction — amino acids assembling at the envelope edge,
PBVita-Chem-004,4,CHEM-004,chem_er,Chemical breakdown — ER-membrane peptide condensation,"classic dinucleotide: two rings, amber-gold phosphates, photoreal",NAD+,lateral_drift,three-quarter-left,left to right,"9:16, slides along the membrane edge, reaction stays sharp","chem reaction · NAD+ · classic dinucleotide: two rings, amber-gold phosphates, photoreal · SET: endoplasmic reticulum factory floor — stacked cisternae, ribosome-studded membrane. Amino acids condense into a growing peptide along the ER surface with b… shot:lateral_drift · three-quarter-left · endoplasmic reticulum cisternae, ribosome-studde · no text · no logo",6,"cinematic 3D medical animation of a cellular chemical reaction, photoreal, 8k, HDR, living cells plus amino acids reacting at microscopic scale, no vials, no pens, no people, no product studio, no readable text, no logos",9:16,15,720p,grok-imagine-image-2.0,kwaivgi/kling-v3.0-pro,2k,"HERO SUBJECT: classic dinucleotide: two rings, amber-gold phosphates, photoreal. This still is a cellular chemical reaction of that structure — 'NAD+' is never printed as text. SET: endoplasmic reticulum factory floor — stacked cisternae, ribosome-studded membrane. Amino acids condense into a growing peptide along the ER surface with bond flashes. SURFACE: endoplasmic reticulum cisternae, ribosome-studded membrane. LIGHTING: dark-field microscope look: near-black surround, luminous atoms. COLOR GRADE: cool microscopic medical grade, luminous amino acids vs navy cell. CAMERA: lateral_drift — slow lateral drift along the membrane as monomers collide and bonds flash, then hold. 9:16, slides along the membrane edge, reaction stays sharp. Photoreal 3D medical still, 9:16, shallow depth of field, tack-sharp reaction plane. No text, no logos, no palm tree, no URL, no vials, no pens, no people.","Silent. Camera: slow lateral drift along the membrane as monomers collide and bonds flash, then hold. Stay on endoplasmic reticulum cisternae, ribosome-studded membrane with dark-field microscope look: near-black surround, luminous atoms. Amino acids keep colliding and forming peptide bonds. No text, no logos, no vials, no pens.","Keep this as ER cisternae reaction — amino acids condensing on a ribosome-studded membrane on endoplasmic reticulum cisternae, ribosome-studded membrane with dark-field microscope look: near-black surround, luminous atoms and cool microscopic medical grade, luminous amino acids vs navy cell. Hero structure: classic dinucleotide: two rings, amber-gold phosphates, photoreal. Delete every logo, palm tree, watermark, URL, caption, letter, number, and label. No vials, no pens, no people, no sunlit studio, no glass pedestal.",Active,0,,"endoplasmic reticulum cisternae, ribosome-studded membrane","dark-field microscope look: near-black surround, luminous atoms","slow lateral drift along the membrane as monomers collide and bonds flash, then hold","cool microscopic medical grade, luminous amino acids vs navy cell",ER cisternae reaction — amino acids condensing on a ribosome-studded membrane,
PBVita-Chem-005,5,CHEM-005,chem_vesicle,Chemical breakdown — vesicle-docking peptide reaction,long lipidated peptide in coral with a single lipid tail,Semaglutide,macro_detail,macro-plane,micro-push,"9:16, extreme close on two amino acids forming a peptide bond","chem reaction · Semaglutide · long lipidated peptide in coral with a single lipid tail · SET: a vesicle docking field in cytosolic haze — membrane orbs fuse at flashing patches. Amino-acid monomers cluster at one docking site and form peptide bonds … shot:macro_detail · macro-plane · vesicle docking field, cytosolic haze, membrane  · no text · no logo",6,"cinematic 3D medical animation of a cellular chemical reaction, photoreal, 8k, HDR, living cells plus amino acids reacting at microscopic scale, no vials, no pens, no people, no product studio, no readable text, no logos",9:16,15,720p,grok-imagine-image-2.0,kwaivgi/kling-v3.0-pro,2k,"HERO SUBJECT: long lipidated peptide in coral with a single lipid tail. This still is a cellular chemical reaction of that structure — 'Semaglutide' is never printed as text. SET: a vesicle docking field in cytosolic haze — membrane orbs fuse at flashing patches. Amino-acid monomers cluster at one docking site and form peptide bonds with energy flashes. SURFACE: vesicle docking field, cytosolic haze, membrane fusion sites. LIGHTING: dramatic subsurface glow from cytoplasm; reaction sparks at forming bonds. COLOR GRADE: high-contrast intracellular biotech: luminous bonds vs deep navy cytoplasm. CAMERA: macro_detail — creeping macro push onto the bond-forming atoms with a single energy flash, then hold. 9:16, extreme close on two amino acids forming a peptide bond. Photoreal 3D medical still, 9:16, shallow depth of field, tack-sharp reaction plane. No text, no logos, no palm tree, no URL, no vials, no pens, no people.","Silent. Camera: creeping macro push onto the bond-forming atoms with a single energy flash, then hold. Stay on vesicle docking field, cytosolic haze, membrane fusion sites with dramatic subsurface glow from cytoplasm; reaction sparks at forming bonds. Amino acids keep colliding and forming peptide bonds. No text, no logos, no vials, no pens.","Keep this as vesicle-field reaction — amino acids assembling at docking sites on vesicle docking field, cytosolic haze, membrane fusion sites with dramatic subsurface glow from cytoplasm; reaction sparks at forming bonds and high-contrast intracellular biotech: luminous bonds vs deep navy cytoplasm. Hero structure: long lipidated peptide in coral with a single lipid tail. Delete every logo, palm tree, watermark, URL, caption, letter, number, and label. No vials, no pens, no people, no sunlit studio, no glass pedestal.",Active,0,,"vesicle docking field, cytosolic haze, membrane fusion sites",dramatic subsurface glow from cytoplasm; reaction sparks at forming bonds,"creeping macro push onto the bond-forming atoms with a single energy flash, then hold",high-contrast intracellular biotech: luminous bonds vs deep navy cytoplasm,vesicle-field reaction — amino acids assembling at docking sites,
PBVita-Chem-006,6,CHEM-006,chem_membrane,Chemical breakdown — amino-acid reaction at the cell membrane,"bright cyan-blue peptide blend, luminous but photoreal glass atoms",GLOW,static_lock,low-angle,no travel / locked,"9:16, locked volume, peptide chain growing in place, shallow DOF","chem reaction · GLOW · bright cyan-blue peptide blend, luminous but photoreal glass atoms · SET: the OUTER membrane of a living cell — a wet lipid-bilayer sea, receptors like kelp, extracellular fluid in the foreground. Amino-acid monomers swarm, dock,… shot:static_lock · low-angle · living cell lipid bilayer, wet receptors, extrac · no text · no logo",6,"cinematic 3D medical animation of a cellular chemical reaction, photoreal, 8k, HDR, living cells plus amino acids reacting at microscopic scale, no vials, no pens, no people, no product studio, no readable text, no logos",9:16,15,720p,grok-imagine-image-2.0,kwaivgi/kling-v3.0-pro,2k,"HERO SUBJECT: bright cyan-blue peptide blend, luminous but photoreal glass atoms. This still is a cellular chemical reaction of that structure — 'GLOW' is never printed as text. SET: the OUTER membrane of a living cell — a wet lipid-bilayer sea, receptors like kelp, extracellular fluid in the foreground. Amino-acid monomers swarm, dock, and form peptide bonds with energy flashes. A forming chain grows at one receptor. SURFACE: living cell lipid bilayer, wet receptors, extracellular fluid. LIGHTING: backlit cytoplasmic bloom plus hard spec on reacting amino-acid atoms. COLOR GRADE: teal-and-gold mitochondrial grade, warm bond sparks. CAMERA: static_lock — locked tripod, amino acids stream in and lock onto the growing chain with bond flashes. 9:16, locked volume, peptide chain growing in place, shallow DOF. Photoreal 3D medical still, 9:16, shallow depth of field, tack-sharp reaction plane. No text, no logos, no palm tree, no URL, no vials, no pens, no people.","Silent. Camera: locked tripod, amino acids stream in and lock onto the growing chain with bond flashes. Stay on living cell lipid bilayer, wet receptors, extracellular fluid with backlit cytoplasmic bloom plus hard spec on reacting amino-acid atoms. Amino acids keep colliding and forming peptide bonds. No text, no logos, no vials, no pens.","Keep this as membrane docking — amino acids assembling a peptide at a living cell on living cell lipid bilayer, wet receptors, extracellular fluid with backlit cytoplasmic bloom plus hard spec on reacting amino-acid atoms and teal-and-gold mitochondrial grade, warm bond sparks. Hero structure: bright cyan-blue peptide blend, luminous but photoreal glass atoms. Delete every logo, palm tree, watermark, URL, caption, letter, number, and label. No vials, no pens, no people, no sunlit studio, no glass pedestal.",Active,0,,"living cell lipid bilayer, wet receptors, extracellular fluid",backlit cytoplasmic bloom plus hard spec on reacting amino-acid atoms,"locked tripod, amino acids stream in and lock onto the growing chain with bond flashes","teal-and-gold mitochondrial grade, warm bond sparks",membrane docking — amino acids assembling a peptide at a living cell,
PBVita-Chem-007,7,CHEM-007,chem_cytosol,Chemical breakdown — intracellular amino-acid condensation,growth-research peptide helix in pale platinum,Sermorelin,push_in,eye-level,forward,"9:16, reaction plane mid-frame, finishes closer, shallow DOF","chem reaction · Sermorelin · growth-research peptide helix in pale platinum · SET: INSIDE a living cell — crowded cytoplasm, organelle silhouettes, wet protein mesh. Amino-acid monomers stream toward a growing peptide and condense; each n… shot:push_in · eye-level · cytoplasm among organelles, ribosome-like machin · no text · no logo",6,"cinematic 3D medical animation of a cellular chemical reaction, photoreal, 8k, HDR, living cells plus amino acids reacting at microscopic scale, no vials, no pens, no people, no product studio, no readable text, no logos",9:16,15,720p,grok-imagine-image-2.0,kwaivgi/kling-v3.0-pro,2k,"HERO SUBJECT: growth-research peptide helix in pale platinum. This still is a cellular chemical reaction of that structure — 'Sermorelin' is never printed as text. SET: INSIDE a living cell — crowded cytoplasm, organelle silhouettes, wet protein mesh. Amino-acid monomers stream toward a growing peptide and condense; each new bond a sharp chemical flash. A nucleus or mitochondrion sits in bokeh. SURFACE: cytoplasm among organelles, ribosome-like machinery, wet protein mesh. LIGHTING: low-key rim light along the membrane; bond flashes as the only key. COLOR GRADE: violet-cyan night-lab grade, ice-blue amino acids. CAMERA: push_in — slow push-in as amino acids dock and peptide bonds flash, then hold. 9:16, reaction plane mid-frame, finishes closer, shallow DOF. Photoreal 3D medical still, 9:16, shallow depth of field, tack-sharp reaction plane. No text, no logos, no palm tree, no URL, no vials, no pens, no people.","Silent. Camera: slow push-in as amino acids dock and peptide bonds flash, then hold. Stay on cytoplasm among organelles, ribosome-like machinery, wet protein mesh with low-key rim light along the membrane; bond flashes as the only key. Amino acids keep colliding and forming peptide bonds. No text, no logos, no vials, no pens.","Keep this as cytosol condensation — amino acids locking into a peptide chain on cytoplasm among organelles, ribosome-like machinery, wet protein mesh with low-key rim light along the membrane; bond flashes as the only key and violet-cyan night-lab grade, ice-blue amino acids. Hero structure: growth-research peptide helix in pale platinum. Delete every logo, palm tree, watermark, URL, caption, letter, number, and label. No vials, no pens, no people, no sunlit studio, no glass pedestal.",Active,1,2026-09-10T15:12:47.792-04:00,"cytoplasm among organelles, ribosome-like machinery, wet protein mesh",low-key rim light along the membrane; bond flashes as the only key,"slow push-in as amino acids dock and peptide bonds flash, then hold","violet-cyan night-lab grade, ice-blue amino acids",cytosol condensation — amino acids locking into a peptide chain,https://f002.backblazeb2.com/file/creatomate-c8xg3hsxdu/e5b3962a-ee4a-4c92-9b8d-d4ec1262ded8.mp4
PBVita-Chem-008,8,CHEM-008,chem_mito,Chemical breakdown — mitochondrial-membrane peptide assembly,cyclic peptide in wine-rose with silver bonds,PT-141,pull_back,slight-high,backward,"9:16, starts tight on a forming bond, reveals the full cell","chem reaction · PT-141 · cyclic peptide in wine-rose with silver bonds · SET: inside a mitochondrion — cristae as stacked canyons, dense matrix, inner membrane. Amino acids collide along the folds and form peptide bonds with brief en… shot:pull_back · slight-high · mitochondrial inner membrane, cristae folds, den · no text · no logo",6,"cinematic 3D medical animation of a cellular chemical reaction, photoreal, 8k, HDR, living cells plus amino acids reacting at microscopic scale, no vials, no pens, no people, no product studio, no readable text, no logos",9:16,15,720p,grok-imagine-image-2.0,kwaivgi/kling-v3.0-pro,2k,"HERO SUBJECT: cyclic peptide in wine-rose with silver bonds. This still is a cellular chemical reaction of that structure — 'PT-141' is never printed as text. SET: inside a mitochondrion — cristae as stacked canyons, dense matrix, inner membrane. Amino acids collide along the folds and form peptide bonds with brief energy flashes. SURFACE: mitochondrial inner membrane, cristae folds, dense matrix. LIGHTING: volumetric caustic shafts through translucent cytoplasm. COLOR GRADE: emerald cytosol grade, rose-gold peptide bonds. CAMERA: pull_back — slow pull-back from a flashing peptide bond to the whole living cell, then hold. 9:16, starts tight on a forming bond, reveals the full cell. Photoreal 3D medical still, 9:16, shallow depth of field, tack-sharp reaction plane. No text, no logos, no palm tree, no URL, no vials, no pens, no people.","Silent. Camera: slow pull-back from a flashing peptide bond to the whole living cell, then hold. Stay on mitochondrial inner membrane, cristae folds, dense matrix with volumetric caustic shafts through translucent cytoplasm. Amino acids keep colliding and forming peptide bonds. No text, no logos, no vials, no pens.","Keep this as cristae reaction — amino acids assembling along inner membrane folds on mitochondrial inner membrane, cristae folds, dense matrix with volumetric caustic shafts through translucent cytoplasm and emerald cytosol grade, rose-gold peptide bonds. Hero structure: cyclic peptide in wine-rose with silver bonds. Delete every logo, palm tree, watermark, URL, caption, letter, number, and label. No vials, no pens, no people, no sunlit studio, no glass pedestal.",Active,0,,"mitochondrial inner membrane, cristae folds, dense matrix",volumetric caustic shafts through translucent cytoplasm,"slow pull-back from a flashing peptide bond to the whole living cell, then hold","emerald cytosol grade, rose-gold peptide bonds",cristae reaction — amino acids assembling along inner membrane folds,
PBVita-Chem-009,9,CHEM-009,chem_nucleus,Chemical breakdown — nuclear-envelope peptide reaction,dual-agonist peptide in warm terracotta and gold,Tirzepatide,vertical_rise,slight-low,up,"9:16, starts at the lower membrane, rises along the reaction","chem reaction · Tirzepatide · dual-agonist peptide in warm terracotta and gold · SET: the nuclear envelope — a pore tunnel, chromatin bokeh, nucleoplasm edge. Amino-acid monomers gather at the pore and form peptide bonds with wispy electron-… shot:vertical_rise · slight-low · nuclear envelope pore, chromatin bokeh, nucleopl · no text · no logo",6,"cinematic 3D medical animation of a cellular chemical reaction, photoreal, 8k, HDR, living cells plus amino acids reacting at microscopic scale, no vials, no pens, no people, no product studio, no readable text, no logos",9:16,15,720p,grok-imagine-image-2.0,kwaivgi/kling-v3.0-pro,2k,"HERO SUBJECT: dual-agonist peptide in warm terracotta and gold. This still is a cellular chemical reaction of that structure — 'Tirzepatide' is never printed as text. SET: the nuclear envelope — a pore tunnel, chromatin bokeh, nucleoplasm edge. Amino-acid monomers gather at the pore and form peptide bonds with wispy electron-cloud filaments. SURFACE: nuclear envelope pore, chromatin bokeh, nucleoplasm edge. LIGHTING: cool bioluminescent fill with a warm flash at each peptide bond. COLOR GRADE: copper-amber organelle grade, cool cyan highlights. CAMERA: vertical_rise — slow vertical rise along the bilayer as amino acids lock into the chain, then hold. 9:16, starts at the lower membrane, rises along the reaction. Photoreal 3D medical still, 9:16, shallow depth of field, tack-sharp reaction plane. No text, no logos, no palm tree, no URL, no vials, no pens, no people.","Silent. Camera: slow vertical rise along the bilayer as amino acids lock into the chain, then hold. Stay on nuclear envelope pore, chromatin bokeh, nucleoplasm edge with cool bioluminescent fill with a warm flash at each peptide bond. Amino acids keep colliding and forming peptide bonds. No text, no logos, no vials, no pens.","Keep this as nuclear-pore reaction — amino acids assembling at the envelope edge on nuclear envelope pore, chromatin bokeh, nucleoplasm edge with cool bioluminescent fill with a warm flash at each peptide bond and copper-amber organelle grade, cool cyan highlights. Hero structure: dual-agonist peptide in warm terracotta and gold. Delete every logo, palm tree, watermark, URL, caption, letter, number, and label. No vials, no pens, no people, no sunlit studio, no glass pedestal.",Active,0,,"nuclear envelope pore, chromatin bokeh, nucleoplasm edge",cool bioluminescent fill with a warm flash at each peptide bond,"slow vertical rise along the bilayer as amino acids lock into the chain, then hold","copper-amber organelle grade, cool cyan highlights",nuclear-pore reaction — amino acids assembling at the envelope edge,
PBVita-Chem-010,10,CHEM-010,chem_er,Chemical breakdown — ER-membrane peptide condensation,compact mitochondrial peptide in sunlit gold,MOTS-C,lateral_drift,three-quarter-left,left to right,"9:16, slides along the membrane edge, reaction stays sharp","chem reaction · MOTS-C · compact mitochondrial peptide in sunlit gold · SET: endoplasmic reticulum factory floor — stacked cisternae, ribosome-studded membrane. Amino acids condense into a growing peptide along the ER surface with b… shot:lateral_drift · three-quarter-left · endoplasmic reticulum cisternae, ribosome-studde · no text · no logo",6,"cinematic 3D medical animation of a cellular chemical reaction, photoreal, 8k, HDR, living cells plus amino acids reacting at microscopic scale, no vials, no pens, no people, no product studio, no readable text, no logos",9:16,15,720p,grok-imagine-image-2.0,kwaivgi/kling-v3.0-pro,2k,"HERO SUBJECT: compact mitochondrial peptide in sunlit gold. This still is a cellular chemical reaction of that structure — 'MOTS-C' is never printed as text. SET: endoplasmic reticulum factory floor — stacked cisternae, ribosome-studded membrane. Amino acids condense into a growing peptide along the ER surface with bond flashes. SURFACE: endoplasmic reticulum cisternae, ribosome-studded membrane. LIGHTING: dark-field microscope look: near-black surround, luminous atoms. COLOR GRADE: cool microscopic medical grade, luminous amino acids vs navy cell. CAMERA: lateral_drift — slow lateral drift along the membrane as monomers collide and bonds flash, then hold. 9:16, slides along the membrane edge, reaction stays sharp. Photoreal 3D medical still, 9:16, shallow depth of field, tack-sharp reaction plane. No text, no logos, no palm tree, no URL, no vials, no pens, no people.","Silent. Camera: slow lateral drift along the membrane as monomers collide and bonds flash, then hold. Stay on endoplasmic reticulum cisternae, ribosome-studded membrane with dark-field microscope look: near-black surround, luminous atoms. Amino acids keep colliding and forming peptide bonds. No text, no logos, no vials, no pens.","Keep this as ER cisternae reaction — amino acids condensing on a ribosome-studded membrane on endoplasmic reticulum cisternae, ribosome-studded membrane with dark-field microscope look: near-black surround, luminous atoms and cool microscopic medical grade, luminous amino acids vs navy cell. Hero structure: compact mitochondrial peptide in sunlit gold. Delete every logo, palm tree, watermark, URL, caption, letter, number, and label. No vials, no pens, no people, no sunlit studio, no glass pedestal.",Active,0,,"endoplasmic reticulum cisternae, ribosome-studded membrane","dark-field microscope look: near-black surround, luminous atoms","slow lateral drift along the membrane as monomers collide and bonds flash, then hold","cool microscopic medical grade, luminous amino acids vs navy cell",ER cisternae reaction — amino acids condensing on a ribosome-studded membrane,
PBVita-Chem-011,11,CHEM-011,chem_vesicle,Chemical breakdown — vesicle-docking peptide reaction,short neat peptide in cool mint glass,Selank,macro_detail,macro-plane,micro-push,"9:16, extreme close on two amino acids forming a peptide bond","chem reaction · Selank · short neat peptide in cool mint glass · SET: a vesicle docking field in cytosolic haze — membrane orbs fuse at flashing patches. Amino-acid monomers cluster at one docking site and form peptide bonds … shot:macro_detail · macro-plane · vesicle docking field, cytosolic haze, membrane  · no text · no logo",6,"cinematic 3D medical animation of a cellular chemical reaction, photoreal, 8k, HDR, living cells plus amino acids reacting at microscopic scale, no vials, no pens, no people, no product studio, no readable text, no logos",9:16,15,720p,grok-imagine-image-2.0,kwaivgi/kling-v3.0-pro,2k,"HERO SUBJECT: short neat peptide in cool mint glass. This still is a cellular chemical reaction of that structure — 'Selank' is never printed as text. SET: a vesicle docking field in cytosolic haze — membrane orbs fuse at flashing patches. Amino-acid monomers cluster at one docking site and form peptide bonds with energy flashes. SURFACE: vesicle docking field, cytosolic haze, membrane fusion sites. LIGHTING: dramatic subsurface glow from cytoplasm; reaction sparks at forming bonds. COLOR GRADE: high-contrast intracellular biotech: luminous bonds vs deep navy cytoplasm. CAMERA: macro_detail — creeping macro push onto the bond-forming atoms with a single energy flash, then hold. 9:16, extreme close on two amino acids forming a peptide bond. Photoreal 3D medical still, 9:16, shallow depth of field, tack-sharp reaction plane. No text, no logos, no palm tree, no URL, no vials, no pens, no people.","Silent. Camera: creeping macro push onto the bond-forming atoms with a single energy flash, then hold. Stay on vesicle docking field, cytosolic haze, membrane fusion sites with dramatic subsurface glow from cytoplasm; reaction sparks at forming bonds. Amino acids keep colliding and forming peptide bonds. No text, no logos, no vials, no pens.","Keep this as vesicle-field reaction — amino acids assembling at docking sites on vesicle docking field, cytosolic haze, membrane fusion sites with dramatic subsurface glow from cytoplasm; reaction sparks at forming bonds and high-contrast intracellular biotech: luminous bonds vs deep navy cytoplasm. Hero structure: short neat peptide in cool mint glass. Delete every logo, palm tree, watermark, URL, caption, letter, number, and label. No vials, no pens, no people, no sunlit studio, no glass pedestal.",Active,0,,"vesicle docking field, cytosolic haze, membrane fusion sites",dramatic subsurface glow from cytoplasm; reaction sparks at forming bonds,"creeping macro push onto the bond-forming atoms with a single energy flash, then hold",high-contrast intracellular biotech: luminous bonds vs deep navy cytoplasm,vesicle-field reaction — amino acids assembling at docking sites,
PBVita-Chem-012,12,CHEM-012,chem_membrane,Chemical breakdown — amino-acid reaction at the cell membrane,actin-research peptide in ocean teal ball-and-stick,TB-500,static_lock,low-angle,no travel / locked,"9:16, locked volume, peptide chain growing in place, shallow DOF","chem reaction · TB-500 · actin-research peptide in ocean teal ball-and-stick · SET: the OUTER membrane of a living cell — a wet lipid-bilayer sea, receptors like kelp, extracellular fluid in the foreground. Amino-acid monomers swarm, dock,… shot:static_lock · low-angle · living cell lipid bilayer, wet receptors, extrac · no text · no logo",6,"cinematic 3D medical animation of a cellular chemical reaction, photoreal, 8k, HDR, living cells plus amino acids reacting at microscopic scale, no vials, no pens, no people, no product studio, no readable text, no logos",9:16,15,720p,grok-imagine-image-2.0,kwaivgi/kling-v3.0-pro,2k,"HERO SUBJECT: actin-research peptide in ocean teal ball-and-stick. This still is a cellular chemical reaction of that structure — 'TB-500' is never printed as text. SET: the OUTER membrane of a living cell — a wet lipid-bilayer sea, receptors like kelp, extracellular fluid in the foreground. Amino-acid monomers swarm, dock, and form peptide bonds with energy flashes. A forming chain grows at one receptor. SURFACE: living cell lipid bilayer, wet receptors, extracellular fluid. LIGHTING: backlit cytoplasmic bloom plus hard spec on reacting amino-acid atoms. COLOR GRADE: teal-and-gold mitochondrial grade, warm bond sparks. CAMERA: static_lock — locked tripod, amino acids stream in and lock onto the growing chain with bond flashes. 9:16, locked volume, peptide chain growing in place, shallow DOF. Photoreal 3D medical still, 9:16, shallow depth of field, tack-sharp reaction plane. No text, no logos, no palm tree, no URL, no vials, no pens, no people.","Silent. Camera: locked tripod, amino acids stream in and lock onto the growing chain with bond flashes. Stay on living cell lipid bilayer, wet receptors, extracellular fluid with backlit cytoplasmic bloom plus hard spec on reacting amino-acid atoms. Amino acids keep colliding and forming peptide bonds. No text, no logos, no vials, no pens.","Keep this as membrane docking — amino acids assembling a peptide at a living cell on living cell lipid bilayer, wet receptors, extracellular fluid with backlit cytoplasmic bloom plus hard spec on reacting amino-acid atoms and teal-and-gold mitochondrial grade, warm bond sparks. Hero structure: actin-research peptide in ocean teal ball-and-stick. Delete every logo, palm tree, watermark, URL, caption, letter, number, and label. No vials, no pens, no people, no sunlit studio, no glass pedestal.",Active,0,,"living cell lipid bilayer, wet receptors, extracellular fluid",backlit cytoplasmic bloom plus hard spec on reacting amino-acid atoms,"locked tripod, amino acids stream in and lock onto the growing chain with bond flashes","teal-and-gold mitochondrial grade, warm bond sparks",membrane docking — amino acids assembling a peptide at a living cell,
PBVita-Chem-013,13,CHEM-013,chem_cytosol,Chemical breakdown — intracellular amino-acid condensation,compact small-molecule with warm amber carbon spheres and cool gray heteroatoms,5-Amino-1MQ,push_in,eye-level,forward,"9:16, reaction plane mid-frame, finishes closer, shallow DOF","chem reaction · 5-Amino-1MQ · compact small-molecule with warm amber carbon spheres and cool gray heteroatoms · SET: INSIDE a living cell — crowded cytoplasm, organelle silhouettes, wet protein mesh. Amino-acid monomers stream toward a growing peptide and condense; each n… shot:push_in · eye-level · cytoplasm among organelles, ribosome-like machin · no text · no logo",6,"cinematic 3D medical animation of a cellular chemical reaction, photoreal, 8k, HDR, living cells plus amino acids reacting at microscopic scale, no vials, no pens, no people, no product studio, no readable text, no logos",9:16,15,720p,grok-imagine-image-2.0,kwaivgi/kling-v3.0-pro,2k,"HERO SUBJECT: compact small-molecule with warm amber carbon spheres and cool gray heteroatoms. This still is a cellular chemical reaction of that structure — '5-Amino-1MQ' is never printed as text. SET: INSIDE a living cell — crowded cytoplasm, organelle silhouettes, wet protein mesh. Amino-acid monomers stream toward a growing peptide and condense; each new bond a sharp chemical flash. A nucleus or mitochondrion sits in bokeh. SURFACE: cytoplasm among organelles, ribosome-like machinery, wet protein mesh. LIGHTING: low-key rim light along the membrane; bond flashes as the only key. COLOR GRADE: violet-cyan night-lab grade, ice-blue amino acids. CAMERA: push_in — slow push-in as amino acids dock and peptide bonds flash, then hold. 9:16, reaction plane mid-frame, finishes closer, shallow DOF. Photoreal 3D medical still, 9:16, shallow depth of field, tack-sharp reaction plane. No text, no logos, no palm tree, no URL, no vials, no pens, no people.","Silent. Camera: slow push-in as amino acids dock and peptide bonds flash, then hold. Stay on cytoplasm among organelles, ribosome-like machinery, wet protein mesh with low-key rim light along the membrane; bond flashes as the only key. Amino acids keep colliding and forming peptide bonds. No text, no logos, no vials, no pens.","Keep this as cytosol condensation — amino acids locking into a peptide chain on cytoplasm among organelles, ribosome-like machinery, wet protein mesh with low-key rim light along the membrane; bond flashes as the only key and violet-cyan night-lab grade, ice-blue amino acids. Hero structure: compact small-molecule with warm amber carbon spheres and cool gray heteroatoms. Delete every logo, palm tree, watermark, URL, caption, letter, number, and label. No vials, no pens, no people, no sunlit studio, no glass pedestal.",Active,0,,"cytoplasm among organelles, ribosome-like machinery, wet protein mesh",low-key rim light along the membrane; bond flashes as the only key,"slow push-in as amino acids dock and peptide bonds flash, then hold","violet-cyan night-lab grade, ice-blue amino acids",cytosol condensation — amino acids locking into a peptide chain,
PBVita-Chem-014,14,CHEM-014,chem_mito,Chemical breakdown — mitochondrial-membrane peptide assembly,long helical peptide in champagne with soft speculars,Tesamorelin,pull_back,slight-high,backward,"9:16, starts tight on a forming bond, reveals the full cell","chem reaction · Tesamorelin · long helical peptide in champagne with soft speculars · SET: inside a mitochondrion — cristae as stacked canyons, dense matrix, inner membrane. Amino acids collide along the folds and form peptide bonds with brief en… shot:pull_back · slight-high · mitochondrial inner membrane, cristae folds, den · no text · no logo",6,"cinematic 3D medical animation of a cellular chemical reaction, photoreal, 8k, HDR, living cells plus amino acids reacting at microscopic scale, no vials, no pens, no people, no product studio, no readable text, no logos",9:16,15,720p,grok-imagine-image-2.0,kwaivgi/kling-v3.0-pro,2k,"HERO SUBJECT: long helical peptide in champagne with soft speculars. This still is a cellular chemical reaction of that structure — 'Tesamorelin' is never printed as text. SET: inside a mitochondrion — cristae as stacked canyons, dense matrix, inner membrane. Amino acids collide along the folds and form peptide bonds with brief energy flashes. SURFACE: mitochondrial inner membrane, cristae folds, dense matrix. LIGHTING: volumetric caustic shafts through translucent cytoplasm. COLOR GRADE: emerald cytosol grade, rose-gold peptide bonds. CAMERA: pull_back — slow pull-back from a flashing peptide bond to the whole living cell, then hold. 9:16, starts tight on a forming bond, reveals the full cell. Photoreal 3D medical still, 9:16, shallow depth of field, tack-sharp reaction plane. No text, no logos, no palm tree, no URL, no vials, no pens, no people.","Silent. Camera: slow pull-back from a flashing peptide bond to the whole living cell, then hold. Stay on mitochondrial inner membrane, cristae folds, dense matrix with volumetric caustic shafts through translucent cytoplasm. Amino acids keep colliding and forming peptide bonds. No text, no logos, no vials, no pens.","Keep this as cristae reaction — amino acids assembling along inner membrane folds on mitochondrial inner membrane, cristae folds, dense matrix with volumetric caustic shafts through translucent cytoplasm and emerald cytosol grade, rose-gold peptide bonds. Hero structure: long helical peptide in champagne with soft speculars. Delete every logo, palm tree, watermark, URL, caption, letter, number, and label. No vials, no pens, no people, no sunlit studio, no glass pedestal.",Active,0,,"mitochondrial inner membrane, cristae folds, dense matrix",volumetric caustic shafts through translucent cytoplasm,"slow pull-back from a flashing peptide bond to the whole living cell, then hold","emerald cytosol grade, rose-gold peptide bonds",cristae reaction — amino acids assembling along inner membrane folds,
PBVita-Chem-015,15,CHEM-015,chem_nucleus,Chemical breakdown — nuclear-envelope peptide reaction,short tripeptide in clean white-opal with rose-gold bonds,KPV,vertical_rise,slight-low,up,"9:16, starts at the lower membrane, rises along the reaction","chem reaction · KPV · short tripeptide in clean white-opal with rose-gold bonds · SET: the nuclear envelope — a pore tunnel, chromatin bokeh, nucleoplasm edge. Amino-acid monomers gather at the pore and form peptide bonds with wispy electron-… shot:vertical_rise · slight-low · nuclear envelope pore, chromatin bokeh, nucleopl · no text · no logo",6,"cinematic 3D medical animation of a cellular chemical reaction, photoreal, 8k, HDR, living cells plus amino acids reacting at microscopic scale, no vials, no pens, no people, no product studio, no readable text, no logos",9:16,15,720p,grok-imagine-image-2.0,kwaivgi/kling-v3.0-pro,2k,"HERO SUBJECT: short tripeptide in clean white-opal with rose-gold bonds. This still is a cellular chemical reaction of that structure — 'KPV' is never printed as text. SET: the nuclear envelope — a pore tunnel, chromatin bokeh, nucleoplasm edge. Amino-acid monomers gather at the pore and form peptide bonds with wispy electron-cloud filaments. SURFACE: nuclear envelope pore, chromatin bokeh, nucleoplasm edge. LIGHTING: cool bioluminescent fill with a warm flash at each peptide bond. COLOR GRADE: copper-amber organelle grade, cool cyan highlights. CAMERA: vertical_rise — slow vertical rise along the bilayer as amino acids lock into the chain, then hold. 9:16, starts at the lower membrane, rises along the reaction. Photoreal 3D medical still, 9:16, shallow depth of field, tack-sharp reaction plane. No text, no logos, no palm tree, no URL, no vials, no pens, no people.","Silent. Camera: slow vertical rise along the bilayer as amino acids lock into the chain, then hold. Stay on nuclear envelope pore, chromatin bokeh, nucleoplasm edge with cool bioluminescent fill with a warm flash at each peptide bond. Amino acids keep colliding and forming peptide bonds. No text, no logos, no vials, no pens.","Keep this as nuclear-pore reaction — amino acids assembling at the envelope edge on nuclear envelope pore, chromatin bokeh, nucleoplasm edge with cool bioluminescent fill with a warm flash at each peptide bond and copper-amber organelle grade, cool cyan highlights. Hero structure: short tripeptide in clean white-opal with rose-gold bonds. Delete every logo, palm tree, watermark, URL, caption, letter, number, and label. No vials, no pens, no people, no sunlit studio, no glass pedestal.",Active,0,,"nuclear envelope pore, chromatin bokeh, nucleoplasm edge",cool bioluminescent fill with a warm flash at each peptide bond,"slow vertical rise along the bilayer as amino acids lock into the chain, then hold","copper-amber organelle grade, cool cyan highlights",nuclear-pore reaction — amino acids assembling at the envelope edge,
PBVita-Chem-016,16,CHEM-016,chem_er,Chemical breakdown — ER-membrane peptide condensation,neat helical peptide in champagne gold,CJC,lateral_drift,three-quarter-left,left to right,"9:16, slides along the membrane edge, reaction stays sharp","chem reaction · CJC · neat helical peptide in champagne gold · SET: endoplasmic reticulum factory floor — stacked cisternae, ribosome-studded membrane. Amino acids condense into a growing peptide along the ER surface with b… shot:lateral_drift · three-quarter-left · endoplasmic reticulum cisternae, ribosome-studde · no text · no logo",6,"cinematic 3D medical animation of a cellular chemical reaction, photoreal, 8k, HDR, living cells plus amino acids reacting at microscopic scale, no vials, no pens, no people, no product studio, no readable text, no logos",9:16,15,720p,grok-imagine-image-2.0,kwaivgi/kling-v3.0-pro,2k,"HERO SUBJECT: neat helical peptide in champagne gold. This still is a cellular chemical reaction of that structure — 'CJC' is never printed as text. SET: endoplasmic reticulum factory floor — stacked cisternae, ribosome-studded membrane. Amino acids condense into a growing peptide along the ER surface with bond flashes. SURFACE: endoplasmic reticulum cisternae, ribosome-studded membrane. LIGHTING: dark-field microscope look: near-black surround, luminous atoms. COLOR GRADE: cool microscopic medical grade, luminous amino acids vs navy cell. CAMERA: lateral_drift — slow lateral drift along the membrane as monomers collide and bonds flash, then hold. 9:16, slides along the membrane edge, reaction stays sharp. Photoreal 3D medical still, 9:16, shallow depth of field, tack-sharp reaction plane. No text, no logos, no palm tree, no URL, no vials, no pens, no people.","Silent. Camera: slow lateral drift along the membrane as monomers collide and bonds flash, then hold. Stay on endoplasmic reticulum cisternae, ribosome-studded membrane with dark-field microscope look: near-black surround, luminous atoms. Amino acids keep colliding and forming peptide bonds. No text, no logos, no vials, no pens.","Keep this as ER cisternae reaction — amino acids condensing on a ribosome-studded membrane on endoplasmic reticulum cisternae, ribosome-studded membrane with dark-field microscope look: near-black surround, luminous atoms and cool microscopic medical grade, luminous amino acids vs navy cell. Hero structure: neat helical peptide in champagne gold. Delete every logo, palm tree, watermark, URL, caption, letter, number, and label. No vials, no pens, no people, no sunlit studio, no glass pedestal.",Active,0,,"endoplasmic reticulum cisternae, ribosome-studded membrane","dark-field microscope look: near-black surround, luminous atoms","slow lateral drift along the membrane as monomers collide and bonds flash, then hold","cool microscopic medical grade, luminous amino acids vs navy cell",ER cisternae reaction — amino acids condensing on a ribosome-studded membrane,
PBVita-Chem-017,17,CHEM-017,chem_vesicle,Chemical breakdown — vesicle-docking peptide reaction,cyclic peptide in bronze and deep rose,Melanotan 2,macro_detail,macro-plane,micro-push,"9:16, extreme close on two amino acids forming a peptide bond","chem reaction · Melanotan 2 · cyclic peptide in bronze and deep rose · SET: a vesicle docking field in cytosolic haze — membrane orbs fuse at flashing patches. Amino-acid monomers cluster at one docking site and form peptide bonds … shot:macro_detail · macro-plane · vesicle docking field, cytosolic haze, membrane  · no text · no logo",6,"cinematic 3D medical animation of a cellular chemical reaction, photoreal, 8k, HDR, living cells plus amino acids reacting at microscopic scale, no vials, no pens, no people, no product studio, no readable text, no logos",9:16,15,720p,grok-imagine-image-2.0,kwaivgi/kling-v3.0-pro,2k,"HERO SUBJECT: cyclic peptide in bronze and deep rose. This still is a cellular chemical reaction of that structure — 'Melanotan 2' is never printed as text. SET: a vesicle docking field in cytosolic haze — membrane orbs fuse at flashing patches. Amino-acid monomers cluster at one docking site and form peptide bonds with energy flashes. SURFACE: vesicle docking field, cytosolic haze, membrane fusion sites. LIGHTING: dramatic subsurface glow from cytoplasm; reaction sparks at forming bonds. COLOR GRADE: high-contrast intracellular biotech: luminous bonds vs deep navy cytoplasm. CAMERA: macro_detail — creeping macro push onto the bond-forming atoms with a single energy flash, then hold. 9:16, extreme close on two amino acids forming a peptide bond. Photoreal 3D medical still, 9:16, shallow depth of field, tack-sharp reaction plane. No text, no logos, no palm tree, no URL, no vials, no pens, no people.","Silent. Camera: creeping macro push onto the bond-forming atoms with a single energy flash, then hold. Stay on vesicle docking field, cytosolic haze, membrane fusion sites with dramatic subsurface glow from cytoplasm; reaction sparks at forming bonds. Amino acids keep colliding and forming peptide bonds. No text, no logos, no vials, no pens.","Keep this as vesicle-field reaction — amino acids assembling at docking sites on vesicle docking field, cytosolic haze, membrane fusion sites with dramatic subsurface glow from cytoplasm; reaction sparks at forming bonds and high-contrast intracellular biotech: luminous bonds vs deep navy cytoplasm. Hero structure: cyclic peptide in bronze and deep rose. Delete every logo, palm tree, watermark, URL, caption, letter, number, and label. No vials, no pens, no people, no sunlit studio, no glass pedestal.",Active,0,,"vesicle docking field, cytosolic haze, membrane fusion sites",dramatic subsurface glow from cytoplasm; reaction sparks at forming bonds,"creeping macro push onto the bond-forming atoms with a single energy flash, then hold",high-contrast intracellular biotech: luminous bonds vs deep navy cytoplasm,vesicle-field reaction — amino acids assembling at docking sites,
PBVita-Chem-018,18,CHEM-018,chem_membrane,Chemical breakdown — amino-acid reaction at the cell membrane,mitochondrial peptide in teal and gold,SS-31,static_lock,low-angle,no travel / locked,"9:16, locked volume, peptide chain growing in place, shallow DOF","chem reaction · SS-31 · mitochondrial peptide in teal and gold · SET: the OUTER membrane of a living cell — a wet lipid-bilayer sea, receptors like kelp, extracellular fluid in the foreground. Amino-acid monomers swarm, dock,… shot:static_lock · low-angle · living cell lipid bilayer, wet receptors, extrac · no text · no logo",6,"cinematic 3D medical animation of a cellular chemical reaction, photoreal, 8k, HDR, living cells plus amino acids reacting at microscopic scale, no vials, no pens, no people, no product studio, no readable text, no logos",9:16,15,720p,grok-imagine-image-2.0,kwaivgi/kling-v3.0-pro,2k,"HERO SUBJECT: mitochondrial peptide in teal and gold. This still is a cellular chemical reaction of that structure — 'SS-31' is never printed as text. SET: the OUTER membrane of a living cell — a wet lipid-bilayer sea, receptors like kelp, extracellular fluid in the foreground. Amino-acid monomers swarm, dock, and form peptide bonds with energy flashes. A forming chain grows at one receptor. SURFACE: living cell lipid bilayer, wet receptors, extracellular fluid. LIGHTING: backlit cytoplasmic bloom plus hard spec on reacting amino-acid atoms. COLOR GRADE: teal-and-gold mitochondrial grade, warm bond sparks. CAMERA: static_lock — locked tripod, amino acids stream in and lock onto the growing chain with bond flashes. 9:16, locked volume, peptide chain growing in place, shallow DOF. Photoreal 3D medical still, 9:16, shallow depth of field, tack-sharp reaction plane. No text, no logos, no palm tree, no URL, no vials, no pens, no people.","Silent. Camera: locked tripod, amino acids stream in and lock onto the growing chain with bond flashes. Stay on living cell lipid bilayer, wet receptors, extracellular fluid with backlit cytoplasmic bloom plus hard spec on reacting amino-acid atoms. Amino acids keep colliding and forming peptide bonds. No text, no logos, no vials, no pens.","Keep this as membrane docking — amino acids assembling a peptide at a living cell on living cell lipid bilayer, wet receptors, extracellular fluid with backlit cytoplasmic bloom plus hard spec on reacting amino-acid atoms and teal-and-gold mitochondrial grade, warm bond sparks. Hero structure: mitochondrial peptide in teal and gold. Delete every logo, palm tree, watermark, URL, caption, letter, number, and label. No vials, no pens, no people, no sunlit studio, no glass pedestal.",Active,0,,"living cell lipid bilayer, wet receptors, extracellular fluid",backlit cytoplasmic bloom plus hard spec on reacting amino-acid atoms,"locked tripod, amino acids stream in and lock onto the growing chain with bond flashes","teal-and-gold mitochondrial grade, warm bond sparks",membrane docking — amino acids assembling a peptide at a living cell,
PBVita-Chem-019,19,CHEM-019,chem_cytosol,Chemical breakdown — intracellular amino-acid condensation,short peptide ribbon in pale gold with silver side-chain beads,AOD-9604,push_in,eye-level,forward,"9:16, reaction plane mid-frame, finishes closer, shallow DOF","chem reaction · AOD-9604 · short peptide ribbon in pale gold with silver side-chain beads · SET: INSIDE a living cell — crowded cytoplasm, organelle silhouettes, wet protein mesh. Amino-acid monomers stream toward a growing peptide and condense; each n… shot:push_in · eye-level · cytoplasm among organelles, ribosome-like machin · no text · no logo",6,"cinematic 3D medical animation of a cellular chemical reaction, photoreal, 8k, HDR, living cells plus amino acids reacting at microscopic scale, no vials, no pens, no people, no product studio, no readable text, no logos",9:16,15,720p,grok-imagine-image-2.0,kwaivgi/kling-v3.0-pro,2k,"HERO SUBJECT: short peptide ribbon in pale gold with silver side-chain beads. This still is a cellular chemical reaction of that structure — 'AOD-9604' is never printed as text. SET: INSIDE a living cell — crowded cytoplasm, organelle silhouettes, wet protein mesh. Amino-acid monomers stream toward a growing peptide and condense; each new bond a sharp chemical flash. A nucleus or mitochondrion sits in bokeh. SURFACE: cytoplasm among organelles, ribosome-like machinery, wet protein mesh. LIGHTING: low-key rim light along the membrane; bond flashes as the only key. COLOR GRADE: violet-cyan night-lab grade, ice-blue amino acids. CAMERA: push_in — slow push-in as amino acids dock and peptide bonds flash, then hold. 9:16, reaction plane mid-frame, finishes closer, shallow DOF. Photoreal 3D medical still, 9:16, shallow depth of field, tack-sharp reaction plane. No text, no logos, no palm tree, no URL, no vials, no pens, no people.","Silent. Camera: slow push-in as amino acids dock and peptide bonds flash, then hold. Stay on cytoplasm among organelles, ribosome-like machinery, wet protein mesh with low-key rim light along the membrane; bond flashes as the only key. Amino acids keep colliding and forming peptide bonds. No text, no logos, no vials, no pens.","Keep this as cytosol condensation — amino acids locking into a peptide chain on cytoplasm among organelles, ribosome-like machinery, wet protein mesh with low-key rim light along the membrane; bond flashes as the only key and violet-cyan night-lab grade, ice-blue amino acids. Hero structure: short peptide ribbon in pale gold with silver side-chain beads. Delete every logo, palm tree, watermark, URL, caption, letter, number, and label. No vials, no pens, no people, no sunlit studio, no glass pedestal.",Active,0,,"cytoplasm among organelles, ribosome-like machinery, wet protein mesh",low-key rim light along the membrane; bond flashes as the only key,"slow push-in as amino acids dock and peptide bonds flash, then hold","violet-cyan night-lab grade, ice-blue amino acids",cytosol condensation — amino acids locking into a peptide chain,
PBVita-Chem-020,20,CHEM-020,chem_mito,Chemical breakdown — mitochondrial-membrane peptide assembly,"two complementary peptide ribbons — pink and teal — fused as ONE linked complex, not two separate heroes",BPC-157/TB-500,pull_back,slight-high,backward,"9:16, starts tight on a forming bond, reveals the full cell","chem reaction · BPC-157/TB-500 · two complementary peptide ribbons — pink and teal — fused as ONE linked complex, not two separate heroes · SET: inside a mitochondrion — cristae as stacked canyons, dense matrix, inner membrane. Amino acids collide along the folds and form peptide bonds with brief en… shot:pull_back · slight-high · mitochondrial inner membrane, cristae folds, den · no text · no logo",6,"cinematic 3D medical animation of a cellular chemical reaction, photoreal, 8k, HDR, living cells plus amino acids reacting at microscopic scale, no vials, no pens, no people, no product studio, no readable text, no logos",9:16,15,720p,grok-imagine-image-2.0,kwaivgi/kling-v3.0-pro,2k,"HERO SUBJECT: two complementary peptide ribbons — pink and teal — fused as ONE linked complex, not two separate heroes. This still is a cellular chemical reaction of that structure — 'BPC-157/TB-500' is never printed as text. SET: inside a mitochondrion — cristae as stacked canyons, dense matrix, inner membrane. Amino acids collide along the folds and form peptide bonds with brief energy flashes. SURFACE: mitochondrial inner membrane, cristae folds, dense matrix. LIGHTING: volumetric caustic shafts through translucent cytoplasm. COLOR GRADE: emerald cytosol grade, rose-gold peptide bonds. CAMERA: pull_back — slow pull-back from a flashing peptide bond to the whole living cell, then hold. 9:16, starts tight on a forming bond, reveals the full cell. Photoreal 3D medical still, 9:16, shallow depth of field, tack-sharp reaction plane. No text, no logos, no palm tree, no URL, no vials, no pens, no people.","Silent. Camera: slow pull-back from a flashing peptide bond to the whole living cell, then hold. Stay on mitochondrial inner membrane, cristae folds, dense matrix with volumetric caustic shafts through translucent cytoplasm. Amino acids keep colliding and forming peptide bonds. No text, no logos, no vials, no pens.","Keep this as cristae reaction — amino acids assembling along inner membrane folds on mitochondrial inner membrane, cristae folds, dense matrix with volumetric caustic shafts through translucent cytoplasm and emerald cytosol grade, rose-gold peptide bonds. Hero structure: two complementary peptide ribbons — pink and teal — fused as ONE linked complex, not two separate heroes. Delete every logo, palm tree, watermark, URL, caption, letter, number, and label. No vials, no pens, no people, no sunlit studio, no glass pedestal.",Active,0,,"mitochondrial inner membrane, cristae folds, dense matrix",volumetric caustic shafts through translucent cytoplasm,"slow pull-back from a flashing peptide bond to the whole living cell, then hold","emerald cytosol grade, rose-gold peptide bonds",cristae reaction — amino acids assembling along inner membrane folds,
PBVita-Chem-021,21,CHEM-021,chem_nucleus,Chemical breakdown — nuclear-envelope peptide reaction,short peptide in electric-sky blue glass,SEMAX,vertical_rise,slight-low,up,"9:16, starts at the lower membrane, rises along the reaction","chem reaction · SEMAX · short peptide in electric-sky blue glass · SET: the nuclear envelope — a pore tunnel, chromatin bokeh, nucleoplasm edge. Amino-acid monomers gather at the pore and form peptide bonds with wispy electron-… shot:vertical_rise · slight-low · nuclear envelope pore, chromatin bokeh, nucleopl · no text · no logo",6,"cinematic 3D medical animation of a cellular chemical reaction, photoreal, 8k, HDR, living cells plus amino acids reacting at microscopic scale, no vials, no pens, no people, no product studio, no readable text, no logos",9:16,15,720p,grok-imagine-image-2.0,kwaivgi/kling-v3.0-pro,2k,"HERO SUBJECT: short peptide in electric-sky blue glass. This still is a cellular chemical reaction of that structure — 'SEMAX' is never printed as text. SET: the nuclear envelope — a pore tunnel, chromatin bokeh, nucleoplasm edge. Amino-acid monomers gather at the pore and form peptide bonds with wispy electron-cloud filaments. SURFACE: nuclear envelope pore, chromatin bokeh, nucleoplasm edge. LIGHTING: cool bioluminescent fill with a warm flash at each peptide bond. COLOR GRADE: copper-amber organelle grade, cool cyan highlights. CAMERA: vertical_rise — slow vertical rise along the bilayer as amino acids lock into the chain, then hold. 9:16, starts at the lower membrane, rises along the reaction. Photoreal 3D medical still, 9:16, shallow depth of field, tack-sharp reaction plane. No text, no logos, no palm tree, no URL, no vials, no pens, no people.","Silent. Camera: slow vertical rise along the bilayer as amino acids lock into the chain, then hold. Stay on nuclear envelope pore, chromatin bokeh, nucleoplasm edge with cool bioluminescent fill with a warm flash at each peptide bond. Amino acids keep colliding and forming peptide bonds. No text, no logos, no vials, no pens.","Keep this as nuclear-pore reaction — amino acids assembling at the envelope edge on nuclear envelope pore, chromatin bokeh, nucleoplasm edge with cool bioluminescent fill with a warm flash at each peptide bond and copper-amber organelle grade, cool cyan highlights. Hero structure: short peptide in electric-sky blue glass. Delete every logo, palm tree, watermark, URL, caption, letter, number, and label. No vials, no pens, no people, no sunlit studio, no glass pedestal.",Active,0,,"nuclear envelope pore, chromatin bokeh, nucleoplasm edge",cool bioluminescent fill with a warm flash at each peptide bond,"slow vertical rise along the bilayer as amino acids lock into the chain, then hold","copper-amber organelle grade, cool cyan highlights",nuclear-pore reaction — amino acids assembling at the envelope edge,
PBVita-Chem-022,22,CHEM-022,chem_er,Chemical breakdown — ER-membrane peptide condensation,warm copper-gold peptide blend with a single copper accent,KLOW,lateral_drift,three-quarter-left,left to right,"9:16, slides along the membrane edge, reaction stays sharp","chem reaction · KLOW · warm copper-gold peptide blend with a single copper accent · SET: endoplasmic reticulum factory floor — stacked cisternae, ribosome-studded membrane. Amino acids condense into a growing peptide along the ER surface with b… shot:lateral_drift · three-quarter-left · endoplasmic reticulum cisternae, ribosome-studde · no text · no logo",6,"cinematic 3D medical animation of a cellular chemical reaction, photoreal, 8k, HDR, living cells plus amino acids reacting at microscopic scale, no vials, no pens, no people, no product studio, no readable text, no logos",9:16,15,720p,grok-imagine-image-2.0,kwaivgi/kling-v3.0-pro,2k,"HERO SUBJECT: warm copper-gold peptide blend with a single copper accent. This still is a cellular chemical reaction of that structure — 'KLOW' is never printed as text. SET: endoplasmic reticulum factory floor — stacked cisternae, ribosome-studded membrane. Amino acids condense into a growing peptide along the ER surface with bond flashes. SURFACE: endoplasmic reticulum cisternae, ribosome-studded membrane. LIGHTING: dark-field microscope look: near-black surround, luminous atoms. COLOR GRADE: cool microscopic medical grade, luminous amino acids vs navy cell. CAMERA: lateral_drift — slow lateral drift along the membrane as monomers collide and bonds flash, then hold. 9:16, slides along the membrane edge, reaction stays sharp. Photoreal 3D medical still, 9:16, shallow depth of field, tack-sharp reaction plane. No text, no logos, no palm tree, no URL, no vials, no pens, no people.","Silent. Camera: slow lateral drift along the membrane as monomers collide and bonds flash, then hold. Stay on endoplasmic reticulum cisternae, ribosome-studded membrane with dark-field microscope look: near-black surround, luminous atoms. Amino acids keep colliding and forming peptide bonds. No text, no logos, no vials, no pens.","Keep this as ER cisternae reaction — amino acids condensing on a ribosome-studded membrane on endoplasmic reticulum cisternae, ribosome-studded membrane with dark-field microscope look: near-black surround, luminous atoms and cool microscopic medical grade, luminous amino acids vs navy cell. Hero structure: warm copper-gold peptide blend with a single copper accent. Delete every logo, palm tree, watermark, URL, caption, letter, number, and label. No vials, no pens, no people, no sunlit studio, no glass pedestal.",Active,0,,"endoplasmic reticulum cisternae, ribosome-studded membrane","dark-field microscope look: near-black surround, luminous atoms","slow lateral drift along the membrane as monomers collide and bonds flash, then hold","cool microscopic medical grade, luminous amino acids vs navy cell",ER cisternae reaction — amino acids condensing on a ribosome-studded membrane,
PBVita-Chem-023,23,CHEM-023,chem_vesicle,Chemical breakdown — vesicle-docking peptide reaction,long helical peptide in soft coral with metallic backbone,Cagrilinitide,macro_detail,macro-plane,micro-push,"9:16, extreme close on two amino acids forming a peptide bond","chem reaction · Cagrilinitide · long helical peptide in soft coral with metallic backbone · SET: a vesicle docking field in cytosolic haze — membrane orbs fuse at flashing patches. Amino-acid monomers cluster at one docking site and form peptide bonds … shot:macro_detail · macro-plane · vesicle docking field, cytosolic haze, membrane  · no text · no logo",6,"cinematic 3D medical animation of a cellular chemical reaction, photoreal, 8k, HDR, living cells plus amino acids reacting at microscopic scale, no vials, no pens, no people, no product studio, no readable text, no logos",9:16,15,720p,grok-imagine-image-2.0,kwaivgi/kling-v3.0-pro,2k,"HERO SUBJECT: long helical peptide in soft coral with metallic backbone. This still is a cellular chemical reaction of that structure — 'Cagrilinitide' is never printed as text. SET: a vesicle docking field in cytosolic haze — membrane orbs fuse at flashing patches. Amino-acid monomers cluster at one docking site and form peptide bonds with energy flashes. SURFACE: vesicle docking field, cytosolic haze, membrane fusion sites. LIGHTING: dramatic subsurface glow from cytoplasm; reaction sparks at forming bonds. COLOR GRADE: high-contrast intracellular biotech: luminous bonds vs deep navy cytoplasm. CAMERA: macro_detail — creeping macro push onto the bond-forming atoms with a single energy flash, then hold. 9:16, extreme close on two amino acids forming a peptide bond. Photoreal 3D medical still, 9:16, shallow depth of field, tack-sharp reaction plane. No text, no logos, no palm tree, no URL, no vials, no pens, no people.","Silent. Camera: creeping macro push onto the bond-forming atoms with a single energy flash, then hold. Stay on vesicle docking field, cytosolic haze, membrane fusion sites with dramatic subsurface glow from cytoplasm; reaction sparks at forming bonds. Amino acids keep colliding and forming peptide bonds. No text, no logos, no vials, no pens.","Keep this as vesicle-field reaction — amino acids assembling at docking sites on vesicle docking field, cytosolic haze, membrane fusion sites with dramatic subsurface glow from cytoplasm; reaction sparks at forming bonds and high-contrast intracellular biotech: luminous bonds vs deep navy cytoplasm. Hero structure: long helical peptide in soft coral with metallic backbone. Delete every logo, palm tree, watermark, URL, caption, letter, number, and label. No vials, no pens, no people, no sunlit studio, no glass pedestal.",Active,0,,"vesicle docking field, cytosolic haze, membrane fusion sites",dramatic subsurface glow from cytoplasm; reaction sparks at forming bonds,"creeping macro push onto the bond-forming atoms with a single energy flash, then hold",high-contrast intracellular biotech: luminous bonds vs deep navy cytoplasm,vesicle-field reaction — amino acids assembling at docking sites,
PBVita-Chem-024,24,CHEM-024,chem_membrane,Chemical breakdown — amino-acid reaction at the cell membrane,immune-research peptide ribbon in ivory and bronze,TA-1,static_lock,low-angle,no travel / locked,"9:16, locked volume, peptide chain growing in place, shallow DOF","chem reaction · TA-1 · immune-research peptide ribbon in ivory and bronze · SET: the OUTER membrane of a living cell — a wet lipid-bilayer sea, receptors like kelp, extracellular fluid in the foreground. Amino-acid monomers swarm, dock,… shot:static_lock · low-angle · living cell lipid bilayer, wet receptors, extrac · no text · no logo",6,"cinematic 3D medical animation of a cellular chemical reaction, photoreal, 8k, HDR, living cells plus amino acids reacting at microscopic scale, no vials, no pens, no people, no product studio, no readable text, no logos",9:16,15,720p,grok-imagine-image-2.0,kwaivgi/kling-v3.0-pro,2k,"HERO SUBJECT: immune-research peptide ribbon in ivory and bronze. This still is a cellular chemical reaction of that structure — 'TA-1' is never printed as text. SET: the OUTER membrane of a living cell — a wet lipid-bilayer sea, receptors like kelp, extracellular fluid in the foreground. Amino-acid monomers swarm, dock, and form peptide bonds with energy flashes. A forming chain grows at one receptor. SURFACE: living cell lipid bilayer, wet receptors, extracellular fluid. LIGHTING: backlit cytoplasmic bloom plus hard spec on reacting amino-acid atoms. COLOR GRADE: teal-and-gold mitochondrial grade, warm bond sparks. CAMERA: static_lock — locked tripod, amino acids stream in and lock onto the growing chain with bond flashes. 9:16, locked volume, peptide chain growing in place, shallow DOF. Photoreal 3D medical still, 9:16, shallow depth of field, tack-sharp reaction plane. No text, no logos, no palm tree, no URL, no vials, no pens, no people.","Silent. Camera: locked tripod, amino acids stream in and lock onto the growing chain with bond flashes. Stay on living cell lipid bilayer, wet receptors, extracellular fluid with backlit cytoplasmic bloom plus hard spec on reacting amino-acid atoms. Amino acids keep colliding and forming peptide bonds. No text, no logos, no vials, no pens.","Keep this as membrane docking — amino acids assembling a peptide at a living cell on living cell lipid bilayer, wet receptors, extracellular fluid with backlit cytoplasmic bloom plus hard spec on reacting amino-acid atoms and teal-and-gold mitochondrial grade, warm bond sparks. Hero structure: immune-research peptide ribbon in ivory and bronze. Delete every logo, palm tree, watermark, URL, caption, letter, number, and label. No vials, no pens, no people, no sunlit studio, no glass pedestal.",Active,0,,"living cell lipid bilayer, wet receptors, extracellular fluid",backlit cytoplasmic bloom plus hard spec on reacting amino-acid atoms,"locked tripod, amino acids stream in and lock onto the growing chain with bond flashes","teal-and-gold mitochondrial grade, warm bond sparks",membrane docking — amino acids assembling a peptide at a living cell,
PBVita-Chem-025,25,CHEM-025,chem_cytosol,Chemical breakdown — intracellular amino-acid condensation,compact sleep-research peptide in dusk lavender,DSIP,push_in,eye-level,forward,"9:16, reaction plane mid-frame, finishes closer, shallow DOF","chem reaction · DSIP · compact sleep-research peptide in dusk lavender · SET: INSIDE a living cell — crowded cytoplasm, organelle silhouettes, wet protein mesh. Amino-acid monomers stream toward a growing peptide and condense; each n… shot:push_in · eye-level · cytoplasm among organelles, ribosome-like machin · no text · no logo",6,"cinematic 3D medical animation of a cellular chemical reaction, photoreal, 8k, HDR, living cells plus amino acids reacting at microscopic scale, no vials, no pens, no people, no product studio, no readable text, no logos",9:16,15,720p,grok-imagine-image-2.0,kwaivgi/kling-v3.0-pro,2k,"HERO SUBJECT: compact sleep-research peptide in dusk lavender. This still is a cellular chemical reaction of that structure — 'DSIP' is never printed as text. SET: INSIDE a living cell — crowded cytoplasm, organelle silhouettes, wet protein mesh. Amino-acid monomers stream toward a growing peptide and condense; each new bond a sharp chemical flash. A nucleus or mitochondrion sits in bokeh. SURFACE: cytoplasm among organelles, ribosome-like machinery, wet protein mesh. LIGHTING: low-key rim light along the membrane; bond flashes as the only key. COLOR GRADE: violet-cyan night-lab grade, ice-blue amino acids. CAMERA: push_in — slow push-in as amino acids dock and peptide bonds flash, then hold. 9:16, reaction plane mid-frame, finishes closer, shallow DOF. Photoreal 3D medical still, 9:16, shallow depth of field, tack-sharp reaction plane. No text, no logos, no palm tree, no URL, no vials, no pens, no people.","Silent. Camera: slow push-in as amino acids dock and peptide bonds flash, then hold. Stay on cytoplasm among organelles, ribosome-like machinery, wet protein mesh with low-key rim light along the membrane; bond flashes as the only key. Amino acids keep colliding and forming peptide bonds. No text, no logos, no vials, no pens.","Keep this as cytosol condensation — amino acids locking into a peptide chain on cytoplasm among organelles, ribosome-like machinery, wet protein mesh with low-key rim light along the membrane; bond flashes as the only key and violet-cyan night-lab grade, ice-blue amino acids. Hero structure: compact sleep-research peptide in dusk lavender. Delete every logo, palm tree, watermark, URL, caption, letter, number, and label. No vials, no pens, no people, no sunlit studio, no glass pedestal.",Active,0,,"cytoplasm among organelles, ribosome-like machinery, wet protein mesh",low-key rim light along the membrane; bond flashes as the only key,"slow push-in as amino acids dock and peptide bonds flash, then hold","violet-cyan night-lab grade, ice-blue amino acids",cytosol condensation — amino acids locking into a peptide chain,
PBVita-Chem-026,26,CHEM-026,chem_mito,Chemical breakdown — mitochondrial-membrane peptide assembly,"two helices as ONE stacked complex, champagne plus ice-blue",Tesamorelin/Ipamorelin,pull_back,slight-high,backward,"9:16, starts tight on a forming bond, reveals the full cell","chem reaction · Tesamorelin/Ipamorelin · two helices as ONE stacked complex, champagne plus ice-blue · SET: inside a mitochondrion — cristae as stacked canyons, dense matrix, inner membrane. Amino acids collide along the folds and form peptide bonds with brief en… shot:pull_back · slight-high · mitochondrial inner membrane, cristae folds, den · no text · no logo",6,"cinematic 3D medical animation of a cellular chemical reaction, photoreal, 8k, HDR, living cells plus amino acids reacting at microscopic scale, no vials, no pens, no people, no product studio, no readable text, no logos",9:16,15,720p,grok-imagine-image-2.0,kwaivgi/kling-v3.0-pro,2k,"HERO SUBJECT: two helices as ONE stacked complex, champagne plus ice-blue. This still is a cellular chemical reaction of that structure — 'Tesamorelin/Ipamorelin' is never printed as text. SET: inside a mitochondrion — cristae as stacked canyons, dense matrix, inner membrane. Amino acids collide along the folds and form peptide bonds with brief energy flashes. SURFACE: mitochondrial inner membrane, cristae folds, dense matrix. LIGHTING: volumetric caustic shafts through translucent cytoplasm. COLOR GRADE: emerald cytosol grade, rose-gold peptide bonds. CAMERA: pull_back — slow pull-back from a flashing peptide bond to the whole living cell, then hold. 9:16, starts tight on a forming bond, reveals the full cell. Photoreal 3D medical still, 9:16, shallow depth of field, tack-sharp reaction plane. No text, no logos, no palm tree, no URL, no vials, no pens, no people.","Silent. Camera: slow pull-back from a flashing peptide bond to the whole living cell, then hold. Stay on mitochondrial inner membrane, cristae folds, dense matrix with volumetric caustic shafts through translucent cytoplasm. Amino acids keep colliding and forming peptide bonds. No text, no logos, no vials, no pens.","Keep this as cristae reaction — amino acids assembling along inner membrane folds on mitochondrial inner membrane, cristae folds, dense matrix with volumetric caustic shafts through translucent cytoplasm and emerald cytosol grade, rose-gold peptide bonds. Hero structure: two helices as ONE stacked complex, champagne plus ice-blue. Delete every logo, palm tree, watermark, URL, caption, letter, number, and label. No vials, no pens, no people, no sunlit studio, no glass pedestal.",Active,0,,"mitochondrial inner membrane, cristae folds, dense matrix",volumetric caustic shafts through translucent cytoplasm,"slow pull-back from a flashing peptide bond to the whole living cell, then hold","emerald cytosol grade, rose-gold peptide bonds",cristae reaction — amino acids assembling along inner membrane folds,
PBVita-Chem-027,27,CHEM-027,chem_nucleus,Chemical breakdown — nuclear-envelope peptide reaction,paired helices as ONE stacked complex in gold and ice-blue,CJC (no DAC)/Ipamorelin,vertical_rise,slight-low,up,"9:16, starts at the lower membrane, rises along the reaction","chem reaction · CJC (no DAC)/Ipamorelin · paired helices as ONE stacked complex in gold and ice-blue · SET: the nuclear envelope — a pore tunnel, chromatin bokeh, nucleoplasm edge. Amino-acid monomers gather at the pore and form peptide bonds with wispy electron-… shot:vertical_rise · slight-low · nuclear envelope pore, chromatin bokeh, nucleopl · no text · no logo",6,"cinematic 3D medical animation of a cellular chemical reaction, photoreal, 8k, HDR, living cells plus amino acids reacting at microscopic scale, no vials, no pens, no people, no product studio, no readable text, no logos",9:16,15,720p,grok-imagine-image-2.0,kwaivgi/kling-v3.0-pro,2k,"HERO SUBJECT: paired helices as ONE stacked complex in gold and ice-blue. This still is a cellular chemical reaction of that structure — 'CJC (no DAC)/Ipamorelin' is never printed as text. SET: the nuclear envelope — a pore tunnel, chromatin bokeh, nucleoplasm edge. Amino-acid monomers gather at the pore and form peptide bonds with wispy electron-cloud filaments. SURFACE: nuclear envelope pore, chromatin bokeh, nucleoplasm edge. LIGHTING: cool bioluminescent fill with a warm flash at each peptide bond. COLOR GRADE: copper-amber organelle grade, cool cyan highlights. CAMERA: vertical_rise — slow vertical rise along the bilayer as amino acids lock into the chain, then hold. 9:16, starts at the lower membrane, rises along the reaction. Photoreal 3D medical still, 9:16, shallow depth of field, tack-sharp reaction plane. No text, no logos, no palm tree, no URL, no vials, no pens, no people.","Silent. Camera: slow vertical rise along the bilayer as amino acids lock into the chain, then hold. Stay on nuclear envelope pore, chromatin bokeh, nucleoplasm edge with cool bioluminescent fill with a warm flash at each peptide bond. Amino acids keep colliding and forming peptide bonds. No text, no logos, no vials, no pens.","Keep this as nuclear-pore reaction — amino acids assembling at the envelope edge on nuclear envelope pore, chromatin bokeh, nucleoplasm edge with cool bioluminescent fill with a warm flash at each peptide bond and copper-amber organelle grade, cool cyan highlights. Hero structure: paired helices as ONE stacked complex in gold and ice-blue. Delete every logo, palm tree, watermark, URL, caption, letter, number, and label. No vials, no pens, no people, no sunlit studio, no glass pedestal.",Active,0,,"nuclear envelope pore, chromatin bokeh, nucleoplasm edge",cool bioluminescent fill with a warm flash at each peptide bond,"slow vertical rise along the bilayer as amino acids lock into the chain, then hold","copper-amber organelle grade, cool cyan highlights",nuclear-pore reaction — amino acids assembling at the envelope edge,
PBVita-Chem-028,28,CHEM-028,chem_er,Chemical breakdown — ER-membrane peptide condensation,long helical peptide in champagne with soft speculars,Tesamorelin,lateral_drift,three-quarter-left,left to right,"9:16, slides along the membrane edge, reaction stays sharp","chem reaction · Tesamorelin · long helical peptide in champagne with soft speculars · SET: endoplasmic reticulum factory floor — stacked cisternae, ribosome-studded membrane. Amino acids condense into a growing peptide along the ER surface with b… shot:lateral_drift · three-quarter-left · endoplasmic reticulum cisternae, ribosome-studde · no text · no logo",6,"cinematic 3D medical animation of a cellular chemical reaction, photoreal, 8k, HDR, living cells plus amino acids reacting at microscopic scale, no vials, no pens, no people, no product studio, no readable text, no logos",9:16,15,720p,grok-imagine-image-2.0,kwaivgi/kling-v3.0-pro,2k,"HERO SUBJECT: long helical peptide in champagne with soft speculars. This still is a cellular chemical reaction of that structure — 'Tesamorelin' is never printed as text. SET: endoplasmic reticulum factory floor — stacked cisternae, ribosome-studded membrane. Amino acids condense into a growing peptide along the ER surface with bond flashes. SURFACE: endoplasmic reticulum cisternae, ribosome-studded membrane. LIGHTING: dark-field microscope look: near-black surround, luminous atoms. COLOR GRADE: cool microscopic medical grade, luminous amino acids vs navy cell. CAMERA: lateral_drift — slow lateral drift along the membrane as monomers collide and bonds flash, then hold. 9:16, slides along the membrane edge, reaction stays sharp. Photoreal 3D medical still, 9:16, shallow depth of field, tack-sharp reaction plane. No text, no logos, no palm tree, no URL, no vials, no pens, no people.","Silent. Camera: slow lateral drift along the membrane as monomers collide and bonds flash, then hold. Stay on endoplasmic reticulum cisternae, ribosome-studded membrane with dark-field microscope look: near-black surround, luminous atoms. Amino acids keep colliding and forming peptide bonds. No text, no logos, no vials, no pens.","Keep this as ER cisternae reaction — amino acids condensing on a ribosome-studded membrane on endoplasmic reticulum cisternae, ribosome-studded membrane with dark-field microscope look: near-black surround, luminous atoms and cool microscopic medical grade, luminous amino acids vs navy cell. Hero structure: long helical peptide in champagne with soft speculars. Delete every logo, palm tree, watermark, URL, caption, letter, number, and label. No vials, no pens, no people, no sunlit studio, no glass pedestal.",Active,0,,"endoplasmic reticulum cisternae, ribosome-studded membrane","dark-field microscope look: near-black surround, luminous atoms","slow lateral drift along the membrane as monomers collide and bonds flash, then hold","cool microscopic medical grade, luminous amino acids vs navy cell",ER cisternae reaction — amino acids condensing on a ribosome-studded membrane,
PBVita-Chem-029,29,CHEM-029,chem_vesicle,Chemical breakdown — vesicle-docking peptide reaction,short tripeptide in clean white-opal with rose-gold bonds,KPV,macro_detail,macro-plane,micro-push,"9:16, extreme close on two amino acids forming a peptide bond","chem reaction · KPV · short tripeptide in clean white-opal with rose-gold bonds · SET: a vesicle docking field in cytosolic haze — membrane orbs fuse at flashing patches. Amino-acid monomers cluster at one docking site and form peptide bonds … shot:macro_detail · macro-plane · vesicle docking field, cytosolic haze, membrane  · no text · no logo",6,"cinematic 3D medical animation of a cellular chemical reaction, photoreal, 8k, HDR, living cells plus amino acids reacting at microscopic scale, no vials, no pens, no people, no product studio, no readable text, no logos",9:16,15,720p,grok-imagine-image-2.0,kwaivgi/kling-v3.0-pro,2k,"HERO SUBJECT: short tripeptide in clean white-opal with rose-gold bonds. This still is a cellular chemical reaction of that structure — 'KPV' is never printed as text. SET: a vesicle docking field in cytosolic haze — membrane orbs fuse at flashing patches. Amino-acid monomers cluster at one docking site and form peptide bonds with energy flashes. SURFACE: vesicle docking field, cytosolic haze, membrane fusion sites. LIGHTING: dramatic subsurface glow from cytoplasm; reaction sparks at forming bonds. COLOR GRADE: high-contrast intracellular biotech: luminous bonds vs deep navy cytoplasm. CAMERA: macro_detail — creeping macro push onto the bond-forming atoms with a single energy flash, then hold. 9:16, extreme close on two amino acids forming a peptide bond. Photoreal 3D medical still, 9:16, shallow depth of field, tack-sharp reaction plane. No text, no logos, no palm tree, no URL, no vials, no pens, no people.","Silent. Camera: creeping macro push onto the bond-forming atoms with a single energy flash, then hold. Stay on vesicle docking field, cytosolic haze, membrane fusion sites with dramatic subsurface glow from cytoplasm; reaction sparks at forming bonds. Amino acids keep colliding and forming peptide bonds. No text, no logos, no vials, no pens.","Keep this as vesicle-field reaction — amino acids assembling at docking sites on vesicle docking field, cytosolic haze, membrane fusion sites with dramatic subsurface glow from cytoplasm; reaction sparks at forming bonds and high-contrast intracellular biotech: luminous bonds vs deep navy cytoplasm. Hero structure: short tripeptide in clean white-opal with rose-gold bonds. Delete every logo, palm tree, watermark, URL, caption, letter, number, and label. No vials, no pens, no people, no sunlit studio, no glass pedestal.",Active,0,,"vesicle docking field, cytosolic haze, membrane fusion sites",dramatic subsurface glow from cytoplasm; reaction sparks at forming bonds,"creeping macro push onto the bond-forming atoms with a single energy flash, then hold",high-contrast intracellular biotech: luminous bonds vs deep navy cytoplasm,vesicle-field reaction — amino acids assembling at docking sites,
PBVita-Chem-030,30,CHEM-030,chem_membrane,Chemical breakdown — amino-acid reaction at the cell membrane,neat helical peptide in champagne gold,CJC,static_lock,low-angle,no travel / locked,"9:16, locked volume, peptide chain growing in place, shallow DOF","chem reaction · CJC · neat helical peptide in champagne gold · SET: the OUTER membrane of a living cell — a wet lipid-bilayer sea, receptors like kelp, extracellular fluid in the foreground. Amino-acid monomers swarm, dock,… shot:static_lock · low-angle · living cell lipid bilayer, wet receptors, extrac · no text · no logo",6,"cinematic 3D medical animation of a cellular chemical reaction, photoreal, 8k, HDR, living cells plus amino acids reacting at microscopic scale, no vials, no pens, no people, no product studio, no readable text, no logos",9:16,15,720p,grok-imagine-image-2.0,kwaivgi/kling-v3.0-pro,2k,"HERO SUBJECT: neat helical peptide in champagne gold. This still is a cellular chemical reaction of that structure — 'CJC' is never printed as text. SET: the OUTER membrane of a living cell — a wet lipid-bilayer sea, receptors like kelp, extracellular fluid in the foreground. Amino-acid monomers swarm, dock, and form peptide bonds with energy flashes. A forming chain grows at one receptor. SURFACE: living cell lipid bilayer, wet receptors, extracellular fluid. LIGHTING: backlit cytoplasmic bloom plus hard spec on reacting amino-acid atoms. COLOR GRADE: teal-and-gold mitochondrial grade, warm bond sparks. CAMERA: static_lock — locked tripod, amino acids stream in and lock onto the growing chain with bond flashes. 9:16, locked volume, peptide chain growing in place, shallow DOF. Photoreal 3D medical still, 9:16, shallow depth of field, tack-sharp reaction plane. No text, no logos, no palm tree, no URL, no vials, no pens, no people.","Silent. Camera: locked tripod, amino acids stream in and lock onto the growing chain with bond flashes. Stay on living cell lipid bilayer, wet receptors, extracellular fluid with backlit cytoplasmic bloom plus hard spec on reacting amino-acid atoms. Amino acids keep colliding and forming peptide bonds. No text, no logos, no vials, no pens.","Keep this as membrane docking — amino acids assembling a peptide at a living cell on living cell lipid bilayer, wet receptors, extracellular fluid with backlit cytoplasmic bloom plus hard spec on reacting amino-acid atoms and teal-and-gold mitochondrial grade, warm bond sparks. Hero structure: neat helical peptide in champagne gold. Delete every logo, palm tree, watermark, URL, caption, letter, number, and label. No vials, no pens, no people, no sunlit studio, no glass pedestal.",Active,0,,"living cell lipid bilayer, wet receptors, extracellular fluid",backlit cytoplasmic bloom plus hard spec on reacting amino-acid atoms,"locked tripod, amino acids stream in and lock onto the growing chain with bond flashes","teal-and-gold mitochondrial grade, warm bond sparks",membrane docking — amino acids assembling a peptide at a living cell,
PBVita-Chem-031,31,CHEM-031,chem_cytosol,Chemical breakdown — intracellular amino-acid condensation,cyclic peptide in bronze and deep rose,Melanotan 2,push_in,eye-level,forward,"9:16, reaction plane mid-frame, finishes closer, shallow DOF","chem reaction · Melanotan 2 · cyclic peptide in bronze and deep rose · SET: INSIDE a living cell — crowded cytoplasm, organelle silhouettes, wet protein mesh. Amino-acid monomers stream toward a growing peptide and condense; each n… shot:push_in · eye-level · cytoplasm among organelles, ribosome-like machin · no text · no logo",6,"cinematic 3D medical animation of a cellular chemical reaction, photoreal, 8k, HDR, living cells plus amino acids reacting at microscopic scale, no vials, no pens, no people, no product studio, no readable text, no logos",9:16,15,720p,grok-imagine-image-2.0,kwaivgi/kling-v3.0-pro,2k,"HERO SUBJECT: cyclic peptide in bronze and deep rose. This still is a cellular chemical reaction of that structure — 'Melanotan 2' is never printed as text. SET: INSIDE a living cell — crowded cytoplasm, organelle silhouettes, wet protein mesh. Amino-acid monomers stream toward a growing peptide and condense; each new bond a sharp chemical flash. A nucleus or mitochondrion sits in bokeh. SURFACE: cytoplasm among organelles, ribosome-like machinery, wet protein mesh. LIGHTING: low-key rim light along the membrane; bond flashes as the only key. COLOR GRADE: violet-cyan night-lab grade, ice-blue amino acids. CAMERA: push_in — slow push-in as amino acids dock and peptide bonds flash, then hold. 9:16, reaction plane mid-frame, finishes closer, shallow DOF. Photoreal 3D medical still, 9:16, shallow depth of field, tack-sharp reaction plane. No text, no logos, no palm tree, no URL, no vials, no pens, no people.","Silent. Camera: slow push-in as amino acids dock and peptide bonds flash, then hold. Stay on cytoplasm among organelles, ribosome-like machinery, wet protein mesh with low-key rim light along the membrane; bond flashes as the only key. Amino acids keep colliding and forming peptide bonds. No text, no logos, no vials, no pens.","Keep this as cytosol condensation — amino acids locking into a peptide chain on cytoplasm among organelles, ribosome-like machinery, wet protein mesh with low-key rim light along the membrane; bond flashes as the only key and violet-cyan night-lab grade, ice-blue amino acids. Hero structure: cyclic peptide in bronze and deep rose. Delete every logo, palm tree, watermark, URL, caption, letter, number, and label. No vials, no pens, no people, no sunlit studio, no glass pedestal.",Active,0,,"cytoplasm among organelles, ribosome-like machinery, wet protein mesh",low-key rim light along the membrane; bond flashes as the only key,"slow push-in as amino acids dock and peptide bonds flash, then hold","violet-cyan night-lab grade, ice-blue amino acids",cytosol condensation — amino acids locking into a peptide chain,
PBVita-Chem-032,32,CHEM-032,chem_mito,Chemical breakdown — mitochondrial-membrane peptide assembly,mitochondrial peptide in teal and gold,SS-31,pull_back,slight-high,backward,"9:16, starts tight on a forming bond, reveals the full cell","chem reaction · SS-31 · mitochondrial peptide in teal and gold · SET: inside a mitochondrion — cristae as stacked canyons, dense matrix, inner membrane. Amino acids collide along the folds and form peptide bonds with brief en… shot:pull_back · slight-high · mitochondrial inner membrane, cristae folds, den · no text · no logo",6,"cinematic 3D medical animation of a cellular chemical reaction, photoreal, 8k, HDR, living cells plus amino acids reacting at microscopic scale, no vials, no pens, no people, no product studio, no readable text, no logos",9:16,15,720p,grok-imagine-image-2.0,kwaivgi/kling-v3.0-pro,2k,"HERO SUBJECT: mitochondrial peptide in teal and gold. This still is a cellular chemical reaction of that structure — 'SS-31' is never printed as text. SET: inside a mitochondrion — cristae as stacked canyons, dense matrix, inner membrane. Amino acids collide along the folds and form peptide bonds with brief energy flashes. SURFACE: mitochondrial inner membrane, cristae folds, dense matrix. LIGHTING: volumetric caustic shafts through translucent cytoplasm. COLOR GRADE: emerald cytosol grade, rose-gold peptide bonds. CAMERA: pull_back — slow pull-back from a flashing peptide bond to the whole living cell, then hold. 9:16, starts tight on a forming bond, reveals the full cell. Photoreal 3D medical still, 9:16, shallow depth of field, tack-sharp reaction plane. No text, no logos, no palm tree, no URL, no vials, no pens, no people.","Silent. Camera: slow pull-back from a flashing peptide bond to the whole living cell, then hold. Stay on mitochondrial inner membrane, cristae folds, dense matrix with volumetric caustic shafts through translucent cytoplasm. Amino acids keep colliding and forming peptide bonds. No text, no logos, no vials, no pens.","Keep this as cristae reaction — amino acids assembling along inner membrane folds on mitochondrial inner membrane, cristae folds, dense matrix with volumetric caustic shafts through translucent cytoplasm and emerald cytosol grade, rose-gold peptide bonds. Hero structure: mitochondrial peptide in teal and gold. Delete every logo, palm tree, watermark, URL, caption, letter, number, and label. No vials, no pens, no people, no sunlit studio, no glass pedestal.",Active,0,,"mitochondrial inner membrane, cristae folds, dense matrix",volumetric caustic shafts through translucent cytoplasm,"slow pull-back from a flashing peptide bond to the whole living cell, then hold","emerald cytosol grade, rose-gold peptide bonds",cristae reaction — amino acids assembling along inner membrane folds,
PBVita-Chem-033,33,CHEM-033,chem_nucleus,Chemical breakdown — nuclear-envelope peptide reaction,short peptide ribbon in pale gold with silver side-chain beads,AOD-9604,vertical_rise,slight-low,up,"9:16, starts at the lower membrane, rises along the reaction","chem reaction · AOD-9604 · short peptide ribbon in pale gold with silver side-chain beads · SET: the nuclear envelope — a pore tunnel, chromatin bokeh, nucleoplasm edge. Amino-acid monomers gather at the pore and form peptide bonds with wispy electron-… shot:vertical_rise · slight-low · nuclear envelope pore, chromatin bokeh, nucleopl · no text · no logo",6,"cinematic 3D medical animation of a cellular chemical reaction, photoreal, 8k, HDR, living cells plus amino acids reacting at microscopic scale, no vials, no pens, no people, no product studio, no readable text, no logos",9:16,15,720p,grok-imagine-image-2.0,kwaivgi/kling-v3.0-pro,2k,"HERO SUBJECT: short peptide ribbon in pale gold with silver side-chain beads. This still is a cellular chemical reaction of that structure — 'AOD-9604' is never printed as text. SET: the nuclear envelope — a pore tunnel, chromatin bokeh, nucleoplasm edge. Amino-acid monomers gather at the pore and form peptide bonds with wispy electron-cloud filaments. SURFACE: nuclear envelope pore, chromatin bokeh, nucleoplasm edge. LIGHTING: cool bioluminescent fill with a warm flash at each peptide bond. COLOR GRADE: copper-amber organelle grade, cool cyan highlights. CAMERA: vertical_rise — slow vertical rise along the bilayer as amino acids lock into the chain, then hold. 9:16, starts at the lower membrane, rises along the reaction. Photoreal 3D medical still, 9:16, shallow depth of field, tack-sharp reaction plane. No text, no logos, no palm tree, no URL, no vials, no pens, no people.","Silent. Camera: slow vertical rise along the bilayer as amino acids lock into the chain, then hold. Stay on nuclear envelope pore, chromatin bokeh, nucleoplasm edge with cool bioluminescent fill with a warm flash at each peptide bond. Amino acids keep colliding and forming peptide bonds. No text, no logos, no vials, no pens.","Keep this as nuclear-pore reaction — amino acids assembling at the envelope edge on nuclear envelope pore, chromatin bokeh, nucleoplasm edge with cool bioluminescent fill with a warm flash at each peptide bond and copper-amber organelle grade, cool cyan highlights. Hero structure: short peptide ribbon in pale gold with silver side-chain beads. Delete every logo, palm tree, watermark, URL, caption, letter, number, and label. No vials, no pens, no people, no sunlit studio, no glass pedestal.",Active,0,,"nuclear envelope pore, chromatin bokeh, nucleoplasm edge",cool bioluminescent fill with a warm flash at each peptide bond,"slow vertical rise along the bilayer as amino acids lock into the chain, then hold","copper-amber organelle grade, cool cyan highlights",nuclear-pore reaction — amino acids assembling at the envelope edge,
PBVita-Chem-034,34,CHEM-034,chem_er,Chemical breakdown — ER-membrane peptide condensation,"two complementary peptide ribbons — pink and teal — fused as ONE linked complex, not two separate heroes",BPC-157/TB-500,lateral_drift,three-quarter-left,left to right,"9:16, slides along the membrane edge, reaction stays sharp","chem reaction · BPC-157/TB-500 · two complementary peptide ribbons — pink and teal — fused as ONE linked complex, not two separate heroes · SET: endoplasmic reticulum factory floor — stacked cisternae, ribosome-studded membrane. Amino acids condense into a growing peptide along the ER surface with b… shot:lateral_drift · three-quarter-left · endoplasmic reticulum cisternae, ribosome-studde · no text · no logo",6,"cinematic 3D medical animation of a cellular chemical reaction, photoreal, 8k, HDR, living cells plus amino acids reacting at microscopic scale, no vials, no pens, no people, no product studio, no readable text, no logos",9:16,15,720p,grok-imagine-image-2.0,kwaivgi/kling-v3.0-pro,2k,"HERO SUBJECT: two complementary peptide ribbons — pink and teal — fused as ONE linked complex, not two separate heroes. This still is a cellular chemical reaction of that structure — 'BPC-157/TB-500' is never printed as text. SET: endoplasmic reticulum factory floor — stacked cisternae, ribosome-studded membrane. Amino acids condense into a growing peptide along the ER surface with bond flashes. SURFACE: endoplasmic reticulum cisternae, ribosome-studded membrane. LIGHTING: dark-field microscope look: near-black surround, luminous atoms. COLOR GRADE: cool microscopic medical grade, luminous amino acids vs navy cell. CAMERA: lateral_drift — slow lateral drift along the membrane as monomers collide and bonds flash, then hold. 9:16, slides along the membrane edge, reaction stays sharp. Photoreal 3D medical still, 9:16, shallow depth of field, tack-sharp reaction plane. No text, no logos, no palm tree, no URL, no vials, no pens, no people.","Silent. Camera: slow lateral drift along the membrane as monomers collide and bonds flash, then hold. Stay on endoplasmic reticulum cisternae, ribosome-studded membrane with dark-field microscope look: near-black surround, luminous atoms. Amino acids keep colliding and forming peptide bonds. No text, no logos, no vials, no pens.","Keep this as ER cisternae reaction — amino acids condensing on a ribosome-studded membrane on endoplasmic reticulum cisternae, ribosome-studded membrane with dark-field microscope look: near-black surround, luminous atoms and cool microscopic medical grade, luminous amino acids vs navy cell. Hero structure: two complementary peptide ribbons — pink and teal — fused as ONE linked complex, not two separate heroes. Delete every logo, palm tree, watermark, URL, caption, letter, number, and label. No vials, no pens, no people, no sunlit studio, no glass pedestal.",Active,0,,"endoplasmic reticulum cisternae, ribosome-studded membrane","dark-field microscope look: near-black surround, luminous atoms","slow lateral drift along the membrane as monomers collide and bonds flash, then hold","cool microscopic medical grade, luminous amino acids vs navy cell",ER cisternae reaction — amino acids condensing on a ribosome-studded membrane,
PBVita-Chem-035,35,CHEM-035,chem_vesicle,Chemical breakdown — vesicle-docking peptide reaction,short peptide in electric-sky blue glass,SEMAX,macro_detail,macro-plane,micro-push,"9:16, extreme close on two amino acids forming a peptide bond","chem reaction · SEMAX · short peptide in electric-sky blue glass · SET: a vesicle docking field in cytosolic haze — membrane orbs fuse at flashing patches. Amino-acid monomers cluster at one docking site and form peptide bonds … shot:macro_detail · macro-plane · vesicle docking field, cytosolic haze, membrane  · no text · no logo",6,"cinematic 3D medical animation of a cellular chemical reaction, photoreal, 8k, HDR, living cells plus amino acids reacting at microscopic scale, no vials, no pens, no people, no product studio, no readable text, no logos",9:16,15,720p,grok-imagine-image-2.0,kwaivgi/kling-v3.0-pro,2k,"HERO SUBJECT: short peptide in electric-sky blue glass. This still is a cellular chemical reaction of that structure — 'SEMAX' is never printed as text. SET: a vesicle docking field in cytosolic haze — membrane orbs fuse at flashing patches. Amino-acid monomers cluster at one docking site and form peptide bonds with energy flashes. SURFACE: vesicle docking field, cytosolic haze, membrane fusion sites. LIGHTING: dramatic subsurface glow from cytoplasm; reaction sparks at forming bonds. COLOR GRADE: high-contrast intracellular biotech: luminous bonds vs deep navy cytoplasm. CAMERA: macro_detail — creeping macro push onto the bond-forming atoms with a single energy flash, then hold. 9:16, extreme close on two amino acids forming a peptide bond. Photoreal 3D medical still, 9:16, shallow depth of field, tack-sharp reaction plane. No text, no logos, no palm tree, no URL, no vials, no pens, no people.","Silent. Camera: creeping macro push onto the bond-forming atoms with a single energy flash, then hold. Stay on vesicle docking field, cytosolic haze, membrane fusion sites with dramatic subsurface glow from cytoplasm; reaction sparks at forming bonds. Amino acids keep colliding and forming peptide bonds. No text, no logos, no vials, no pens.","Keep this as vesicle-field reaction — amino acids assembling at docking sites on vesicle docking field, cytosolic haze, membrane fusion sites with dramatic subsurface glow from cytoplasm; reaction sparks at forming bonds and high-contrast intracellular biotech: luminous bonds vs deep navy cytoplasm. Hero structure: short peptide in electric-sky blue glass. Delete every logo, palm tree, watermark, URL, caption, letter, number, and label. No vials, no pens, no people, no sunlit studio, no glass pedestal.",Active,0,,"vesicle docking field, cytosolic haze, membrane fusion sites",dramatic subsurface glow from cytoplasm; reaction sparks at forming bonds,"creeping macro push onto the bond-forming atoms with a single energy flash, then hold",high-contrast intracellular biotech: luminous bonds vs deep navy cytoplasm,vesicle-field reaction — amino acids assembling at docking sites,
PBVita-Chem-036,36,CHEM-036,chem_membrane,Chemical breakdown — amino-acid reaction at the cell membrane,warm copper-gold peptide blend with a single copper accent,KLOW,static_lock,low-angle,no travel / locked,"9:16, locked volume, peptide chain growing in place, shallow DOF","chem reaction · KLOW · warm copper-gold peptide blend with a single copper accent · SET: the OUTER membrane of a living cell — a wet lipid-bilayer sea, receptors like kelp, extracellular fluid in the foreground. Amino-acid monomers swarm, dock,… shot:static_lock · low-angle · living cell lipid bilayer, wet receptors, extrac · no text · no logo",6,"cinematic 3D medical animation of a cellular chemical reaction, photoreal, 8k, HDR, living cells plus amino acids reacting at microscopic scale, no vials, no pens, no people, no product studio, no readable text, no logos",9:16,15,720p,grok-imagine-image-2.0,kwaivgi/kling-v3.0-pro,2k,"HERO SUBJECT: warm copper-gold peptide blend with a single copper accent. This still is a cellular chemical reaction of that structure — 'KLOW' is never printed as text. SET: the OUTER membrane of a living cell — a wet lipid-bilayer sea, receptors like kelp, extracellular fluid in the foreground. Amino-acid monomers swarm, dock, and form peptide bonds with energy flashes. A forming chain grows at one receptor. SURFACE: living cell lipid bilayer, wet receptors, extracellular fluid. LIGHTING: backlit cytoplasmic bloom plus hard spec on reacting amino-acid atoms. COLOR GRADE: teal-and-gold mitochondrial grade, warm bond sparks. CAMERA: static_lock — locked tripod, amino acids stream in and lock onto the growing chain with bond flashes. 9:16, locked volume, peptide chain growing in place, shallow DOF. Photoreal 3D medical still, 9:16, shallow depth of field, tack-sharp reaction plane. No text, no logos, no palm tree, no URL, no vials, no pens, no people.","Silent. Camera: locked tripod, amino acids stream in and lock onto the growing chain with bond flashes. Stay on living cell lipid bilayer, wet receptors, extracellular fluid with backlit cytoplasmic bloom plus hard spec on reacting amino-acid atoms. Amino acids keep colliding and forming peptide bonds. No text, no logos, no vials, no pens.","Keep this as membrane docking — amino acids assembling a peptide at a living cell on living cell lipid bilayer, wet receptors, extracellular fluid with backlit cytoplasmic bloom plus hard spec on reacting amino-acid atoms and teal-and-gold mitochondrial grade, warm bond sparks. Hero structure: warm copper-gold peptide blend with a single copper accent. Delete every logo, palm tree, watermark, URL, caption, letter, number, and label. No vials, no pens, no people, no sunlit studio, no glass pedestal.",Active,0,,"living cell lipid bilayer, wet receptors, extracellular fluid",backlit cytoplasmic bloom plus hard spec on reacting amino-acid atoms,"locked tripod, amino acids stream in and lock onto the growing chain with bond flashes","teal-and-gold mitochondrial grade, warm bond sparks",membrane docking — amino acids assembling a peptide at a living cell,
PBVita-Chem-037,37,CHEM-037,chem_cytosol,Chemical breakdown — intracellular amino-acid condensation,long helical peptide in soft coral with metallic backbone,Cagrilinitide,push_in,eye-level,forward,"9:16, reaction plane mid-frame, finishes closer, shallow DOF","chem reaction · Cagrilinitide · long helical peptide in soft coral with metallic backbone · SET: INSIDE a living cell — crowded cytoplasm, organelle silhouettes, wet protein mesh. Amino-acid monomers stream toward a growing peptide and condense; each n… shot:push_in · eye-level · cytoplasm among organelles, ribosome-like machin · no text · no logo",6,"cinematic 3D medical animation of a cellular chemical reaction, photoreal, 8k, HDR, living cells plus amino acids reacting at microscopic scale, no vials, no pens, no people, no product studio, no readable text, no logos",9:16,15,720p,grok-imagine-image-2.0,kwaivgi/kling-v3.0-pro,2k,"HERO SUBJECT: long helical peptide in soft coral with metallic backbone. This still is a cellular chemical reaction of that structure — 'Cagrilinitide' is never printed as text. SET: INSIDE a living cell — crowded cytoplasm, organelle silhouettes, wet protein mesh. Amino-acid monomers stream toward a growing peptide and condense; each new bond a sharp chemical flash. A nucleus or mitochondrion sits in bokeh. SURFACE: cytoplasm among organelles, ribosome-like machinery, wet protein mesh. LIGHTING: low-key rim light along the membrane; bond flashes as the only key. COLOR GRADE: violet-cyan night-lab grade, ice-blue amino acids. CAMERA: push_in — slow push-in as amino acids dock and peptide bonds flash, then hold. 9:16, reaction plane mid-frame, finishes closer, shallow DOF. Photoreal 3D medical still, 9:16, shallow depth of field, tack-sharp reaction plane. No text, no logos, no palm tree, no URL, no vials, no pens, no people.","Silent. Camera: slow push-in as amino acids dock and peptide bonds flash, then hold. Stay on cytoplasm among organelles, ribosome-like machinery, wet protein mesh with low-key rim light along the membrane; bond flashes as the only key. Amino acids keep colliding and forming peptide bonds. No text, no logos, no vials, no pens.","Keep this as cytosol condensation — amino acids locking into a peptide chain on cytoplasm among organelles, ribosome-like machinery, wet protein mesh with low-key rim light along the membrane; bond flashes as the only key and violet-cyan night-lab grade, ice-blue amino acids. Hero structure: long helical peptide in soft coral with metallic backbone. Delete every logo, palm tree, watermark, URL, caption, letter, number, and label. No vials, no pens, no people, no sunlit studio, no glass pedestal.",Active,0,,"cytoplasm among organelles, ribosome-like machinery, wet protein mesh",low-key rim light along the membrane; bond flashes as the only key,"slow push-in as amino acids dock and peptide bonds flash, then hold","violet-cyan night-lab grade, ice-blue amino acids",cytosol condensation — amino acids locking into a peptide chain,
PBVita-Chem-038,38,CHEM-038,chem_mito,Chemical breakdown — mitochondrial-membrane peptide assembly,immune-research peptide ribbon in ivory and bronze,TA-1,pull_back,slight-high,backward,"9:16, starts tight on a forming bond, reveals the full cell","chem reaction · TA-1 · immune-research peptide ribbon in ivory and bronze · SET: inside a mitochondrion — cristae as stacked canyons, dense matrix, inner membrane. Amino acids collide along the folds and form peptide bonds with brief en… shot:pull_back · slight-high · mitochondrial inner membrane, cristae folds, den · no text · no logo",6,"cinematic 3D medical animation of a cellular chemical reaction, photoreal, 8k, HDR, living cells plus amino acids reacting at microscopic scale, no vials, no pens, no people, no product studio, no readable text, no logos",9:16,15,720p,grok-imagine-image-2.0,kwaivgi/kling-v3.0-pro,2k,"HERO SUBJECT: immune-research peptide ribbon in ivory and bronze. This still is a cellular chemical reaction of that structure — 'TA-1' is never printed as text. SET: inside a mitochondrion — cristae as stacked canyons, dense matrix, inner membrane. Amino acids collide along the folds and form peptide bonds with brief energy flashes. SURFACE: mitochondrial inner membrane, cristae folds, dense matrix. LIGHTING: volumetric caustic shafts through translucent cytoplasm. COLOR GRADE: emerald cytosol grade, rose-gold peptide bonds. CAMERA: pull_back — slow pull-back from a flashing peptide bond to the whole living cell, then hold. 9:16, starts tight on a forming bond, reveals the full cell. Photoreal 3D medical still, 9:16, shallow depth of field, tack-sharp reaction plane. No text, no logos, no palm tree, no URL, no vials, no pens, no people.","Silent. Camera: slow pull-back from a flashing peptide bond to the whole living cell, then hold. Stay on mitochondrial inner membrane, cristae folds, dense matrix with volumetric caustic shafts through translucent cytoplasm. Amino acids keep colliding and forming peptide bonds. No text, no logos, no vials, no pens.","Keep this as cristae reaction — amino acids assembling along inner membrane folds on mitochondrial inner membrane, cristae folds, dense matrix with volumetric caustic shafts through translucent cytoplasm and emerald cytosol grade, rose-gold peptide bonds. Hero structure: immune-research peptide ribbon in ivory and bronze. Delete every logo, palm tree, watermark, URL, caption, letter, number, and label. No vials, no pens, no people, no sunlit studio, no glass pedestal.",Active,0,,"mitochondrial inner membrane, cristae folds, dense matrix",volumetric caustic shafts through translucent cytoplasm,"slow pull-back from a flashing peptide bond to the whole living cell, then hold","emerald cytosol grade, rose-gold peptide bonds",cristae reaction — amino acids assembling along inner membrane folds,
PBVita-Chem-039,39,CHEM-039,chem_nucleus,Chemical breakdown — nuclear-envelope peptide reaction,compact sleep-research peptide in dusk lavender,DSIP,vertical_rise,slight-low,up,"9:16, starts at the lower membrane, rises along the reaction","chem reaction · DSIP · compact sleep-research peptide in dusk lavender · SET: the nuclear envelope — a pore tunnel, chromatin bokeh, nucleoplasm edge. Amino-acid monomers gather at the pore and form peptide bonds with wispy electron-… shot:vertical_rise · slight-low · nuclear envelope pore, chromatin bokeh, nucleopl · no text · no logo",6,"cinematic 3D medical animation of a cellular chemical reaction, photoreal, 8k, HDR, living cells plus amino acids reacting at microscopic scale, no vials, no pens, no people, no product studio, no readable text, no logos",9:16,15,720p,grok-imagine-image-2.0,kwaivgi/kling-v3.0-pro,2k,"HERO SUBJECT: compact sleep-research peptide in dusk lavender. This still is a cellular chemical reaction of that structure — 'DSIP' is never printed as text. SET: the nuclear envelope — a pore tunnel, chromatin bokeh, nucleoplasm edge. Amino-acid monomers gather at the pore and form peptide bonds with wispy electron-cloud filaments. SURFACE: nuclear envelope pore, chromatin bokeh, nucleoplasm edge. LIGHTING: cool bioluminescent fill with a warm flash at each peptide bond. COLOR GRADE: copper-amber organelle grade, cool cyan highlights. CAMERA: vertical_rise — slow vertical rise along the bilayer as amino acids lock into the chain, then hold. 9:16, starts at the lower membrane, rises along the reaction. Photoreal 3D medical still, 9:16, shallow depth of field, tack-sharp reaction plane. No text, no logos, no palm tree, no URL, no vials, no pens, no people.","Silent. Camera: slow vertical rise along the bilayer as amino acids lock into the chain, then hold. Stay on nuclear envelope pore, chromatin bokeh, nucleoplasm edge with cool bioluminescent fill with a warm flash at each peptide bond. Amino acids keep colliding and forming peptide bonds. No text, no logos, no vials, no pens.","Keep this as nuclear-pore reaction — amino acids assembling at the envelope edge on nuclear envelope pore, chromatin bokeh, nucleoplasm edge with cool bioluminescent fill with a warm flash at each peptide bond and copper-amber organelle grade, cool cyan highlights. Hero structure: compact sleep-research peptide in dusk lavender. Delete every logo, palm tree, watermark, URL, caption, letter, number, and label. No vials, no pens, no people, no sunlit studio, no glass pedestal.",Active,0,,"nuclear envelope pore, chromatin bokeh, nucleoplasm edge",cool bioluminescent fill with a warm flash at each peptide bond,"slow vertical rise along the bilayer as amino acids lock into the chain, then hold","copper-amber organelle grade, cool cyan highlights",nuclear-pore reaction — amino acids assembling at the envelope edge,
PBVita-Chem-040,40,CHEM-040,chem_er,Chemical breakdown — ER-membrane peptide condensation,"two helices as ONE stacked complex, champagne plus ice-blue",Tesamorelin/Ipamorelin,lateral_drift,three-quarter-left,left to right,"9:16, slides along the membrane edge, reaction stays sharp","chem reaction · Tesamorelin/Ipamorelin · two helices as ONE stacked complex, champagne plus ice-blue · SET: endoplasmic reticulum factory floor — stacked cisternae, ribosome-studded membrane. Amino acids condense into a growing peptide along the ER surface with b… shot:lateral_drift · three-quarter-left · endoplasmic reticulum cisternae, ribosome-studde · no text · no logo",6,"cinematic 3D medical animation of a cellular chemical reaction, photoreal, 8k, HDR, living cells plus amino acids reacting at microscopic scale, no vials, no pens, no people, no product studio, no readable text, no logos",9:16,15,720p,grok-imagine-image-2.0,kwaivgi/kling-v3.0-pro,2k,"HERO SUBJECT: two helices as ONE stacked complex, champagne plus ice-blue. This still is a cellular chemical reaction of that structure — 'Tesamorelin/Ipamorelin' is never printed as text. SET: endoplasmic reticulum factory floor — stacked cisternae, ribosome-studded membrane. Amino acids condense into a growing peptide along the ER surface with bond flashes. SURFACE: endoplasmic reticulum cisternae, ribosome-studded membrane. LIGHTING: dark-field microscope look: near-black surround, luminous atoms. COLOR GRADE: cool microscopic medical grade, luminous amino acids vs navy cell. CAMERA: lateral_drift — slow lateral drift along the membrane as monomers collide and bonds flash, then hold. 9:16, slides along the membrane edge, reaction stays sharp. Photoreal 3D medical still, 9:16, shallow depth of field, tack-sharp reaction plane. No text, no logos, no palm tree, no URL, no vials, no pens, no people.","Silent. Camera: slow lateral drift along the membrane as monomers collide and bonds flash, then hold. Stay on endoplasmic reticulum cisternae, ribosome-studded membrane with dark-field microscope look: near-black surround, luminous atoms. Amino acids keep colliding and forming peptide bonds. No text, no logos, no vials, no pens.","Keep this as ER cisternae reaction — amino acids condensing on a ribosome-studded membrane on endoplasmic reticulum cisternae, ribosome-studded membrane with dark-field microscope look: near-black surround, luminous atoms and cool microscopic medical grade, luminous amino acids vs navy cell. Hero structure: two helices as ONE stacked complex, champagne plus ice-blue. Delete every logo, palm tree, watermark, URL, caption, letter, number, and label. No vials, no pens, no people, no sunlit studio, no glass pedestal.",Active,0,,"endoplasmic reticulum cisternae, ribosome-studded membrane","dark-field microscope look: near-black surround, luminous atoms","slow lateral drift along the membrane as monomers collide and bonds flash, then hold","cool microscopic medical grade, luminous amino acids vs navy cell",ER cisternae reaction — amino acids condensing on a ribosome-studded membrane,
PBVita-Chem-041,41,CHEM-041,chem_vesicle,Chemical breakdown — vesicle-docking peptide reaction,paired helices as ONE stacked complex in gold and ice-blue,CJC (no DAC)/Ipamorelin,macro_detail,macro-plane,micro-push,"9:16, extreme close on two amino acids forming a peptide bond","chem reaction · CJC (no DAC)/Ipamorelin · paired helices as ONE stacked complex in gold and ice-blue · SET: a vesicle docking field in cytosolic haze — membrane orbs fuse at flashing patches. Amino-acid monomers cluster at one docking site and form peptide bonds … shot:macro_detail · macro-plane · vesicle docking field, cytosolic haze, membrane  · no text · no logo",6,"cinematic 3D medical animation of a cellular chemical reaction, photoreal, 8k, HDR, living cells plus amino acids reacting at microscopic scale, no vials, no pens, no people, no product studio, no readable text, no logos",9:16,15,720p,grok-imagine-image-2.0,kwaivgi/kling-v3.0-pro,2k,"HERO SUBJECT: paired helices as ONE stacked complex in gold and ice-blue. This still is a cellular chemical reaction of that structure — 'CJC (no DAC)/Ipamorelin' is never printed as text. SET: a vesicle docking field in cytosolic haze — membrane orbs fuse at flashing patches. Amino-acid monomers cluster at one docking site and form peptide bonds with energy flashes. SURFACE: vesicle docking field, cytosolic haze, membrane fusion sites. LIGHTING: dramatic subsurface glow from cytoplasm; reaction sparks at forming bonds. COLOR GRADE: high-contrast intracellular biotech: luminous bonds vs deep navy cytoplasm. CAMERA: macro_detail — creeping macro push onto the bond-forming atoms with a single energy flash, then hold. 9:16, extreme close on two amino acids forming a peptide bond. Photoreal 3D medical still, 9:16, shallow depth of field, tack-sharp reaction plane. No text, no logos, no palm tree, no URL, no vials, no pens, no people.","Silent. Camera: creeping macro push onto the bond-forming atoms with a single energy flash, then hold. Stay on vesicle docking field, cytosolic haze, membrane fusion sites with dramatic subsurface glow from cytoplasm; reaction sparks at forming bonds. Amino acids keep colliding and forming peptide bonds. No text, no logos, no vials, no pens.","Keep this as vesicle-field reaction — amino acids assembling at docking sites on vesicle docking field, cytosolic haze, membrane fusion sites with dramatic subsurface glow from cytoplasm; reaction sparks at forming bonds and high-contrast intracellular biotech: luminous bonds vs deep navy cytoplasm. Hero structure: paired helices as ONE stacked complex in gold and ice-blue. Delete every logo, palm tree, watermark, URL, caption, letter, number, and label. No vials, no pens, no people, no sunlit studio, no glass pedestal.",Active,0,,"vesicle docking field, cytosolic haze, membrane fusion sites",dramatic subsurface glow from cytoplasm; reaction sparks at forming bonds,"creeping macro push onto the bond-forming atoms with a single energy flash, then hold",high-contrast intracellular biotech: luminous bonds vs deep navy cytoplasm,vesicle-field reaction — amino acids assembling at docking sites,
PBVita-Chem-042,42,CHEM-042,chem_membrane,Chemical breakdown — amino-acid reaction at the cell membrane,"translucent pink-violet peptide ball-and-stick chain, glass-like atoms",BPC-157,static_lock,low-angle,no travel / locked,"9:16, locked volume, peptide chain growing in place, shallow DOF","chem reaction · BPC-157 · translucent pink-violet peptide ball-and-stick chain, glass-like atoms · SET: the OUTER membrane of a living cell — a wet lipid-bilayer sea, receptors like kelp, extracellular fluid in the foreground. Amino-acid monomers swarm, dock,… shot:static_lock · low-angle · living cell lipid bilayer, wet receptors, extrac · no text · no logo",6,"cinematic 3D medical animation of a cellular chemical reaction, photoreal, 8k, HDR, living cells plus amino acids reacting at microscopic scale, no vials, no pens, no people, no product studio, no readable text, no logos",9:16,15,720p,grok-imagine-image-2.0,kwaivgi/kling-v3.0-pro,2k,"HERO SUBJECT: translucent pink-violet peptide ball-and-stick chain, glass-like atoms. This still is a cellular chemical reaction of that structure — 'BPC-157' is never printed as text. SET: the OUTER membrane of a living cell — a wet lipid-bilayer sea, receptors like kelp, extracellular fluid in the foreground. Amino-acid monomers swarm, dock, and form peptide bonds with energy flashes. A forming chain grows at one receptor. SURFACE: living cell lipid bilayer, wet receptors, extracellular fluid. LIGHTING: backlit cytoplasmic bloom plus hard spec on reacting amino-acid atoms. COLOR GRADE: teal-and-gold mitochondrial grade, warm bond sparks. CAMERA: static_lock — locked tripod, amino acids stream in and lock onto the growing chain with bond flashes. 9:16, locked volume, peptide chain growing in place, shallow DOF. Photoreal 3D medical still, 9:16, shallow depth of field, tack-sharp reaction plane. No text, no logos, no palm tree, no URL, no vials, no pens, no people.","Silent. Camera: locked tripod, amino acids stream in and lock onto the growing chain with bond flashes. Stay on living cell lipid bilayer, wet receptors, extracellular fluid with backlit cytoplasmic bloom plus hard spec on reacting amino-acid atoms. Amino acids keep colliding and forming peptide bonds. No text, no logos, no vials, no pens.","Keep this as membrane docking — amino acids assembling a peptide at a living cell on living cell lipid bilayer, wet receptors, extracellular fluid with backlit cytoplasmic bloom plus hard spec on reacting amino-acid atoms and teal-and-gold mitochondrial grade, warm bond sparks. Hero structure: translucent pink-violet peptide ball-and-stick chain, glass-like atoms. Delete every logo, palm tree, watermark, URL, caption, letter, number, and label. No vials, no pens, no people, no sunlit studio, no glass pedestal.",Active,0,,"living cell lipid bilayer, wet receptors, extracellular fluid",backlit cytoplasmic bloom plus hard spec on reacting amino-acid atoms,"locked tripod, amino acids stream in and lock onto the growing chain with bond flashes","teal-and-gold mitochondrial grade, warm bond sparks",membrane docking — amino acids assembling a peptide at a living cell,
PBVita-Chem-043,43,CHEM-043,chem_cytosol,Chemical breakdown — intracellular amino-acid condensation,large multi-agonist peptide in peach and champagne,Retatrutide,push_in,eye-level,forward,"9:16, reaction plane mid-frame, finishes closer, shallow DOF","chem reaction · Retatrutide · large multi-agonist peptide in peach and champagne · SET: INSIDE a living cell — crowded cytoplasm, organelle silhouettes, wet protein mesh. Amino-acid monomers stream toward a growing peptide and condense; each n… shot:push_in · eye-level · cytoplasm among organelles, ribosome-like machin · no text · no logo",6,"cinematic 3D medical animation of a cellular chemical reaction, photoreal, 8k, HDR, living cells plus amino acids reacting at microscopic scale, no vials, no pens, no people, no product studio, no readable text, no logos",9:16,15,720p,grok-imagine-image-2.0,kwaivgi/kling-v3.0-pro,2k,"HERO SUBJECT: large multi-agonist peptide in peach and champagne. This still is a cellular chemical reaction of that structure — 'Retatrutide' is never printed as text. SET: INSIDE a living cell — crowded cytoplasm, organelle silhouettes, wet protein mesh. Amino-acid monomers stream toward a growing peptide and condense; each new bond a sharp chemical flash. A nucleus or mitochondrion sits in bokeh. SURFACE: cytoplasm among organelles, ribosome-like machinery, wet protein mesh. LIGHTING: low-key rim light along the membrane; bond flashes as the only key. COLOR GRADE: violet-cyan night-lab grade, ice-blue amino acids. CAMERA: push_in — slow push-in as amino acids dock and peptide bonds flash, then hold. 9:16, reaction plane mid-frame, finishes closer, shallow DOF. Photoreal 3D medical still, 9:16, shallow depth of field, tack-sharp reaction plane. No text, no logos, no palm tree, no URL, no vials, no pens, no people.","Silent. Camera: slow push-in as amino acids dock and peptide bonds flash, then hold. Stay on cytoplasm among organelles, ribosome-like machinery, wet protein mesh with low-key rim light along the membrane; bond flashes as the only key. Amino acids keep colliding and forming peptide bonds. No text, no logos, no vials, no pens.","Keep this as cytosol condensation — amino acids locking into a peptide chain on cytoplasm among organelles, ribosome-like machinery, wet protein mesh with low-key rim light along the membrane; bond flashes as the only key and violet-cyan night-lab grade, ice-blue amino acids. Hero structure: large multi-agonist peptide in peach and champagne. Delete every logo, palm tree, watermark, URL, caption, letter, number, and label. No vials, no pens, no people, no sunlit studio, no glass pedestal.",Active,0,,"cytoplasm among organelles, ribosome-like machinery, wet protein mesh",low-key rim light along the membrane; bond flashes as the only key,"slow push-in as amino acids dock and peptide bonds flash, then hold","violet-cyan night-lab grade, ice-blue amino acids",cytosol condensation — amino acids locking into a peptide chain,
PBVita-Chem-044,44,CHEM-044,chem_mito,Chemical breakdown — mitochondrial-membrane peptide assembly,copper-blue tripeptide complex with a single copper center glow,GHK-Cu,pull_back,slight-high,backward,"9:16, starts tight on a forming bond, reveals the full cell","chem reaction · GHK-Cu · copper-blue tripeptide complex with a single copper center glow · SET: inside a mitochondrion — cristae as stacked canyons, dense matrix, inner membrane. Amino acids collide along the folds and form peptide bonds with brief en… shot:pull_back · slight-high · mitochondrial inner membrane, cristae folds, den · no text · no logo",6,"cinematic 3D medical animation of a cellular chemical reaction, photoreal, 8k, HDR, living cells plus amino acids reacting at microscopic scale, no vials, no pens, no people, no product studio, no readable text, no logos",9:16,15,720p,grok-imagine-image-2.0,kwaivgi/kling-v3.0-pro,2k,"HERO SUBJECT: copper-blue tripeptide complex with a single copper center glow. This still is a cellular chemical reaction of that structure — 'GHK-Cu' is never printed as text. SET: inside a mitochondrion — cristae as stacked canyons, dense matrix, inner membrane. Amino acids collide along the folds and form peptide bonds with brief energy flashes. SURFACE: mitochondrial inner membrane, cristae folds, dense matrix. LIGHTING: volumetric caustic shafts through translucent cytoplasm. COLOR GRADE: emerald cytosol grade, rose-gold peptide bonds. CAMERA: pull_back — slow pull-back from a flashing peptide bond to the whole living cell, then hold. 9:16, starts tight on a forming bond, reveals the full cell. Photoreal 3D medical still, 9:16, shallow depth of field, tack-sharp reaction plane. No text, no logos, no palm tree, no URL, no vials, no pens, no people.","Silent. Camera: slow pull-back from a flashing peptide bond to the whole living cell, then hold. Stay on mitochondrial inner membrane, cristae folds, dense matrix with volumetric caustic shafts through translucent cytoplasm. Amino acids keep colliding and forming peptide bonds. No text, no logos, no vials, no pens.","Keep this as cristae reaction — amino acids assembling along inner membrane folds on mitochondrial inner membrane, cristae folds, dense matrix with volumetric caustic shafts through translucent cytoplasm and emerald cytosol grade, rose-gold peptide bonds. Hero structure: copper-blue tripeptide complex with a single copper center glow. Delete every logo, palm tree, watermark, URL, caption, letter, number, and label. No vials, no pens, no people, no sunlit studio, no glass pedestal.",Active,0,,"mitochondrial inner membrane, cristae folds, dense matrix",volumetric caustic shafts through translucent cytoplasm,"slow pull-back from a flashing peptide bond to the whole living cell, then hold","emerald cytosol grade, rose-gold peptide bonds",cristae reaction — amino acids assembling along inner membrane folds,
PBVita-Chem-045,45,CHEM-045,chem_nucleus,Chemical breakdown — nuclear-envelope peptide reaction,"classic dinucleotide: two rings, amber-gold phosphates, photoreal",NAD+,vertical_rise,slight-low,up,"9:16, starts at the lower membrane, rises along the reaction","chem reaction · NAD+ · classic dinucleotide: two rings, amber-gold phosphates, photoreal · SET: the nuclear envelope — a pore tunnel, chromatin bokeh, nucleoplasm edge. Amino-acid monomers gather at the pore and form peptide bonds with wispy electron-… shot:vertical_rise · slight-low · nuclear envelope pore, chromatin bokeh, nucleopl · no text · no logo",6,"cinematic 3D medical animation of a cellular chemical reaction, photoreal, 8k, HDR, living cells plus amino acids reacting at microscopic scale, no vials, no pens, no people, no product studio, no readable text, no logos",9:16,15,720p,grok-imagine-image-2.0,kwaivgi/kling-v3.0-pro,2k,"HERO SUBJECT: classic dinucleotide: two rings, amber-gold phosphates, photoreal. This still is a cellular chemical reaction of that structure — 'NAD+' is never printed as text. SET: the nuclear envelope — a pore tunnel, chromatin bokeh, nucleoplasm edge. Amino-acid monomers gather at the pore and form peptide bonds with wispy electron-cloud filaments. SURFACE: nuclear envelope pore, chromatin bokeh, nucleoplasm edge. LIGHTING: cool bioluminescent fill with a warm flash at each peptide bond. COLOR GRADE: copper-amber organelle grade, cool cyan highlights. CAMERA: vertical_rise — slow vertical rise along the bilayer as amino acids lock into the chain, then hold. 9:16, starts at the lower membrane, rises along the reaction. Photoreal 3D medical still, 9:16, shallow depth of field, tack-sharp reaction plane. No text, no logos, no palm tree, no URL, no vials, no pens, no people.","Silent. Camera: slow vertical rise along the bilayer as amino acids lock into the chain, then hold. Stay on nuclear envelope pore, chromatin bokeh, nucleoplasm edge with cool bioluminescent fill with a warm flash at each peptide bond. Amino acids keep colliding and forming peptide bonds. No text, no logos, no vials, no pens.","Keep this as nuclear-pore reaction — amino acids assembling at the envelope edge on nuclear envelope pore, chromatin bokeh, nucleoplasm edge with cool bioluminescent fill with a warm flash at each peptide bond and copper-amber organelle grade, cool cyan highlights. Hero structure: classic dinucleotide: two rings, amber-gold phosphates, photoreal. Delete every logo, palm tree, watermark, URL, caption, letter, number, and label. No vials, no pens, no people, no sunlit studio, no glass pedestal.",Active,0,,"nuclear envelope pore, chromatin bokeh, nucleoplasm edge",cool bioluminescent fill with a warm flash at each peptide bond,"slow vertical rise along the bilayer as amino acids lock into the chain, then hold","copper-amber organelle grade, cool cyan highlights",nuclear-pore reaction — amino acids assembling at the envelope edge,
PBVita-Chem-046,46,CHEM-046,chem_er,Chemical breakdown — ER-membrane peptide condensation,long lipidated peptide in coral with a single lipid tail,Semaglutide,lateral_drift,three-quarter-left,left to right,"9:16, slides along the membrane edge, reaction stays sharp","chem reaction · Semaglutide · long lipidated peptide in coral with a single lipid tail · SET: endoplasmic reticulum factory floor — stacked cisternae, ribosome-studded membrane. Amino acids condense into a growing peptide along the ER surface with b… shot:lateral_drift · three-quarter-left · endoplasmic reticulum cisternae, ribosome-studde · no text · no logo",6,"cinematic 3D medical animation of a cellular chemical reaction, photoreal, 8k, HDR, living cells plus amino acids reacting at microscopic scale, no vials, no pens, no people, no product studio, no readable text, no logos",9:16,15,720p,grok-imagine-image-2.0,kwaivgi/kling-v3.0-pro,2k,"HERO SUBJECT: long lipidated peptide in coral with a single lipid tail. This still is a cellular chemical reaction of that structure — 'Semaglutide' is never printed as text. SET: endoplasmic reticulum factory floor — stacked cisternae, ribosome-studded membrane. Amino acids condense into a growing peptide along the ER surface with bond flashes. SURFACE: endoplasmic reticulum cisternae, ribosome-studded membrane. LIGHTING: dark-field microscope look: near-black surround, luminous atoms. COLOR GRADE: cool microscopic medical grade, luminous amino acids vs navy cell. CAMERA: lateral_drift — slow lateral drift along the membrane as monomers collide and bonds flash, then hold. 9:16, slides along the membrane edge, reaction stays sharp. Photoreal 3D medical still, 9:16, shallow depth of field, tack-sharp reaction plane. No text, no logos, no palm tree, no URL, no vials, no pens, no people.","Silent. Camera: slow lateral drift along the membrane as monomers collide and bonds flash, then hold. Stay on endoplasmic reticulum cisternae, ribosome-studded membrane with dark-field microscope look: near-black surround, luminous atoms. Amino acids keep colliding and forming peptide bonds. No text, no logos, no vials, no pens.","Keep this as ER cisternae reaction — amino acids condensing on a ribosome-studded membrane on endoplasmic reticulum cisternae, ribosome-studded membrane with dark-field microscope look: near-black surround, luminous atoms and cool microscopic medical grade, luminous amino acids vs navy cell. Hero structure: long lipidated peptide in coral with a single lipid tail. Delete every logo, palm tree, watermark, URL, caption, letter, number, and label. No vials, no pens, no people, no sunlit studio, no glass pedestal.",Active,0,,"endoplasmic reticulum cisternae, ribosome-studded membrane","dark-field microscope look: near-black surround, luminous atoms","slow lateral drift along the membrane as monomers collide and bonds flash, then hold","cool microscopic medical grade, luminous amino acids vs navy cell",ER cisternae reaction — amino acids condensing on a ribosome-studded membrane,
PBVita-Chem-047,47,CHEM-047,chem_vesicle,Chemical breakdown — vesicle-docking peptide reaction,"bright cyan-blue peptide blend, luminous but photoreal glass atoms",GLOW,macro_detail,macro-plane,micro-push,"9:16, extreme close on two amino acids forming a peptide bond","chem reaction · GLOW · bright cyan-blue peptide blend, luminous but photoreal glass atoms · SET: a vesicle docking field in cytosolic haze — membrane orbs fuse at flashing patches. Amino-acid monomers cluster at one docking site and form peptide bonds … shot:macro_detail · macro-plane · vesicle docking field, cytosolic haze, membrane  · no text · no logo",6,"cinematic 3D medical animation of a cellular chemical reaction, photoreal, 8k, HDR, living cells plus amino acids reacting at microscopic scale, no vials, no pens, no people, no product studio, no readable text, no logos",9:16,15,720p,grok-imagine-image-2.0,kwaivgi/kling-v3.0-pro,2k,"HERO SUBJECT: bright cyan-blue peptide blend, luminous but photoreal glass atoms. This still is a cellular chemical reaction of that structure — 'GLOW' is never printed as text. SET: a vesicle docking field in cytosolic haze — membrane orbs fuse at flashing patches. Amino-acid monomers cluster at one docking site and form peptide bonds with energy flashes. SURFACE: vesicle docking field, cytosolic haze, membrane fusion sites. LIGHTING: dramatic subsurface glow from cytoplasm; reaction sparks at forming bonds. COLOR GRADE: high-contrast intracellular biotech: luminous bonds vs deep navy cytoplasm. CAMERA: macro_detail — creeping macro push onto the bond-forming atoms with a single energy flash, then hold. 9:16, extreme close on two amino acids forming a peptide bond. Photoreal 3D medical still, 9:16, shallow depth of field, tack-sharp reaction plane. No text, no logos, no palm tree, no URL, no vials, no pens, no people.","Silent. Camera: creeping macro push onto the bond-forming atoms with a single energy flash, then hold. Stay on vesicle docking field, cytosolic haze, membrane fusion sites with dramatic subsurface glow from cytoplasm; reaction sparks at forming bonds. Amino acids keep colliding and forming peptide bonds. No text, no logos, no vials, no pens.","Keep this as vesicle-field reaction — amino acids assembling at docking sites on vesicle docking field, cytosolic haze, membrane fusion sites with dramatic subsurface glow from cytoplasm; reaction sparks at forming bonds and high-contrast intracellular biotech: luminous bonds vs deep navy cytoplasm. Hero structure: bright cyan-blue peptide blend, luminous but photoreal glass atoms. Delete every logo, palm tree, watermark, URL, caption, letter, number, and label. No vials, no pens, no people, no sunlit studio, no glass pedestal.",Active,0,,"vesicle docking field, cytosolic haze, membrane fusion sites",dramatic subsurface glow from cytoplasm; reaction sparks at forming bonds,"creeping macro push onto the bond-forming atoms with a single energy flash, then hold",high-contrast intracellular biotech: luminous bonds vs deep navy cytoplasm,vesicle-field reaction — amino acids assembling at docking sites,
PBVita-Chem-048,48,CHEM-048,chem_membrane,Chemical breakdown — amino-acid reaction at the cell membrane,growth-research peptide helix in pale platinum,Sermorelin,static_lock,low-angle,no travel / locked,"9:16, locked volume, peptide chain growing in place, shallow DOF","chem reaction · Sermorelin · growth-research peptide helix in pale platinum · SET: the OUTER membrane of a living cell — a wet lipid-bilayer sea, receptors like kelp, extracellular fluid in the foreground. Amino-acid monomers swarm, dock,… shot:static_lock · low-angle · living cell lipid bilayer, wet receptors, extrac · no text · no logo",6,"cinematic 3D medical animation of a cellular chemical reaction, photoreal, 8k, HDR, living cells plus amino acids reacting at microscopic scale, no vials, no pens, no people, no product studio, no readable text, no logos",9:16,15,720p,grok-imagine-image-2.0,kwaivgi/kling-v3.0-pro,2k,"HERO SUBJECT: growth-research peptide helix in pale platinum. This still is a cellular chemical reaction of that structure — 'Sermorelin' is never printed as text. SET: the OUTER membrane of a living cell — a wet lipid-bilayer sea, receptors like kelp, extracellular fluid in the foreground. Amino-acid monomers swarm, dock, and form peptide bonds with energy flashes. A forming chain grows at one receptor. SURFACE: living cell lipid bilayer, wet receptors, extracellular fluid. LIGHTING: backlit cytoplasmic bloom plus hard spec on reacting amino-acid atoms. COLOR GRADE: teal-and-gold mitochondrial grade, warm bond sparks. CAMERA: static_lock — locked tripod, amino acids stream in and lock onto the growing chain with bond flashes. 9:16, locked volume, peptide chain growing in place, shallow DOF. Photoreal 3D medical still, 9:16, shallow depth of field, tack-sharp reaction plane. No text, no logos, no palm tree, no URL, no vials, no pens, no people.","Silent. Camera: locked tripod, amino acids stream in and lock onto the growing chain with bond flashes. Stay on living cell lipid bilayer, wet receptors, extracellular fluid with backlit cytoplasmic bloom plus hard spec on reacting amino-acid atoms. Amino acids keep colliding and forming peptide bonds. No text, no logos, no vials, no pens.","Keep this as membrane docking — amino acids assembling a peptide at a living cell on living cell lipid bilayer, wet receptors, extracellular fluid with backlit cytoplasmic bloom plus hard spec on reacting amino-acid atoms and teal-and-gold mitochondrial grade, warm bond sparks. Hero structure: growth-research peptide helix in pale platinum. Delete every logo, palm tree, watermark, URL, caption, letter, number, and label. No vials, no pens, no people, no sunlit studio, no glass pedestal.",Active,0,,"living cell lipid bilayer, wet receptors, extracellular fluid",backlit cytoplasmic bloom plus hard spec on reacting amino-acid atoms,"locked tripod, amino acids stream in and lock onto the growing chain with bond flashes","teal-and-gold mitochondrial grade, warm bond sparks",membrane docking — amino acids assembling a peptide at a living cell,
PBVita-Chem-049,49,CHEM-049,chem_cytosol,Chemical breakdown — intracellular amino-acid condensation,cyclic peptide in wine-rose with silver bonds,PT-141,push_in,eye-level,forward,"9:16, reaction plane mid-frame, finishes closer, shallow DOF","chem reaction · PT-141 · cyclic peptide in wine-rose with silver bonds · SET: INSIDE a living cell — crowded cytoplasm, organelle silhouettes, wet protein mesh. Amino-acid monomers stream toward a growing peptide and condense; each n… shot:push_in · eye-level · cytoplasm among organelles, ribosome-like machin · no text · no logo",6,"cinematic 3D medical animation of a cellular chemical reaction, photoreal, 8k, HDR, living cells plus amino acids reacting at microscopic scale, no vials, no pens, no people, no product studio, no readable text, no logos",9:16,15,720p,grok-imagine-image-2.0,kwaivgi/kling-v3.0-pro,2k,"HERO SUBJECT: cyclic peptide in wine-rose with silver bonds. This still is a cellular chemical reaction of that structure — 'PT-141' is never printed as text. SET: INSIDE a living cell — crowded cytoplasm, organelle silhouettes, wet protein mesh. Amino-acid monomers stream toward a growing peptide and condense; each new bond a sharp chemical flash. A nucleus or mitochondrion sits in bokeh. SURFACE: cytoplasm among organelles, ribosome-like machinery, wet protein mesh. LIGHTING: low-key rim light along the membrane; bond flashes as the only key. COLOR GRADE: violet-cyan night-lab grade, ice-blue amino acids. CAMERA: push_in — slow push-in as amino acids dock and peptide bonds flash, then hold. 9:16, reaction plane mid-frame, finishes closer, shallow DOF. Photoreal 3D medical still, 9:16, shallow depth of field, tack-sharp reaction plane. No text, no logos, no palm tree, no URL, no vials, no pens, no people.","Silent. Camera: slow push-in as amino acids dock and peptide bonds flash, then hold. Stay on cytoplasm among organelles, ribosome-like machinery, wet protein mesh with low-key rim light along the membrane; bond flashes as the only key. Amino acids keep colliding and forming peptide bonds. No text, no logos, no vials, no pens.","Keep this as cytosol condensation — amino acids locking into a peptide chain on cytoplasm among organelles, ribosome-like machinery, wet protein mesh with low-key rim light along the membrane; bond flashes as the only key and violet-cyan night-lab grade, ice-blue amino acids. Hero structure: cyclic peptide in wine-rose with silver bonds. Delete every logo, palm tree, watermark, URL, caption, letter, number, and label. No vials, no pens, no people, no sunlit studio, no glass pedestal.",Active,0,,"cytoplasm among organelles, ribosome-like machinery, wet protein mesh",low-key rim light along the membrane; bond flashes as the only key,"slow push-in as amino acids dock and peptide bonds flash, then hold","violet-cyan night-lab grade, ice-blue amino acids",cytosol condensation — amino acids locking into a peptide chain,
PBVita-Chem-050,50,CHEM-050,chem_mito,Chemical breakdown — mitochondrial-membrane peptide assembly,dual-agonist peptide in warm terracotta and gold,Tirzepatide,pull_back,slight-high,backward,"9:16, starts tight on a forming bond, reveals the full cell","chem reaction · Tirzepatide · dual-agonist peptide in warm terracotta and gold · SET: inside a mitochondrion — cristae as stacked canyons, dense matrix, inner membrane. Amino acids collide along the folds and form peptide bonds with brief en… shot:pull_back · slight-high · mitochondrial inner membrane, cristae folds, den · no text · no logo",6,"cinematic 3D medical animation of a cellular chemical reaction, photoreal, 8k, HDR, living cells plus amino acids reacting at microscopic scale, no vials, no pens, no people, no product studio, no readable text, no logos",9:16,15,720p,grok-imagine-image-2.0,kwaivgi/kling-v3.0-pro,2k,"HERO SUBJECT: dual-agonist peptide in warm terracotta and gold. This still is a cellular chemical reaction of that structure — 'Tirzepatide' is never printed as text. SET: inside a mitochondrion — cristae as stacked canyons, dense matrix, inner membrane. Amino acids collide along the folds and form peptide bonds with brief energy flashes. SURFACE: mitochondrial inner membrane, cristae folds, dense matrix. LIGHTING: volumetric caustic shafts through translucent cytoplasm. COLOR GRADE: emerald cytosol grade, rose-gold peptide bonds. CAMERA: pull_back — slow pull-back from a flashing peptide bond to the whole living cell, then hold. 9:16, starts tight on a forming bond, reveals the full cell. Photoreal 3D medical still, 9:16, shallow depth of field, tack-sharp reaction plane. No text, no logos, no palm tree, no URL, no vials, no pens, no people.","Silent. Camera: slow pull-back from a flashing peptide bond to the whole living cell, then hold. Stay on mitochondrial inner membrane, cristae folds, dense matrix with volumetric caustic shafts through translucent cytoplasm. Amino acids keep colliding and forming peptide bonds. No text, no logos, no vials, no pens.","Keep this as cristae reaction — amino acids assembling along inner membrane folds on mitochondrial inner membrane, cristae folds, dense matrix with volumetric caustic shafts through translucent cytoplasm and emerald cytosol grade, rose-gold peptide bonds. Hero structure: dual-agonist peptide in warm terracotta and gold. Delete every logo, palm tree, watermark, URL, caption, letter, number, and label. No vials, no pens, no people, no sunlit studio, no glass pedestal.",Active,0,,"mitochondrial inner membrane, cristae folds, dense matrix",volumetric caustic shafts through translucent cytoplasm,"slow pull-back from a flashing peptide bond to the whole living cell, then hold","emerald cytosol grade, rose-gold peptide bonds",cristae reaction — amino acids assembling along inner membrane folds,
PBVita-Chem-051,51,CHEM-051,chem_nucleus,Chemical breakdown — nuclear-envelope peptide reaction,compact mitochondrial peptide in sunlit gold,MOTS-C,vertical_rise,slight-low,up,"9:16, starts at the lower membrane, rises along the reaction","chem reaction · MOTS-C · compact mitochondrial peptide in sunlit gold · SET: the nuclear envelope — a pore tunnel, chromatin bokeh, nucleoplasm edge. Amino-acid monomers gather at the pore and form peptide bonds with wispy electron-… shot:vertical_rise · slight-low · nuclear envelope pore, chromatin bokeh, nucleopl · no text · no logo",6,"cinematic 3D medical animation of a cellular chemical reaction, photoreal, 8k, HDR, living cells plus amino acids reacting at microscopic scale, no vials, no pens, no people, no product studio, no readable text, no logos",9:16,15,720p,grok-imagine-image-2.0,kwaivgi/kling-v3.0-pro,2k,"HERO SUBJECT: compact mitochondrial peptide in sunlit gold. This still is a cellular chemical reaction of that structure — 'MOTS-C' is never printed as text. SET: the nuclear envelope — a pore tunnel, chromatin bokeh, nucleoplasm edge. Amino-acid monomers gather at the pore and form peptide bonds with wispy electron-cloud filaments. SURFACE: nuclear envelope pore, chromatin bokeh, nucleoplasm edge. LIGHTING: cool bioluminescent fill with a warm flash at each peptide bond. COLOR GRADE: copper-amber organelle grade, cool cyan highlights. CAMERA: vertical_rise — slow vertical rise along the bilayer as amino acids lock into the chain, then hold. 9:16, starts at the lower membrane, rises along the reaction. Photoreal 3D medical still, 9:16, shallow depth of field, tack-sharp reaction plane. No text, no logos, no palm tree, no URL, no vials, no pens, no people.","Silent. Camera: slow vertical rise along the bilayer as amino acids lock into the chain, then hold. Stay on nuclear envelope pore, chromatin bokeh, nucleoplasm edge with cool bioluminescent fill with a warm flash at each peptide bond. Amino acids keep colliding and forming peptide bonds. No text, no logos, no vials, no pens.","Keep this as nuclear-pore reaction — amino acids assembling at the envelope edge on nuclear envelope pore, chromatin bokeh, nucleoplasm edge with cool bioluminescent fill with a warm flash at each peptide bond and copper-amber organelle grade, cool cyan highlights. Hero structure: compact mitochondrial peptide in sunlit gold. Delete every logo, palm tree, watermark, URL, caption, letter, number, and label. No vials, no pens, no people, no sunlit studio, no glass pedestal.",Active,0,,"nuclear envelope pore, chromatin bokeh, nucleoplasm edge",cool bioluminescent fill with a warm flash at each peptide bond,"slow vertical rise along the bilayer as amino acids lock into the chain, then hold","copper-amber organelle grade, cool cyan highlights",nuclear-pore reaction — amino acids assembling at the envelope edge,
PBVita-Chem-052,52,CHEM-052,chem_er,Chemical breakdown — ER-membrane peptide condensation,short neat peptide in cool mint glass,Selank,lateral_drift,three-quarter-left,left to right,"9:16, slides along the membrane edge, reaction stays sharp","chem reaction · Selank · short neat peptide in cool mint glass · SET: endoplasmic reticulum factory floor — stacked cisternae, ribosome-studded membrane. Amino acids condense into a growing peptide along the ER surface with b… shot:lateral_drift · three-quarter-left · endoplasmic reticulum cisternae, ribosome-studde · no text · no logo",6,"cinematic 3D medical animation of a cellular chemical reaction, photoreal, 8k, HDR, living cells plus amino acids reacting at microscopic scale, no vials, no pens, no people, no product studio, no readable text, no logos",9:16,15,720p,grok-imagine-image-2.0,kwaivgi/kling-v3.0-pro,2k,"HERO SUBJECT: short neat peptide in cool mint glass. This still is a cellular chemical reaction of that structure — 'Selank' is never printed as text. SET: endoplasmic reticulum factory floor — stacked cisternae, ribosome-studded membrane. Amino acids condense into a growing peptide along the ER surface with bond flashes. SURFACE: endoplasmic reticulum cisternae, ribosome-studded membrane. LIGHTING: dark-field microscope look: near-black surround, luminous atoms. COLOR GRADE: cool microscopic medical grade, luminous amino acids vs navy cell. CAMERA: lateral_drift — slow lateral drift along the membrane as monomers collide and bonds flash, then hold. 9:16, slides along the membrane edge, reaction stays sharp. Photoreal 3D medical still, 9:16, shallow depth of field, tack-sharp reaction plane. No text, no logos, no palm tree, no URL, no vials, no pens, no people.","Silent. Camera: slow lateral drift along the membrane as monomers collide and bonds flash, then hold. Stay on endoplasmic reticulum cisternae, ribosome-studded membrane with dark-field microscope look: near-black surround, luminous atoms. Amino acids keep colliding and forming peptide bonds. No text, no logos, no vials, no pens.","Keep this as ER cisternae reaction — amino acids condensing on a ribosome-studded membrane on endoplasmic reticulum cisternae, ribosome-studded membrane with dark-field microscope look: near-black surround, luminous atoms and cool microscopic medical grade, luminous amino acids vs navy cell. Hero structure: short neat peptide in cool mint glass. Delete every logo, palm tree, watermark, URL, caption, letter, number, and label. No vials, no pens, no people, no sunlit studio, no glass pedestal.",Active,0,,"endoplasmic reticulum cisternae, ribosome-studded membrane","dark-field microscope look: near-black surround, luminous atoms","slow lateral drift along the membrane as monomers collide and bonds flash, then hold","cool microscopic medical grade, luminous amino acids vs navy cell",ER cisternae reaction — amino acids condensing on a ribosome-studded membrane,
PBVita-Chem-053,53,CHEM-053,chem_vesicle,Chemical breakdown — vesicle-docking peptide reaction,actin-research peptide in ocean teal ball-and-stick,TB-500,macro_detail,macro-plane,micro-push,"9:16, extreme close on two amino acids forming a peptide bond","chem reaction · TB-500 · actin-research peptide in ocean teal ball-and-stick · SET: a vesicle docking field in cytosolic haze — membrane orbs fuse at flashing patches. Amino-acid monomers cluster at one docking site and form peptide bonds … shot:macro_detail · macro-plane · vesicle docking field, cytosolic haze, membrane  · no text · no logo",6,"cinematic 3D medical animation of a cellular chemical reaction, photoreal, 8k, HDR, living cells plus amino acids reacting at microscopic scale, no vials, no pens, no people, no product studio, no readable text, no logos",9:16,15,720p,grok-imagine-image-2.0,kwaivgi/kling-v3.0-pro,2k,"HERO SUBJECT: actin-research peptide in ocean teal ball-and-stick. This still is a cellular chemical reaction of that structure — 'TB-500' is never printed as text. SET: a vesicle docking field in cytosolic haze — membrane orbs fuse at flashing patches. Amino-acid monomers cluster at one docking site and form peptide bonds with energy flashes. SURFACE: vesicle docking field, cytosolic haze, membrane fusion sites. LIGHTING: dramatic subsurface glow from cytoplasm; reaction sparks at forming bonds. COLOR GRADE: high-contrast intracellular biotech: luminous bonds vs deep navy cytoplasm. CAMERA: macro_detail — creeping macro push onto the bond-forming atoms with a single energy flash, then hold. 9:16, extreme close on two amino acids forming a peptide bond. Photoreal 3D medical still, 9:16, shallow depth of field, tack-sharp reaction plane. No text, no logos, no palm tree, no URL, no vials, no pens, no people.","Silent. Camera: creeping macro push onto the bond-forming atoms with a single energy flash, then hold. Stay on vesicle docking field, cytosolic haze, membrane fusion sites with dramatic subsurface glow from cytoplasm; reaction sparks at forming bonds. Amino acids keep colliding and forming peptide bonds. No text, no logos, no vials, no pens.","Keep this as vesicle-field reaction — amino acids assembling at docking sites on vesicle docking field, cytosolic haze, membrane fusion sites with dramatic subsurface glow from cytoplasm; reaction sparks at forming bonds and high-contrast intracellular biotech: luminous bonds vs deep navy cytoplasm. Hero structure: actin-research peptide in ocean teal ball-and-stick. Delete every logo, palm tree, watermark, URL, caption, letter, number, and label. No vials, no pens, no people, no sunlit studio, no glass pedestal.",Active,0,,"vesicle docking field, cytosolic haze, membrane fusion sites",dramatic subsurface glow from cytoplasm; reaction sparks at forming bonds,"creeping macro push onto the bond-forming atoms with a single energy flash, then hold",high-contrast intracellular biotech: luminous bonds vs deep navy cytoplasm,vesicle-field reaction — amino acids assembling at docking sites,
PBVita-Chem-054,54,CHEM-054,chem_membrane,Chemical breakdown — amino-acid reaction at the cell membrane,compact small-molecule with warm amber carbon spheres and cool gray heteroatoms,5-Amino-1MQ,static_lock,low-angle,no travel / locked,"9:16, locked volume, peptide chain growing in place, shallow DOF","chem reaction · 5-Amino-1MQ · compact small-molecule with warm amber carbon spheres and cool gray heteroatoms · SET: the OUTER membrane of a living cell — a wet lipid-bilayer sea, receptors like kelp, extracellular fluid in the foreground. Amino-acid monomers swarm, dock,… shot:static_lock · low-angle · living cell lipid bilayer, wet receptors, extrac · no text · no logo",6,"cinematic 3D medical animation of a cellular chemical reaction, photoreal, 8k, HDR, living cells plus amino acids reacting at microscopic scale, no vials, no pens, no people, no product studio, no readable text, no logos",9:16,15,720p,grok-imagine-image-2.0,kwaivgi/kling-v3.0-pro,2k,"HERO SUBJECT: compact small-molecule with warm amber carbon spheres and cool gray heteroatoms. This still is a cellular chemical reaction of that structure — '5-Amino-1MQ' is never printed as text. SET: the OUTER membrane of a living cell — a wet lipid-bilayer sea, receptors like kelp, extracellular fluid in the foreground. Amino-acid monomers swarm, dock, and form peptide bonds with energy flashes. A forming chain grows at one receptor. SURFACE: living cell lipid bilayer, wet receptors, extracellular fluid. LIGHTING: backlit cytoplasmic bloom plus hard spec on reacting amino-acid atoms. COLOR GRADE: teal-and-gold mitochondrial grade, warm bond sparks. CAMERA: static_lock — locked tripod, amino acids stream in and lock onto the growing chain with bond flashes. 9:16, locked volume, peptide chain growing in place, shallow DOF. Photoreal 3D medical still, 9:16, shallow depth of field, tack-sharp reaction plane. No text, no logos, no palm tree, no URL, no vials, no pens, no people.","Silent. Camera: locked tripod, amino acids stream in and lock onto the growing chain with bond flashes. Stay on living cell lipid bilayer, wet receptors, extracellular fluid with backlit cytoplasmic bloom plus hard spec on reacting amino-acid atoms. Amino acids keep colliding and forming peptide bonds. No text, no logos, no vials, no pens.","Keep this as membrane docking — amino acids assembling a peptide at a living cell on living cell lipid bilayer, wet receptors, extracellular fluid with backlit cytoplasmic bloom plus hard spec on reacting amino-acid atoms and teal-and-gold mitochondrial grade, warm bond sparks. Hero structure: compact small-molecule with warm amber carbon spheres and cool gray heteroatoms. Delete every logo, palm tree, watermark, URL, caption, letter, number, and label. No vials, no pens, no people, no sunlit studio, no glass pedestal.",Active,0,,"living cell lipid bilayer, wet receptors, extracellular fluid",backlit cytoplasmic bloom plus hard spec on reacting amino-acid atoms,"locked tripod, amino acids stream in and lock onto the growing chain with bond flashes","teal-and-gold mitochondrial grade, warm bond sparks",membrane docking — amino acids assembling a peptide at a living cell,
