creation_id,rank,lab_item_id,category,lab_item,material_detail,compound_name,shot_family,camera_angle,camera_direction,framing,scene_brief,quality_var_count,quality_suffix,aspect_ratio,duration_seconds,resolution,model_still,model_video,still_resolution,video_prompt,video_motion_prompt,still_edit_prompt,status,times_used,last_used_at,surface,lighting,camera_move,color_grade,hero_style
PBVita-Pen-001,1,PEN-001,pen_studio,Catalog research pen — matte acrylic studio hero,"pre-filled research pen; clear barrel window, dial collar, capped tip cover on; crystal-clear colorless liquid; white maroon-DNA barrel label; one pen only",BPC-157,push_in,eye-level,forward,"9:16, pen centered mid-frame, generous negative space","pen catalog · BPC-157 · pre-filled research pen · clear barrel window, dial collar, capped tip cover on · clear fill · A bright sunlit glass photography studio with a white cyclorama and one matte black acrylic pedestal. Coastal daylight through tall windows.… shot:push_in · eye-level · cap ON",8,"photoreal, physically based, razor sharp focus, 8k, HDR, exactly one capped research pen, product count equals 1, no second pen, no vials, no syringes, no needles, no people",9:16,15,1080p,grok-imagine-image-2.0,grok-imagine-video-1.5,2k,"HARD OUTPUT LOCK: exactly ONE sealed Palm Beach Vitality research pen labeled 'BPC-157'. Hero count = 1. Cap ON covering the tip — never removed, never sitting beside the pen, never showing a needle. No second pen, no background pen, no carousel, no pen tray, no vial, no syringe, no people. Photoreal product photography (not cartoon). If any text appears, print 'BPC-157' once only in clean white sans-serif near the bottom. A small circular palm-tree mark may appear once in the top-right. No other text. No research-use disclaimer in frame. Photoreal vertical 9:16 Palm Beach Vitality catalog still. A bright sunlit glass photography studio with a white cyclorama and one matte black acrylic pedestal. Coastal daylight through tall windows. Palm-frond shadow may fall on the cyc once. Air is clear. Product photography, not a medical procedure. No people, no hands, no injection staging. HERO (product_hero from 3-image-scenes-150): a single pre-filled Palm Beach Vitality research pen standing upright on the pedestal, cap on. FORM (product_form_detail): clear barrel window, dial collar, capped tip cover on. Matte-and-gloss premium body, crisp plastic-metal edges, visible dial collar, tack-sharp barrel-graphics zone, soft reflection beneath. Clean white wrap-around barrel label with a dark maroon DNA double-helix logo, the exact compound name 'BPC-157' in large bold dark maroon type, and a solid dark maroon dosage bar with white mg strength. The clear barrel window shows a settled crystal-clear colorless liquid fill already inside at a stable level. FORBIDDEN: pouring, filling, rising liquid, empty barrel, loose cap, needle, second pen, any vial, scale, tray, skin, hands. Shallow depth of field, cinematic macro lens, tack-sharp pen, soft background. No captions or watermarks besides the optional single palm mark. No medical claims in frame. FINAL CHECK: count every pen and vial. Total product containers must be 1 — the single capped research pen. If 2+, remove extras. No vials. COUNT = 1. Cap on.","Slow cinematic camera: slow straight push-in toward the capped pen, then hold. Keep the exact same single capped 'BPC-157' research pen, materials, and lighting. Cap stays ON. No new objects. No second pen. No vial, people, needles, burn-in, or extra text. Keep the clear liquid level frozen in the barrel window. Liquid does not change level — pre-filled and static. Keep label 'BPC-157' unchanged if visible, once only.","CRITICAL: Keep exactly ONE sealed Palm Beach Vitality research pen, cap ON. DELETE any extra pens, duplicate pens in reflections, vials, syringes, needles, scales, trays, or loose caps. Keep lighting, camera, and environment. Do not restyle the pen. Count = 1. Cap stays on.",Active,0,,matte black acrylic pedestal,soft high-key catalog key plus cool rim on barrel window,"slow straight push-in toward the capped pen, then hold","clean editorial, true plastics and glass, gentle contrast","pre-filled research pen, cap on, catalog still-life"
PBVita-Pen-002,2,PEN-002,pen_studio,Catalog research pen — matte acrylic studio hero,"pre-filled research pen; clear barrel window, dial collar, capped tip cover on; crystal-clear colorless liquid; white maroon-DNA barrel label; one pen only",Retatrutide,push_in,eye-level,forward,"9:16, pen centered mid-frame, generous negative space","pen catalog · Retatrutide · pre-filled research pen · clear barrel window, dial collar, capped tip cover on · clear fill · A bright sunlit glass photography studio with a white cyclorama and one matte black acrylic pedestal. Coastal daylight through tall windows.… shot:push_in · eye-level · cap ON",8,"photoreal, physically based, razor sharp focus, 8k, HDR, exactly one capped research pen, product count equals 1, no second pen, no vials, no syringes, no needles, no people",9:16,15,1080p,grok-imagine-image-2.0,grok-imagine-video-1.5,2k,"HARD OUTPUT LOCK: exactly ONE sealed Palm Beach Vitality research pen labeled 'Retatrutide'. Hero count = 1. Cap ON covering the tip — never removed, never sitting beside the pen, never showing a needle. No second pen, no background pen, no carousel, no pen tray, no vial, no syringe, no people. Photoreal product photography (not cartoon). If any text appears, print 'Retatrutide' once only in clean white sans-serif near the bottom. A small circular palm-tree mark may appear once in the top-right. No other text. No research-use disclaimer in frame. Photoreal vertical 9:16 Palm Beach Vitality catalog still. A bright sunlit glass photography studio with a white cyclorama and one matte black acrylic pedestal. Coastal daylight through tall windows. Palm-frond shadow may fall on the cyc once. Air is clear. Product photography, not a medical procedure. No people, no hands, no injection staging. HERO (product_hero from 3-image-scenes-150): a single pre-filled Palm Beach Vitality research pen standing upright on the pedestal, cap on. FORM (product_form_detail): clear barrel window, dial collar, capped tip cover on. Matte-and-gloss premium body, crisp plastic-metal edges, visible dial collar, tack-sharp barrel-graphics zone, soft reflection beneath. Clean white wrap-around barrel label with a dark maroon DNA double-helix logo, the exact compound name 'Retatrutide' in large bold dark maroon type, and a solid dark maroon dosage bar with white mg strength. The clear barrel window shows a settled crystal-clear colorless liquid fill already inside at a stable level. FORBIDDEN: pouring, filling, rising liquid, empty barrel, loose cap, needle, second pen, any vial, scale, tray, skin, hands. Shallow depth of field, cinematic macro lens, tack-sharp pen, soft background. No captions or watermarks besides the optional single palm mark. No medical claims in frame. FINAL CHECK: count every pen and vial. Total product containers must be 1 — the single capped research pen. If 2+, remove extras. No vials. COUNT = 1. Cap on.","Slow cinematic camera: slow straight push-in toward the capped pen, then hold. Keep the exact same single capped 'Retatrutide' research pen, materials, and lighting. Cap stays ON. No new objects. No second pen. No vial, people, needles, burn-in, or extra text. Keep the clear liquid level frozen in the barrel window. Liquid does not change level — pre-filled and static. Keep label 'Retatrutide' unchanged if visible, once only.","CRITICAL: Keep exactly ONE sealed Palm Beach Vitality research pen, cap ON. DELETE any extra pens, duplicate pens in reflections, vials, syringes, needles, scales, trays, or loose caps. Keep lighting, camera, and environment. Do not restyle the pen. Count = 1. Cap stays on.",Active,0,,matte black acrylic pedestal,soft high-key catalog key plus cool rim on barrel window,"slow straight push-in toward the capped pen, then hold","clean editorial, true plastics and glass, gentle contrast","pre-filled research pen, cap on, catalog still-life"
PBVita-Pen-003,3,PEN-003,pen_studio,Catalog research pen — matte acrylic studio hero,"pre-filled research pen; clear barrel window, dial collar, capped tip cover on; crystal-clear colorless liquid; white maroon-DNA barrel label; one pen only",GHK-Cu,push_in,eye-level,forward,"9:16, pen centered mid-frame, generous negative space","pen catalog · GHK-Cu · pre-filled research pen · clear barrel window, dial collar, capped tip cover on · clear fill · A bright sunlit glass photography studio with a white cyclorama and one matte black acrylic pedestal. Coastal daylight through tall windows.… shot:push_in · eye-level · cap ON",8,"photoreal, physically based, razor sharp focus, 8k, HDR, exactly one capped research pen, product count equals 1, no second pen, no vials, no syringes, no needles, no people",9:16,15,1080p,grok-imagine-image-2.0,grok-imagine-video-1.5,2k,"HARD OUTPUT LOCK: exactly ONE sealed Palm Beach Vitality research pen labeled 'GHK-Cu'. Hero count = 1. Cap ON covering the tip — never removed, never sitting beside the pen, never showing a needle. No second pen, no background pen, no carousel, no pen tray, no vial, no syringe, no people. Photoreal product photography (not cartoon). If any text appears, print 'GHK-Cu' once only in clean white sans-serif near the bottom. A small circular palm-tree mark may appear once in the top-right. No other text. No research-use disclaimer in frame. Photoreal vertical 9:16 Palm Beach Vitality catalog still. A bright sunlit glass photography studio with a white cyclorama and one matte black acrylic pedestal. Coastal daylight through tall windows. Palm-frond shadow may fall on the cyc once. Air is clear. Product photography, not a medical procedure. No people, no hands, no injection staging. HERO (product_hero from 3-image-scenes-150): a single pre-filled Palm Beach Vitality research pen standing upright on the pedestal, cap on. FORM (product_form_detail): clear barrel window, dial collar, capped tip cover on. Matte-and-gloss premium body, crisp plastic-metal edges, visible dial collar, tack-sharp barrel-graphics zone, soft reflection beneath. Clean white wrap-around barrel label with a dark maroon DNA double-helix logo, the exact compound name 'GHK-Cu' in large bold dark maroon type, and a solid dark maroon dosage bar with white mg strength. The clear barrel window shows a settled crystal-clear colorless liquid fill already inside at a stable level. FORBIDDEN: pouring, filling, rising liquid, empty barrel, loose cap, needle, second pen, any vial, scale, tray, skin, hands. Shallow depth of field, cinematic macro lens, tack-sharp pen, soft background. No captions or watermarks besides the optional single palm mark. No medical claims in frame. FINAL CHECK: count every pen and vial. Total product containers must be 1 — the single capped research pen. If 2+, remove extras. No vials. COUNT = 1. Cap on.","Slow cinematic camera: slow straight push-in toward the capped pen, then hold. Keep the exact same single capped 'GHK-Cu' research pen, materials, and lighting. Cap stays ON. No new objects. No second pen. No vial, people, needles, burn-in, or extra text. Keep the clear liquid level frozen in the barrel window. Liquid does not change level — pre-filled and static. Keep label 'GHK-Cu' unchanged if visible, once only.","CRITICAL: Keep exactly ONE sealed Palm Beach Vitality research pen, cap ON. DELETE any extra pens, duplicate pens in reflections, vials, syringes, needles, scales, trays, or loose caps. Keep lighting, camera, and environment. Do not restyle the pen. Count = 1. Cap stays on.",Active,0,,matte black acrylic pedestal,soft high-key catalog key plus cool rim on barrel window,"slow straight push-in toward the capped pen, then hold","clean editorial, true plastics and glass, gentle contrast","pre-filled research pen, cap on, catalog still-life"
PBVita-Pen-004,4,PEN-004,pen_studio,Catalog research pen — matte acrylic studio hero,"pre-filled research pen; clear barrel window, dial collar, capped tip cover on; crystal-clear colorless liquid; white maroon-DNA barrel label; one pen only",NAD+,push_in,eye-level,forward,"9:16, pen centered mid-frame, generous negative space","pen catalog · NAD+ · pre-filled research pen · clear barrel window, dial collar, capped tip cover on · clear fill · A bright sunlit glass photography studio with a white cyclorama and one matte black acrylic pedestal. Coastal daylight through tall windows.… shot:push_in · eye-level · cap ON",8,"photoreal, physically based, razor sharp focus, 8k, HDR, exactly one capped research pen, product count equals 1, no second pen, no vials, no syringes, no needles, no people",9:16,15,1080p,grok-imagine-image-2.0,grok-imagine-video-1.5,2k,"HARD OUTPUT LOCK: exactly ONE sealed Palm Beach Vitality research pen labeled 'NAD+'. Hero count = 1. Cap ON covering the tip — never removed, never sitting beside the pen, never showing a needle. No second pen, no background pen, no carousel, no pen tray, no vial, no syringe, no people. Photoreal product photography (not cartoon). If any text appears, print 'NAD+' once only in clean white sans-serif near the bottom. A small circular palm-tree mark may appear once in the top-right. No other text. No research-use disclaimer in frame. Photoreal vertical 9:16 Palm Beach Vitality catalog still. A bright sunlit glass photography studio with a white cyclorama and one matte black acrylic pedestal. Coastal daylight through tall windows. Palm-frond shadow may fall on the cyc once. Air is clear. Product photography, not a medical procedure. No people, no hands, no injection staging. HERO (product_hero from 3-image-scenes-150): a single pre-filled Palm Beach Vitality research pen standing upright on the pedestal, cap on. FORM (product_form_detail): clear barrel window, dial collar, capped tip cover on. Matte-and-gloss premium body, crisp plastic-metal edges, visible dial collar, tack-sharp barrel-graphics zone, soft reflection beneath. Clean white wrap-around barrel label with a dark maroon DNA double-helix logo, the exact compound name 'NAD+' in large bold dark maroon type, and a solid dark maroon dosage bar with white mg strength. The clear barrel window shows a settled crystal-clear colorless liquid fill already inside at a stable level. FORBIDDEN: pouring, filling, rising liquid, empty barrel, loose cap, needle, second pen, any vial, scale, tray, skin, hands. Shallow depth of field, cinematic macro lens, tack-sharp pen, soft background. No captions or watermarks besides the optional single palm mark. No medical claims in frame. FINAL CHECK: count every pen and vial. Total product containers must be 1 — the single capped research pen. If 2+, remove extras. No vials. COUNT = 1. Cap on.","Slow cinematic camera: slow straight push-in toward the capped pen, then hold. Keep the exact same single capped 'NAD+' research pen, materials, and lighting. Cap stays ON. No new objects. No second pen. No vial, people, needles, burn-in, or extra text. Keep the clear liquid level frozen in the barrel window. Liquid does not change level — pre-filled and static. Keep label 'NAD+' unchanged if visible, once only.","CRITICAL: Keep exactly ONE sealed Palm Beach Vitality research pen, cap ON. DELETE any extra pens, duplicate pens in reflections, vials, syringes, needles, scales, trays, or loose caps. Keep lighting, camera, and environment. Do not restyle the pen. Count = 1. Cap stays on.",Active,0,,matte black acrylic pedestal,soft high-key catalog key plus cool rim on barrel window,"slow straight push-in toward the capped pen, then hold","clean editorial, true plastics and glass, gentle contrast","pre-filled research pen, cap on, catalog still-life"
PBVita-Pen-005,5,PEN-005,pen_studio,Catalog research pen — matte acrylic studio hero,"pre-filled research pen; clear barrel window, dial collar, capped tip cover on; crystal-clear colorless liquid; white maroon-DNA barrel label; one pen only",Semaglutide,push_in,eye-level,forward,"9:16, pen centered mid-frame, generous negative space","pen catalog · Semaglutide · pre-filled research pen · clear barrel window, dial collar, capped tip cover on · clear fill · A bright sunlit glass photography studio with a white cyclorama and one matte black acrylic pedestal. Coastal daylight through tall windows.… shot:push_in · eye-level · cap ON",8,"photoreal, physically based, razor sharp focus, 8k, HDR, exactly one capped research pen, product count equals 1, no second pen, no vials, no syringes, no needles, no people",9:16,15,1080p,grok-imagine-image-2.0,grok-imagine-video-1.5,2k,"HARD OUTPUT LOCK: exactly ONE sealed Palm Beach Vitality research pen labeled 'Semaglutide'. Hero count = 1. Cap ON covering the tip — never removed, never sitting beside the pen, never showing a needle. No second pen, no background pen, no carousel, no pen tray, no vial, no syringe, no people. Photoreal product photography (not cartoon). If any text appears, print 'Semaglutide' once only in clean white sans-serif near the bottom. A small circular palm-tree mark may appear once in the top-right. No other text. No research-use disclaimer in frame. Photoreal vertical 9:16 Palm Beach Vitality catalog still. A bright sunlit glass photography studio with a white cyclorama and one matte black acrylic pedestal. Coastal daylight through tall windows. Palm-frond shadow may fall on the cyc once. Air is clear. Product photography, not a medical procedure. No people, no hands, no injection staging. HERO (product_hero from 3-image-scenes-150): a single pre-filled Palm Beach Vitality research pen standing upright on the pedestal, cap on. FORM (product_form_detail): clear barrel window, dial collar, capped tip cover on. Matte-and-gloss premium body, crisp plastic-metal edges, visible dial collar, tack-sharp barrel-graphics zone, soft reflection beneath. Clean white wrap-around barrel label with a dark maroon DNA double-helix logo, the exact compound name 'Semaglutide' in large bold dark maroon type, and a solid dark maroon dosage bar with white mg strength. The clear barrel window shows a settled crystal-clear colorless liquid fill already inside at a stable level. FORBIDDEN: pouring, filling, rising liquid, empty barrel, loose cap, needle, second pen, any vial, scale, tray, skin, hands. Shallow depth of field, cinematic macro lens, tack-sharp pen, soft background. No captions or watermarks besides the optional single palm mark. No medical claims in frame. FINAL CHECK: count every pen and vial. Total product containers must be 1 — the single capped research pen. If 2+, remove extras. No vials. COUNT = 1. Cap on.","Slow cinematic camera: slow straight push-in toward the capped pen, then hold. Keep the exact same single capped 'Semaglutide' research pen, materials, and lighting. Cap stays ON. No new objects. No second pen. No vial, people, needles, burn-in, or extra text. Keep the clear liquid level frozen in the barrel window. Liquid does not change level — pre-filled and static. Keep label 'Semaglutide' unchanged if visible, once only.","CRITICAL: Keep exactly ONE sealed Palm Beach Vitality research pen, cap ON. DELETE any extra pens, duplicate pens in reflections, vials, syringes, needles, scales, trays, or loose caps. Keep lighting, camera, and environment. Do not restyle the pen. Count = 1. Cap stays on.",Active,0,,matte black acrylic pedestal,soft high-key catalog key plus cool rim on barrel window,"slow straight push-in toward the capped pen, then hold","clean editorial, true plastics and glass, gentle contrast","pre-filled research pen, cap on, catalog still-life"
PBVita-Pen-006,6,PEN-006,pen_studio,Catalog research pen — matte acrylic studio hero,"pre-filled research pen; clear barrel window, dial collar, capped tip cover on; bright blue liquid (GLOW); white maroon-DNA barrel label; one pen only",GLOW,push_in,eye-level,forward,"9:16, pen centered mid-frame, generous negative space","pen catalog · GLOW · pre-filled research pen · clear barrel window, dial collar, capped tip cover on · bright-blue fill · A bright sunlit glass photography studio with a white cyclorama and one matte black acrylic pedestal. Coastal daylight through tall windows.… shot:push_in · eye-level · cap ON",8,"photoreal, physically based, razor sharp focus, 8k, HDR, exactly one capped research pen, product count equals 1, no second pen, no vials, no syringes, no needles, no people",9:16,15,1080p,grok-imagine-image-2.0,grok-imagine-video-1.5,2k,"HARD OUTPUT LOCK: exactly ONE sealed Palm Beach Vitality research pen labeled 'GLOW'. Hero count = 1. Cap ON covering the tip — never removed, never sitting beside the pen, never showing a needle. No second pen, no background pen, no carousel, no pen tray, no vial, no syringe, no people. Photoreal product photography (not cartoon). If any text appears, print 'GLOW' once only in clean white sans-serif near the bottom. A small circular palm-tree mark may appear once in the top-right. No other text. No research-use disclaimer in frame. Photoreal vertical 9:16 Palm Beach Vitality catalog still. A bright sunlit glass photography studio with a white cyclorama and one matte black acrylic pedestal. Coastal daylight through tall windows. Palm-frond shadow may fall on the cyc once. Air is clear. Product photography, not a medical procedure. No people, no hands, no injection staging. HERO (product_hero from 3-image-scenes-150): a single pre-filled Palm Beach Vitality research pen standing upright on the pedestal, cap on. FORM (product_form_detail): clear barrel window, dial collar, capped tip cover on. Matte-and-gloss premium body, crisp plastic-metal edges, visible dial collar, tack-sharp barrel-graphics zone, soft reflection beneath. Clean white wrap-around barrel label with a dark maroon DNA double-helix logo, the exact compound name 'GLOW' in large bold dark maroon type, and a solid dark maroon dosage bar with white mg strength. The clear barrel window shows a settled clear bright blue liquid fill already inside at a stable level (GLOW only — blue liquid). FORBIDDEN: pouring, filling, rising liquid, empty barrel, loose cap, needle, second pen, any vial, scale, tray, skin, hands. Shallow depth of field, cinematic macro lens, tack-sharp pen, soft background. No captions or watermarks besides the optional single palm mark. No medical claims in frame. FINAL CHECK: count every pen and vial. Total product containers must be 1 — the single capped research pen. If 2+, remove extras. No vials. COUNT = 1. Cap on.","Slow cinematic camera: slow straight push-in toward the capped pen, then hold. Keep the exact same single capped 'GLOW' research pen, materials, and lighting. Cap stays ON. No new objects. No second pen. No vial, people, needles, burn-in, or extra text. Keep the bright blue liquid level frozen in the barrel window. Liquid does not change level — pre-filled and static. Keep label 'GLOW' unchanged if visible, once only.","CRITICAL: Keep exactly ONE sealed Palm Beach Vitality research pen, cap ON. DELETE any extra pens, duplicate pens in reflections, vials, syringes, needles, scales, trays, or loose caps. Keep lighting, camera, and environment. Do not restyle the pen. Count = 1. Cap stays on.",Active,0,,matte black acrylic pedestal,soft high-key catalog key plus cool rim on barrel window,"slow straight push-in toward the capped pen, then hold","clean editorial, true plastics and glass, gentle contrast","pre-filled research pen, cap on, catalog still-life"
PBVita-Pen-007,7,PEN-007,pen_studio,Catalog research pen — matte acrylic studio hero,"pre-filled research pen; clear barrel window, dial collar, capped tip cover on; crystal-clear colorless liquid; white maroon-DNA barrel label; one pen only",Sermorelin,push_in,eye-level,forward,"9:16, pen centered mid-frame, generous negative space","pen catalog · Sermorelin · pre-filled research pen · clear barrel window, dial collar, capped tip cover on · clear fill · A bright sunlit glass photography studio with a white cyclorama and one matte black acrylic pedestal. Coastal daylight through tall windows.… shot:push_in · eye-level · cap ON",8,"photoreal, physically based, razor sharp focus, 8k, HDR, exactly one capped research pen, product count equals 1, no second pen, no vials, no syringes, no needles, no people",9:16,15,1080p,grok-imagine-image-2.0,grok-imagine-video-1.5,2k,"HARD OUTPUT LOCK: exactly ONE sealed Palm Beach Vitality research pen labeled 'Sermorelin'. Hero count = 1. Cap ON covering the tip — never removed, never sitting beside the pen, never showing a needle. No second pen, no background pen, no carousel, no pen tray, no vial, no syringe, no people. Photoreal product photography (not cartoon). If any text appears, print 'Sermorelin' once only in clean white sans-serif near the bottom. A small circular palm-tree mark may appear once in the top-right. No other text. No research-use disclaimer in frame. Photoreal vertical 9:16 Palm Beach Vitality catalog still. A bright sunlit glass photography studio with a white cyclorama and one matte black acrylic pedestal. Coastal daylight through tall windows. Palm-frond shadow may fall on the cyc once. Air is clear. Product photography, not a medical procedure. No people, no hands, no injection staging. HERO (product_hero from 3-image-scenes-150): a single pre-filled Palm Beach Vitality research pen standing upright on the pedestal, cap on. FORM (product_form_detail): clear barrel window, dial collar, capped tip cover on. Matte-and-gloss premium body, crisp plastic-metal edges, visible dial collar, tack-sharp barrel-graphics zone, soft reflection beneath. Clean white wrap-around barrel label with a dark maroon DNA double-helix logo, the exact compound name 'Sermorelin' in large bold dark maroon type, and a solid dark maroon dosage bar with white mg strength. The clear barrel window shows a settled crystal-clear colorless liquid fill already inside at a stable level. FORBIDDEN: pouring, filling, rising liquid, empty barrel, loose cap, needle, second pen, any vial, scale, tray, skin, hands. Shallow depth of field, cinematic macro lens, tack-sharp pen, soft background. No captions or watermarks besides the optional single palm mark. No medical claims in frame. FINAL CHECK: count every pen and vial. Total product containers must be 1 — the single capped research pen. If 2+, remove extras. No vials. COUNT = 1. Cap on.","Slow cinematic camera: slow straight push-in toward the capped pen, then hold. Keep the exact same single capped 'Sermorelin' research pen, materials, and lighting. Cap stays ON. No new objects. No second pen. No vial, people, needles, burn-in, or extra text. Keep the clear liquid level frozen in the barrel window. Liquid does not change level — pre-filled and static. Keep label 'Sermorelin' unchanged if visible, once only.","CRITICAL: Keep exactly ONE sealed Palm Beach Vitality research pen, cap ON. DELETE any extra pens, duplicate pens in reflections, vials, syringes, needles, scales, trays, or loose caps. Keep lighting, camera, and environment. Do not restyle the pen. Count = 1. Cap stays on.",Active,0,,matte black acrylic pedestal,soft high-key catalog key plus cool rim on barrel window,"slow straight push-in toward the capped pen, then hold","clean editorial, true plastics and glass, gentle contrast","pre-filled research pen, cap on, catalog still-life"
PBVita-Pen-008,8,PEN-008,pen_studio,Catalog research pen — matte acrylic studio hero,"pre-filled research pen; clear barrel window, dial collar, capped tip cover on; crystal-clear colorless liquid; white maroon-DNA barrel label; one pen only",PT-141,push_in,eye-level,forward,"9:16, pen centered mid-frame, generous negative space","pen catalog · PT-141 · pre-filled research pen · clear barrel window, dial collar, capped tip cover on · clear fill · A bright sunlit glass photography studio with a white cyclorama and one matte black acrylic pedestal. Coastal daylight through tall windows.… shot:push_in · eye-level · cap ON",8,"photoreal, physically based, razor sharp focus, 8k, HDR, exactly one capped research pen, product count equals 1, no second pen, no vials, no syringes, no needles, no people",9:16,15,1080p,grok-imagine-image-2.0,grok-imagine-video-1.5,2k,"HARD OUTPUT LOCK: exactly ONE sealed Palm Beach Vitality research pen labeled 'PT-141'. Hero count = 1. Cap ON covering the tip — never removed, never sitting beside the pen, never showing a needle. No second pen, no background pen, no carousel, no pen tray, no vial, no syringe, no people. Photoreal product photography (not cartoon). If any text appears, print 'PT-141' once only in clean white sans-serif near the bottom. A small circular palm-tree mark may appear once in the top-right. No other text. No research-use disclaimer in frame. Photoreal vertical 9:16 Palm Beach Vitality catalog still. A bright sunlit glass photography studio with a white cyclorama and one matte black acrylic pedestal. Coastal daylight through tall windows. Palm-frond shadow may fall on the cyc once. Air is clear. Product photography, not a medical procedure. No people, no hands, no injection staging. HERO (product_hero from 3-image-scenes-150): a single pre-filled Palm Beach Vitality research pen standing upright on the pedestal, cap on. FORM (product_form_detail): clear barrel window, dial collar, capped tip cover on. Matte-and-gloss premium body, crisp plastic-metal edges, visible dial collar, tack-sharp barrel-graphics zone, soft reflection beneath. Clean white wrap-around barrel label with a dark maroon DNA double-helix logo, the exact compound name 'PT-141' in large bold dark maroon type, and a solid dark maroon dosage bar with white mg strength. The clear barrel window shows a settled crystal-clear colorless liquid fill already inside at a stable level. FORBIDDEN: pouring, filling, rising liquid, empty barrel, loose cap, needle, second pen, any vial, scale, tray, skin, hands. Shallow depth of field, cinematic macro lens, tack-sharp pen, soft background. No captions or watermarks besides the optional single palm mark. No medical claims in frame. FINAL CHECK: count every pen and vial. Total product containers must be 1 — the single capped research pen. If 2+, remove extras. No vials. COUNT = 1. Cap on.","Slow cinematic camera: slow straight push-in toward the capped pen, then hold. Keep the exact same single capped 'PT-141' research pen, materials, and lighting. Cap stays ON. No new objects. No second pen. No vial, people, needles, burn-in, or extra text. Keep the clear liquid level frozen in the barrel window. Liquid does not change level — pre-filled and static. Keep label 'PT-141' unchanged if visible, once only.","CRITICAL: Keep exactly ONE sealed Palm Beach Vitality research pen, cap ON. DELETE any extra pens, duplicate pens in reflections, vials, syringes, needles, scales, trays, or loose caps. Keep lighting, camera, and environment. Do not restyle the pen. Count = 1. Cap stays on.",Active,0,,matte black acrylic pedestal,soft high-key catalog key plus cool rim on barrel window,"slow straight push-in toward the capped pen, then hold","clean editorial, true plastics and glass, gentle contrast","pre-filled research pen, cap on, catalog still-life"
PBVita-Pen-009,9,PEN-009,pen_studio,Catalog research pen — matte acrylic studio hero,"pre-filled research pen; clear barrel window, dial collar, capped tip cover on; crystal-clear colorless liquid; white maroon-DNA barrel label; one pen only",Tirzepatide,push_in,eye-level,forward,"9:16, pen centered mid-frame, generous negative space","pen catalog · Tirzepatide · pre-filled research pen · clear barrel window, dial collar, capped tip cover on · clear fill · A bright sunlit glass photography studio with a white cyclorama and one matte black acrylic pedestal. Coastal daylight through tall windows.… shot:push_in · eye-level · cap ON",8,"photoreal, physically based, razor sharp focus, 8k, HDR, exactly one capped research pen, product count equals 1, no second pen, no vials, no syringes, no needles, no people",9:16,15,1080p,grok-imagine-image-2.0,grok-imagine-video-1.5,2k,"HARD OUTPUT LOCK: exactly ONE sealed Palm Beach Vitality research pen labeled 'Tirzepatide'. Hero count = 1. Cap ON covering the tip — never removed, never sitting beside the pen, never showing a needle. No second pen, no background pen, no carousel, no pen tray, no vial, no syringe, no people. Photoreal product photography (not cartoon). If any text appears, print 'Tirzepatide' once only in clean white sans-serif near the bottom. A small circular palm-tree mark may appear once in the top-right. No other text. No research-use disclaimer in frame. Photoreal vertical 9:16 Palm Beach Vitality catalog still. A bright sunlit glass photography studio with a white cyclorama and one matte black acrylic pedestal. Coastal daylight through tall windows. Palm-frond shadow may fall on the cyc once. Air is clear. Product photography, not a medical procedure. No people, no hands, no injection staging. HERO (product_hero from 3-image-scenes-150): a single pre-filled Palm Beach Vitality research pen standing upright on the pedestal, cap on. FORM (product_form_detail): clear barrel window, dial collar, capped tip cover on. Matte-and-gloss premium body, crisp plastic-metal edges, visible dial collar, tack-sharp barrel-graphics zone, soft reflection beneath. Clean white wrap-around barrel label with a dark maroon DNA double-helix logo, the exact compound name 'Tirzepatide' in large bold dark maroon type, and a solid dark maroon dosage bar with white mg strength. The clear barrel window shows a settled crystal-clear colorless liquid fill already inside at a stable level. FORBIDDEN: pouring, filling, rising liquid, empty barrel, loose cap, needle, second pen, any vial, scale, tray, skin, hands. Shallow depth of field, cinematic macro lens, tack-sharp pen, soft background. No captions or watermarks besides the optional single palm mark. No medical claims in frame. FINAL CHECK: count every pen and vial. Total product containers must be 1 — the single capped research pen. If 2+, remove extras. No vials. COUNT = 1. Cap on.","Slow cinematic camera: slow straight push-in toward the capped pen, then hold. Keep the exact same single capped 'Tirzepatide' research pen, materials, and lighting. Cap stays ON. No new objects. No second pen. No vial, people, needles, burn-in, or extra text. Keep the clear liquid level frozen in the barrel window. Liquid does not change level — pre-filled and static. Keep label 'Tirzepatide' unchanged if visible, once only.","CRITICAL: Keep exactly ONE sealed Palm Beach Vitality research pen, cap ON. DELETE any extra pens, duplicate pens in reflections, vials, syringes, needles, scales, trays, or loose caps. Keep lighting, camera, and environment. Do not restyle the pen. Count = 1. Cap stays on.",Active,0,,matte black acrylic pedestal,soft high-key catalog key plus cool rim on barrel window,"slow straight push-in toward the capped pen, then hold","clean editorial, true plastics and glass, gentle contrast","pre-filled research pen, cap on, catalog still-life"
PBVita-Pen-010,10,PEN-010,pen_studio,Catalog research pen — matte acrylic studio hero,"pre-filled research pen; clear barrel window, dial collar, capped tip cover on; crystal-clear colorless liquid; white maroon-DNA barrel label; one pen only",MOTS-C,push_in,eye-level,forward,"9:16, pen centered mid-frame, generous negative space","pen catalog · MOTS-C · pre-filled research pen · clear barrel window, dial collar, capped tip cover on · clear fill · A bright sunlit glass photography studio with a white cyclorama and one matte black acrylic pedestal. Coastal daylight through tall windows.… shot:push_in · eye-level · cap ON",8,"photoreal, physically based, razor sharp focus, 8k, HDR, exactly one capped research pen, product count equals 1, no second pen, no vials, no syringes, no needles, no people",9:16,15,1080p,grok-imagine-image-2.0,grok-imagine-video-1.5,2k,"HARD OUTPUT LOCK: exactly ONE sealed Palm Beach Vitality research pen labeled 'MOTS-C'. Hero count = 1. Cap ON covering the tip — never removed, never sitting beside the pen, never showing a needle. No second pen, no background pen, no carousel, no pen tray, no vial, no syringe, no people. Photoreal product photography (not cartoon). If any text appears, print 'MOTS-C' once only in clean white sans-serif near the bottom. A small circular palm-tree mark may appear once in the top-right. No other text. No research-use disclaimer in frame. Photoreal vertical 9:16 Palm Beach Vitality catalog still. A bright sunlit glass photography studio with a white cyclorama and one matte black acrylic pedestal. Coastal daylight through tall windows. Palm-frond shadow may fall on the cyc once. Air is clear. Product photography, not a medical procedure. No people, no hands, no injection staging. HERO (product_hero from 3-image-scenes-150): a single pre-filled Palm Beach Vitality research pen standing upright on the pedestal, cap on. FORM (product_form_detail): clear barrel window, dial collar, capped tip cover on. Matte-and-gloss premium body, crisp plastic-metal edges, visible dial collar, tack-sharp barrel-graphics zone, soft reflection beneath. Clean white wrap-around barrel label with a dark maroon DNA double-helix logo, the exact compound name 'MOTS-C' in large bold dark maroon type, and a solid dark maroon dosage bar with white mg strength. The clear barrel window shows a settled crystal-clear colorless liquid fill already inside at a stable level. FORBIDDEN: pouring, filling, rising liquid, empty barrel, loose cap, needle, second pen, any vial, scale, tray, skin, hands. Shallow depth of field, cinematic macro lens, tack-sharp pen, soft background. No captions or watermarks besides the optional single palm mark. No medical claims in frame. FINAL CHECK: count every pen and vial. Total product containers must be 1 — the single capped research pen. If 2+, remove extras. No vials. COUNT = 1. Cap on.","Slow cinematic camera: slow straight push-in toward the capped pen, then hold. Keep the exact same single capped 'MOTS-C' research pen, materials, and lighting. Cap stays ON. No new objects. No second pen. No vial, people, needles, burn-in, or extra text. Keep the clear liquid level frozen in the barrel window. Liquid does not change level — pre-filled and static. Keep label 'MOTS-C' unchanged if visible, once only.","CRITICAL: Keep exactly ONE sealed Palm Beach Vitality research pen, cap ON. DELETE any extra pens, duplicate pens in reflections, vials, syringes, needles, scales, trays, or loose caps. Keep lighting, camera, and environment. Do not restyle the pen. Count = 1. Cap stays on.",Active,0,,matte black acrylic pedestal,soft high-key catalog key plus cool rim on barrel window,"slow straight push-in toward the capped pen, then hold","clean editorial, true plastics and glass, gentle contrast","pre-filled research pen, cap on, catalog still-life"
PBVita-Pen-011,11,PEN-011,pen_studio,Catalog research pen — matte acrylic studio hero,"pre-filled research pen; clear barrel window, dial collar, capped tip cover on; crystal-clear colorless liquid; white maroon-DNA barrel label; one pen only",Selank,push_in,eye-level,forward,"9:16, pen centered mid-frame, generous negative space","pen catalog · Selank · pre-filled research pen · clear barrel window, dial collar, capped tip cover on · clear fill · A bright sunlit glass photography studio with a white cyclorama and one matte black acrylic pedestal. Coastal daylight through tall windows.… shot:push_in · eye-level · cap ON",8,"photoreal, physically based, razor sharp focus, 8k, HDR, exactly one capped research pen, product count equals 1, no second pen, no vials, no syringes, no needles, no people",9:16,15,1080p,grok-imagine-image-2.0,grok-imagine-video-1.5,2k,"HARD OUTPUT LOCK: exactly ONE sealed Palm Beach Vitality research pen labeled 'Selank'. Hero count = 1. Cap ON covering the tip — never removed, never sitting beside the pen, never showing a needle. No second pen, no background pen, no carousel, no pen tray, no vial, no syringe, no people. Photoreal product photography (not cartoon). If any text appears, print 'Selank' once only in clean white sans-serif near the bottom. A small circular palm-tree mark may appear once in the top-right. No other text. No research-use disclaimer in frame. Photoreal vertical 9:16 Palm Beach Vitality catalog still. A bright sunlit glass photography studio with a white cyclorama and one matte black acrylic pedestal. Coastal daylight through tall windows. Palm-frond shadow may fall on the cyc once. Air is clear. Product photography, not a medical procedure. No people, no hands, no injection staging. HERO (product_hero from 3-image-scenes-150): a single pre-filled Palm Beach Vitality research pen standing upright on the pedestal, cap on. FORM (product_form_detail): clear barrel window, dial collar, capped tip cover on. Matte-and-gloss premium body, crisp plastic-metal edges, visible dial collar, tack-sharp barrel-graphics zone, soft reflection beneath. Clean white wrap-around barrel label with a dark maroon DNA double-helix logo, the exact compound name 'Selank' in large bold dark maroon type, and a solid dark maroon dosage bar with white mg strength. The clear barrel window shows a settled crystal-clear colorless liquid fill already inside at a stable level. FORBIDDEN: pouring, filling, rising liquid, empty barrel, loose cap, needle, second pen, any vial, scale, tray, skin, hands. Shallow depth of field, cinematic macro lens, tack-sharp pen, soft background. No captions or watermarks besides the optional single palm mark. No medical claims in frame. FINAL CHECK: count every pen and vial. Total product containers must be 1 — the single capped research pen. If 2+, remove extras. No vials. COUNT = 1. Cap on.","Slow cinematic camera: slow straight push-in toward the capped pen, then hold. Keep the exact same single capped 'Selank' research pen, materials, and lighting. Cap stays ON. No new objects. No second pen. No vial, people, needles, burn-in, or extra text. Keep the clear liquid level frozen in the barrel window. Liquid does not change level — pre-filled and static. Keep label 'Selank' unchanged if visible, once only.","CRITICAL: Keep exactly ONE sealed Palm Beach Vitality research pen, cap ON. DELETE any extra pens, duplicate pens in reflections, vials, syringes, needles, scales, trays, or loose caps. Keep lighting, camera, and environment. Do not restyle the pen. Count = 1. Cap stays on.",Active,0,,matte black acrylic pedestal,soft high-key catalog key plus cool rim on barrel window,"slow straight push-in toward the capped pen, then hold","clean editorial, true plastics and glass, gentle contrast","pre-filled research pen, cap on, catalog still-life"
PBVita-Pen-012,12,PEN-012,pen_studio,Catalog research pen — matte acrylic studio hero,"pre-filled research pen; clear barrel window, dial collar, capped tip cover on; crystal-clear colorless liquid; white maroon-DNA barrel label; one pen only",TB-500,push_in,eye-level,forward,"9:16, pen centered mid-frame, generous negative space","pen catalog · TB-500 · pre-filled research pen · clear barrel window, dial collar, capped tip cover on · clear fill · A bright sunlit glass photography studio with a white cyclorama and one matte black acrylic pedestal. Coastal daylight through tall windows.… shot:push_in · eye-level · cap ON",8,"photoreal, physically based, razor sharp focus, 8k, HDR, exactly one capped research pen, product count equals 1, no second pen, no vials, no syringes, no needles, no people",9:16,15,1080p,grok-imagine-image-2.0,grok-imagine-video-1.5,2k,"HARD OUTPUT LOCK: exactly ONE sealed Palm Beach Vitality research pen labeled 'TB-500'. Hero count = 1. Cap ON covering the tip — never removed, never sitting beside the pen, never showing a needle. No second pen, no background pen, no carousel, no pen tray, no vial, no syringe, no people. Photoreal product photography (not cartoon). If any text appears, print 'TB-500' once only in clean white sans-serif near the bottom. A small circular palm-tree mark may appear once in the top-right. No other text. No research-use disclaimer in frame. Photoreal vertical 9:16 Palm Beach Vitality catalog still. A bright sunlit glass photography studio with a white cyclorama and one matte black acrylic pedestal. Coastal daylight through tall windows. Palm-frond shadow may fall on the cyc once. Air is clear. Product photography, not a medical procedure. No people, no hands, no injection staging. HERO (product_hero from 3-image-scenes-150): a single pre-filled Palm Beach Vitality research pen standing upright on the pedestal, cap on. FORM (product_form_detail): clear barrel window, dial collar, capped tip cover on. Matte-and-gloss premium body, crisp plastic-metal edges, visible dial collar, tack-sharp barrel-graphics zone, soft reflection beneath. Clean white wrap-around barrel label with a dark maroon DNA double-helix logo, the exact compound name 'TB-500' in large bold dark maroon type, and a solid dark maroon dosage bar with white mg strength. The clear barrel window shows a settled crystal-clear colorless liquid fill already inside at a stable level. FORBIDDEN: pouring, filling, rising liquid, empty barrel, loose cap, needle, second pen, any vial, scale, tray, skin, hands. Shallow depth of field, cinematic macro lens, tack-sharp pen, soft background. No captions or watermarks besides the optional single palm mark. No medical claims in frame. FINAL CHECK: count every pen and vial. Total product containers must be 1 — the single capped research pen. If 2+, remove extras. No vials. COUNT = 1. Cap on.","Slow cinematic camera: slow straight push-in toward the capped pen, then hold. Keep the exact same single capped 'TB-500' research pen, materials, and lighting. Cap stays ON. No new objects. No second pen. No vial, people, needles, burn-in, or extra text. Keep the clear liquid level frozen in the barrel window. Liquid does not change level — pre-filled and static. Keep label 'TB-500' unchanged if visible, once only.","CRITICAL: Keep exactly ONE sealed Palm Beach Vitality research pen, cap ON. DELETE any extra pens, duplicate pens in reflections, vials, syringes, needles, scales, trays, or loose caps. Keep lighting, camera, and environment. Do not restyle the pen. Count = 1. Cap stays on.",Active,0,,matte black acrylic pedestal,soft high-key catalog key plus cool rim on barrel window,"slow straight push-in toward the capped pen, then hold","clean editorial, true plastics and glass, gentle contrast","pre-filled research pen, cap on, catalog still-life"
PBVita-Pen-013,13,PEN-013,pen_studio,Catalog research pen — matte acrylic studio hero,"pre-filled research pen; clear barrel window, dial collar, capped tip cover on; crystal-clear colorless liquid; white maroon-DNA barrel label; one pen only",5-Amino-1MQ,push_in,eye-level,forward,"9:16, pen centered mid-frame, generous negative space","pen catalog · 5-Amino-1MQ · pre-filled research pen · clear barrel window, dial collar, capped tip cover on · clear fill · A bright sunlit glass photography studio with a white cyclorama and one matte black acrylic pedestal. Coastal daylight through tall windows.… shot:push_in · eye-level · cap ON",8,"photoreal, physically based, razor sharp focus, 8k, HDR, exactly one capped research pen, product count equals 1, no second pen, no vials, no syringes, no needles, no people",9:16,15,1080p,grok-imagine-image-2.0,grok-imagine-video-1.5,2k,"HARD OUTPUT LOCK: exactly ONE sealed Palm Beach Vitality research pen labeled '5-Amino-1MQ'. Hero count = 1. Cap ON covering the tip — never removed, never sitting beside the pen, never showing a needle. No second pen, no background pen, no carousel, no pen tray, no vial, no syringe, no people. Photoreal product photography (not cartoon). If any text appears, print '5-Amino-1MQ' once only in clean white sans-serif near the bottom. A small circular palm-tree mark may appear once in the top-right. No other text. No research-use disclaimer in frame. Photoreal vertical 9:16 Palm Beach Vitality catalog still. A bright sunlit glass photography studio with a white cyclorama and one matte black acrylic pedestal. Coastal daylight through tall windows. Palm-frond shadow may fall on the cyc once. Air is clear. Product photography, not a medical procedure. No people, no hands, no injection staging. HERO (product_hero from 3-image-scenes-150): a single pre-filled Palm Beach Vitality research pen standing upright on the pedestal, cap on. FORM (product_form_detail): clear barrel window, dial collar, capped tip cover on. Matte-and-gloss premium body, crisp plastic-metal edges, visible dial collar, tack-sharp barrel-graphics zone, soft reflection beneath. Clean white wrap-around barrel label with a dark maroon DNA double-helix logo, the exact compound name '5-Amino-1MQ' in large bold dark maroon type, and a solid dark maroon dosage bar with white mg strength. The clear barrel window shows a settled crystal-clear colorless liquid fill already inside at a stable level. FORBIDDEN: pouring, filling, rising liquid, empty barrel, loose cap, needle, second pen, any vial, scale, tray, skin, hands. Shallow depth of field, cinematic macro lens, tack-sharp pen, soft background. No captions or watermarks besides the optional single palm mark. No medical claims in frame. FINAL CHECK: count every pen and vial. Total product containers must be 1 — the single capped research pen. If 2+, remove extras. No vials. COUNT = 1. Cap on.","Slow cinematic camera: slow straight push-in toward the capped pen, then hold. Keep the exact same single capped '5-Amino-1MQ' research pen, materials, and lighting. Cap stays ON. No new objects. No second pen. No vial, people, needles, burn-in, or extra text. Keep the clear liquid level frozen in the barrel window. Liquid does not change level — pre-filled and static. Keep label '5-Amino-1MQ' unchanged if visible, once only.","CRITICAL: Keep exactly ONE sealed Palm Beach Vitality research pen, cap ON. DELETE any extra pens, duplicate pens in reflections, vials, syringes, needles, scales, trays, or loose caps. Keep lighting, camera, and environment. Do not restyle the pen. Count = 1. Cap stays on.",Active,0,,matte black acrylic pedestal,soft high-key catalog key plus cool rim on barrel window,"slow straight push-in toward the capped pen, then hold","clean editorial, true plastics and glass, gentle contrast","pre-filled research pen, cap on, catalog still-life"
PBVita-Pen-014,14,PEN-014,pen_studio,Catalog research pen — matte acrylic studio hero,"pre-filled research pen; clear barrel window, dial collar, capped tip cover on; crystal-clear colorless liquid; white maroon-DNA barrel label; one pen only",Tesamorelin,push_in,eye-level,forward,"9:16, pen centered mid-frame, generous negative space","pen catalog · Tesamorelin · pre-filled research pen · clear barrel window, dial collar, capped tip cover on · clear fill · A bright sunlit glass photography studio with a white cyclorama and one matte black acrylic pedestal. Coastal daylight through tall windows.… shot:push_in · eye-level · cap ON",8,"photoreal, physically based, razor sharp focus, 8k, HDR, exactly one capped research pen, product count equals 1, no second pen, no vials, no syringes, no needles, no people",9:16,15,1080p,grok-imagine-image-2.0,grok-imagine-video-1.5,2k,"HARD OUTPUT LOCK: exactly ONE sealed Palm Beach Vitality research pen labeled 'Tesamorelin'. Hero count = 1. Cap ON covering the tip — never removed, never sitting beside the pen, never showing a needle. No second pen, no background pen, no carousel, no pen tray, no vial, no syringe, no people. Photoreal product photography (not cartoon). If any text appears, print 'Tesamorelin' once only in clean white sans-serif near the bottom. A small circular palm-tree mark may appear once in the top-right. No other text. No research-use disclaimer in frame. Photoreal vertical 9:16 Palm Beach Vitality catalog still. A bright sunlit glass photography studio with a white cyclorama and one matte black acrylic pedestal. Coastal daylight through tall windows. Palm-frond shadow may fall on the cyc once. Air is clear. Product photography, not a medical procedure. No people, no hands, no injection staging. HERO (product_hero from 3-image-scenes-150): a single pre-filled Palm Beach Vitality research pen standing upright on the pedestal, cap on. FORM (product_form_detail): clear barrel window, dial collar, capped tip cover on. Matte-and-gloss premium body, crisp plastic-metal edges, visible dial collar, tack-sharp barrel-graphics zone, soft reflection beneath. Clean white wrap-around barrel label with a dark maroon DNA double-helix logo, the exact compound name 'Tesamorelin' in large bold dark maroon type, and a solid dark maroon dosage bar with white mg strength. The clear barrel window shows a settled crystal-clear colorless liquid fill already inside at a stable level. FORBIDDEN: pouring, filling, rising liquid, empty barrel, loose cap, needle, second pen, any vial, scale, tray, skin, hands. Shallow depth of field, cinematic macro lens, tack-sharp pen, soft background. No captions or watermarks besides the optional single palm mark. No medical claims in frame. FINAL CHECK: count every pen and vial. Total product containers must be 1 — the single capped research pen. If 2+, remove extras. No vials. COUNT = 1. Cap on.","Slow cinematic camera: slow straight push-in toward the capped pen, then hold. Keep the exact same single capped 'Tesamorelin' research pen, materials, and lighting. Cap stays ON. No new objects. No second pen. No vial, people, needles, burn-in, or extra text. Keep the clear liquid level frozen in the barrel window. Liquid does not change level — pre-filled and static. Keep label 'Tesamorelin' unchanged if visible, once only.","CRITICAL: Keep exactly ONE sealed Palm Beach Vitality research pen, cap ON. DELETE any extra pens, duplicate pens in reflections, vials, syringes, needles, scales, trays, or loose caps. Keep lighting, camera, and environment. Do not restyle the pen. Count = 1. Cap stays on.",Active,0,,matte black acrylic pedestal,soft high-key catalog key plus cool rim on barrel window,"slow straight push-in toward the capped pen, then hold","clean editorial, true plastics and glass, gentle contrast","pre-filled research pen, cap on, catalog still-life"
PBVita-Pen-015,15,PEN-015,pen_studio,Catalog research pen — matte acrylic studio hero,"pre-filled research pen; clear barrel window, dial collar, capped tip cover on; crystal-clear colorless liquid; white maroon-DNA barrel label; one pen only",KPV,push_in,eye-level,forward,"9:16, pen centered mid-frame, generous negative space","pen catalog · KPV · pre-filled research pen · clear barrel window, dial collar, capped tip cover on · clear fill · A bright sunlit glass photography studio with a white cyclorama and one matte black acrylic pedestal. Coastal daylight through tall windows.… shot:push_in · eye-level · cap ON",8,"photoreal, physically based, razor sharp focus, 8k, HDR, exactly one capped research pen, product count equals 1, no second pen, no vials, no syringes, no needles, no people",9:16,15,1080p,grok-imagine-image-2.0,grok-imagine-video-1.5,2k,"HARD OUTPUT LOCK: exactly ONE sealed Palm Beach Vitality research pen labeled 'KPV'. Hero count = 1. Cap ON covering the tip — never removed, never sitting beside the pen, never showing a needle. No second pen, no background pen, no carousel, no pen tray, no vial, no syringe, no people. Photoreal product photography (not cartoon). If any text appears, print 'KPV' once only in clean white sans-serif near the bottom. A small circular palm-tree mark may appear once in the top-right. No other text. No research-use disclaimer in frame. Photoreal vertical 9:16 Palm Beach Vitality catalog still. A bright sunlit glass photography studio with a white cyclorama and one matte black acrylic pedestal. Coastal daylight through tall windows. Palm-frond shadow may fall on the cyc once. Air is clear. Product photography, not a medical procedure. No people, no hands, no injection staging. HERO (product_hero from 3-image-scenes-150): a single pre-filled Palm Beach Vitality research pen standing upright on the pedestal, cap on. FORM (product_form_detail): clear barrel window, dial collar, capped tip cover on. Matte-and-gloss premium body, crisp plastic-metal edges, visible dial collar, tack-sharp barrel-graphics zone, soft reflection beneath. Clean white wrap-around barrel label with a dark maroon DNA double-helix logo, the exact compound name 'KPV' in large bold dark maroon type, and a solid dark maroon dosage bar with white mg strength. The clear barrel window shows a settled crystal-clear colorless liquid fill already inside at a stable level. FORBIDDEN: pouring, filling, rising liquid, empty barrel, loose cap, needle, second pen, any vial, scale, tray, skin, hands. Shallow depth of field, cinematic macro lens, tack-sharp pen, soft background. No captions or watermarks besides the optional single palm mark. No medical claims in frame. FINAL CHECK: count every pen and vial. Total product containers must be 1 — the single capped research pen. If 2+, remove extras. No vials. COUNT = 1. Cap on.","Slow cinematic camera: slow straight push-in toward the capped pen, then hold. Keep the exact same single capped 'KPV' research pen, materials, and lighting. Cap stays ON. No new objects. No second pen. No vial, people, needles, burn-in, or extra text. Keep the clear liquid level frozen in the barrel window. Liquid does not change level — pre-filled and static. Keep label 'KPV' unchanged if visible, once only.","CRITICAL: Keep exactly ONE sealed Palm Beach Vitality research pen, cap ON. DELETE any extra pens, duplicate pens in reflections, vials, syringes, needles, scales, trays, or loose caps. Keep lighting, camera, and environment. Do not restyle the pen. Count = 1. Cap stays on.",Active,0,,matte black acrylic pedestal,soft high-key catalog key plus cool rim on barrel window,"slow straight push-in toward the capped pen, then hold","clean editorial, true plastics and glass, gentle contrast","pre-filled research pen, cap on, catalog still-life"
PBVita-Pen-016,16,PEN-016,pen_studio,Catalog research pen — matte acrylic studio hero,"pre-filled research pen; clear barrel window, dial collar, capped tip cover on; crystal-clear colorless liquid; white maroon-DNA barrel label; one pen only",CJC,push_in,eye-level,forward,"9:16, pen centered mid-frame, generous negative space","pen catalog · CJC · pre-filled research pen · clear barrel window, dial collar, capped tip cover on · clear fill · A bright sunlit glass photography studio with a white cyclorama and one matte black acrylic pedestal. Coastal daylight through tall windows.… shot:push_in · eye-level · cap ON",8,"photoreal, physically based, razor sharp focus, 8k, HDR, exactly one capped research pen, product count equals 1, no second pen, no vials, no syringes, no needles, no people",9:16,15,1080p,grok-imagine-image-2.0,grok-imagine-video-1.5,2k,"HARD OUTPUT LOCK: exactly ONE sealed Palm Beach Vitality research pen labeled 'CJC'. Hero count = 1. Cap ON covering the tip — never removed, never sitting beside the pen, never showing a needle. No second pen, no background pen, no carousel, no pen tray, no vial, no syringe, no people. Photoreal product photography (not cartoon). If any text appears, print 'CJC' once only in clean white sans-serif near the bottom. A small circular palm-tree mark may appear once in the top-right. No other text. No research-use disclaimer in frame. Photoreal vertical 9:16 Palm Beach Vitality catalog still. A bright sunlit glass photography studio with a white cyclorama and one matte black acrylic pedestal. Coastal daylight through tall windows. Palm-frond shadow may fall on the cyc once. Air is clear. Product photography, not a medical procedure. No people, no hands, no injection staging. HERO (product_hero from 3-image-scenes-150): a single pre-filled Palm Beach Vitality research pen standing upright on the pedestal, cap on. FORM (product_form_detail): clear barrel window, dial collar, capped tip cover on. Matte-and-gloss premium body, crisp plastic-metal edges, visible dial collar, tack-sharp barrel-graphics zone, soft reflection beneath. Clean white wrap-around barrel label with a dark maroon DNA double-helix logo, the exact compound name 'CJC' in large bold dark maroon type, and a solid dark maroon dosage bar with white mg strength. The clear barrel window shows a settled crystal-clear colorless liquid fill already inside at a stable level. FORBIDDEN: pouring, filling, rising liquid, empty barrel, loose cap, needle, second pen, any vial, scale, tray, skin, hands. Shallow depth of field, cinematic macro lens, tack-sharp pen, soft background. No captions or watermarks besides the optional single palm mark. No medical claims in frame. FINAL CHECK: count every pen and vial. Total product containers must be 1 — the single capped research pen. If 2+, remove extras. No vials. COUNT = 1. Cap on.","Slow cinematic camera: slow straight push-in toward the capped pen, then hold. Keep the exact same single capped 'CJC' research pen, materials, and lighting. Cap stays ON. No new objects. No second pen. No vial, people, needles, burn-in, or extra text. Keep the clear liquid level frozen in the barrel window. Liquid does not change level — pre-filled and static. Keep label 'CJC' unchanged if visible, once only.","CRITICAL: Keep exactly ONE sealed Palm Beach Vitality research pen, cap ON. DELETE any extra pens, duplicate pens in reflections, vials, syringes, needles, scales, trays, or loose caps. Keep lighting, camera, and environment. Do not restyle the pen. Count = 1. Cap stays on.",Active,0,,matte black acrylic pedestal,soft high-key catalog key plus cool rim on barrel window,"slow straight push-in toward the capped pen, then hold","clean editorial, true plastics and glass, gentle contrast","pre-filled research pen, cap on, catalog still-life"
PBVita-Pen-017,17,PEN-017,pen_studio,Catalog research pen — matte acrylic studio hero,"pre-filled research pen; clear barrel window, dial collar, capped tip cover on; crystal-clear colorless liquid; white maroon-DNA barrel label; one pen only",Melanotan 2,push_in,eye-level,forward,"9:16, pen centered mid-frame, generous negative space","pen catalog · Melanotan 2 · pre-filled research pen · clear barrel window, dial collar, capped tip cover on · clear fill · A bright sunlit glass photography studio with a white cyclorama and one matte black acrylic pedestal. Coastal daylight through tall windows.… shot:push_in · eye-level · cap ON",8,"photoreal, physically based, razor sharp focus, 8k, HDR, exactly one capped research pen, product count equals 1, no second pen, no vials, no syringes, no needles, no people",9:16,15,1080p,grok-imagine-image-2.0,grok-imagine-video-1.5,2k,"HARD OUTPUT LOCK: exactly ONE sealed Palm Beach Vitality research pen labeled 'Melanotan 2'. Hero count = 1. Cap ON covering the tip — never removed, never sitting beside the pen, never showing a needle. No second pen, no background pen, no carousel, no pen tray, no vial, no syringe, no people. Photoreal product photography (not cartoon). If any text appears, print 'Melanotan 2' once only in clean white sans-serif near the bottom. A small circular palm-tree mark may appear once in the top-right. No other text. No research-use disclaimer in frame. Photoreal vertical 9:16 Palm Beach Vitality catalog still. A bright sunlit glass photography studio with a white cyclorama and one matte black acrylic pedestal. Coastal daylight through tall windows. Palm-frond shadow may fall on the cyc once. Air is clear. Product photography, not a medical procedure. No people, no hands, no injection staging. HERO (product_hero from 3-image-scenes-150): a single pre-filled Palm Beach Vitality research pen standing upright on the pedestal, cap on. FORM (product_form_detail): clear barrel window, dial collar, capped tip cover on. Matte-and-gloss premium body, crisp plastic-metal edges, visible dial collar, tack-sharp barrel-graphics zone, soft reflection beneath. Clean white wrap-around barrel label with a dark maroon DNA double-helix logo, the exact compound name 'Melanotan 2' in large bold dark maroon type, and a solid dark maroon dosage bar with white mg strength. The clear barrel window shows a settled crystal-clear colorless liquid fill already inside at a stable level. FORBIDDEN: pouring, filling, rising liquid, empty barrel, loose cap, needle, second pen, any vial, scale, tray, skin, hands. Shallow depth of field, cinematic macro lens, tack-sharp pen, soft background. No captions or watermarks besides the optional single palm mark. No medical claims in frame. FINAL CHECK: count every pen and vial. Total product containers must be 1 — the single capped research pen. If 2+, remove extras. No vials. COUNT = 1. Cap on.","Slow cinematic camera: slow straight push-in toward the capped pen, then hold. Keep the exact same single capped 'Melanotan 2' research pen, materials, and lighting. Cap stays ON. No new objects. No second pen. No vial, people, needles, burn-in, or extra text. Keep the clear liquid level frozen in the barrel window. Liquid does not change level — pre-filled and static. Keep label 'Melanotan 2' unchanged if visible, once only.","CRITICAL: Keep exactly ONE sealed Palm Beach Vitality research pen, cap ON. DELETE any extra pens, duplicate pens in reflections, vials, syringes, needles, scales, trays, or loose caps. Keep lighting, camera, and environment. Do not restyle the pen. Count = 1. Cap stays on.",Active,0,,matte black acrylic pedestal,soft high-key catalog key plus cool rim on barrel window,"slow straight push-in toward the capped pen, then hold","clean editorial, true plastics and glass, gentle contrast","pre-filled research pen, cap on, catalog still-life"
PBVita-Pen-018,18,PEN-018,pen_studio,Catalog research pen — matte acrylic studio hero,"pre-filled research pen; clear barrel window, dial collar, capped tip cover on; crystal-clear colorless liquid; white maroon-DNA barrel label; one pen only",SS-31,push_in,eye-level,forward,"9:16, pen centered mid-frame, generous negative space","pen catalog · SS-31 · pre-filled research pen · clear barrel window, dial collar, capped tip cover on · clear fill · A bright sunlit glass photography studio with a white cyclorama and one matte black acrylic pedestal. Coastal daylight through tall windows.… shot:push_in · eye-level · cap ON",8,"photoreal, physically based, razor sharp focus, 8k, HDR, exactly one capped research pen, product count equals 1, no second pen, no vials, no syringes, no needles, no people",9:16,15,1080p,grok-imagine-image-2.0,grok-imagine-video-1.5,2k,"HARD OUTPUT LOCK: exactly ONE sealed Palm Beach Vitality research pen labeled 'SS-31'. Hero count = 1. Cap ON covering the tip — never removed, never sitting beside the pen, never showing a needle. No second pen, no background pen, no carousel, no pen tray, no vial, no syringe, no people. Photoreal product photography (not cartoon). If any text appears, print 'SS-31' once only in clean white sans-serif near the bottom. A small circular palm-tree mark may appear once in the top-right. No other text. No research-use disclaimer in frame. Photoreal vertical 9:16 Palm Beach Vitality catalog still. A bright sunlit glass photography studio with a white cyclorama and one matte black acrylic pedestal. Coastal daylight through tall windows. Palm-frond shadow may fall on the cyc once. Air is clear. Product photography, not a medical procedure. No people, no hands, no injection staging. HERO (product_hero from 3-image-scenes-150): a single pre-filled Palm Beach Vitality research pen standing upright on the pedestal, cap on. FORM (product_form_detail): clear barrel window, dial collar, capped tip cover on. Matte-and-gloss premium body, crisp plastic-metal edges, visible dial collar, tack-sharp barrel-graphics zone, soft reflection beneath. Clean white wrap-around barrel label with a dark maroon DNA double-helix logo, the exact compound name 'SS-31' in large bold dark maroon type, and a solid dark maroon dosage bar with white mg strength. The clear barrel window shows a settled crystal-clear colorless liquid fill already inside at a stable level. FORBIDDEN: pouring, filling, rising liquid, empty barrel, loose cap, needle, second pen, any vial, scale, tray, skin, hands. Shallow depth of field, cinematic macro lens, tack-sharp pen, soft background. No captions or watermarks besides the optional single palm mark. No medical claims in frame. FINAL CHECK: count every pen and vial. Total product containers must be 1 — the single capped research pen. If 2+, remove extras. No vials. COUNT = 1. Cap on.","Slow cinematic camera: slow straight push-in toward the capped pen, then hold. Keep the exact same single capped 'SS-31' research pen, materials, and lighting. Cap stays ON. No new objects. No second pen. No vial, people, needles, burn-in, or extra text. Keep the clear liquid level frozen in the barrel window. Liquid does not change level — pre-filled and static. Keep label 'SS-31' unchanged if visible, once only.","CRITICAL: Keep exactly ONE sealed Palm Beach Vitality research pen, cap ON. DELETE any extra pens, duplicate pens in reflections, vials, syringes, needles, scales, trays, or loose caps. Keep lighting, camera, and environment. Do not restyle the pen. Count = 1. Cap stays on.",Active,0,,matte black acrylic pedestal,soft high-key catalog key plus cool rim on barrel window,"slow straight push-in toward the capped pen, then hold","clean editorial, true plastics and glass, gentle contrast","pre-filled research pen, cap on, catalog still-life"
PBVita-Pen-019,19,PEN-019,pen_studio,Catalog research pen — matte acrylic studio hero,"pre-filled research pen; clear barrel window, dial collar, capped tip cover on; crystal-clear colorless liquid; white maroon-DNA barrel label; one pen only",AOD-9604,push_in,eye-level,forward,"9:16, pen centered mid-frame, generous negative space","pen catalog · AOD-9604 · pre-filled research pen · clear barrel window, dial collar, capped tip cover on · clear fill · A bright sunlit glass photography studio with a white cyclorama and one matte black acrylic pedestal. Coastal daylight through tall windows.… shot:push_in · eye-level · cap ON",8,"photoreal, physically based, razor sharp focus, 8k, HDR, exactly one capped research pen, product count equals 1, no second pen, no vials, no syringes, no needles, no people",9:16,15,1080p,grok-imagine-image-2.0,grok-imagine-video-1.5,2k,"HARD OUTPUT LOCK: exactly ONE sealed Palm Beach Vitality research pen labeled 'AOD-9604'. Hero count = 1. Cap ON covering the tip — never removed, never sitting beside the pen, never showing a needle. No second pen, no background pen, no carousel, no pen tray, no vial, no syringe, no people. Photoreal product photography (not cartoon). If any text appears, print 'AOD-9604' once only in clean white sans-serif near the bottom. A small circular palm-tree mark may appear once in the top-right. No other text. No research-use disclaimer in frame. Photoreal vertical 9:16 Palm Beach Vitality catalog still. A bright sunlit glass photography studio with a white cyclorama and one matte black acrylic pedestal. Coastal daylight through tall windows. Palm-frond shadow may fall on the cyc once. Air is clear. Product photography, not a medical procedure. No people, no hands, no injection staging. HERO (product_hero from 3-image-scenes-150): a single pre-filled Palm Beach Vitality research pen standing upright on the pedestal, cap on. FORM (product_form_detail): clear barrel window, dial collar, capped tip cover on. Matte-and-gloss premium body, crisp plastic-metal edges, visible dial collar, tack-sharp barrel-graphics zone, soft reflection beneath. Clean white wrap-around barrel label with a dark maroon DNA double-helix logo, the exact compound name 'AOD-9604' in large bold dark maroon type, and a solid dark maroon dosage bar with white mg strength. The clear barrel window shows a settled crystal-clear colorless liquid fill already inside at a stable level. FORBIDDEN: pouring, filling, rising liquid, empty barrel, loose cap, needle, second pen, any vial, scale, tray, skin, hands. Shallow depth of field, cinematic macro lens, tack-sharp pen, soft background. No captions or watermarks besides the optional single palm mark. No medical claims in frame. FINAL CHECK: count every pen and vial. Total product containers must be 1 — the single capped research pen. If 2+, remove extras. No vials. COUNT = 1. Cap on.","Slow cinematic camera: slow straight push-in toward the capped pen, then hold. Keep the exact same single capped 'AOD-9604' research pen, materials, and lighting. Cap stays ON. No new objects. No second pen. No vial, people, needles, burn-in, or extra text. Keep the clear liquid level frozen in the barrel window. Liquid does not change level — pre-filled and static. Keep label 'AOD-9604' unchanged if visible, once only.","CRITICAL: Keep exactly ONE sealed Palm Beach Vitality research pen, cap ON. DELETE any extra pens, duplicate pens in reflections, vials, syringes, needles, scales, trays, or loose caps. Keep lighting, camera, and environment. Do not restyle the pen. Count = 1. Cap stays on.",Active,0,,matte black acrylic pedestal,soft high-key catalog key plus cool rim on barrel window,"slow straight push-in toward the capped pen, then hold","clean editorial, true plastics and glass, gentle contrast","pre-filled research pen, cap on, catalog still-life"
PBVita-Pen-020,20,PEN-020,pen_studio,Catalog research pen — matte acrylic studio hero,"pre-filled research pen; clear barrel window, dial collar, capped tip cover on; crystal-clear colorless liquid; white maroon-DNA barrel label; one pen only",BPC-157/TB-500,push_in,eye-level,forward,"9:16, pen centered mid-frame, generous negative space","pen catalog · BPC-157/TB-500 · pre-filled research pen · clear barrel window, dial collar, capped tip cover on · clear fill · A bright sunlit glass photography studio with a white cyclorama and one matte black acrylic pedestal. Coastal daylight through tall windows.… shot:push_in · eye-level · cap ON",8,"photoreal, physically based, razor sharp focus, 8k, HDR, exactly one capped research pen, product count equals 1, no second pen, no vials, no syringes, no needles, no people",9:16,15,1080p,grok-imagine-image-2.0,grok-imagine-video-1.5,2k,"HARD OUTPUT LOCK: exactly ONE sealed Palm Beach Vitality research pen labeled 'BPC-157/TB-500'. Hero count = 1. Cap ON covering the tip — never removed, never sitting beside the pen, never showing a needle. No second pen, no background pen, no carousel, no pen tray, no vial, no syringe, no people. Photoreal product photography (not cartoon). If any text appears, print 'BPC-157/TB-500' once only in clean white sans-serif near the bottom. A small circular palm-tree mark may appear once in the top-right. No other text. No research-use disclaimer in frame. Photoreal vertical 9:16 Palm Beach Vitality catalog still. A bright sunlit glass photography studio with a white cyclorama and one matte black acrylic pedestal. Coastal daylight through tall windows. Palm-frond shadow may fall on the cyc once. Air is clear. Product photography, not a medical procedure. No people, no hands, no injection staging. HERO (product_hero from 3-image-scenes-150): a single pre-filled Palm Beach Vitality research pen standing upright on the pedestal, cap on. FORM (product_form_detail): clear barrel window, dial collar, capped tip cover on. Matte-and-gloss premium body, crisp plastic-metal edges, visible dial collar, tack-sharp barrel-graphics zone, soft reflection beneath. Clean white wrap-around barrel label with a dark maroon DNA double-helix logo, the exact compound name 'BPC-157/TB-500' in large bold dark maroon type, and a solid dark maroon dosage bar with white mg strength. The clear barrel window shows a settled crystal-clear colorless liquid fill already inside at a stable level. FORBIDDEN: pouring, filling, rising liquid, empty barrel, loose cap, needle, second pen, any vial, scale, tray, skin, hands. Shallow depth of field, cinematic macro lens, tack-sharp pen, soft background. No captions or watermarks besides the optional single palm mark. No medical claims in frame. FINAL CHECK: count every pen and vial. Total product containers must be 1 — the single capped research pen. If 2+, remove extras. No vials. COUNT = 1. Cap on.","Slow cinematic camera: slow straight push-in toward the capped pen, then hold. Keep the exact same single capped 'BPC-157/TB-500' research pen, materials, and lighting. Cap stays ON. No new objects. No second pen. No vial, people, needles, burn-in, or extra text. Keep the clear liquid level frozen in the barrel window. Liquid does not change level — pre-filled and static. Keep label 'BPC-157/TB-500' unchanged if visible, once only.","CRITICAL: Keep exactly ONE sealed Palm Beach Vitality research pen, cap ON. DELETE any extra pens, duplicate pens in reflections, vials, syringes, needles, scales, trays, or loose caps. Keep lighting, camera, and environment. Do not restyle the pen. Count = 1. Cap stays on.",Active,0,,matte black acrylic pedestal,soft high-key catalog key plus cool rim on barrel window,"slow straight push-in toward the capped pen, then hold","clean editorial, true plastics and glass, gentle contrast","pre-filled research pen, cap on, catalog still-life"
PBVita-Pen-021,21,PEN-021,pen_studio,Catalog research pen — matte acrylic studio hero,"pre-filled research pen; clear barrel window, dial collar, capped tip cover on; crystal-clear colorless liquid; white maroon-DNA barrel label; one pen only",SEMAX,push_in,eye-level,forward,"9:16, pen centered mid-frame, generous negative space","pen catalog · SEMAX · pre-filled research pen · clear barrel window, dial collar, capped tip cover on · clear fill · A bright sunlit glass photography studio with a white cyclorama and one matte black acrylic pedestal. Coastal daylight through tall windows.… shot:push_in · eye-level · cap ON",8,"photoreal, physically based, razor sharp focus, 8k, HDR, exactly one capped research pen, product count equals 1, no second pen, no vials, no syringes, no needles, no people",9:16,15,1080p,grok-imagine-image-2.0,grok-imagine-video-1.5,2k,"HARD OUTPUT LOCK: exactly ONE sealed Palm Beach Vitality research pen labeled 'SEMAX'. Hero count = 1. Cap ON covering the tip — never removed, never sitting beside the pen, never showing a needle. No second pen, no background pen, no carousel, no pen tray, no vial, no syringe, no people. Photoreal product photography (not cartoon). If any text appears, print 'SEMAX' once only in clean white sans-serif near the bottom. A small circular palm-tree mark may appear once in the top-right. No other text. No research-use disclaimer in frame. Photoreal vertical 9:16 Palm Beach Vitality catalog still. A bright sunlit glass photography studio with a white cyclorama and one matte black acrylic pedestal. Coastal daylight through tall windows. Palm-frond shadow may fall on the cyc once. Air is clear. Product photography, not a medical procedure. No people, no hands, no injection staging. HERO (product_hero from 3-image-scenes-150): a single pre-filled Palm Beach Vitality research pen standing upright on the pedestal, cap on. FORM (product_form_detail): clear barrel window, dial collar, capped tip cover on. Matte-and-gloss premium body, crisp plastic-metal edges, visible dial collar, tack-sharp barrel-graphics zone, soft reflection beneath. Clean white wrap-around barrel label with a dark maroon DNA double-helix logo, the exact compound name 'SEMAX' in large bold dark maroon type, and a solid dark maroon dosage bar with white mg strength. The clear barrel window shows a settled crystal-clear colorless liquid fill already inside at a stable level. FORBIDDEN: pouring, filling, rising liquid, empty barrel, loose cap, needle, second pen, any vial, scale, tray, skin, hands. Shallow depth of field, cinematic macro lens, tack-sharp pen, soft background. No captions or watermarks besides the optional single palm mark. No medical claims in frame. FINAL CHECK: count every pen and vial. Total product containers must be 1 — the single capped research pen. If 2+, remove extras. No vials. COUNT = 1. Cap on.","Slow cinematic camera: slow straight push-in toward the capped pen, then hold. Keep the exact same single capped 'SEMAX' research pen, materials, and lighting. Cap stays ON. No new objects. No second pen. No vial, people, needles, burn-in, or extra text. Keep the clear liquid level frozen in the barrel window. Liquid does not change level — pre-filled and static. Keep label 'SEMAX' unchanged if visible, once only.","CRITICAL: Keep exactly ONE sealed Palm Beach Vitality research pen, cap ON. DELETE any extra pens, duplicate pens in reflections, vials, syringes, needles, scales, trays, or loose caps. Keep lighting, camera, and environment. Do not restyle the pen. Count = 1. Cap stays on.",Active,0,,matte black acrylic pedestal,soft high-key catalog key plus cool rim on barrel window,"slow straight push-in toward the capped pen, then hold","clean editorial, true plastics and glass, gentle contrast","pre-filled research pen, cap on, catalog still-life"
PBVita-Pen-022,22,PEN-022,pen_studio,Catalog research pen — matte acrylic studio hero,"pre-filled research pen; clear barrel window, dial collar, capped tip cover on; crystal-clear colorless liquid; white maroon-DNA barrel label; one pen only",KLOW,push_in,eye-level,forward,"9:16, pen centered mid-frame, generous negative space","pen catalog · KLOW · pre-filled research pen · clear barrel window, dial collar, capped tip cover on · clear fill · A bright sunlit glass photography studio with a white cyclorama and one matte black acrylic pedestal. Coastal daylight through tall windows.… shot:push_in · eye-level · cap ON",8,"photoreal, physically based, razor sharp focus, 8k, HDR, exactly one capped research pen, product count equals 1, no second pen, no vials, no syringes, no needles, no people",9:16,15,1080p,grok-imagine-image-2.0,grok-imagine-video-1.5,2k,"HARD OUTPUT LOCK: exactly ONE sealed Palm Beach Vitality research pen labeled 'KLOW'. Hero count = 1. Cap ON covering the tip — never removed, never sitting beside the pen, never showing a needle. No second pen, no background pen, no carousel, no pen tray, no vial, no syringe, no people. Photoreal product photography (not cartoon). If any text appears, print 'KLOW' once only in clean white sans-serif near the bottom. A small circular palm-tree mark may appear once in the top-right. No other text. No research-use disclaimer in frame. Photoreal vertical 9:16 Palm Beach Vitality catalog still. A bright sunlit glass photography studio with a white cyclorama and one matte black acrylic pedestal. Coastal daylight through tall windows. Palm-frond shadow may fall on the cyc once. Air is clear. Product photography, not a medical procedure. No people, no hands, no injection staging. HERO (product_hero from 3-image-scenes-150): a single pre-filled Palm Beach Vitality research pen standing upright on the pedestal, cap on. FORM (product_form_detail): clear barrel window, dial collar, capped tip cover on. Matte-and-gloss premium body, crisp plastic-metal edges, visible dial collar, tack-sharp barrel-graphics zone, soft reflection beneath. Clean white wrap-around barrel label with a dark maroon DNA double-helix logo, the exact compound name 'KLOW' in large bold dark maroon type, and a solid dark maroon dosage bar with white mg strength. The clear barrel window shows a settled crystal-clear colorless liquid fill already inside at a stable level. FORBIDDEN: pouring, filling, rising liquid, empty barrel, loose cap, needle, second pen, any vial, scale, tray, skin, hands. Shallow depth of field, cinematic macro lens, tack-sharp pen, soft background. No captions or watermarks besides the optional single palm mark. No medical claims in frame. FINAL CHECK: count every pen and vial. Total product containers must be 1 — the single capped research pen. If 2+, remove extras. No vials. COUNT = 1. Cap on.","Slow cinematic camera: slow straight push-in toward the capped pen, then hold. Keep the exact same single capped 'KLOW' research pen, materials, and lighting. Cap stays ON. No new objects. No second pen. No vial, people, needles, burn-in, or extra text. Keep the clear liquid level frozen in the barrel window. Liquid does not change level — pre-filled and static. Keep label 'KLOW' unchanged if visible, once only.","CRITICAL: Keep exactly ONE sealed Palm Beach Vitality research pen, cap ON. DELETE any extra pens, duplicate pens in reflections, vials, syringes, needles, scales, trays, or loose caps. Keep lighting, camera, and environment. Do not restyle the pen. Count = 1. Cap stays on.",Active,0,,matte black acrylic pedestal,soft high-key catalog key plus cool rim on barrel window,"slow straight push-in toward the capped pen, then hold","clean editorial, true plastics and glass, gentle contrast","pre-filled research pen, cap on, catalog still-life"
PBVita-Pen-023,23,PEN-023,pen_studio,Catalog research pen — matte acrylic studio hero,"pre-filled research pen; clear barrel window, dial collar, capped tip cover on; crystal-clear colorless liquid; white maroon-DNA barrel label; one pen only",Cagrilinitide,push_in,eye-level,forward,"9:16, pen centered mid-frame, generous negative space","pen catalog · Cagrilinitide · pre-filled research pen · clear barrel window, dial collar, capped tip cover on · clear fill · A bright sunlit glass photography studio with a white cyclorama and one matte black acrylic pedestal. Coastal daylight through tall windows.… shot:push_in · eye-level · cap ON",8,"photoreal, physically based, razor sharp focus, 8k, HDR, exactly one capped research pen, product count equals 1, no second pen, no vials, no syringes, no needles, no people",9:16,15,1080p,grok-imagine-image-2.0,grok-imagine-video-1.5,2k,"HARD OUTPUT LOCK: exactly ONE sealed Palm Beach Vitality research pen labeled 'Cagrilinitide'. Hero count = 1. Cap ON covering the tip — never removed, never sitting beside the pen, never showing a needle. No second pen, no background pen, no carousel, no pen tray, no vial, no syringe, no people. Photoreal product photography (not cartoon). If any text appears, print 'Cagrilinitide' once only in clean white sans-serif near the bottom. A small circular palm-tree mark may appear once in the top-right. No other text. No research-use disclaimer in frame. Photoreal vertical 9:16 Palm Beach Vitality catalog still. A bright sunlit glass photography studio with a white cyclorama and one matte black acrylic pedestal. Coastal daylight through tall windows. Palm-frond shadow may fall on the cyc once. Air is clear. Product photography, not a medical procedure. No people, no hands, no injection staging. HERO (product_hero from 3-image-scenes-150): a single pre-filled Palm Beach Vitality research pen standing upright on the pedestal, cap on. FORM (product_form_detail): clear barrel window, dial collar, capped tip cover on. Matte-and-gloss premium body, crisp plastic-metal edges, visible dial collar, tack-sharp barrel-graphics zone, soft reflection beneath. Clean white wrap-around barrel label with a dark maroon DNA double-helix logo, the exact compound name 'Cagrilinitide' in large bold dark maroon type, and a solid dark maroon dosage bar with white mg strength. The clear barrel window shows a settled crystal-clear colorless liquid fill already inside at a stable level. FORBIDDEN: pouring, filling, rising liquid, empty barrel, loose cap, needle, second pen, any vial, scale, tray, skin, hands. Shallow depth of field, cinematic macro lens, tack-sharp pen, soft background. No captions or watermarks besides the optional single palm mark. No medical claims in frame. FINAL CHECK: count every pen and vial. Total product containers must be 1 — the single capped research pen. If 2+, remove extras. No vials. COUNT = 1. Cap on.","Slow cinematic camera: slow straight push-in toward the capped pen, then hold. Keep the exact same single capped 'Cagrilinitide' research pen, materials, and lighting. Cap stays ON. No new objects. No second pen. No vial, people, needles, burn-in, or extra text. Keep the clear liquid level frozen in the barrel window. Liquid does not change level — pre-filled and static. Keep label 'Cagrilinitide' unchanged if visible, once only.","CRITICAL: Keep exactly ONE sealed Palm Beach Vitality research pen, cap ON. DELETE any extra pens, duplicate pens in reflections, vials, syringes, needles, scales, trays, or loose caps. Keep lighting, camera, and environment. Do not restyle the pen. Count = 1. Cap stays on.",Active,0,,matte black acrylic pedestal,soft high-key catalog key plus cool rim on barrel window,"slow straight push-in toward the capped pen, then hold","clean editorial, true plastics and glass, gentle contrast","pre-filled research pen, cap on, catalog still-life"
PBVita-Pen-024,24,PEN-024,pen_studio,Catalog research pen — matte acrylic studio hero,"pre-filled research pen; clear barrel window, dial collar, capped tip cover on; crystal-clear colorless liquid; white maroon-DNA barrel label; one pen only",TA-1,push_in,eye-level,forward,"9:16, pen centered mid-frame, generous negative space","pen catalog · TA-1 · pre-filled research pen · clear barrel window, dial collar, capped tip cover on · clear fill · A bright sunlit glass photography studio with a white cyclorama and one matte black acrylic pedestal. Coastal daylight through tall windows.… shot:push_in · eye-level · cap ON",8,"photoreal, physically based, razor sharp focus, 8k, HDR, exactly one capped research pen, product count equals 1, no second pen, no vials, no syringes, no needles, no people",9:16,15,1080p,grok-imagine-image-2.0,grok-imagine-video-1.5,2k,"HARD OUTPUT LOCK: exactly ONE sealed Palm Beach Vitality research pen labeled 'TA-1'. Hero count = 1. Cap ON covering the tip — never removed, never sitting beside the pen, never showing a needle. No second pen, no background pen, no carousel, no pen tray, no vial, no syringe, no people. Photoreal product photography (not cartoon). If any text appears, print 'TA-1' once only in clean white sans-serif near the bottom. A small circular palm-tree mark may appear once in the top-right. No other text. No research-use disclaimer in frame. Photoreal vertical 9:16 Palm Beach Vitality catalog still. A bright sunlit glass photography studio with a white cyclorama and one matte black acrylic pedestal. Coastal daylight through tall windows. Palm-frond shadow may fall on the cyc once. Air is clear. Product photography, not a medical procedure. No people, no hands, no injection staging. HERO (product_hero from 3-image-scenes-150): a single pre-filled Palm Beach Vitality research pen standing upright on the pedestal, cap on. FORM (product_form_detail): clear barrel window, dial collar, capped tip cover on. Matte-and-gloss premium body, crisp plastic-metal edges, visible dial collar, tack-sharp barrel-graphics zone, soft reflection beneath. Clean white wrap-around barrel label with a dark maroon DNA double-helix logo, the exact compound name 'TA-1' in large bold dark maroon type, and a solid dark maroon dosage bar with white mg strength. The clear barrel window shows a settled crystal-clear colorless liquid fill already inside at a stable level. FORBIDDEN: pouring, filling, rising liquid, empty barrel, loose cap, needle, second pen, any vial, scale, tray, skin, hands. Shallow depth of field, cinematic macro lens, tack-sharp pen, soft background. No captions or watermarks besides the optional single palm mark. No medical claims in frame. FINAL CHECK: count every pen and vial. Total product containers must be 1 — the single capped research pen. If 2+, remove extras. No vials. COUNT = 1. Cap on.","Slow cinematic camera: slow straight push-in toward the capped pen, then hold. Keep the exact same single capped 'TA-1' research pen, materials, and lighting. Cap stays ON. No new objects. No second pen. No vial, people, needles, burn-in, or extra text. Keep the clear liquid level frozen in the barrel window. Liquid does not change level — pre-filled and static. Keep label 'TA-1' unchanged if visible, once only.","CRITICAL: Keep exactly ONE sealed Palm Beach Vitality research pen, cap ON. DELETE any extra pens, duplicate pens in reflections, vials, syringes, needles, scales, trays, or loose caps. Keep lighting, camera, and environment. Do not restyle the pen. Count = 1. Cap stays on.",Active,0,,matte black acrylic pedestal,soft high-key catalog key plus cool rim on barrel window,"slow straight push-in toward the capped pen, then hold","clean editorial, true plastics and glass, gentle contrast","pre-filled research pen, cap on, catalog still-life"
PBVita-Pen-025,25,PEN-025,pen_studio,Catalog research pen — matte acrylic studio hero,"pre-filled research pen; clear barrel window, dial collar, capped tip cover on; crystal-clear colorless liquid; white maroon-DNA barrel label; one pen only",DSIP,push_in,eye-level,forward,"9:16, pen centered mid-frame, generous negative space","pen catalog · DSIP · pre-filled research pen · clear barrel window, dial collar, capped tip cover on · clear fill · A bright sunlit glass photography studio with a white cyclorama and one matte black acrylic pedestal. Coastal daylight through tall windows.… shot:push_in · eye-level · cap ON",8,"photoreal, physically based, razor sharp focus, 8k, HDR, exactly one capped research pen, product count equals 1, no second pen, no vials, no syringes, no needles, no people",9:16,15,1080p,grok-imagine-image-2.0,grok-imagine-video-1.5,2k,"HARD OUTPUT LOCK: exactly ONE sealed Palm Beach Vitality research pen labeled 'DSIP'. Hero count = 1. Cap ON covering the tip — never removed, never sitting beside the pen, never showing a needle. No second pen, no background pen, no carousel, no pen tray, no vial, no syringe, no people. Photoreal product photography (not cartoon). If any text appears, print 'DSIP' once only in clean white sans-serif near the bottom. A small circular palm-tree mark may appear once in the top-right. No other text. No research-use disclaimer in frame. Photoreal vertical 9:16 Palm Beach Vitality catalog still. A bright sunlit glass photography studio with a white cyclorama and one matte black acrylic pedestal. Coastal daylight through tall windows. Palm-frond shadow may fall on the cyc once. Air is clear. Product photography, not a medical procedure. No people, no hands, no injection staging. HERO (product_hero from 3-image-scenes-150): a single pre-filled Palm Beach Vitality research pen standing upright on the pedestal, cap on. FORM (product_form_detail): clear barrel window, dial collar, capped tip cover on. Matte-and-gloss premium body, crisp plastic-metal edges, visible dial collar, tack-sharp barrel-graphics zone, soft reflection beneath. Clean white wrap-around barrel label with a dark maroon DNA double-helix logo, the exact compound name 'DSIP' in large bold dark maroon type, and a solid dark maroon dosage bar with white mg strength. The clear barrel window shows a settled crystal-clear colorless liquid fill already inside at a stable level. FORBIDDEN: pouring, filling, rising liquid, empty barrel, loose cap, needle, second pen, any vial, scale, tray, skin, hands. Shallow depth of field, cinematic macro lens, tack-sharp pen, soft background. No captions or watermarks besides the optional single palm mark. No medical claims in frame. FINAL CHECK: count every pen and vial. Total product containers must be 1 — the single capped research pen. If 2+, remove extras. No vials. COUNT = 1. Cap on.","Slow cinematic camera: slow straight push-in toward the capped pen, then hold. Keep the exact same single capped 'DSIP' research pen, materials, and lighting. Cap stays ON. No new objects. No second pen. No vial, people, needles, burn-in, or extra text. Keep the clear liquid level frozen in the barrel window. Liquid does not change level — pre-filled and static. Keep label 'DSIP' unchanged if visible, once only.","CRITICAL: Keep exactly ONE sealed Palm Beach Vitality research pen, cap ON. DELETE any extra pens, duplicate pens in reflections, vials, syringes, needles, scales, trays, or loose caps. Keep lighting, camera, and environment. Do not restyle the pen. Count = 1. Cap stays on.",Active,0,,matte black acrylic pedestal,soft high-key catalog key plus cool rim on barrel window,"slow straight push-in toward the capped pen, then hold","clean editorial, true plastics and glass, gentle contrast","pre-filled research pen, cap on, catalog still-life"
PBVita-Pen-026,26,PEN-026,pen_studio,Catalog research pen — matte acrylic studio hero,"pre-filled research pen; clear barrel window, dial collar, capped tip cover on; crystal-clear colorless liquid; white maroon-DNA barrel label; one pen only",Tesamorelin/Ipamorelin,push_in,eye-level,forward,"9:16, pen centered mid-frame, generous negative space","pen catalog · Tesamorelin/Ipamorelin · pre-filled research pen · clear barrel window, dial collar, capped tip cover on · clear fill · A bright sunlit glass photography studio with a white cyclorama and one matte black acrylic pedestal. Coastal daylight through tall windows.… shot:push_in · eye-level · cap ON",8,"photoreal, physically based, razor sharp focus, 8k, HDR, exactly one capped research pen, product count equals 1, no second pen, no vials, no syringes, no needles, no people",9:16,15,1080p,grok-imagine-image-2.0,grok-imagine-video-1.5,2k,"HARD OUTPUT LOCK: exactly ONE sealed Palm Beach Vitality research pen labeled 'Tesamorelin/Ipamorelin'. Hero count = 1. Cap ON covering the tip — never removed, never sitting beside the pen, never showing a needle. No second pen, no background pen, no carousel, no pen tray, no vial, no syringe, no people. Photoreal product photography (not cartoon). If any text appears, print 'Tesamorelin/Ipamorelin' once only in clean white sans-serif near the bottom. A small circular palm-tree mark may appear once in the top-right. No other text. No research-use disclaimer in frame. Photoreal vertical 9:16 Palm Beach Vitality catalog still. A bright sunlit glass photography studio with a white cyclorama and one matte black acrylic pedestal. Coastal daylight through tall windows. Palm-frond shadow may fall on the cyc once. Air is clear. Product photography, not a medical procedure. No people, no hands, no injection staging. HERO (product_hero from 3-image-scenes-150): a single pre-filled Palm Beach Vitality research pen standing upright on the pedestal, cap on. FORM (product_form_detail): clear barrel window, dial collar, capped tip cover on. Matte-and-gloss premium body, crisp plastic-metal edges, visible dial collar, tack-sharp barrel-graphics zone, soft reflection beneath. Clean white wrap-around barrel label with a dark maroon DNA double-helix logo, the exact compound name 'Tesamorelin/Ipamorelin' in large bold dark maroon type, and a solid dark maroon dosage bar with white mg strength. The clear barrel window shows a settled crystal-clear colorless liquid fill already inside at a stable level. FORBIDDEN: pouring, filling, rising liquid, empty barrel, loose cap, needle, second pen, any vial, scale, tray, skin, hands. Shallow depth of field, cinematic macro lens, tack-sharp pen, soft background. No captions or watermarks besides the optional single palm mark. No medical claims in frame. FINAL CHECK: count every pen and vial. Total product containers must be 1 — the single capped research pen. If 2+, remove extras. No vials. COUNT = 1. Cap on.","Slow cinematic camera: slow straight push-in toward the capped pen, then hold. Keep the exact same single capped 'Tesamorelin/Ipamorelin' research pen, materials, and lighting. Cap stays ON. No new objects. No second pen. No vial, people, needles, burn-in, or extra text. Keep the clear liquid level frozen in the barrel window. Liquid does not change level — pre-filled and static. Keep label 'Tesamorelin/Ipamorelin' unchanged if visible, once only.","CRITICAL: Keep exactly ONE sealed Palm Beach Vitality research pen, cap ON. DELETE any extra pens, duplicate pens in reflections, vials, syringes, needles, scales, trays, or loose caps. Keep lighting, camera, and environment. Do not restyle the pen. Count = 1. Cap stays on.",Active,0,,matte black acrylic pedestal,soft high-key catalog key plus cool rim on barrel window,"slow straight push-in toward the capped pen, then hold","clean editorial, true plastics and glass, gentle contrast","pre-filled research pen, cap on, catalog still-life"
PBVita-Pen-027,27,PEN-027,pen_studio,Catalog research pen — matte acrylic studio hero,"pre-filled research pen; clear barrel window, dial collar, capped tip cover on; crystal-clear colorless liquid; white maroon-DNA barrel label; one pen only",CJC (no DAC)/Ipamorelin,push_in,eye-level,forward,"9:16, pen centered mid-frame, generous negative space","pen catalog · CJC (no DAC)/Ipamorelin · pre-filled research pen · clear barrel window, dial collar, capped tip cover on · clear fill · A bright sunlit glass photography studio with a white cyclorama and one matte black acrylic pedestal. Coastal daylight through tall windows.… shot:push_in · eye-level · cap ON",8,"photoreal, physically based, razor sharp focus, 8k, HDR, exactly one capped research pen, product count equals 1, no second pen, no vials, no syringes, no needles, no people",9:16,15,1080p,grok-imagine-image-2.0,grok-imagine-video-1.5,2k,"HARD OUTPUT LOCK: exactly ONE sealed Palm Beach Vitality research pen labeled 'CJC (no DAC)/Ipamorelin'. Hero count = 1. Cap ON covering the tip — never removed, never sitting beside the pen, never showing a needle. No second pen, no background pen, no carousel, no pen tray, no vial, no syringe, no people. Photoreal product photography (not cartoon). If any text appears, print 'CJC (no DAC)/Ipamorelin' once only in clean white sans-serif near the bottom. A small circular palm-tree mark may appear once in the top-right. No other text. No research-use disclaimer in frame. Photoreal vertical 9:16 Palm Beach Vitality catalog still. A bright sunlit glass photography studio with a white cyclorama and one matte black acrylic pedestal. Coastal daylight through tall windows. Palm-frond shadow may fall on the cyc once. Air is clear. Product photography, not a medical procedure. No people, no hands, no injection staging. HERO (product_hero from 3-image-scenes-150): a single pre-filled Palm Beach Vitality research pen standing upright on the pedestal, cap on. FORM (product_form_detail): clear barrel window, dial collar, capped tip cover on. Matte-and-gloss premium body, crisp plastic-metal edges, visible dial collar, tack-sharp barrel-graphics zone, soft reflection beneath. Clean white wrap-around barrel label with a dark maroon DNA double-helix logo, the exact compound name 'CJC (no DAC)/Ipamorelin' in large bold dark maroon type, and a solid dark maroon dosage bar with white mg strength. The clear barrel window shows a settled crystal-clear colorless liquid fill already inside at a stable level. FORBIDDEN: pouring, filling, rising liquid, empty barrel, loose cap, needle, second pen, any vial, scale, tray, skin, hands. Shallow depth of field, cinematic macro lens, tack-sharp pen, soft background. No captions or watermarks besides the optional single palm mark. No medical claims in frame. FINAL CHECK: count every pen and vial. Total product containers must be 1 — the single capped research pen. If 2+, remove extras. No vials. COUNT = 1. Cap on.","Slow cinematic camera: slow straight push-in toward the capped pen, then hold. Keep the exact same single capped 'CJC (no DAC)/Ipamorelin' research pen, materials, and lighting. Cap stays ON. No new objects. No second pen. No vial, people, needles, burn-in, or extra text. Keep the clear liquid level frozen in the barrel window. Liquid does not change level — pre-filled and static. Keep label 'CJC (no DAC)/Ipamorelin' unchanged if visible, once only.","CRITICAL: Keep exactly ONE sealed Palm Beach Vitality research pen, cap ON. DELETE any extra pens, duplicate pens in reflections, vials, syringes, needles, scales, trays, or loose caps. Keep lighting, camera, and environment. Do not restyle the pen. Count = 1. Cap stays on.",Active,0,,matte black acrylic pedestal,soft high-key catalog key plus cool rim on barrel window,"slow straight push-in toward the capped pen, then hold","clean editorial, true plastics and glass, gentle contrast","pre-filled research pen, cap on, catalog still-life"
PBVita-Pen-028,28,PEN-028,pen_creative,Catalog research pen — Palm Beach showroom hero,"pre-filled research pen; clear barrel window, dial collar, capped tip cover on; crystal-clear colorless liquid; white maroon-DNA barrel label; one pen only",Tesamorelin,static_lock,low-angle,no travel / locked,"9:16, low heroic angle, pen large in the lower third to mid-frame","pen catalog · Tesamorelin · pre-filled research pen · clear barrel window, dial collar, capped tip cover on · clear fill · A designed Palm Beach research-showroom: pale stone, one prism catching a rainbow caustic, distant out-of-focus glass architecture. The sing… shot:static_lock · low-angle · cap ON",8,"photoreal, physically based, razor sharp focus, 8k, HDR, exactly one capped research pen, product count equals 1, no second pen, no vials, no syringes, no needles, no people",9:16,15,1080p,grok-imagine-image-2.0,grok-imagine-video-1.5,2k,"HARD OUTPUT LOCK: exactly ONE sealed Palm Beach Vitality research pen labeled 'Tesamorelin'. Hero count = 1. Cap ON covering the tip — never removed, never sitting beside the pen, never showing a needle. No second pen, no background pen, no carousel, no pen tray, no vial, no syringe, no people. Photoreal product photography (not cartoon). If any text appears, print 'Tesamorelin' once only in clean white sans-serif near the bottom. A small circular palm-tree mark may appear once in the top-right. No other text. No research-use disclaimer in frame. Photoreal vertical 9:16 Palm Beach Vitality catalog still. A designed Palm Beach research-showroom: pale stone, one prism catching a rainbow caustic, distant out-of-focus glass architecture. The single capped research pen stands on frosted optical glass. Creative and premium — still photoreal catalog. Not a clinic, not a body, not a needle. HERO (product_hero from 3-image-scenes-150): a single pre-filled Palm Beach Vitality research pen standing upright on the pedestal, cap on. FORM (product_form_detail): clear barrel window, dial collar, capped tip cover on. Matte-and-gloss premium body, crisp plastic-metal edges, visible dial collar, tack-sharp barrel-graphics zone, soft reflection beneath. Clean white wrap-around barrel label with a dark maroon DNA double-helix logo, the exact compound name 'Tesamorelin' in large bold dark maroon type, and a solid dark maroon dosage bar with white mg strength. The clear barrel window shows a settled crystal-clear colorless liquid fill already inside at a stable level. FORBIDDEN: pouring, filling, rising liquid, empty barrel, loose cap, needle, second pen, any vial, scale, tray, skin, hands. Shallow depth of field, cinematic macro lens, tack-sharp pen, soft background. No captions or watermarks besides the optional single palm mark. No medical claims in frame. FINAL CHECK: count every pen and vial. Total product containers must be 1 — the single capped research pen. If 2+, remove extras. No vials. COUNT = 1. Cap on.","Slow cinematic camera: locked tripod, pen may catch a slow specular slide, then hold. Keep the exact same single capped 'Tesamorelin' research pen, materials, and lighting. Cap stays ON. No new objects. No second pen. No vial, people, needles, burn-in, or extra text. Keep the clear liquid level frozen in the barrel window. Liquid does not change level — pre-filled and static. Keep label 'Tesamorelin' unchanged if visible, once only.","CRITICAL: Keep exactly ONE sealed Palm Beach Vitality research pen, cap ON. DELETE any extra pens, duplicate pens in reflections, vials, syringes, needles, scales, trays, or loose caps. Keep lighting, camera, and environment. Do not restyle the pen. Count = 1. Cap stays on.",Active,0,,frosted optical glass over honed pale stone,golden coastal window plus cool bounce; cinematic but airy,"locked tripod, pen may catch a slow specular slide, then hold","warm coastal grade, honest speculars on barrel glass","pre-filled research pen, cap on, designed environment"
PBVita-Pen-029,29,PEN-029,pen_creative,Catalog research pen — Palm Beach showroom hero,"pre-filled research pen; clear barrel window, dial collar, capped tip cover on; crystal-clear colorless liquid; white maroon-DNA barrel label; one pen only",KPV,static_lock,low-angle,no travel / locked,"9:16, low heroic angle, pen large in the lower third to mid-frame","pen catalog · KPV · pre-filled research pen · clear barrel window, dial collar, capped tip cover on · clear fill · A designed Palm Beach research-showroom: pale stone, one prism catching a rainbow caustic, distant out-of-focus glass architecture. The sing… shot:static_lock · low-angle · cap ON",8,"photoreal, physically based, razor sharp focus, 8k, HDR, exactly one capped research pen, product count equals 1, no second pen, no vials, no syringes, no needles, no people",9:16,15,1080p,grok-imagine-image-2.0,grok-imagine-video-1.5,2k,"HARD OUTPUT LOCK: exactly ONE sealed Palm Beach Vitality research pen labeled 'KPV'. Hero count = 1. Cap ON covering the tip — never removed, never sitting beside the pen, never showing a needle. No second pen, no background pen, no carousel, no pen tray, no vial, no syringe, no people. Photoreal product photography (not cartoon). If any text appears, print 'KPV' once only in clean white sans-serif near the bottom. A small circular palm-tree mark may appear once in the top-right. No other text. No research-use disclaimer in frame. Photoreal vertical 9:16 Palm Beach Vitality catalog still. A designed Palm Beach research-showroom: pale stone, one prism catching a rainbow caustic, distant out-of-focus glass architecture. The single capped research pen stands on frosted optical glass. Creative and premium — still photoreal catalog. Not a clinic, not a body, not a needle. HERO (product_hero from 3-image-scenes-150): a single pre-filled Palm Beach Vitality research pen standing upright on the pedestal, cap on. FORM (product_form_detail): clear barrel window, dial collar, capped tip cover on. Matte-and-gloss premium body, crisp plastic-metal edges, visible dial collar, tack-sharp barrel-graphics zone, soft reflection beneath. Clean white wrap-around barrel label with a dark maroon DNA double-helix logo, the exact compound name 'KPV' in large bold dark maroon type, and a solid dark maroon dosage bar with white mg strength. The clear barrel window shows a settled crystal-clear colorless liquid fill already inside at a stable level. FORBIDDEN: pouring, filling, rising liquid, empty barrel, loose cap, needle, second pen, any vial, scale, tray, skin, hands. Shallow depth of field, cinematic macro lens, tack-sharp pen, soft background. No captions or watermarks besides the optional single palm mark. No medical claims in frame. FINAL CHECK: count every pen and vial. Total product containers must be 1 — the single capped research pen. If 2+, remove extras. No vials. COUNT = 1. Cap on.","Slow cinematic camera: locked tripod, pen may catch a slow specular slide, then hold. Keep the exact same single capped 'KPV' research pen, materials, and lighting. Cap stays ON. No new objects. No second pen. No vial, people, needles, burn-in, or extra text. Keep the clear liquid level frozen in the barrel window. Liquid does not change level — pre-filled and static. Keep label 'KPV' unchanged if visible, once only.","CRITICAL: Keep exactly ONE sealed Palm Beach Vitality research pen, cap ON. DELETE any extra pens, duplicate pens in reflections, vials, syringes, needles, scales, trays, or loose caps. Keep lighting, camera, and environment. Do not restyle the pen. Count = 1. Cap stays on.",Active,0,,frosted optical glass over honed pale stone,golden coastal window plus cool bounce; cinematic but airy,"locked tripod, pen may catch a slow specular slide, then hold","warm coastal grade, honest speculars on barrel glass","pre-filled research pen, cap on, designed environment"
PBVita-Pen-030,30,PEN-030,pen_creative,Catalog research pen — Palm Beach showroom hero,"pre-filled research pen; clear barrel window, dial collar, capped tip cover on; crystal-clear colorless liquid; white maroon-DNA barrel label; one pen only",CJC,static_lock,low-angle,no travel / locked,"9:16, low heroic angle, pen large in the lower third to mid-frame","pen catalog · CJC · pre-filled research pen · clear barrel window, dial collar, capped tip cover on · clear fill · A designed Palm Beach research-showroom: pale stone, one prism catching a rainbow caustic, distant out-of-focus glass architecture. The sing… shot:static_lock · low-angle · cap ON",8,"photoreal, physically based, razor sharp focus, 8k, HDR, exactly one capped research pen, product count equals 1, no second pen, no vials, no syringes, no needles, no people",9:16,15,1080p,grok-imagine-image-2.0,grok-imagine-video-1.5,2k,"HARD OUTPUT LOCK: exactly ONE sealed Palm Beach Vitality research pen labeled 'CJC'. Hero count = 1. Cap ON covering the tip — never removed, never sitting beside the pen, never showing a needle. No second pen, no background pen, no carousel, no pen tray, no vial, no syringe, no people. Photoreal product photography (not cartoon). If any text appears, print 'CJC' once only in clean white sans-serif near the bottom. A small circular palm-tree mark may appear once in the top-right. No other text. No research-use disclaimer in frame. Photoreal vertical 9:16 Palm Beach Vitality catalog still. A designed Palm Beach research-showroom: pale stone, one prism catching a rainbow caustic, distant out-of-focus glass architecture. The single capped research pen stands on frosted optical glass. Creative and premium — still photoreal catalog. Not a clinic, not a body, not a needle. HERO (product_hero from 3-image-scenes-150): a single pre-filled Palm Beach Vitality research pen standing upright on the pedestal, cap on. FORM (product_form_detail): clear barrel window, dial collar, capped tip cover on. Matte-and-gloss premium body, crisp plastic-metal edges, visible dial collar, tack-sharp barrel-graphics zone, soft reflection beneath. Clean white wrap-around barrel label with a dark maroon DNA double-helix logo, the exact compound name 'CJC' in large bold dark maroon type, and a solid dark maroon dosage bar with white mg strength. The clear barrel window shows a settled crystal-clear colorless liquid fill already inside at a stable level. FORBIDDEN: pouring, filling, rising liquid, empty barrel, loose cap, needle, second pen, any vial, scale, tray, skin, hands. Shallow depth of field, cinematic macro lens, tack-sharp pen, soft background. No captions or watermarks besides the optional single palm mark. No medical claims in frame. FINAL CHECK: count every pen and vial. Total product containers must be 1 — the single capped research pen. If 2+, remove extras. No vials. COUNT = 1. Cap on.","Slow cinematic camera: locked tripod, pen may catch a slow specular slide, then hold. Keep the exact same single capped 'CJC' research pen, materials, and lighting. Cap stays ON. No new objects. No second pen. No vial, people, needles, burn-in, or extra text. Keep the clear liquid level frozen in the barrel window. Liquid does not change level — pre-filled and static. Keep label 'CJC' unchanged if visible, once only.","CRITICAL: Keep exactly ONE sealed Palm Beach Vitality research pen, cap ON. DELETE any extra pens, duplicate pens in reflections, vials, syringes, needles, scales, trays, or loose caps. Keep lighting, camera, and environment. Do not restyle the pen. Count = 1. Cap stays on.",Active,0,,frosted optical glass over honed pale stone,golden coastal window plus cool bounce; cinematic but airy,"locked tripod, pen may catch a slow specular slide, then hold","warm coastal grade, honest speculars on barrel glass","pre-filled research pen, cap on, designed environment"
PBVita-Pen-031,31,PEN-031,pen_creative,Catalog research pen — Palm Beach showroom hero,"pre-filled research pen; clear barrel window, dial collar, capped tip cover on; crystal-clear colorless liquid; white maroon-DNA barrel label; one pen only",Melanotan 2,static_lock,low-angle,no travel / locked,"9:16, low heroic angle, pen large in the lower third to mid-frame","pen catalog · Melanotan 2 · pre-filled research pen · clear barrel window, dial collar, capped tip cover on · clear fill · A designed Palm Beach research-showroom: pale stone, one prism catching a rainbow caustic, distant out-of-focus glass architecture. The sing… shot:static_lock · low-angle · cap ON",8,"photoreal, physically based, razor sharp focus, 8k, HDR, exactly one capped research pen, product count equals 1, no second pen, no vials, no syringes, no needles, no people",9:16,15,1080p,grok-imagine-image-2.0,grok-imagine-video-1.5,2k,"HARD OUTPUT LOCK: exactly ONE sealed Palm Beach Vitality research pen labeled 'Melanotan 2'. Hero count = 1. Cap ON covering the tip — never removed, never sitting beside the pen, never showing a needle. No second pen, no background pen, no carousel, no pen tray, no vial, no syringe, no people. Photoreal product photography (not cartoon). If any text appears, print 'Melanotan 2' once only in clean white sans-serif near the bottom. A small circular palm-tree mark may appear once in the top-right. No other text. No research-use disclaimer in frame. Photoreal vertical 9:16 Palm Beach Vitality catalog still. A designed Palm Beach research-showroom: pale stone, one prism catching a rainbow caustic, distant out-of-focus glass architecture. The single capped research pen stands on frosted optical glass. Creative and premium — still photoreal catalog. Not a clinic, not a body, not a needle. HERO (product_hero from 3-image-scenes-150): a single pre-filled Palm Beach Vitality research pen standing upright on the pedestal, cap on. FORM (product_form_detail): clear barrel window, dial collar, capped tip cover on. Matte-and-gloss premium body, crisp plastic-metal edges, visible dial collar, tack-sharp barrel-graphics zone, soft reflection beneath. Clean white wrap-around barrel label with a dark maroon DNA double-helix logo, the exact compound name 'Melanotan 2' in large bold dark maroon type, and a solid dark maroon dosage bar with white mg strength. The clear barrel window shows a settled crystal-clear colorless liquid fill already inside at a stable level. FORBIDDEN: pouring, filling, rising liquid, empty barrel, loose cap, needle, second pen, any vial, scale, tray, skin, hands. Shallow depth of field, cinematic macro lens, tack-sharp pen, soft background. No captions or watermarks besides the optional single palm mark. No medical claims in frame. FINAL CHECK: count every pen and vial. Total product containers must be 1 — the single capped research pen. If 2+, remove extras. No vials. COUNT = 1. Cap on.","Slow cinematic camera: locked tripod, pen may catch a slow specular slide, then hold. Keep the exact same single capped 'Melanotan 2' research pen, materials, and lighting. Cap stays ON. No new objects. No second pen. No vial, people, needles, burn-in, or extra text. Keep the clear liquid level frozen in the barrel window. Liquid does not change level — pre-filled and static. Keep label 'Melanotan 2' unchanged if visible, once only.","CRITICAL: Keep exactly ONE sealed Palm Beach Vitality research pen, cap ON. DELETE any extra pens, duplicate pens in reflections, vials, syringes, needles, scales, trays, or loose caps. Keep lighting, camera, and environment. Do not restyle the pen. Count = 1. Cap stays on.",Active,0,,frosted optical glass over honed pale stone,golden coastal window plus cool bounce; cinematic but airy,"locked tripod, pen may catch a slow specular slide, then hold","warm coastal grade, honest speculars on barrel glass","pre-filled research pen, cap on, designed environment"
PBVita-Pen-032,32,PEN-032,pen_creative,Catalog research pen — Palm Beach showroom hero,"pre-filled research pen; clear barrel window, dial collar, capped tip cover on; crystal-clear colorless liquid; white maroon-DNA barrel label; one pen only",SS-31,static_lock,low-angle,no travel / locked,"9:16, low heroic angle, pen large in the lower third to mid-frame","pen catalog · SS-31 · pre-filled research pen · clear barrel window, dial collar, capped tip cover on · clear fill · A designed Palm Beach research-showroom: pale stone, one prism catching a rainbow caustic, distant out-of-focus glass architecture. The sing… shot:static_lock · low-angle · cap ON",8,"photoreal, physically based, razor sharp focus, 8k, HDR, exactly one capped research pen, product count equals 1, no second pen, no vials, no syringes, no needles, no people",9:16,15,1080p,grok-imagine-image-2.0,grok-imagine-video-1.5,2k,"HARD OUTPUT LOCK: exactly ONE sealed Palm Beach Vitality research pen labeled 'SS-31'. Hero count = 1. Cap ON covering the tip — never removed, never sitting beside the pen, never showing a needle. No second pen, no background pen, no carousel, no pen tray, no vial, no syringe, no people. Photoreal product photography (not cartoon). If any text appears, print 'SS-31' once only in clean white sans-serif near the bottom. A small circular palm-tree mark may appear once in the top-right. No other text. No research-use disclaimer in frame. Photoreal vertical 9:16 Palm Beach Vitality catalog still. A designed Palm Beach research-showroom: pale stone, one prism catching a rainbow caustic, distant out-of-focus glass architecture. The single capped research pen stands on frosted optical glass. Creative and premium — still photoreal catalog. Not a clinic, not a body, not a needle. HERO (product_hero from 3-image-scenes-150): a single pre-filled Palm Beach Vitality research pen standing upright on the pedestal, cap on. FORM (product_form_detail): clear barrel window, dial collar, capped tip cover on. Matte-and-gloss premium body, crisp plastic-metal edges, visible dial collar, tack-sharp barrel-graphics zone, soft reflection beneath. Clean white wrap-around barrel label with a dark maroon DNA double-helix logo, the exact compound name 'SS-31' in large bold dark maroon type, and a solid dark maroon dosage bar with white mg strength. The clear barrel window shows a settled crystal-clear colorless liquid fill already inside at a stable level. FORBIDDEN: pouring, filling, rising liquid, empty barrel, loose cap, needle, second pen, any vial, scale, tray, skin, hands. Shallow depth of field, cinematic macro lens, tack-sharp pen, soft background. No captions or watermarks besides the optional single palm mark. No medical claims in frame. FINAL CHECK: count every pen and vial. Total product containers must be 1 — the single capped research pen. If 2+, remove extras. No vials. COUNT = 1. Cap on.","Slow cinematic camera: locked tripod, pen may catch a slow specular slide, then hold. Keep the exact same single capped 'SS-31' research pen, materials, and lighting. Cap stays ON. No new objects. No second pen. No vial, people, needles, burn-in, or extra text. Keep the clear liquid level frozen in the barrel window. Liquid does not change level — pre-filled and static. Keep label 'SS-31' unchanged if visible, once only.","CRITICAL: Keep exactly ONE sealed Palm Beach Vitality research pen, cap ON. DELETE any extra pens, duplicate pens in reflections, vials, syringes, needles, scales, trays, or loose caps. Keep lighting, camera, and environment. Do not restyle the pen. Count = 1. Cap stays on.",Active,0,,frosted optical glass over honed pale stone,golden coastal window plus cool bounce; cinematic but airy,"locked tripod, pen may catch a slow specular slide, then hold","warm coastal grade, honest speculars on barrel glass","pre-filled research pen, cap on, designed environment"
PBVita-Pen-033,33,PEN-033,pen_creative,Catalog research pen — Palm Beach showroom hero,"pre-filled research pen; clear barrel window, dial collar, capped tip cover on; crystal-clear colorless liquid; white maroon-DNA barrel label; one pen only",AOD-9604,static_lock,low-angle,no travel / locked,"9:16, low heroic angle, pen large in the lower third to mid-frame","pen catalog · AOD-9604 · pre-filled research pen · clear barrel window, dial collar, capped tip cover on · clear fill · A designed Palm Beach research-showroom: pale stone, one prism catching a rainbow caustic, distant out-of-focus glass architecture. The sing… shot:static_lock · low-angle · cap ON",8,"photoreal, physically based, razor sharp focus, 8k, HDR, exactly one capped research pen, product count equals 1, no second pen, no vials, no syringes, no needles, no people",9:16,15,1080p,grok-imagine-image-2.0,grok-imagine-video-1.5,2k,"HARD OUTPUT LOCK: exactly ONE sealed Palm Beach Vitality research pen labeled 'AOD-9604'. Hero count = 1. Cap ON covering the tip — never removed, never sitting beside the pen, never showing a needle. No second pen, no background pen, no carousel, no pen tray, no vial, no syringe, no people. Photoreal product photography (not cartoon). If any text appears, print 'AOD-9604' once only in clean white sans-serif near the bottom. A small circular palm-tree mark may appear once in the top-right. No other text. No research-use disclaimer in frame. Photoreal vertical 9:16 Palm Beach Vitality catalog still. A designed Palm Beach research-showroom: pale stone, one prism catching a rainbow caustic, distant out-of-focus glass architecture. The single capped research pen stands on frosted optical glass. Creative and premium — still photoreal catalog. Not a clinic, not a body, not a needle. HERO (product_hero from 3-image-scenes-150): a single pre-filled Palm Beach Vitality research pen standing upright on the pedestal, cap on. FORM (product_form_detail): clear barrel window, dial collar, capped tip cover on. Matte-and-gloss premium body, crisp plastic-metal edges, visible dial collar, tack-sharp barrel-graphics zone, soft reflection beneath. Clean white wrap-around barrel label with a dark maroon DNA double-helix logo, the exact compound name 'AOD-9604' in large bold dark maroon type, and a solid dark maroon dosage bar with white mg strength. The clear barrel window shows a settled crystal-clear colorless liquid fill already inside at a stable level. FORBIDDEN: pouring, filling, rising liquid, empty barrel, loose cap, needle, second pen, any vial, scale, tray, skin, hands. Shallow depth of field, cinematic macro lens, tack-sharp pen, soft background. No captions or watermarks besides the optional single palm mark. No medical claims in frame. FINAL CHECK: count every pen and vial. Total product containers must be 1 — the single capped research pen. If 2+, remove extras. No vials. COUNT = 1. Cap on.","Slow cinematic camera: locked tripod, pen may catch a slow specular slide, then hold. Keep the exact same single capped 'AOD-9604' research pen, materials, and lighting. Cap stays ON. No new objects. No second pen. No vial, people, needles, burn-in, or extra text. Keep the clear liquid level frozen in the barrel window. Liquid does not change level — pre-filled and static. Keep label 'AOD-9604' unchanged if visible, once only.","CRITICAL: Keep exactly ONE sealed Palm Beach Vitality research pen, cap ON. DELETE any extra pens, duplicate pens in reflections, vials, syringes, needles, scales, trays, or loose caps. Keep lighting, camera, and environment. Do not restyle the pen. Count = 1. Cap stays on.",Active,0,,frosted optical glass over honed pale stone,golden coastal window plus cool bounce; cinematic but airy,"locked tripod, pen may catch a slow specular slide, then hold","warm coastal grade, honest speculars on barrel glass","pre-filled research pen, cap on, designed environment"
PBVita-Pen-034,34,PEN-034,pen_creative,Catalog research pen — Palm Beach showroom hero,"pre-filled research pen; clear barrel window, dial collar, capped tip cover on; crystal-clear colorless liquid; white maroon-DNA barrel label; one pen only",BPC-157/TB-500,static_lock,low-angle,no travel / locked,"9:16, low heroic angle, pen large in the lower third to mid-frame","pen catalog · BPC-157/TB-500 · pre-filled research pen · clear barrel window, dial collar, capped tip cover on · clear fill · A designed Palm Beach research-showroom: pale stone, one prism catching a rainbow caustic, distant out-of-focus glass architecture. The sing… shot:static_lock · low-angle · cap ON",8,"photoreal, physically based, razor sharp focus, 8k, HDR, exactly one capped research pen, product count equals 1, no second pen, no vials, no syringes, no needles, no people",9:16,15,1080p,grok-imagine-image-2.0,grok-imagine-video-1.5,2k,"HARD OUTPUT LOCK: exactly ONE sealed Palm Beach Vitality research pen labeled 'BPC-157/TB-500'. Hero count = 1. Cap ON covering the tip — never removed, never sitting beside the pen, never showing a needle. No second pen, no background pen, no carousel, no pen tray, no vial, no syringe, no people. Photoreal product photography (not cartoon). If any text appears, print 'BPC-157/TB-500' once only in clean white sans-serif near the bottom. A small circular palm-tree mark may appear once in the top-right. No other text. No research-use disclaimer in frame. Photoreal vertical 9:16 Palm Beach Vitality catalog still. A designed Palm Beach research-showroom: pale stone, one prism catching a rainbow caustic, distant out-of-focus glass architecture. The single capped research pen stands on frosted optical glass. Creative and premium — still photoreal catalog. Not a clinic, not a body, not a needle. HERO (product_hero from 3-image-scenes-150): a single pre-filled Palm Beach Vitality research pen standing upright on the pedestal, cap on. FORM (product_form_detail): clear barrel window, dial collar, capped tip cover on. Matte-and-gloss premium body, crisp plastic-metal edges, visible dial collar, tack-sharp barrel-graphics zone, soft reflection beneath. Clean white wrap-around barrel label with a dark maroon DNA double-helix logo, the exact compound name 'BPC-157/TB-500' in large bold dark maroon type, and a solid dark maroon dosage bar with white mg strength. The clear barrel window shows a settled crystal-clear colorless liquid fill already inside at a stable level. FORBIDDEN: pouring, filling, rising liquid, empty barrel, loose cap, needle, second pen, any vial, scale, tray, skin, hands. Shallow depth of field, cinematic macro lens, tack-sharp pen, soft background. No captions or watermarks besides the optional single palm mark. No medical claims in frame. FINAL CHECK: count every pen and vial. Total product containers must be 1 — the single capped research pen. If 2+, remove extras. No vials. COUNT = 1. Cap on.","Slow cinematic camera: locked tripod, pen may catch a slow specular slide, then hold. Keep the exact same single capped 'BPC-157/TB-500' research pen, materials, and lighting. Cap stays ON. No new objects. No second pen. No vial, people, needles, burn-in, or extra text. Keep the clear liquid level frozen in the barrel window. Liquid does not change level — pre-filled and static. Keep label 'BPC-157/TB-500' unchanged if visible, once only.","CRITICAL: Keep exactly ONE sealed Palm Beach Vitality research pen, cap ON. DELETE any extra pens, duplicate pens in reflections, vials, syringes, needles, scales, trays, or loose caps. Keep lighting, camera, and environment. Do not restyle the pen. Count = 1. Cap stays on.",Active,0,,frosted optical glass over honed pale stone,golden coastal window plus cool bounce; cinematic but airy,"locked tripod, pen may catch a slow specular slide, then hold","warm coastal grade, honest speculars on barrel glass","pre-filled research pen, cap on, designed environment"
PBVita-Pen-035,35,PEN-035,pen_creative,Catalog research pen — Palm Beach showroom hero,"pre-filled research pen; clear barrel window, dial collar, capped tip cover on; crystal-clear colorless liquid; white maroon-DNA barrel label; one pen only",SEMAX,static_lock,low-angle,no travel / locked,"9:16, low heroic angle, pen large in the lower third to mid-frame","pen catalog · SEMAX · pre-filled research pen · clear barrel window, dial collar, capped tip cover on · clear fill · A designed Palm Beach research-showroom: pale stone, one prism catching a rainbow caustic, distant out-of-focus glass architecture. The sing… shot:static_lock · low-angle · cap ON",8,"photoreal, physically based, razor sharp focus, 8k, HDR, exactly one capped research pen, product count equals 1, no second pen, no vials, no syringes, no needles, no people",9:16,15,1080p,grok-imagine-image-2.0,grok-imagine-video-1.5,2k,"HARD OUTPUT LOCK: exactly ONE sealed Palm Beach Vitality research pen labeled 'SEMAX'. Hero count = 1. Cap ON covering the tip — never removed, never sitting beside the pen, never showing a needle. No second pen, no background pen, no carousel, no pen tray, no vial, no syringe, no people. Photoreal product photography (not cartoon). If any text appears, print 'SEMAX' once only in clean white sans-serif near the bottom. A small circular palm-tree mark may appear once in the top-right. No other text. No research-use disclaimer in frame. Photoreal vertical 9:16 Palm Beach Vitality catalog still. A designed Palm Beach research-showroom: pale stone, one prism catching a rainbow caustic, distant out-of-focus glass architecture. The single capped research pen stands on frosted optical glass. Creative and premium — still photoreal catalog. Not a clinic, not a body, not a needle. HERO (product_hero from 3-image-scenes-150): a single pre-filled Palm Beach Vitality research pen standing upright on the pedestal, cap on. FORM (product_form_detail): clear barrel window, dial collar, capped tip cover on. Matte-and-gloss premium body, crisp plastic-metal edges, visible dial collar, tack-sharp barrel-graphics zone, soft reflection beneath. Clean white wrap-around barrel label with a dark maroon DNA double-helix logo, the exact compound name 'SEMAX' in large bold dark maroon type, and a solid dark maroon dosage bar with white mg strength. The clear barrel window shows a settled crystal-clear colorless liquid fill already inside at a stable level. FORBIDDEN: pouring, filling, rising liquid, empty barrel, loose cap, needle, second pen, any vial, scale, tray, skin, hands. Shallow depth of field, cinematic macro lens, tack-sharp pen, soft background. No captions or watermarks besides the optional single palm mark. No medical claims in frame. FINAL CHECK: count every pen and vial. Total product containers must be 1 — the single capped research pen. If 2+, remove extras. No vials. COUNT = 1. Cap on.","Slow cinematic camera: locked tripod, pen may catch a slow specular slide, then hold. Keep the exact same single capped 'SEMAX' research pen, materials, and lighting. Cap stays ON. No new objects. No second pen. No vial, people, needles, burn-in, or extra text. Keep the clear liquid level frozen in the barrel window. Liquid does not change level — pre-filled and static. Keep label 'SEMAX' unchanged if visible, once only.","CRITICAL: Keep exactly ONE sealed Palm Beach Vitality research pen, cap ON. DELETE any extra pens, duplicate pens in reflections, vials, syringes, needles, scales, trays, or loose caps. Keep lighting, camera, and environment. Do not restyle the pen. Count = 1. Cap stays on.",Active,0,,frosted optical glass over honed pale stone,golden coastal window plus cool bounce; cinematic but airy,"locked tripod, pen may catch a slow specular slide, then hold","warm coastal grade, honest speculars on barrel glass","pre-filled research pen, cap on, designed environment"
PBVita-Pen-036,36,PEN-036,pen_creative,Catalog research pen — Palm Beach showroom hero,"pre-filled research pen; clear barrel window, dial collar, capped tip cover on; crystal-clear colorless liquid; white maroon-DNA barrel label; one pen only",KLOW,static_lock,low-angle,no travel / locked,"9:16, low heroic angle, pen large in the lower third to mid-frame","pen catalog · KLOW · pre-filled research pen · clear barrel window, dial collar, capped tip cover on · clear fill · A designed Palm Beach research-showroom: pale stone, one prism catching a rainbow caustic, distant out-of-focus glass architecture. The sing… shot:static_lock · low-angle · cap ON",8,"photoreal, physically based, razor sharp focus, 8k, HDR, exactly one capped research pen, product count equals 1, no second pen, no vials, no syringes, no needles, no people",9:16,15,1080p,grok-imagine-image-2.0,grok-imagine-video-1.5,2k,"HARD OUTPUT LOCK: exactly ONE sealed Palm Beach Vitality research pen labeled 'KLOW'. Hero count = 1. Cap ON covering the tip — never removed, never sitting beside the pen, never showing a needle. No second pen, no background pen, no carousel, no pen tray, no vial, no syringe, no people. Photoreal product photography (not cartoon). If any text appears, print 'KLOW' once only in clean white sans-serif near the bottom. A small circular palm-tree mark may appear once in the top-right. No other text. No research-use disclaimer in frame. Photoreal vertical 9:16 Palm Beach Vitality catalog still. A designed Palm Beach research-showroom: pale stone, one prism catching a rainbow caustic, distant out-of-focus glass architecture. The single capped research pen stands on frosted optical glass. Creative and premium — still photoreal catalog. Not a clinic, not a body, not a needle. HERO (product_hero from 3-image-scenes-150): a single pre-filled Palm Beach Vitality research pen standing upright on the pedestal, cap on. FORM (product_form_detail): clear barrel window, dial collar, capped tip cover on. Matte-and-gloss premium body, crisp plastic-metal edges, visible dial collar, tack-sharp barrel-graphics zone, soft reflection beneath. Clean white wrap-around barrel label with a dark maroon DNA double-helix logo, the exact compound name 'KLOW' in large bold dark maroon type, and a solid dark maroon dosage bar with white mg strength. The clear barrel window shows a settled crystal-clear colorless liquid fill already inside at a stable level. FORBIDDEN: pouring, filling, rising liquid, empty barrel, loose cap, needle, second pen, any vial, scale, tray, skin, hands. Shallow depth of field, cinematic macro lens, tack-sharp pen, soft background. No captions or watermarks besides the optional single palm mark. No medical claims in frame. FINAL CHECK: count every pen and vial. Total product containers must be 1 — the single capped research pen. If 2+, remove extras. No vials. COUNT = 1. Cap on.","Slow cinematic camera: locked tripod, pen may catch a slow specular slide, then hold. Keep the exact same single capped 'KLOW' research pen, materials, and lighting. Cap stays ON. No new objects. No second pen. No vial, people, needles, burn-in, or extra text. Keep the clear liquid level frozen in the barrel window. Liquid does not change level — pre-filled and static. Keep label 'KLOW' unchanged if visible, once only.","CRITICAL: Keep exactly ONE sealed Palm Beach Vitality research pen, cap ON. DELETE any extra pens, duplicate pens in reflections, vials, syringes, needles, scales, trays, or loose caps. Keep lighting, camera, and environment. Do not restyle the pen. Count = 1. Cap stays on.",Active,0,,frosted optical glass over honed pale stone,golden coastal window plus cool bounce; cinematic but airy,"locked tripod, pen may catch a slow specular slide, then hold","warm coastal grade, honest speculars on barrel glass","pre-filled research pen, cap on, designed environment"
PBVita-Pen-037,37,PEN-037,pen_creative,Catalog research pen — Palm Beach showroom hero,"pre-filled research pen; clear barrel window, dial collar, capped tip cover on; crystal-clear colorless liquid; white maroon-DNA barrel label; one pen only",Cagrilinitide,static_lock,low-angle,no travel / locked,"9:16, low heroic angle, pen large in the lower third to mid-frame","pen catalog · Cagrilinitide · pre-filled research pen · clear barrel window, dial collar, capped tip cover on · clear fill · A designed Palm Beach research-showroom: pale stone, one prism catching a rainbow caustic, distant out-of-focus glass architecture. The sing… shot:static_lock · low-angle · cap ON",8,"photoreal, physically based, razor sharp focus, 8k, HDR, exactly one capped research pen, product count equals 1, no second pen, no vials, no syringes, no needles, no people",9:16,15,1080p,grok-imagine-image-2.0,grok-imagine-video-1.5,2k,"HARD OUTPUT LOCK: exactly ONE sealed Palm Beach Vitality research pen labeled 'Cagrilinitide'. Hero count = 1. Cap ON covering the tip — never removed, never sitting beside the pen, never showing a needle. No second pen, no background pen, no carousel, no pen tray, no vial, no syringe, no people. Photoreal product photography (not cartoon). If any text appears, print 'Cagrilinitide' once only in clean white sans-serif near the bottom. A small circular palm-tree mark may appear once in the top-right. No other text. No research-use disclaimer in frame. Photoreal vertical 9:16 Palm Beach Vitality catalog still. A designed Palm Beach research-showroom: pale stone, one prism catching a rainbow caustic, distant out-of-focus glass architecture. The single capped research pen stands on frosted optical glass. Creative and premium — still photoreal catalog. Not a clinic, not a body, not a needle. HERO (product_hero from 3-image-scenes-150): a single pre-filled Palm Beach Vitality research pen standing upright on the pedestal, cap on. FORM (product_form_detail): clear barrel window, dial collar, capped tip cover on. Matte-and-gloss premium body, crisp plastic-metal edges, visible dial collar, tack-sharp barrel-graphics zone, soft reflection beneath. Clean white wrap-around barrel label with a dark maroon DNA double-helix logo, the exact compound name 'Cagrilinitide' in large bold dark maroon type, and a solid dark maroon dosage bar with white mg strength. The clear barrel window shows a settled crystal-clear colorless liquid fill already inside at a stable level. FORBIDDEN: pouring, filling, rising liquid, empty barrel, loose cap, needle, second pen, any vial, scale, tray, skin, hands. Shallow depth of field, cinematic macro lens, tack-sharp pen, soft background. No captions or watermarks besides the optional single palm mark. No medical claims in frame. FINAL CHECK: count every pen and vial. Total product containers must be 1 — the single capped research pen. If 2+, remove extras. No vials. COUNT = 1. Cap on.","Slow cinematic camera: locked tripod, pen may catch a slow specular slide, then hold. Keep the exact same single capped 'Cagrilinitide' research pen, materials, and lighting. Cap stays ON. No new objects. No second pen. No vial, people, needles, burn-in, or extra text. Keep the clear liquid level frozen in the barrel window. Liquid does not change level — pre-filled and static. Keep label 'Cagrilinitide' unchanged if visible, once only.","CRITICAL: Keep exactly ONE sealed Palm Beach Vitality research pen, cap ON. DELETE any extra pens, duplicate pens in reflections, vials, syringes, needles, scales, trays, or loose caps. Keep lighting, camera, and environment. Do not restyle the pen. Count = 1. Cap stays on.",Active,0,,frosted optical glass over honed pale stone,golden coastal window plus cool bounce; cinematic but airy,"locked tripod, pen may catch a slow specular slide, then hold","warm coastal grade, honest speculars on barrel glass","pre-filled research pen, cap on, designed environment"
PBVita-Pen-038,38,PEN-038,pen_creative,Catalog research pen — Palm Beach showroom hero,"pre-filled research pen; clear barrel window, dial collar, capped tip cover on; crystal-clear colorless liquid; white maroon-DNA barrel label; one pen only",TA-1,static_lock,low-angle,no travel / locked,"9:16, low heroic angle, pen large in the lower third to mid-frame","pen catalog · TA-1 · pre-filled research pen · clear barrel window, dial collar, capped tip cover on · clear fill · A designed Palm Beach research-showroom: pale stone, one prism catching a rainbow caustic, distant out-of-focus glass architecture. The sing… shot:static_lock · low-angle · cap ON",8,"photoreal, physically based, razor sharp focus, 8k, HDR, exactly one capped research pen, product count equals 1, no second pen, no vials, no syringes, no needles, no people",9:16,15,1080p,grok-imagine-image-2.0,grok-imagine-video-1.5,2k,"HARD OUTPUT LOCK: exactly ONE sealed Palm Beach Vitality research pen labeled 'TA-1'. Hero count = 1. Cap ON covering the tip — never removed, never sitting beside the pen, never showing a needle. No second pen, no background pen, no carousel, no pen tray, no vial, no syringe, no people. Photoreal product photography (not cartoon). If any text appears, print 'TA-1' once only in clean white sans-serif near the bottom. A small circular palm-tree mark may appear once in the top-right. No other text. No research-use disclaimer in frame. Photoreal vertical 9:16 Palm Beach Vitality catalog still. A designed Palm Beach research-showroom: pale stone, one prism catching a rainbow caustic, distant out-of-focus glass architecture. The single capped research pen stands on frosted optical glass. Creative and premium — still photoreal catalog. Not a clinic, not a body, not a needle. HERO (product_hero from 3-image-scenes-150): a single pre-filled Palm Beach Vitality research pen standing upright on the pedestal, cap on. FORM (product_form_detail): clear barrel window, dial collar, capped tip cover on. Matte-and-gloss premium body, crisp plastic-metal edges, visible dial collar, tack-sharp barrel-graphics zone, soft reflection beneath. Clean white wrap-around barrel label with a dark maroon DNA double-helix logo, the exact compound name 'TA-1' in large bold dark maroon type, and a solid dark maroon dosage bar with white mg strength. The clear barrel window shows a settled crystal-clear colorless liquid fill already inside at a stable level. FORBIDDEN: pouring, filling, rising liquid, empty barrel, loose cap, needle, second pen, any vial, scale, tray, skin, hands. Shallow depth of field, cinematic macro lens, tack-sharp pen, soft background. No captions or watermarks besides the optional single palm mark. No medical claims in frame. FINAL CHECK: count every pen and vial. Total product containers must be 1 — the single capped research pen. If 2+, remove extras. No vials. COUNT = 1. Cap on.","Slow cinematic camera: locked tripod, pen may catch a slow specular slide, then hold. Keep the exact same single capped 'TA-1' research pen, materials, and lighting. Cap stays ON. No new objects. No second pen. No vial, people, needles, burn-in, or extra text. Keep the clear liquid level frozen in the barrel window. Liquid does not change level — pre-filled and static. Keep label 'TA-1' unchanged if visible, once only.","CRITICAL: Keep exactly ONE sealed Palm Beach Vitality research pen, cap ON. DELETE any extra pens, duplicate pens in reflections, vials, syringes, needles, scales, trays, or loose caps. Keep lighting, camera, and environment. Do not restyle the pen. Count = 1. Cap stays on.",Active,0,,frosted optical glass over honed pale stone,golden coastal window plus cool bounce; cinematic but airy,"locked tripod, pen may catch a slow specular slide, then hold","warm coastal grade, honest speculars on barrel glass","pre-filled research pen, cap on, designed environment"
PBVita-Pen-039,39,PEN-039,pen_creative,Catalog research pen — Palm Beach showroom hero,"pre-filled research pen; clear barrel window, dial collar, capped tip cover on; crystal-clear colorless liquid; white maroon-DNA barrel label; one pen only",DSIP,static_lock,low-angle,no travel / locked,"9:16, low heroic angle, pen large in the lower third to mid-frame","pen catalog · DSIP · pre-filled research pen · clear barrel window, dial collar, capped tip cover on · clear fill · A designed Palm Beach research-showroom: pale stone, one prism catching a rainbow caustic, distant out-of-focus glass architecture. The sing… shot:static_lock · low-angle · cap ON",8,"photoreal, physically based, razor sharp focus, 8k, HDR, exactly one capped research pen, product count equals 1, no second pen, no vials, no syringes, no needles, no people",9:16,15,1080p,grok-imagine-image-2.0,grok-imagine-video-1.5,2k,"HARD OUTPUT LOCK: exactly ONE sealed Palm Beach Vitality research pen labeled 'DSIP'. Hero count = 1. Cap ON covering the tip — never removed, never sitting beside the pen, never showing a needle. No second pen, no background pen, no carousel, no pen tray, no vial, no syringe, no people. Photoreal product photography (not cartoon). If any text appears, print 'DSIP' once only in clean white sans-serif near the bottom. A small circular palm-tree mark may appear once in the top-right. No other text. No research-use disclaimer in frame. Photoreal vertical 9:16 Palm Beach Vitality catalog still. A designed Palm Beach research-showroom: pale stone, one prism catching a rainbow caustic, distant out-of-focus glass architecture. The single capped research pen stands on frosted optical glass. Creative and premium — still photoreal catalog. Not a clinic, not a body, not a needle. HERO (product_hero from 3-image-scenes-150): a single pre-filled Palm Beach Vitality research pen standing upright on the pedestal, cap on. FORM (product_form_detail): clear barrel window, dial collar, capped tip cover on. Matte-and-gloss premium body, crisp plastic-metal edges, visible dial collar, tack-sharp barrel-graphics zone, soft reflection beneath. Clean white wrap-around barrel label with a dark maroon DNA double-helix logo, the exact compound name 'DSIP' in large bold dark maroon type, and a solid dark maroon dosage bar with white mg strength. The clear barrel window shows a settled crystal-clear colorless liquid fill already inside at a stable level. FORBIDDEN: pouring, filling, rising liquid, empty barrel, loose cap, needle, second pen, any vial, scale, tray, skin, hands. Shallow depth of field, cinematic macro lens, tack-sharp pen, soft background. No captions or watermarks besides the optional single palm mark. No medical claims in frame. FINAL CHECK: count every pen and vial. Total product containers must be 1 — the single capped research pen. If 2+, remove extras. No vials. COUNT = 1. Cap on.","Slow cinematic camera: locked tripod, pen may catch a slow specular slide, then hold. Keep the exact same single capped 'DSIP' research pen, materials, and lighting. Cap stays ON. No new objects. No second pen. No vial, people, needles, burn-in, or extra text. Keep the clear liquid level frozen in the barrel window. Liquid does not change level — pre-filled and static. Keep label 'DSIP' unchanged if visible, once only.","CRITICAL: Keep exactly ONE sealed Palm Beach Vitality research pen, cap ON. DELETE any extra pens, duplicate pens in reflections, vials, syringes, needles, scales, trays, or loose caps. Keep lighting, camera, and environment. Do not restyle the pen. Count = 1. Cap stays on.",Active,0,,frosted optical glass over honed pale stone,golden coastal window plus cool bounce; cinematic but airy,"locked tripod, pen may catch a slow specular slide, then hold","warm coastal grade, honest speculars on barrel glass","pre-filled research pen, cap on, designed environment"
PBVita-Pen-040,40,PEN-040,pen_creative,Catalog research pen — Palm Beach showroom hero,"pre-filled research pen; clear barrel window, dial collar, capped tip cover on; crystal-clear colorless liquid; white maroon-DNA barrel label; one pen only",Tesamorelin/Ipamorelin,static_lock,low-angle,no travel / locked,"9:16, low heroic angle, pen large in the lower third to mid-frame","pen catalog · Tesamorelin/Ipamorelin · pre-filled research pen · clear barrel window, dial collar, capped tip cover on · clear fill · A designed Palm Beach research-showroom: pale stone, one prism catching a rainbow caustic, distant out-of-focus glass architecture. The sing… shot:static_lock · low-angle · cap ON",8,"photoreal, physically based, razor sharp focus, 8k, HDR, exactly one capped research pen, product count equals 1, no second pen, no vials, no syringes, no needles, no people",9:16,15,1080p,grok-imagine-image-2.0,grok-imagine-video-1.5,2k,"HARD OUTPUT LOCK: exactly ONE sealed Palm Beach Vitality research pen labeled 'Tesamorelin/Ipamorelin'. Hero count = 1. Cap ON covering the tip — never removed, never sitting beside the pen, never showing a needle. No second pen, no background pen, no carousel, no pen tray, no vial, no syringe, no people. Photoreal product photography (not cartoon). If any text appears, print 'Tesamorelin/Ipamorelin' once only in clean white sans-serif near the bottom. A small circular palm-tree mark may appear once in the top-right. No other text. No research-use disclaimer in frame. Photoreal vertical 9:16 Palm Beach Vitality catalog still. A designed Palm Beach research-showroom: pale stone, one prism catching a rainbow caustic, distant out-of-focus glass architecture. The single capped research pen stands on frosted optical glass. Creative and premium — still photoreal catalog. Not a clinic, not a body, not a needle. HERO (product_hero from 3-image-scenes-150): a single pre-filled Palm Beach Vitality research pen standing upright on the pedestal, cap on. FORM (product_form_detail): clear barrel window, dial collar, capped tip cover on. Matte-and-gloss premium body, crisp plastic-metal edges, visible dial collar, tack-sharp barrel-graphics zone, soft reflection beneath. Clean white wrap-around barrel label with a dark maroon DNA double-helix logo, the exact compound name 'Tesamorelin/Ipamorelin' in large bold dark maroon type, and a solid dark maroon dosage bar with white mg strength. The clear barrel window shows a settled crystal-clear colorless liquid fill already inside at a stable level. FORBIDDEN: pouring, filling, rising liquid, empty barrel, loose cap, needle, second pen, any vial, scale, tray, skin, hands. Shallow depth of field, cinematic macro lens, tack-sharp pen, soft background. No captions or watermarks besides the optional single palm mark. No medical claims in frame. FINAL CHECK: count every pen and vial. Total product containers must be 1 — the single capped research pen. If 2+, remove extras. No vials. COUNT = 1. Cap on.","Slow cinematic camera: locked tripod, pen may catch a slow specular slide, then hold. Keep the exact same single capped 'Tesamorelin/Ipamorelin' research pen, materials, and lighting. Cap stays ON. No new objects. No second pen. No vial, people, needles, burn-in, or extra text. Keep the clear liquid level frozen in the barrel window. Liquid does not change level — pre-filled and static. Keep label 'Tesamorelin/Ipamorelin' unchanged if visible, once only.","CRITICAL: Keep exactly ONE sealed Palm Beach Vitality research pen, cap ON. DELETE any extra pens, duplicate pens in reflections, vials, syringes, needles, scales, trays, or loose caps. Keep lighting, camera, and environment. Do not restyle the pen. Count = 1. Cap stays on.",Active,0,,frosted optical glass over honed pale stone,golden coastal window plus cool bounce; cinematic but airy,"locked tripod, pen may catch a slow specular slide, then hold","warm coastal grade, honest speculars on barrel glass","pre-filled research pen, cap on, designed environment"
PBVita-Pen-041,41,PEN-041,pen_creative,Catalog research pen — Palm Beach showroom hero,"pre-filled research pen; clear barrel window, dial collar, capped tip cover on; crystal-clear colorless liquid; white maroon-DNA barrel label; one pen only",CJC (no DAC)/Ipamorelin,static_lock,low-angle,no travel / locked,"9:16, low heroic angle, pen large in the lower third to mid-frame","pen catalog · CJC (no DAC)/Ipamorelin · pre-filled research pen · clear barrel window, dial collar, capped tip cover on · clear fill · A designed Palm Beach research-showroom: pale stone, one prism catching a rainbow caustic, distant out-of-focus glass architecture. The sing… shot:static_lock · low-angle · cap ON",8,"photoreal, physically based, razor sharp focus, 8k, HDR, exactly one capped research pen, product count equals 1, no second pen, no vials, no syringes, no needles, no people",9:16,15,1080p,grok-imagine-image-2.0,grok-imagine-video-1.5,2k,"HARD OUTPUT LOCK: exactly ONE sealed Palm Beach Vitality research pen labeled 'CJC (no DAC)/Ipamorelin'. Hero count = 1. Cap ON covering the tip — never removed, never sitting beside the pen, never showing a needle. No second pen, no background pen, no carousel, no pen tray, no vial, no syringe, no people. Photoreal product photography (not cartoon). If any text appears, print 'CJC (no DAC)/Ipamorelin' once only in clean white sans-serif near the bottom. A small circular palm-tree mark may appear once in the top-right. No other text. No research-use disclaimer in frame. Photoreal vertical 9:16 Palm Beach Vitality catalog still. A designed Palm Beach research-showroom: pale stone, one prism catching a rainbow caustic, distant out-of-focus glass architecture. The single capped research pen stands on frosted optical glass. Creative and premium — still photoreal catalog. Not a clinic, not a body, not a needle. HERO (product_hero from 3-image-scenes-150): a single pre-filled Palm Beach Vitality research pen standing upright on the pedestal, cap on. FORM (product_form_detail): clear barrel window, dial collar, capped tip cover on. Matte-and-gloss premium body, crisp plastic-metal edges, visible dial collar, tack-sharp barrel-graphics zone, soft reflection beneath. Clean white wrap-around barrel label with a dark maroon DNA double-helix logo, the exact compound name 'CJC (no DAC)/Ipamorelin' in large bold dark maroon type, and a solid dark maroon dosage bar with white mg strength. The clear barrel window shows a settled crystal-clear colorless liquid fill already inside at a stable level. FORBIDDEN: pouring, filling, rising liquid, empty barrel, loose cap, needle, second pen, any vial, scale, tray, skin, hands. Shallow depth of field, cinematic macro lens, tack-sharp pen, soft background. No captions or watermarks besides the optional single palm mark. No medical claims in frame. FINAL CHECK: count every pen and vial. Total product containers must be 1 — the single capped research pen. If 2+, remove extras. No vials. COUNT = 1. Cap on.","Slow cinematic camera: locked tripod, pen may catch a slow specular slide, then hold. Keep the exact same single capped 'CJC (no DAC)/Ipamorelin' research pen, materials, and lighting. Cap stays ON. No new objects. No second pen. No vial, people, needles, burn-in, or extra text. Keep the clear liquid level frozen in the barrel window. Liquid does not change level — pre-filled and static. Keep label 'CJC (no DAC)/Ipamorelin' unchanged if visible, once only.","CRITICAL: Keep exactly ONE sealed Palm Beach Vitality research pen, cap ON. DELETE any extra pens, duplicate pens in reflections, vials, syringes, needles, scales, trays, or loose caps. Keep lighting, camera, and environment. Do not restyle the pen. Count = 1. Cap stays on.",Active,0,,frosted optical glass over honed pale stone,golden coastal window plus cool bounce; cinematic but airy,"locked tripod, pen may catch a slow specular slide, then hold","warm coastal grade, honest speculars on barrel glass","pre-filled research pen, cap on, designed environment"
PBVita-Pen-042,42,PEN-042,pen_creative,Catalog research pen — Palm Beach showroom hero,"pre-filled research pen; clear barrel window, dial collar, capped tip cover on; crystal-clear colorless liquid; white maroon-DNA barrel label; one pen only",BPC-157,static_lock,low-angle,no travel / locked,"9:16, low heroic angle, pen large in the lower third to mid-frame","pen catalog · BPC-157 · pre-filled research pen · clear barrel window, dial collar, capped tip cover on · clear fill · A designed Palm Beach research-showroom: pale stone, one prism catching a rainbow caustic, distant out-of-focus glass architecture. The sing… shot:static_lock · low-angle · cap ON",8,"photoreal, physically based, razor sharp focus, 8k, HDR, exactly one capped research pen, product count equals 1, no second pen, no vials, no syringes, no needles, no people",9:16,15,1080p,grok-imagine-image-2.0,grok-imagine-video-1.5,2k,"HARD OUTPUT LOCK: exactly ONE sealed Palm Beach Vitality research pen labeled 'BPC-157'. Hero count = 1. Cap ON covering the tip — never removed, never sitting beside the pen, never showing a needle. No second pen, no background pen, no carousel, no pen tray, no vial, no syringe, no people. Photoreal product photography (not cartoon). If any text appears, print 'BPC-157' once only in clean white sans-serif near the bottom. A small circular palm-tree mark may appear once in the top-right. No other text. No research-use disclaimer in frame. Photoreal vertical 9:16 Palm Beach Vitality catalog still. A designed Palm Beach research-showroom: pale stone, one prism catching a rainbow caustic, distant out-of-focus glass architecture. The single capped research pen stands on frosted optical glass. Creative and premium — still photoreal catalog. Not a clinic, not a body, not a needle. HERO (product_hero from 3-image-scenes-150): a single pre-filled Palm Beach Vitality research pen standing upright on the pedestal, cap on. FORM (product_form_detail): clear barrel window, dial collar, capped tip cover on. Matte-and-gloss premium body, crisp plastic-metal edges, visible dial collar, tack-sharp barrel-graphics zone, soft reflection beneath. Clean white wrap-around barrel label with a dark maroon DNA double-helix logo, the exact compound name 'BPC-157' in large bold dark maroon type, and a solid dark maroon dosage bar with white mg strength. The clear barrel window shows a settled crystal-clear colorless liquid fill already inside at a stable level. FORBIDDEN: pouring, filling, rising liquid, empty barrel, loose cap, needle, second pen, any vial, scale, tray, skin, hands. Shallow depth of field, cinematic macro lens, tack-sharp pen, soft background. No captions or watermarks besides the optional single palm mark. No medical claims in frame. FINAL CHECK: count every pen and vial. Total product containers must be 1 — the single capped research pen. If 2+, remove extras. No vials. COUNT = 1. Cap on.","Slow cinematic camera: locked tripod, pen may catch a slow specular slide, then hold. Keep the exact same single capped 'BPC-157' research pen, materials, and lighting. Cap stays ON. No new objects. No second pen. No vial, people, needles, burn-in, or extra text. Keep the clear liquid level frozen in the barrel window. Liquid does not change level — pre-filled and static. Keep label 'BPC-157' unchanged if visible, once only.","CRITICAL: Keep exactly ONE sealed Palm Beach Vitality research pen, cap ON. DELETE any extra pens, duplicate pens in reflections, vials, syringes, needles, scales, trays, or loose caps. Keep lighting, camera, and environment. Do not restyle the pen. Count = 1. Cap stays on.",Active,0,,frosted optical glass over honed pale stone,golden coastal window plus cool bounce; cinematic but airy,"locked tripod, pen may catch a slow specular slide, then hold","warm coastal grade, honest speculars on barrel glass","pre-filled research pen, cap on, designed environment"
PBVita-Pen-043,43,PEN-043,pen_creative,Catalog research pen — Palm Beach showroom hero,"pre-filled research pen; clear barrel window, dial collar, capped tip cover on; crystal-clear colorless liquid; white maroon-DNA barrel label; one pen only",Retatrutide,static_lock,low-angle,no travel / locked,"9:16, low heroic angle, pen large in the lower third to mid-frame","pen catalog · Retatrutide · pre-filled research pen · clear barrel window, dial collar, capped tip cover on · clear fill · A designed Palm Beach research-showroom: pale stone, one prism catching a rainbow caustic, distant out-of-focus glass architecture. The sing… shot:static_lock · low-angle · cap ON",8,"photoreal, physically based, razor sharp focus, 8k, HDR, exactly one capped research pen, product count equals 1, no second pen, no vials, no syringes, no needles, no people",9:16,15,1080p,grok-imagine-image-2.0,grok-imagine-video-1.5,2k,"HARD OUTPUT LOCK: exactly ONE sealed Palm Beach Vitality research pen labeled 'Retatrutide'. Hero count = 1. Cap ON covering the tip — never removed, never sitting beside the pen, never showing a needle. No second pen, no background pen, no carousel, no pen tray, no vial, no syringe, no people. Photoreal product photography (not cartoon). If any text appears, print 'Retatrutide' once only in clean white sans-serif near the bottom. A small circular palm-tree mark may appear once in the top-right. No other text. No research-use disclaimer in frame. Photoreal vertical 9:16 Palm Beach Vitality catalog still. A designed Palm Beach research-showroom: pale stone, one prism catching a rainbow caustic, distant out-of-focus glass architecture. The single capped research pen stands on frosted optical glass. Creative and premium — still photoreal catalog. Not a clinic, not a body, not a needle. HERO (product_hero from 3-image-scenes-150): a single pre-filled Palm Beach Vitality research pen standing upright on the pedestal, cap on. FORM (product_form_detail): clear barrel window, dial collar, capped tip cover on. Matte-and-gloss premium body, crisp plastic-metal edges, visible dial collar, tack-sharp barrel-graphics zone, soft reflection beneath. Clean white wrap-around barrel label with a dark maroon DNA double-helix logo, the exact compound name 'Retatrutide' in large bold dark maroon type, and a solid dark maroon dosage bar with white mg strength. The clear barrel window shows a settled crystal-clear colorless liquid fill already inside at a stable level. FORBIDDEN: pouring, filling, rising liquid, empty barrel, loose cap, needle, second pen, any vial, scale, tray, skin, hands. Shallow depth of field, cinematic macro lens, tack-sharp pen, soft background. No captions or watermarks besides the optional single palm mark. No medical claims in frame. FINAL CHECK: count every pen and vial. Total product containers must be 1 — the single capped research pen. If 2+, remove extras. No vials. COUNT = 1. Cap on.","Slow cinematic camera: locked tripod, pen may catch a slow specular slide, then hold. Keep the exact same single capped 'Retatrutide' research pen, materials, and lighting. Cap stays ON. No new objects. No second pen. No vial, people, needles, burn-in, or extra text. Keep the clear liquid level frozen in the barrel window. Liquid does not change level — pre-filled and static. Keep label 'Retatrutide' unchanged if visible, once only.","CRITICAL: Keep exactly ONE sealed Palm Beach Vitality research pen, cap ON. DELETE any extra pens, duplicate pens in reflections, vials, syringes, needles, scales, trays, or loose caps. Keep lighting, camera, and environment. Do not restyle the pen. Count = 1. Cap stays on.",Active,0,,frosted optical glass over honed pale stone,golden coastal window plus cool bounce; cinematic but airy,"locked tripod, pen may catch a slow specular slide, then hold","warm coastal grade, honest speculars on barrel glass","pre-filled research pen, cap on, designed environment"
PBVita-Pen-044,44,PEN-044,pen_creative,Catalog research pen — Palm Beach showroom hero,"pre-filled research pen; clear barrel window, dial collar, capped tip cover on; crystal-clear colorless liquid; white maroon-DNA barrel label; one pen only",GHK-Cu,static_lock,low-angle,no travel / locked,"9:16, low heroic angle, pen large in the lower third to mid-frame","pen catalog · GHK-Cu · pre-filled research pen · clear barrel window, dial collar, capped tip cover on · clear fill · A designed Palm Beach research-showroom: pale stone, one prism catching a rainbow caustic, distant out-of-focus glass architecture. The sing… shot:static_lock · low-angle · cap ON",8,"photoreal, physically based, razor sharp focus, 8k, HDR, exactly one capped research pen, product count equals 1, no second pen, no vials, no syringes, no needles, no people",9:16,15,1080p,grok-imagine-image-2.0,grok-imagine-video-1.5,2k,"HARD OUTPUT LOCK: exactly ONE sealed Palm Beach Vitality research pen labeled 'GHK-Cu'. Hero count = 1. Cap ON covering the tip — never removed, never sitting beside the pen, never showing a needle. No second pen, no background pen, no carousel, no pen tray, no vial, no syringe, no people. Photoreal product photography (not cartoon). If any text appears, print 'GHK-Cu' once only in clean white sans-serif near the bottom. A small circular palm-tree mark may appear once in the top-right. No other text. No research-use disclaimer in frame. Photoreal vertical 9:16 Palm Beach Vitality catalog still. A designed Palm Beach research-showroom: pale stone, one prism catching a rainbow caustic, distant out-of-focus glass architecture. The single capped research pen stands on frosted optical glass. Creative and premium — still photoreal catalog. Not a clinic, not a body, not a needle. HERO (product_hero from 3-image-scenes-150): a single pre-filled Palm Beach Vitality research pen standing upright on the pedestal, cap on. FORM (product_form_detail): clear barrel window, dial collar, capped tip cover on. Matte-and-gloss premium body, crisp plastic-metal edges, visible dial collar, tack-sharp barrel-graphics zone, soft reflection beneath. Clean white wrap-around barrel label with a dark maroon DNA double-helix logo, the exact compound name 'GHK-Cu' in large bold dark maroon type, and a solid dark maroon dosage bar with white mg strength. The clear barrel window shows a settled crystal-clear colorless liquid fill already inside at a stable level. FORBIDDEN: pouring, filling, rising liquid, empty barrel, loose cap, needle, second pen, any vial, scale, tray, skin, hands. Shallow depth of field, cinematic macro lens, tack-sharp pen, soft background. No captions or watermarks besides the optional single palm mark. No medical claims in frame. FINAL CHECK: count every pen and vial. Total product containers must be 1 — the single capped research pen. If 2+, remove extras. No vials. COUNT = 1. Cap on.","Slow cinematic camera: locked tripod, pen may catch a slow specular slide, then hold. Keep the exact same single capped 'GHK-Cu' research pen, materials, and lighting. Cap stays ON. No new objects. No second pen. No vial, people, needles, burn-in, or extra text. Keep the clear liquid level frozen in the barrel window. Liquid does not change level — pre-filled and static. Keep label 'GHK-Cu' unchanged if visible, once only.","CRITICAL: Keep exactly ONE sealed Palm Beach Vitality research pen, cap ON. DELETE any extra pens, duplicate pens in reflections, vials, syringes, needles, scales, trays, or loose caps. Keep lighting, camera, and environment. Do not restyle the pen. Count = 1. Cap stays on.",Active,0,,frosted optical glass over honed pale stone,golden coastal window plus cool bounce; cinematic but airy,"locked tripod, pen may catch a slow specular slide, then hold","warm coastal grade, honest speculars on barrel glass","pre-filled research pen, cap on, designed environment"
PBVita-Pen-045,45,PEN-045,pen_creative,Catalog research pen — Palm Beach showroom hero,"pre-filled research pen; clear barrel window, dial collar, capped tip cover on; crystal-clear colorless liquid; white maroon-DNA barrel label; one pen only",NAD+,static_lock,low-angle,no travel / locked,"9:16, low heroic angle, pen large in the lower third to mid-frame","pen catalog · NAD+ · pre-filled research pen · clear barrel window, dial collar, capped tip cover on · clear fill · A designed Palm Beach research-showroom: pale stone, one prism catching a rainbow caustic, distant out-of-focus glass architecture. The sing… shot:static_lock · low-angle · cap ON",8,"photoreal, physically based, razor sharp focus, 8k, HDR, exactly one capped research pen, product count equals 1, no second pen, no vials, no syringes, no needles, no people",9:16,15,1080p,grok-imagine-image-2.0,grok-imagine-video-1.5,2k,"HARD OUTPUT LOCK: exactly ONE sealed Palm Beach Vitality research pen labeled 'NAD+'. Hero count = 1. Cap ON covering the tip — never removed, never sitting beside the pen, never showing a needle. No second pen, no background pen, no carousel, no pen tray, no vial, no syringe, no people. Photoreal product photography (not cartoon). If any text appears, print 'NAD+' once only in clean white sans-serif near the bottom. A small circular palm-tree mark may appear once in the top-right. No other text. No research-use disclaimer in frame. Photoreal vertical 9:16 Palm Beach Vitality catalog still. A designed Palm Beach research-showroom: pale stone, one prism catching a rainbow caustic, distant out-of-focus glass architecture. The single capped research pen stands on frosted optical glass. Creative and premium — still photoreal catalog. Not a clinic, not a body, not a needle. HERO (product_hero from 3-image-scenes-150): a single pre-filled Palm Beach Vitality research pen standing upright on the pedestal, cap on. FORM (product_form_detail): clear barrel window, dial collar, capped tip cover on. Matte-and-gloss premium body, crisp plastic-metal edges, visible dial collar, tack-sharp barrel-graphics zone, soft reflection beneath. Clean white wrap-around barrel label with a dark maroon DNA double-helix logo, the exact compound name 'NAD+' in large bold dark maroon type, and a solid dark maroon dosage bar with white mg strength. The clear barrel window shows a settled crystal-clear colorless liquid fill already inside at a stable level. FORBIDDEN: pouring, filling, rising liquid, empty barrel, loose cap, needle, second pen, any vial, scale, tray, skin, hands. Shallow depth of field, cinematic macro lens, tack-sharp pen, soft background. No captions or watermarks besides the optional single palm mark. No medical claims in frame. FINAL CHECK: count every pen and vial. Total product containers must be 1 — the single capped research pen. If 2+, remove extras. No vials. COUNT = 1. Cap on.","Slow cinematic camera: locked tripod, pen may catch a slow specular slide, then hold. Keep the exact same single capped 'NAD+' research pen, materials, and lighting. Cap stays ON. No new objects. No second pen. No vial, people, needles, burn-in, or extra text. Keep the clear liquid level frozen in the barrel window. Liquid does not change level — pre-filled and static. Keep label 'NAD+' unchanged if visible, once only.","CRITICAL: Keep exactly ONE sealed Palm Beach Vitality research pen, cap ON. DELETE any extra pens, duplicate pens in reflections, vials, syringes, needles, scales, trays, or loose caps. Keep lighting, camera, and environment. Do not restyle the pen. Count = 1. Cap stays on.",Active,0,,frosted optical glass over honed pale stone,golden coastal window plus cool bounce; cinematic but airy,"locked tripod, pen may catch a slow specular slide, then hold","warm coastal grade, honest speculars on barrel glass","pre-filled research pen, cap on, designed environment"
PBVita-Pen-046,46,PEN-046,pen_creative,Catalog research pen — Palm Beach showroom hero,"pre-filled research pen; clear barrel window, dial collar, capped tip cover on; crystal-clear colorless liquid; white maroon-DNA barrel label; one pen only",Semaglutide,static_lock,low-angle,no travel / locked,"9:16, low heroic angle, pen large in the lower third to mid-frame","pen catalog · Semaglutide · pre-filled research pen · clear barrel window, dial collar, capped tip cover on · clear fill · A designed Palm Beach research-showroom: pale stone, one prism catching a rainbow caustic, distant out-of-focus glass architecture. The sing… shot:static_lock · low-angle · cap ON",8,"photoreal, physically based, razor sharp focus, 8k, HDR, exactly one capped research pen, product count equals 1, no second pen, no vials, no syringes, no needles, no people",9:16,15,1080p,grok-imagine-image-2.0,grok-imagine-video-1.5,2k,"HARD OUTPUT LOCK: exactly ONE sealed Palm Beach Vitality research pen labeled 'Semaglutide'. Hero count = 1. Cap ON covering the tip — never removed, never sitting beside the pen, never showing a needle. No second pen, no background pen, no carousel, no pen tray, no vial, no syringe, no people. Photoreal product photography (not cartoon). If any text appears, print 'Semaglutide' once only in clean white sans-serif near the bottom. A small circular palm-tree mark may appear once in the top-right. No other text. No research-use disclaimer in frame. Photoreal vertical 9:16 Palm Beach Vitality catalog still. A designed Palm Beach research-showroom: pale stone, one prism catching a rainbow caustic, distant out-of-focus glass architecture. The single capped research pen stands on frosted optical glass. Creative and premium — still photoreal catalog. Not a clinic, not a body, not a needle. HERO (product_hero from 3-image-scenes-150): a single pre-filled Palm Beach Vitality research pen standing upright on the pedestal, cap on. FORM (product_form_detail): clear barrel window, dial collar, capped tip cover on. Matte-and-gloss premium body, crisp plastic-metal edges, visible dial collar, tack-sharp barrel-graphics zone, soft reflection beneath. Clean white wrap-around barrel label with a dark maroon DNA double-helix logo, the exact compound name 'Semaglutide' in large bold dark maroon type, and a solid dark maroon dosage bar with white mg strength. The clear barrel window shows a settled crystal-clear colorless liquid fill already inside at a stable level. FORBIDDEN: pouring, filling, rising liquid, empty barrel, loose cap, needle, second pen, any vial, scale, tray, skin, hands. Shallow depth of field, cinematic macro lens, tack-sharp pen, soft background. No captions or watermarks besides the optional single palm mark. No medical claims in frame. FINAL CHECK: count every pen and vial. Total product containers must be 1 — the single capped research pen. If 2+, remove extras. No vials. COUNT = 1. Cap on.","Slow cinematic camera: locked tripod, pen may catch a slow specular slide, then hold. Keep the exact same single capped 'Semaglutide' research pen, materials, and lighting. Cap stays ON. No new objects. No second pen. No vial, people, needles, burn-in, or extra text. Keep the clear liquid level frozen in the barrel window. Liquid does not change level — pre-filled and static. Keep label 'Semaglutide' unchanged if visible, once only.","CRITICAL: Keep exactly ONE sealed Palm Beach Vitality research pen, cap ON. DELETE any extra pens, duplicate pens in reflections, vials, syringes, needles, scales, trays, or loose caps. Keep lighting, camera, and environment. Do not restyle the pen. Count = 1. Cap stays on.",Active,0,,frosted optical glass over honed pale stone,golden coastal window plus cool bounce; cinematic but airy,"locked tripod, pen may catch a slow specular slide, then hold","warm coastal grade, honest speculars on barrel glass","pre-filled research pen, cap on, designed environment"
PBVita-Pen-047,47,PEN-047,pen_creative,Catalog research pen — Palm Beach showroom hero,"pre-filled research pen; clear barrel window, dial collar, capped tip cover on; bright blue liquid (GLOW); white maroon-DNA barrel label; one pen only",GLOW,static_lock,low-angle,no travel / locked,"9:16, low heroic angle, pen large in the lower third to mid-frame","pen catalog · GLOW · pre-filled research pen · clear barrel window, dial collar, capped tip cover on · bright-blue fill · A designed Palm Beach research-showroom: pale stone, one prism catching a rainbow caustic, distant out-of-focus glass architecture. The sing… shot:static_lock · low-angle · cap ON",8,"photoreal, physically based, razor sharp focus, 8k, HDR, exactly one capped research pen, product count equals 1, no second pen, no vials, no syringes, no needles, no people",9:16,15,1080p,grok-imagine-image-2.0,grok-imagine-video-1.5,2k,"HARD OUTPUT LOCK: exactly ONE sealed Palm Beach Vitality research pen labeled 'GLOW'. Hero count = 1. Cap ON covering the tip — never removed, never sitting beside the pen, never showing a needle. No second pen, no background pen, no carousel, no pen tray, no vial, no syringe, no people. Photoreal product photography (not cartoon). If any text appears, print 'GLOW' once only in clean white sans-serif near the bottom. A small circular palm-tree mark may appear once in the top-right. No other text. No research-use disclaimer in frame. Photoreal vertical 9:16 Palm Beach Vitality catalog still. A designed Palm Beach research-showroom: pale stone, one prism catching a rainbow caustic, distant out-of-focus glass architecture. The single capped research pen stands on frosted optical glass. Creative and premium — still photoreal catalog. Not a clinic, not a body, not a needle. HERO (product_hero from 3-image-scenes-150): a single pre-filled Palm Beach Vitality research pen standing upright on the pedestal, cap on. FORM (product_form_detail): clear barrel window, dial collar, capped tip cover on. Matte-and-gloss premium body, crisp plastic-metal edges, visible dial collar, tack-sharp barrel-graphics zone, soft reflection beneath. Clean white wrap-around barrel label with a dark maroon DNA double-helix logo, the exact compound name 'GLOW' in large bold dark maroon type, and a solid dark maroon dosage bar with white mg strength. The clear barrel window shows a settled clear bright blue liquid fill already inside at a stable level (GLOW only — blue liquid). FORBIDDEN: pouring, filling, rising liquid, empty barrel, loose cap, needle, second pen, any vial, scale, tray, skin, hands. Shallow depth of field, cinematic macro lens, tack-sharp pen, soft background. No captions or watermarks besides the optional single palm mark. No medical claims in frame. FINAL CHECK: count every pen and vial. Total product containers must be 1 — the single capped research pen. If 2+, remove extras. No vials. COUNT = 1. Cap on.","Slow cinematic camera: locked tripod, pen may catch a slow specular slide, then hold. Keep the exact same single capped 'GLOW' research pen, materials, and lighting. Cap stays ON. No new objects. No second pen. No vial, people, needles, burn-in, or extra text. Keep the bright blue liquid level frozen in the barrel window. Liquid does not change level — pre-filled and static. Keep label 'GLOW' unchanged if visible, once only.","CRITICAL: Keep exactly ONE sealed Palm Beach Vitality research pen, cap ON. DELETE any extra pens, duplicate pens in reflections, vials, syringes, needles, scales, trays, or loose caps. Keep lighting, camera, and environment. Do not restyle the pen. Count = 1. Cap stays on.",Active,0,,frosted optical glass over honed pale stone,golden coastal window plus cool bounce; cinematic but airy,"locked tripod, pen may catch a slow specular slide, then hold","warm coastal grade, honest speculars on barrel glass","pre-filled research pen, cap on, designed environment"
PBVita-Pen-048,48,PEN-048,pen_creative,Catalog research pen — Palm Beach showroom hero,"pre-filled research pen; clear barrel window, dial collar, capped tip cover on; crystal-clear colorless liquid; white maroon-DNA barrel label; one pen only",Sermorelin,static_lock,low-angle,no travel / locked,"9:16, low heroic angle, pen large in the lower third to mid-frame","pen catalog · Sermorelin · pre-filled research pen · clear barrel window, dial collar, capped tip cover on · clear fill · A designed Palm Beach research-showroom: pale stone, one prism catching a rainbow caustic, distant out-of-focus glass architecture. The sing… shot:static_lock · low-angle · cap ON",8,"photoreal, physically based, razor sharp focus, 8k, HDR, exactly one capped research pen, product count equals 1, no second pen, no vials, no syringes, no needles, no people",9:16,15,1080p,grok-imagine-image-2.0,grok-imagine-video-1.5,2k,"HARD OUTPUT LOCK: exactly ONE sealed Palm Beach Vitality research pen labeled 'Sermorelin'. Hero count = 1. Cap ON covering the tip — never removed, never sitting beside the pen, never showing a needle. No second pen, no background pen, no carousel, no pen tray, no vial, no syringe, no people. Photoreal product photography (not cartoon). If any text appears, print 'Sermorelin' once only in clean white sans-serif near the bottom. A small circular palm-tree mark may appear once in the top-right. No other text. No research-use disclaimer in frame. Photoreal vertical 9:16 Palm Beach Vitality catalog still. A designed Palm Beach research-showroom: pale stone, one prism catching a rainbow caustic, distant out-of-focus glass architecture. The single capped research pen stands on frosted optical glass. Creative and premium — still photoreal catalog. Not a clinic, not a body, not a needle. HERO (product_hero from 3-image-scenes-150): a single pre-filled Palm Beach Vitality research pen standing upright on the pedestal, cap on. FORM (product_form_detail): clear barrel window, dial collar, capped tip cover on. Matte-and-gloss premium body, crisp plastic-metal edges, visible dial collar, tack-sharp barrel-graphics zone, soft reflection beneath. Clean white wrap-around barrel label with a dark maroon DNA double-helix logo, the exact compound name 'Sermorelin' in large bold dark maroon type, and a solid dark maroon dosage bar with white mg strength. The clear barrel window shows a settled crystal-clear colorless liquid fill already inside at a stable level. FORBIDDEN: pouring, filling, rising liquid, empty barrel, loose cap, needle, second pen, any vial, scale, tray, skin, hands. Shallow depth of field, cinematic macro lens, tack-sharp pen, soft background. No captions or watermarks besides the optional single palm mark. No medical claims in frame. FINAL CHECK: count every pen and vial. Total product containers must be 1 — the single capped research pen. If 2+, remove extras. No vials. COUNT = 1. Cap on.","Slow cinematic camera: locked tripod, pen may catch a slow specular slide, then hold. Keep the exact same single capped 'Sermorelin' research pen, materials, and lighting. Cap stays ON. No new objects. No second pen. No vial, people, needles, burn-in, or extra text. Keep the clear liquid level frozen in the barrel window. Liquid does not change level — pre-filled and static. Keep label 'Sermorelin' unchanged if visible, once only.","CRITICAL: Keep exactly ONE sealed Palm Beach Vitality research pen, cap ON. DELETE any extra pens, duplicate pens in reflections, vials, syringes, needles, scales, trays, or loose caps. Keep lighting, camera, and environment. Do not restyle the pen. Count = 1. Cap stays on.",Active,0,,frosted optical glass over honed pale stone,golden coastal window plus cool bounce; cinematic but airy,"locked tripod, pen may catch a slow specular slide, then hold","warm coastal grade, honest speculars on barrel glass","pre-filled research pen, cap on, designed environment"
PBVita-Pen-049,49,PEN-049,pen_creative,Catalog research pen — Palm Beach showroom hero,"pre-filled research pen; clear barrel window, dial collar, capped tip cover on; crystal-clear colorless liquid; white maroon-DNA barrel label; one pen only",PT-141,static_lock,low-angle,no travel / locked,"9:16, low heroic angle, pen large in the lower third to mid-frame","pen catalog · PT-141 · pre-filled research pen · clear barrel window, dial collar, capped tip cover on · clear fill · A designed Palm Beach research-showroom: pale stone, one prism catching a rainbow caustic, distant out-of-focus glass architecture. The sing… shot:static_lock · low-angle · cap ON",8,"photoreal, physically based, razor sharp focus, 8k, HDR, exactly one capped research pen, product count equals 1, no second pen, no vials, no syringes, no needles, no people",9:16,15,1080p,grok-imagine-image-2.0,grok-imagine-video-1.5,2k,"HARD OUTPUT LOCK: exactly ONE sealed Palm Beach Vitality research pen labeled 'PT-141'. Hero count = 1. Cap ON covering the tip — never removed, never sitting beside the pen, never showing a needle. No second pen, no background pen, no carousel, no pen tray, no vial, no syringe, no people. Photoreal product photography (not cartoon). If any text appears, print 'PT-141' once only in clean white sans-serif near the bottom. A small circular palm-tree mark may appear once in the top-right. No other text. No research-use disclaimer in frame. Photoreal vertical 9:16 Palm Beach Vitality catalog still. A designed Palm Beach research-showroom: pale stone, one prism catching a rainbow caustic, distant out-of-focus glass architecture. The single capped research pen stands on frosted optical glass. Creative and premium — still photoreal catalog. Not a clinic, not a body, not a needle. HERO (product_hero from 3-image-scenes-150): a single pre-filled Palm Beach Vitality research pen standing upright on the pedestal, cap on. FORM (product_form_detail): clear barrel window, dial collar, capped tip cover on. Matte-and-gloss premium body, crisp plastic-metal edges, visible dial collar, tack-sharp barrel-graphics zone, soft reflection beneath. Clean white wrap-around barrel label with a dark maroon DNA double-helix logo, the exact compound name 'PT-141' in large bold dark maroon type, and a solid dark maroon dosage bar with white mg strength. The clear barrel window shows a settled crystal-clear colorless liquid fill already inside at a stable level. FORBIDDEN: pouring, filling, rising liquid, empty barrel, loose cap, needle, second pen, any vial, scale, tray, skin, hands. Shallow depth of field, cinematic macro lens, tack-sharp pen, soft background. No captions or watermarks besides the optional single palm mark. No medical claims in frame. FINAL CHECK: count every pen and vial. Total product containers must be 1 — the single capped research pen. If 2+, remove extras. No vials. COUNT = 1. Cap on.","Slow cinematic camera: locked tripod, pen may catch a slow specular slide, then hold. Keep the exact same single capped 'PT-141' research pen, materials, and lighting. Cap stays ON. No new objects. No second pen. No vial, people, needles, burn-in, or extra text. Keep the clear liquid level frozen in the barrel window. Liquid does not change level — pre-filled and static. Keep label 'PT-141' unchanged if visible, once only.","CRITICAL: Keep exactly ONE sealed Palm Beach Vitality research pen, cap ON. DELETE any extra pens, duplicate pens in reflections, vials, syringes, needles, scales, trays, or loose caps. Keep lighting, camera, and environment. Do not restyle the pen. Count = 1. Cap stays on.",Active,0,,frosted optical glass over honed pale stone,golden coastal window plus cool bounce; cinematic but airy,"locked tripod, pen may catch a slow specular slide, then hold","warm coastal grade, honest speculars on barrel glass","pre-filled research pen, cap on, designed environment"
PBVita-Pen-050,50,PEN-050,pen_creative,Catalog research pen — Palm Beach showroom hero,"pre-filled research pen; clear barrel window, dial collar, capped tip cover on; crystal-clear colorless liquid; white maroon-DNA barrel label; one pen only",Tirzepatide,static_lock,low-angle,no travel / locked,"9:16, low heroic angle, pen large in the lower third to mid-frame","pen catalog · Tirzepatide · pre-filled research pen · clear barrel window, dial collar, capped tip cover on · clear fill · A designed Palm Beach research-showroom: pale stone, one prism catching a rainbow caustic, distant out-of-focus glass architecture. The sing… shot:static_lock · low-angle · cap ON",8,"photoreal, physically based, razor sharp focus, 8k, HDR, exactly one capped research pen, product count equals 1, no second pen, no vials, no syringes, no needles, no people",9:16,15,1080p,grok-imagine-image-2.0,grok-imagine-video-1.5,2k,"HARD OUTPUT LOCK: exactly ONE sealed Palm Beach Vitality research pen labeled 'Tirzepatide'. Hero count = 1. Cap ON covering the tip — never removed, never sitting beside the pen, never showing a needle. No second pen, no background pen, no carousel, no pen tray, no vial, no syringe, no people. Photoreal product photography (not cartoon). If any text appears, print 'Tirzepatide' once only in clean white sans-serif near the bottom. A small circular palm-tree mark may appear once in the top-right. No other text. No research-use disclaimer in frame. Photoreal vertical 9:16 Palm Beach Vitality catalog still. A designed Palm Beach research-showroom: pale stone, one prism catching a rainbow caustic, distant out-of-focus glass architecture. The single capped research pen stands on frosted optical glass. Creative and premium — still photoreal catalog. Not a clinic, not a body, not a needle. HERO (product_hero from 3-image-scenes-150): a single pre-filled Palm Beach Vitality research pen standing upright on the pedestal, cap on. FORM (product_form_detail): clear barrel window, dial collar, capped tip cover on. Matte-and-gloss premium body, crisp plastic-metal edges, visible dial collar, tack-sharp barrel-graphics zone, soft reflection beneath. Clean white wrap-around barrel label with a dark maroon DNA double-helix logo, the exact compound name 'Tirzepatide' in large bold dark maroon type, and a solid dark maroon dosage bar with white mg strength. The clear barrel window shows a settled crystal-clear colorless liquid fill already inside at a stable level. FORBIDDEN: pouring, filling, rising liquid, empty barrel, loose cap, needle, second pen, any vial, scale, tray, skin, hands. Shallow depth of field, cinematic macro lens, tack-sharp pen, soft background. No captions or watermarks besides the optional single palm mark. No medical claims in frame. FINAL CHECK: count every pen and vial. Total product containers must be 1 — the single capped research pen. If 2+, remove extras. No vials. COUNT = 1. Cap on.","Slow cinematic camera: locked tripod, pen may catch a slow specular slide, then hold. Keep the exact same single capped 'Tirzepatide' research pen, materials, and lighting. Cap stays ON. No new objects. No second pen. No vial, people, needles, burn-in, or extra text. Keep the clear liquid level frozen in the barrel window. Liquid does not change level — pre-filled and static. Keep label 'Tirzepatide' unchanged if visible, once only.","CRITICAL: Keep exactly ONE sealed Palm Beach Vitality research pen, cap ON. DELETE any extra pens, duplicate pens in reflections, vials, syringes, needles, scales, trays, or loose caps. Keep lighting, camera, and environment. Do not restyle the pen. Count = 1. Cap stays on.",Active,0,,frosted optical glass over honed pale stone,golden coastal window plus cool bounce; cinematic but airy,"locked tripod, pen may catch a slow specular slide, then hold","warm coastal grade, honest speculars on barrel glass","pre-filled research pen, cap on, designed environment"
PBVita-Pen-051,51,PEN-051,pen_creative,Catalog research pen — Palm Beach showroom hero,"pre-filled research pen; clear barrel window, dial collar, capped tip cover on; crystal-clear colorless liquid; white maroon-DNA barrel label; one pen only",MOTS-C,static_lock,low-angle,no travel / locked,"9:16, low heroic angle, pen large in the lower third to mid-frame","pen catalog · MOTS-C · pre-filled research pen · clear barrel window, dial collar, capped tip cover on · clear fill · A designed Palm Beach research-showroom: pale stone, one prism catching a rainbow caustic, distant out-of-focus glass architecture. The sing… shot:static_lock · low-angle · cap ON",8,"photoreal, physically based, razor sharp focus, 8k, HDR, exactly one capped research pen, product count equals 1, no second pen, no vials, no syringes, no needles, no people",9:16,15,1080p,grok-imagine-image-2.0,grok-imagine-video-1.5,2k,"HARD OUTPUT LOCK: exactly ONE sealed Palm Beach Vitality research pen labeled 'MOTS-C'. Hero count = 1. Cap ON covering the tip — never removed, never sitting beside the pen, never showing a needle. No second pen, no background pen, no carousel, no pen tray, no vial, no syringe, no people. Photoreal product photography (not cartoon). If any text appears, print 'MOTS-C' once only in clean white sans-serif near the bottom. A small circular palm-tree mark may appear once in the top-right. No other text. No research-use disclaimer in frame. Photoreal vertical 9:16 Palm Beach Vitality catalog still. A designed Palm Beach research-showroom: pale stone, one prism catching a rainbow caustic, distant out-of-focus glass architecture. The single capped research pen stands on frosted optical glass. Creative and premium — still photoreal catalog. Not a clinic, not a body, not a needle. HERO (product_hero from 3-image-scenes-150): a single pre-filled Palm Beach Vitality research pen standing upright on the pedestal, cap on. FORM (product_form_detail): clear barrel window, dial collar, capped tip cover on. Matte-and-gloss premium body, crisp plastic-metal edges, visible dial collar, tack-sharp barrel-graphics zone, soft reflection beneath. Clean white wrap-around barrel label with a dark maroon DNA double-helix logo, the exact compound name 'MOTS-C' in large bold dark maroon type, and a solid dark maroon dosage bar with white mg strength. The clear barrel window shows a settled crystal-clear colorless liquid fill already inside at a stable level. FORBIDDEN: pouring, filling, rising liquid, empty barrel, loose cap, needle, second pen, any vial, scale, tray, skin, hands. Shallow depth of field, cinematic macro lens, tack-sharp pen, soft background. No captions or watermarks besides the optional single palm mark. No medical claims in frame. FINAL CHECK: count every pen and vial. Total product containers must be 1 — the single capped research pen. If 2+, remove extras. No vials. COUNT = 1. Cap on.","Slow cinematic camera: locked tripod, pen may catch a slow specular slide, then hold. Keep the exact same single capped 'MOTS-C' research pen, materials, and lighting. Cap stays ON. No new objects. No second pen. No vial, people, needles, burn-in, or extra text. Keep the clear liquid level frozen in the barrel window. Liquid does not change level — pre-filled and static. Keep label 'MOTS-C' unchanged if visible, once only.","CRITICAL: Keep exactly ONE sealed Palm Beach Vitality research pen, cap ON. DELETE any extra pens, duplicate pens in reflections, vials, syringes, needles, scales, trays, or loose caps. Keep lighting, camera, and environment. Do not restyle the pen. Count = 1. Cap stays on.",Active,0,,frosted optical glass over honed pale stone,golden coastal window plus cool bounce; cinematic but airy,"locked tripod, pen may catch a slow specular slide, then hold","warm coastal grade, honest speculars on barrel glass","pre-filled research pen, cap on, designed environment"
PBVita-Pen-052,52,PEN-052,pen_creative,Catalog research pen — Palm Beach showroom hero,"pre-filled research pen; clear barrel window, dial collar, capped tip cover on; crystal-clear colorless liquid; white maroon-DNA barrel label; one pen only",Selank,static_lock,low-angle,no travel / locked,"9:16, low heroic angle, pen large in the lower third to mid-frame","pen catalog · Selank · pre-filled research pen · clear barrel window, dial collar, capped tip cover on · clear fill · A designed Palm Beach research-showroom: pale stone, one prism catching a rainbow caustic, distant out-of-focus glass architecture. The sing… shot:static_lock · low-angle · cap ON",8,"photoreal, physically based, razor sharp focus, 8k, HDR, exactly one capped research pen, product count equals 1, no second pen, no vials, no syringes, no needles, no people",9:16,15,1080p,grok-imagine-image-2.0,grok-imagine-video-1.5,2k,"HARD OUTPUT LOCK: exactly ONE sealed Palm Beach Vitality research pen labeled 'Selank'. Hero count = 1. Cap ON covering the tip — never removed, never sitting beside the pen, never showing a needle. No second pen, no background pen, no carousel, no pen tray, no vial, no syringe, no people. Photoreal product photography (not cartoon). If any text appears, print 'Selank' once only in clean white sans-serif near the bottom. A small circular palm-tree mark may appear once in the top-right. No other text. No research-use disclaimer in frame. Photoreal vertical 9:16 Palm Beach Vitality catalog still. A designed Palm Beach research-showroom: pale stone, one prism catching a rainbow caustic, distant out-of-focus glass architecture. The single capped research pen stands on frosted optical glass. Creative and premium — still photoreal catalog. Not a clinic, not a body, not a needle. HERO (product_hero from 3-image-scenes-150): a single pre-filled Palm Beach Vitality research pen standing upright on the pedestal, cap on. FORM (product_form_detail): clear barrel window, dial collar, capped tip cover on. Matte-and-gloss premium body, crisp plastic-metal edges, visible dial collar, tack-sharp barrel-graphics zone, soft reflection beneath. Clean white wrap-around barrel label with a dark maroon DNA double-helix logo, the exact compound name 'Selank' in large bold dark maroon type, and a solid dark maroon dosage bar with white mg strength. The clear barrel window shows a settled crystal-clear colorless liquid fill already inside at a stable level. FORBIDDEN: pouring, filling, rising liquid, empty barrel, loose cap, needle, second pen, any vial, scale, tray, skin, hands. Shallow depth of field, cinematic macro lens, tack-sharp pen, soft background. No captions or watermarks besides the optional single palm mark. No medical claims in frame. FINAL CHECK: count every pen and vial. Total product containers must be 1 — the single capped research pen. If 2+, remove extras. No vials. COUNT = 1. Cap on.","Slow cinematic camera: locked tripod, pen may catch a slow specular slide, then hold. Keep the exact same single capped 'Selank' research pen, materials, and lighting. Cap stays ON. No new objects. No second pen. No vial, people, needles, burn-in, or extra text. Keep the clear liquid level frozen in the barrel window. Liquid does not change level — pre-filled and static. Keep label 'Selank' unchanged if visible, once only.","CRITICAL: Keep exactly ONE sealed Palm Beach Vitality research pen, cap ON. DELETE any extra pens, duplicate pens in reflections, vials, syringes, needles, scales, trays, or loose caps. Keep lighting, camera, and environment. Do not restyle the pen. Count = 1. Cap stays on.",Active,0,,frosted optical glass over honed pale stone,golden coastal window plus cool bounce; cinematic but airy,"locked tripod, pen may catch a slow specular slide, then hold","warm coastal grade, honest speculars on barrel glass","pre-filled research pen, cap on, designed environment"
PBVita-Pen-053,53,PEN-053,pen_creative,Catalog research pen — Palm Beach showroom hero,"pre-filled research pen; clear barrel window, dial collar, capped tip cover on; crystal-clear colorless liquid; white maroon-DNA barrel label; one pen only",TB-500,static_lock,low-angle,no travel / locked,"9:16, low heroic angle, pen large in the lower third to mid-frame","pen catalog · TB-500 · pre-filled research pen · clear barrel window, dial collar, capped tip cover on · clear fill · A designed Palm Beach research-showroom: pale stone, one prism catching a rainbow caustic, distant out-of-focus glass architecture. The sing… shot:static_lock · low-angle · cap ON",8,"photoreal, physically based, razor sharp focus, 8k, HDR, exactly one capped research pen, product count equals 1, no second pen, no vials, no syringes, no needles, no people",9:16,15,1080p,grok-imagine-image-2.0,grok-imagine-video-1.5,2k,"HARD OUTPUT LOCK: exactly ONE sealed Palm Beach Vitality research pen labeled 'TB-500'. Hero count = 1. Cap ON covering the tip — never removed, never sitting beside the pen, never showing a needle. No second pen, no background pen, no carousel, no pen tray, no vial, no syringe, no people. Photoreal product photography (not cartoon). If any text appears, print 'TB-500' once only in clean white sans-serif near the bottom. A small circular palm-tree mark may appear once in the top-right. No other text. No research-use disclaimer in frame. Photoreal vertical 9:16 Palm Beach Vitality catalog still. A designed Palm Beach research-showroom: pale stone, one prism catching a rainbow caustic, distant out-of-focus glass architecture. The single capped research pen stands on frosted optical glass. Creative and premium — still photoreal catalog. Not a clinic, not a body, not a needle. HERO (product_hero from 3-image-scenes-150): a single pre-filled Palm Beach Vitality research pen standing upright on the pedestal, cap on. FORM (product_form_detail): clear barrel window, dial collar, capped tip cover on. Matte-and-gloss premium body, crisp plastic-metal edges, visible dial collar, tack-sharp barrel-graphics zone, soft reflection beneath. Clean white wrap-around barrel label with a dark maroon DNA double-helix logo, the exact compound name 'TB-500' in large bold dark maroon type, and a solid dark maroon dosage bar with white mg strength. The clear barrel window shows a settled crystal-clear colorless liquid fill already inside at a stable level. FORBIDDEN: pouring, filling, rising liquid, empty barrel, loose cap, needle, second pen, any vial, scale, tray, skin, hands. Shallow depth of field, cinematic macro lens, tack-sharp pen, soft background. No captions or watermarks besides the optional single palm mark. No medical claims in frame. FINAL CHECK: count every pen and vial. Total product containers must be 1 — the single capped research pen. If 2+, remove extras. No vials. COUNT = 1. Cap on.","Slow cinematic camera: locked tripod, pen may catch a slow specular slide, then hold. Keep the exact same single capped 'TB-500' research pen, materials, and lighting. Cap stays ON. No new objects. No second pen. No vial, people, needles, burn-in, or extra text. Keep the clear liquid level frozen in the barrel window. Liquid does not change level — pre-filled and static. Keep label 'TB-500' unchanged if visible, once only.","CRITICAL: Keep exactly ONE sealed Palm Beach Vitality research pen, cap ON. DELETE any extra pens, duplicate pens in reflections, vials, syringes, needles, scales, trays, or loose caps. Keep lighting, camera, and environment. Do not restyle the pen. Count = 1. Cap stays on.",Active,0,,frosted optical glass over honed pale stone,golden coastal window plus cool bounce; cinematic but airy,"locked tripod, pen may catch a slow specular slide, then hold","warm coastal grade, honest speculars on barrel glass","pre-filled research pen, cap on, designed environment"
PBVita-Pen-054,54,PEN-054,pen_creative,Catalog research pen — Palm Beach showroom hero,"pre-filled research pen; clear barrel window, dial collar, capped tip cover on; crystal-clear colorless liquid; white maroon-DNA barrel label; one pen only",5-Amino-1MQ,static_lock,low-angle,no travel / locked,"9:16, low heroic angle, pen large in the lower third to mid-frame","pen catalog · 5-Amino-1MQ · pre-filled research pen · clear barrel window, dial collar, capped tip cover on · clear fill · A designed Palm Beach research-showroom: pale stone, one prism catching a rainbow caustic, distant out-of-focus glass architecture. The sing… shot:static_lock · low-angle · cap ON",8,"photoreal, physically based, razor sharp focus, 8k, HDR, exactly one capped research pen, product count equals 1, no second pen, no vials, no syringes, no needles, no people",9:16,15,1080p,grok-imagine-image-2.0,grok-imagine-video-1.5,2k,"HARD OUTPUT LOCK: exactly ONE sealed Palm Beach Vitality research pen labeled '5-Amino-1MQ'. Hero count = 1. Cap ON covering the tip — never removed, never sitting beside the pen, never showing a needle. No second pen, no background pen, no carousel, no pen tray, no vial, no syringe, no people. Photoreal product photography (not cartoon). If any text appears, print '5-Amino-1MQ' once only in clean white sans-serif near the bottom. A small circular palm-tree mark may appear once in the top-right. No other text. No research-use disclaimer in frame. Photoreal vertical 9:16 Palm Beach Vitality catalog still. A designed Palm Beach research-showroom: pale stone, one prism catching a rainbow caustic, distant out-of-focus glass architecture. The single capped research pen stands on frosted optical glass. Creative and premium — still photoreal catalog. Not a clinic, not a body, not a needle. HERO (product_hero from 3-image-scenes-150): a single pre-filled Palm Beach Vitality research pen standing upright on the pedestal, cap on. FORM (product_form_detail): clear barrel window, dial collar, capped tip cover on. Matte-and-gloss premium body, crisp plastic-metal edges, visible dial collar, tack-sharp barrel-graphics zone, soft reflection beneath. Clean white wrap-around barrel label with a dark maroon DNA double-helix logo, the exact compound name '5-Amino-1MQ' in large bold dark maroon type, and a solid dark maroon dosage bar with white mg strength. The clear barrel window shows a settled crystal-clear colorless liquid fill already inside at a stable level. FORBIDDEN: pouring, filling, rising liquid, empty barrel, loose cap, needle, second pen, any vial, scale, tray, skin, hands. Shallow depth of field, cinematic macro lens, tack-sharp pen, soft background. No captions or watermarks besides the optional single palm mark. No medical claims in frame. FINAL CHECK: count every pen and vial. Total product containers must be 1 — the single capped research pen. If 2+, remove extras. No vials. COUNT = 1. Cap on.","Slow cinematic camera: locked tripod, pen may catch a slow specular slide, then hold. Keep the exact same single capped '5-Amino-1MQ' research pen, materials, and lighting. Cap stays ON. No new objects. No second pen. No vial, people, needles, burn-in, or extra text. Keep the clear liquid level frozen in the barrel window. Liquid does not change level — pre-filled and static. Keep label '5-Amino-1MQ' unchanged if visible, once only.","CRITICAL: Keep exactly ONE sealed Palm Beach Vitality research pen, cap ON. DELETE any extra pens, duplicate pens in reflections, vials, syringes, needles, scales, trays, or loose caps. Keep lighting, camera, and environment. Do not restyle the pen. Count = 1. Cap stays on.",Active,0,,frosted optical glass over honed pale stone,golden coastal window plus cool bounce; cinematic but airy,"locked tripod, pen may catch a slow specular slide, then hold","warm coastal grade, honest speculars on barrel glass","pre-filled research pen, cap on, designed environment"
