scene_id,scene_category,scene_name,lab_environment,camera,lighting,product_hero,product_form_detail,compound_id,compound_name,canonical_url,scene_brief,caption_lock,status,rotation_order,last_used_date
SCN-001,peptide_synthesis,Peptide synthesis · capped pen,"Wide establishing energy: Peptide synthesis & solid-phase chemistry. Inside a soft-pink wellness R&D studio cooled by clinical steel islands. Chrome legs of an anti-vibration table draw leading lines toward the hero. A slow sense of discovery in the empty room. Treat the environment as a character — the peptide research story is told by place, light, and material.","static_lock, eye-level, no travel / locked: locked tripod hold at eye-level, subject centered mid-frame, frozen — camera body does not travel, direction locked, then hold",under-cabinet ribbon light and dark ceiling void,research pen on mirrored chrome plate,"hard specular highlights, product catalog, cap on; barrel window shows settled crystal-clear colorless liquid already inside at a stable level; never filling",P-BPC-001,BPC-157,https://www.palmbeach-vitality.store/products/#bpc-157,"peptide synthesis · research pen on mirrored chrome plate · hard specular highlights, product catalog, cap on; barrel window shows settled crystal-clear colorless liquid already inside at a stable level; never filling · a soft-pink wellness R&D studio cooled by clinical steel islands · under-cabinet ribbon light and dark ceiling void · shot:static_lock · cap ON · label:BPC-157","For laboratory research use only. Not for human use or consumption. Not a drug, dietary supplement, or cosmetic. Not evaluated by the FDA. Captions only — never burn this into the image or Grok prompt.",Active,1,
SCN-002,formulation_suite,Formulation · capped pen,Intimate cinematic entry: Formulation & compounding research suites. Inside a sports-performance science lab with force-plate flooring and calibrated gear racks. A floating shelf casts a hard shadow that slices the composition into thirds. The hush of validated equipment between runs. Use negative space generously so the scene breathes and never feels like a cluttered bench dump.,"push_in, eye-level, forward: creeping straight push-in from wide toward closer detail at eye-level, path is a straight forward line only (straight forward), then hold",noir side light with controlled speculars on glass and metal,frosted research pen body with metal clip,"matte body texture, metal pocket clip, cap on; barrel window shows settled crystal-clear colorless liquid already inside at a stable level; never filling",P-RETA-001,Retatrutide,https://www.palmbeach-vitality.store/products/#retatrutide,"formulation suite · frosted research pen body with metal clip · matte body texture, metal pocket clip, cap on; barrel window shows settled crystal-clear colorless liquid already inside at a stable level; never filling · a sports-performance science lab with force-plate flooring and calibrated gear r · noir side light with controlled speculars on glass and metal · shot:push_in · cap ON · label:Retatrutide","For laboratory research use only. Not for human use or consumption. Not a drug, dietary supplement, or cosmetic. Not evaluated by the FDA. Captions only — never burn this into the image or Grok prompt.",Active,2,
SCN-003,wellness_retail_lab,Boutique wellness × lab hybrid spaces · capped pen,Architectural reveal: Boutique wellness × lab hybrid spaces. Inside a QC war-room with blank monitors and a single illuminated chromatogram print. Solvent fumes are absent; instead you smell nothing — pure visual sterile fantasy. A showroom-ready stillness that still feels operational. Use negative space generously so the scene breathes and never feels like a cluttered bench dump.,"pull_back, eye-level, backward: start on extreme close texture then creeping straight pull-back to full hero at eye-level, path is a straight retreat only (straight backward), then hold",fluorescence-inspired cyan accent without neon cartoon glow,research pen silhouette edge-lit,"rim light outlining form, cap on, dark field; barrel window shows settled crystal-clear colorless liquid already inside at a stable level; never filling",P-GHK-001,GHK-Cu,https://www.palmbeach-vitality.store/products/#ghk-cu,"wellness retail lab · research pen silhouette edge-lit · rim light outlining form, cap on, dark field; barrel window shows settled crystal-clear colorless liquid already inside at a stable level; never filling · a QC war-room with blank monitors and a single illuminated chromatogram print · fluorescence-inspired cyan accent without neon cartoon glow · shot:pull_back · cap ON · label:GHK-Cu","For laboratory research use only. Not for human use or consumption. Not a drug, dietary supplement, or cosmetic. Not evaluated by the FDA. Captions only — never burn this into the image or Grok prompt.",Active,3,
SCN-004,wellness_innovation,Health · capped pen,"Macro-world portal: Health & wellness innovation studios. Inside a silent metrology room with granite tables and vibration-isolated instruments. Rain streaks the exterior glass while the interior stays surgically dry. The tension between wellness softness and lab rigor. Make the still exciting enough that a slow camera move will feel like entering a world, not inspecting a SKU.","vertical_rise, eye-level rising, up: creeping vertical rise from base of subject to top detail at eye-level rising, path is a straight up-line only (straight up), then hold",museum track lighting with narrow beams on pedestals,research pen rubber grip section macro,"grip texture, dial collar, capped tip cover on; barrel window shows settled crystal-clear colorless liquid already inside at a stable level; never filling",P-NAD-001,NAD+,https://www.palmbeach-vitality.store/products/#nad,"wellness innovation · research pen rubber grip section macro · grip texture, dial collar, capped tip cover on; barrel window shows settled crystal-clear colorless liquid already inside at a stable level; never filling · a silent metrology room with granite tables and vibration-isolated instruments · museum track lighting with narrow beams on pedestals · shot:vertical_rise · cap ON · label:NAD+","For laboratory research use only. Not for human use or consumption. Not a drug, dietary supplement, or cosmetic. Not evaluated by the FDA. Captions only — never burn this into the image or Grok prompt.",Active,4,
SCN-005,pilot_scale,Pilot-scale process development · capped pen,"After-hours R&D atmosphere: Pilot-scale process development. Inside a moonlit rooftop observatory deck adjacent to a molecular biology suite. A mezzanine railing frames the scene like an architecture photograph. An almost theatrical reveal of research craftsmanship. Prioritize photoreal materials: glass weight, metal wear, frost, epoxy sheen, fabric sterile blues.","vertical_descend, high settling to eye-level, down: creeping vertical descend from above subject into settled hero at high settling to eye-level, path is a straight down-line only (straight down), then hold",under-cabinet ribbon light and dark ceiling void,frosted research pen body with metal clip,"matte body texture, metal pocket clip, cap on; barrel window shows settled crystal-clear colorless liquid already inside at a stable level; never filling",P-SEMA-001,Semaglutide,https://www.palmbeach-vitality.store/products/#semaglutide,"pilot scale · frosted research pen body with metal clip · matte body texture, metal pocket clip, cap on; barrel window shows settled crystal-clear colorless liquid already inside at a stable level; never filling · a moonlit rooftop observatory deck adjacent to a molecular biology suite · under-cabinet ribbon light and dark ceiling void · shot:vertical_descend · cap ON · label:Semaglutide","For laboratory research use only. Not for human use or consumption. Not a drug, dietary supplement, or cosmetic. Not evaluated by the FDA. Captions only — never burn this into the image or Grok prompt.",Active,5,
SCN-006,longevity_lab,Longevity · capped pen,"Coastal biotech brochure frame: Longevity & cellular research suites. Inside a cedar sauna anteroom juxtaposed with a sealed research fridge behind glass. Cable management is immaculate — luxury expressed as engineering discipline. Quiet prosperity — science as coastal luxury infrastructure. Let architecture lead, then reward the eye with one unmistakable research focal point.","lateral_ltr, eye-level, left-to-right: creeping lateral slide left to right starting left of subject at eye-level, focus locked on subject, straight horizontal path only, then hold",museum track lighting with narrow beams on pedestals,research pen rubber grip section macro,"grip texture, dial collar, capped tip cover on; barrel window shows settled clear bright blue liquid already inside at a stable level (GLOW only — blue liquid); never filling",P-GLOW-001,GLOW,https://www.palmbeach-vitality.store/products/#glow,"longevity lab · research pen rubber grip section macro · grip texture, dial collar, capped tip cover on; barrel window shows settled clear bright blue liquid already inside at a stable level (GLOW only — blue liquid); never filling · a cedar sauna anteroom juxtaposed with a sealed research fridge behind glass · museum track lighting with narrow beams on pedestals · shot:lateral_ltr · cap ON · label:GLOW","For laboratory research use only. Not for human use or consumption. Not a drug, dietary supplement, or cosmetic. Not evaluated by the FDA. Captions only — never burn this into the image or Grok prompt.",Active,6,
SCN-007,archive_documentation,Research documentation · capped pen,Quiet luxury-science tableau: Research documentation & standards archives. Inside a sports-performance science lab with force-plate flooring and calibrated gear racks. Color-blocked solvent bottles create a deliberate Pantone story behind the hero. The feeling that a breakthrough is minutes away off-frame. Compose as a vertical 9:16 hero still that could open a premium Instagram reel.,"lateral_rtl, eye-level, right-to-left: creeping lateral slide right to left starting right of subject at eye-level, focus locked on subject, straight horizontal path only, then hold",museum track lighting with narrow beams on pedestals,compact travel research pen shorter body,"shorter form factor, capped tip cover on; barrel window shows settled crystal-clear colorless liquid already inside at a stable level; never filling",P-SERM-001,Sermorelin,https://www.palmbeach-vitality.store/products/#sermorelin,"archive documentation · compact travel research pen shorter body · shorter form factor, capped tip cover on; barrel window shows settled crystal-clear colorless liquid already inside at a stable level; never filling · a sports-performance science lab with force-plate flooring and calibrated gear r · museum track lighting with narrow beams on pedestals · shot:lateral_rtl · cap ON · label:Sermorelin","For laboratory research use only. Not for human use or consumption. Not a drug, dietary supplement, or cosmetic. Not evaluated by the FDA. Captions only — never burn this into the image or Grok prompt.",Active,7,
SCN-008,biotech_campus,Biotech R · capped pen,"Process-gallery spectacle: Biotech R&D campus interiors. Inside a glass-walled pilot-scale process bay looking onto idle stainless skids. A single shaft of sunrise cuts a diagonal across otherwise clinical white. Premium calm: every object placed with intentional design. Let architecture lead, then reward the eye with one unmistakable research focal point.","top_down, true top-down 90 degrees, down into plan view: creeping overhead descend straight down from higher overhead into true top-down 90 degrees composition, path is a straight vertical drop only, then hold",blue-hour exterior wash through glass with warm interior pools,precision research pen standing upright,"vertical hero, soft reflection, cap on; barrel window shows settled crystal-clear colorless liquid already inside at a stable level; never filling",P-PT141-001,PT-141,https://www.palmbeach-vitality.store/products/#pt-141,"biotech campus · precision research pen standing upright · vertical hero, soft reflection, cap on; barrel window shows settled crystal-clear colorless liquid already inside at a stable level; never filling · a glass-walled pilot-scale process bay looking onto idle stainless skids · blue-hour exterior wash through glass with warm interior pools · shot:top_down · cap ON · label:PT-141","For laboratory research use only. Not for human use or consumption. Not a drug, dietary supplement, or cosmetic. Not evaluated by the FDA. Captions only — never burn this into the image or Grok prompt.",Active,8,
SCN-009,palm_beach_showroom,Palm Beach premium research showrooms · capped pen,"Wellness-meets-lab hybrid: Palm Beach premium research showrooms. Inside a hangar-scale fill-finish gallery with curtain dividers and glowing status boards. Shadow play from a palm frond lands across the bench without breaking sterility cues. Industrial poetry — pipes and glass as modern sculpture. Let architecture lead, then reward the eye with one unmistakable research focal point.","tilt_up, low-angle power pose, tilt-up: slow tilt-up from underside to eye level at low-angle power pose, pivot only (tilt up only) — camera body does not truck around subject, then hold",museum track lighting with narrow beams on pedestals,research pen on matte white seamless paper,one capped research pen on plain white backdrop; barrel window shows settled crystal-clear colorless liquid already inside at a stable level; never filling,P-TIRZ-001,Tirzepatide,https://www.palmbeach-vitality.store/products/#tirzepatide,palm beach showroom · research pen on matte white seamless paper · one capped research pen on plain white backdrop; barrel window shows settled crystal-clear colorless liquid already inside at a stable level; never filling · a hangar-scale fill-finish gallery with curtain dividers and glowing status boar · museum track lighting with narrow beams on pedestals · shot:tilt_up · cap ON · label:Tirzepatide,"For laboratory research use only. Not for human use or consumption. Not a drug, dietary supplement, or cosmetic. Not evaluated by the FDA. Captions only — never burn this into the image or Grok prompt.",Active,9,
SCN-010,cryo_cold_chain,Cryostorage · capped pen,Discovery-morning clarity: Cryostorage & cold-chain research logistics. Inside a kinetic sculpture of glass condensers in a discovery hallway. Nested glass doors create recursive reflections of the same hero object. Client-facing wonder without tipping into medical theater. Use negative space generously so the scene breathes and never feels like a cluttered bench dump.,"tilt_down, high looking down, tilt-down: slow tilt-down from upper rim onto the subject at high looking down, pivot only (tilt down only) — no lateral looping path, then hold",golden coastal window light mixed with white LED task lamps,research pen with dose window close-up,"numeric window readable, shallow depth, cap on; barrel window shows settled crystal-clear colorless liquid already inside at a stable level; never filling",P-MOTS-001,MOTS-C,https://www.palmbeach-vitality.store/products/#mots-c,"cryo cold chain · research pen with dose window close-up · numeric window readable, shallow depth, cap on; barrel window shows settled crystal-clear colorless liquid already inside at a stable level; never filling · a kinetic sculpture of glass condensers in a discovery hallway · golden coastal window light mixed with white LED task lamps · shot:tilt_down · cap ON · label:MOTS-C","For laboratory research use only. Not for human use or consumption. Not a drug, dietary supplement, or cosmetic. Not evaluated by the FDA. Captions only — never burn this into the image or Grok prompt.",Active,10,
SCN-011,sports_science,Sports science · capped pen,"Wide establishing energy: Sports science & performance research labs. Inside a data-rich control room overlooking a cleanroom through panoramic glass. Polished black acrylic gives a soft reflection without cloning a second hero object. A slow sense of discovery in the empty room. Prioritize photoreal materials: glass weight, metal wear, frost, epoxy sheen, fabric sterile blues.","macro_detail, macro flat-on, micro forward: extreme macro on engraved texture at macro flat-on, razor shallow depth of field, creeping tiny forward drift only, then hard hold",sunrise rim light cutting across frost and steel,research pen with translucent smoke barrel,"smoke tint showing liquid, cap on; barrel window shows settled crystal-clear colorless liquid already inside at a stable level; never filling",P-SEL-001,Selank,https://www.palmbeach-vitality.store/products/#selank,"sports science · research pen with translucent smoke barrel · smoke tint showing liquid, cap on; barrel window shows settled crystal-clear colorless liquid already inside at a stable level; never filling · a data-rich control room overlooking a cleanroom through panoramic glass · sunrise rim light cutting across frost and steel · shot:macro_detail · cap ON · label:Selank","For laboratory research use only. Not for human use or consumption. Not a drug, dietary supplement, or cosmetic. Not evaluated by the FDA. Captions only — never burn this into the image or Grok prompt.",Active,11,
SCN-012,sterile_cleanroom,Sterile cleanroom · capped pen,"Intimate cinematic entry: Sterile cleanroom & controlled environments. Inside a QC war-room with blank monitors and a single illuminated chromatogram print. Instrument LEDs pulse out of sync like a living heartbeat of the lab. The hush of validated equipment between runs. Build depth with foreground glass, mid-ground hero, and soft background process glow.","crane_settle, high three-quarter to eye-level, crane down: slow crane-down from high three-quarter to settled hero (high three-quarter to eye-level), path is a straight descending line (straight descending crane), then hold",noir side light with controlled speculars on glass and metal,research pen silhouette edge-lit,"rim light outlining form, cap on, dark field; barrel window shows settled crystal-clear colorless liquid already inside at a stable level; never filling",P-TB500-001,TB-500,https://www.palmbeach-vitality.store/products/#tb-500,"sterile cleanroom · research pen silhouette edge-lit · rim light outlining form, cap on, dark field; barrel window shows settled crystal-clear colorless liquid already inside at a stable level; never filling · a QC war-room with blank monitors and a single illuminated chromatogram print · noir side light with controlled speculars on glass and metal · shot:crane_settle · cap ON · label:TB-500","For laboratory research use only. Not for human use or consumption. Not a drug, dietary supplement, or cosmetic. Not evaluated by the FDA. Captions only — never burn this into the image or Grok prompt.",Active,12,
SCN-013,molecular_imaging,Molecular imaging · capped pen,"Architectural reveal: Molecular imaging & microscopy cores. Inside a blacked-out imaging core with a single illuminated stage as the hero light source. Shadow play from a palm frond lands across the bench without breaking sterility cues. A showroom-ready stillness that still feels operational. Make the still exciting enough that a slow camera move will feel like entering a world, not inspecting a SKU.","push_out, eye-level, backward expand: slow straight push-out from tight badge crop to full product at eye-level, path is a straight retreat only (straight backward), then hold",fluorescence-inspired cyan accent without neon cartoon glow,pre-filled research pen on matte black acrylic,"clear barrel window, dial collar, capped tip cover on; barrel window shows settled crystal-clear colorless liquid already inside at a stable level; never filling",P-5A1MQ-001,5-Amino-1MQ,https://www.palmbeach-vitality.store/products/#5-amino-1mq,"molecular imaging · pre-filled research pen on matte black acrylic · clear barrel window, dial collar, capped tip cover on; barrel window shows settled crystal-clear colorless liquid already inside at a stable level; never filling · a blacked-out imaging core with a single illuminated stage as the hero light sou · fluorescence-inspired cyan accent without neon cartoon glow · shot:push_out · cap ON · label:5-Amino-1MQ","For laboratory research use only. Not for human use or consumption. Not a drug, dietary supplement, or cosmetic. Not evaluated by the FDA. Captions only — never burn this into the image or Grok prompt.",Active,13,
SCN-014,analytical_qc,Analytical QC · capped pen,"Macro-world portal: Analytical QC & identity confirmation. Inside an amber-lit lyophilization corridor with freeze-dryer portholes like portholes on a ship. Nested glass doors create recursive reflections of the same hero object. The tension between wellness softness and lab rigor. Prioritize photoreal materials: glass weight, metal wear, frost, epoxy sheen, fabric sterile blues.","pedestal_up, eye-level, pedestal up: soft pedestal up a few centimeters from slightly below eye-line at eye-level, lighting wrap shifts on edges, no sideways travel (straight up pedestal), then hold",museum track lighting with narrow beams on pedestals,slim research pen graphite gray body,"matte gray finish, dial collar, cap on; barrel window shows settled crystal-clear colorless liquid already inside at a stable level; never filling",P-TESA-001,Tesamorelin,https://www.palmbeach-vitality.store/products/#tesamorelin,"analytical qc · slim research pen graphite gray body · matte gray finish, dial collar, cap on; barrel window shows settled crystal-clear colorless liquid already inside at a stable level; never filling · an amber-lit lyophilization corridor with freeze-dryer portholes like portholes  · museum track lighting with narrow beams on pedestals · shot:pedestal_up · cap ON · label:Tesamorelin","For laboratory research use only. Not for human use or consumption. Not a drug, dietary supplement, or cosmetic. Not evaluated by the FDA. Captions only — never burn this into the image or Grok prompt.",Active,14,
SCN-015,discovery_bench,Discovery chemistry benches · capped pen,"After-hours R&D atmosphere: Discovery chemistry benches. Inside a peptide synthesis gallery with resin columns and nitrogen lines as architecture. A faint ocean reflection ghosts across a glass partition. An almost theatrical reveal of research craftsmanship. Prioritize photoreal materials: glass weight, metal wear, frost, epoxy sheen, fabric sterile blues.","pedestal_down, eye-level, pedestal down: soft pedestal down a few centimeters from slightly above eye-line at eye-level, lighting wrap shifts on edges, no sideways travel (straight down pedestal), then hold",golden coastal window light mixed with white LED task lamps,research pen rubber grip section macro,"grip texture, dial collar, capped tip cover on; barrel window shows settled crystal-clear colorless liquid already inside at a stable level; never filling",P-KPV-001,KPV,https://www.palmbeach-vitality.store/products/#kpv,"discovery bench · research pen rubber grip section macro · grip texture, dial collar, capped tip cover on; barrel window shows settled crystal-clear colorless liquid already inside at a stable level; never filling · a peptide synthesis gallery with resin columns and nitrogen lines as architectur · golden coastal window light mixed with white LED task lamps · shot:pedestal_down · cap ON · label:KPV","For laboratory research use only. Not for human use or consumption. Not a drug, dietary supplement, or cosmetic. Not evaluated by the FDA. Captions only — never burn this into the image or Grok prompt.",Active,15,
SCN-016,peptide_synthesis,Peptide synthesis · capped pen,Coastal biotech brochure frame: Peptide synthesis & solid-phase chemistry. Inside a glass-walled pilot-scale process bay looking onto idle stainless skids. Color-blocked solvent bottles create a deliberate Pantone story behind the hero. Quiet prosperity — science as coastal luxury infrastructure. Keep every readable label sparse; if a compound name appears it must be exact and research-only.,"profile_ltr, true side profile left, profile track L→R: short side-profile track brief lateral left to right from strict side profile at true side profile left, then settle and hard hold — brief lateral only, never a full circle",museum track lighting with narrow beams on pedestals,research pen with protective tip shield locked,"safety shield engaged, cap on; barrel window shows settled crystal-clear colorless liquid already inside at a stable level; never filling",P-CJC-001,CJC,https://www.palmbeach-vitality.store/products/#cjc-1295,"peptide synthesis · research pen with protective tip shield locked · safety shield engaged, cap on; barrel window shows settled crystal-clear colorless liquid already inside at a stable level; never filling · a glass-walled pilot-scale process bay looking onto idle stainless skids · museum track lighting with narrow beams on pedestals · shot:profile_ltr · cap ON · label:CJC","For laboratory research use only. Not for human use or consumption. Not a drug, dietary supplement, or cosmetic. Not evaluated by the FDA. Captions only — never burn this into the image or Grok prompt.",Active,16,
SCN-017,formulation_suite,Formulation · capped pen,"Quiet luxury-science tableau: Formulation & compounding research suites. Inside a rooftop greenhouse annex connected to a cellular biology lab via glass bridge. Infrared cabinet glass shows a faint ghost reflection of the pen hero. The feeling that a breakthrough is minutes away off-frame. Make the still exciting enough that a slow camera move will feel like entering a world, not inspecting a SKU.","profile_rtl, true side profile right, profile track R→L: short side-profile track brief lateral right to left from strict side profile at true side profile right, then settle and hard hold — brief lateral only, never a full circle",bright clinical cove lighting plus cool instrument practicals,research pen with dose window close-up,"numeric window readable, shallow depth, cap on; barrel window shows settled crystal-clear colorless liquid already inside at a stable level; never filling",P-MT2-001,Melanotan 2,https://www.palmbeach-vitality.store/products/#melanotan-2,"formulation suite · research pen with dose window close-up · numeric window readable, shallow depth, cap on; barrel window shows settled crystal-clear colorless liquid already inside at a stable level; never filling · a rooftop greenhouse annex connected to a cellular biology lab via glass bridge · bright clinical cove lighting plus cool instrument practicals · shot:profile_rtl · cap ON · label:Melanotan 2","For laboratory research use only. Not for human use or consumption. Not a drug, dietary supplement, or cosmetic. Not evaluated by the FDA. Captions only — never burn this into the image or Grok prompt.",Active,17,
SCN-018,wellness_retail_lab,Boutique wellness × lab hybrid spaces · capped pen,Process-gallery spectacle: Boutique wellness × lab hybrid spaces. Inside a high-throughput analytical bay lined with HPLC stacks and quiet solvent cabinets. Nested glass doors create recursive reflections of the same hero object. Premium calm: every object placed with intentional design. Compose as a vertical 9:16 hero still that could open a premium Instagram reel.,"doc_drift, eye-level documentary, doc forward drift: handheld-stable micro drift micro forward drift from mid-shot at eye-level documentary, scientific documentary energy, then hold — no circling path",bright clinical cove lighting plus cool instrument practicals,single sealed Palm Beach Vitality research pen on a matte acrylic pedestal,"cap on, one pen only — no second pen, no carousel, no pen tray; barrel window shows settled crystal-clear colorless liquid already inside at a stable level; never filling",P-SS31-001,SS-31,https://www.palmbeach-vitality.store/products/#ss-31,"wellness retail lab · single sealed Palm Beach Vitality research pen on a matte acrylic pedestal · cap on, one pen only — no second pen, no carousel, no pen tray; barrel window shows settled crystal-clear colorless liquid already inside at a stable level; never filling · a high-throughput analytical bay lined with HPLC stacks and quiet solvent cabine · bright clinical cove lighting plus cool instrument practicals · shot:doc_drift · cap ON · label:SS-31","For laboratory research use only. Not for human use or consumption. Not a drug, dietary supplement, or cosmetic. Not evaluated by the FDA. Captions only — never burn this into the image or Grok prompt.",Active,18,
SCN-019,wellness_innovation,Health · capped pen,Wellness-meets-lab hybrid: Health & wellness innovation studios. Inside a sports-performance science lab with force-plate flooring and calibrated gear racks. Soft bokeh of city lights beyond the lab glass reminds you this is coastal biotech. Industrial poetry — pipes and glass as modern sculpture. Keep every readable label sparse; if a compound name appears it must be exact and research-only.,"label_rise, label-plane flat, rise to label: short vertical lift from below label then lock off on the label plane at label-plane flat, straight rise only (straight up to label lock), then hold",low-key cinematic spotlight with velvet falloff,research pen on mirrored chrome plate,"hard specular highlights, product catalog, cap on; barrel window shows settled crystal-clear colorless liquid already inside at a stable level; never filling",P-AOD-001,AOD-9604,https://www.palmbeach-vitality.store/products/#aod-9604,"wellness innovation · research pen on mirrored chrome plate · hard specular highlights, product catalog, cap on; barrel window shows settled crystal-clear colorless liquid already inside at a stable level; never filling · a sports-performance science lab with force-plate flooring and calibrated gear r · low-key cinematic spotlight with velvet falloff · shot:label_rise · cap ON · label:AOD-9604","For laboratory research use only. Not for human use or consumption. Not a drug, dietary supplement, or cosmetic. Not evaluated by the FDA. Captions only — never burn this into the image or Grok prompt.",Active,19,
SCN-020,pilot_scale,Pilot-scale process development · capped pen,"Discovery-morning clarity: Pilot-scale process development. Inside a hangar-scale fill-finish gallery with curtain dividers and glowing status boards. Frost blooms into fern-like crystals on a freezer window port. Client-facing wonder without tipping into medical theater. Let architecture lead, then reward the eye with one unmistakable research focal point.","wide_env, eye-level wide, wide to hero forward: very slow push-in from wide sterile environment into subject-dominant frame at eye-level wide, straight forward path only (straight forward into subject), then hold",fluorescence-inspired cyan accent without neon cartoon glow,research pen barrel showing pre-filled liquid,"optical clarity of liquid in barrel window, cap on; barrel window shows settled crystal-clear colorless liquid already inside at a stable level; never filling",P-BPCTB-001,BPC-157/TB-500,https://www.palmbeach-vitality.store/products/#wolverine,"pilot scale · research pen barrel showing pre-filled liquid · optical clarity of liquid in barrel window, cap on; barrel window shows settled crystal-clear colorless liquid already inside at a stable level; never filling · a hangar-scale fill-finish gallery with curtain dividers and glowing status boar · fluorescence-inspired cyan accent without neon cartoon glow · shot:wide_env · cap ON · label:BPC-157/TB-500","For laboratory research use only. Not for human use or consumption. Not a drug, dietary supplement, or cosmetic. Not evaluated by the FDA. Captions only — never burn this into the image or Grok prompt.",Active,20,
SCN-021,longevity_lab,Longevity · capped pen,Wide establishing energy: Longevity & cellular research suites. Inside a QC war-room with blank monitors and a single illuminated chromatogram print. Infrared cabinet glass shows a faint ghost reflection of the pen hero. A slow sense of discovery in the empty room. Use negative space generously so the scene breathes and never feels like a cluttered bench dump.,"offset_left, eye-level, offset left micro-push: locked offset composition with subject subject on left third at eye-level, locked with breath subtle breathing push-in only, negative space on right, then hold",bright clinical cove lighting plus cool instrument practicals,single sealed Palm Beach Vitality research pen on a matte acrylic pedestal,"cap on, one pen only — no second pen, no carousel, no pen tray; barrel window shows settled crystal-clear colorless liquid already inside at a stable level; never filling",P-SEMAX-001,SEMAX,https://www.palmbeach-vitality.store/products/#semax,"longevity lab · single sealed Palm Beach Vitality research pen on a matte acrylic pedestal · cap on, one pen only — no second pen, no carousel, no pen tray; barrel window shows settled crystal-clear colorless liquid already inside at a stable level; never filling · a QC war-room with blank monitors and a single illuminated chromatogram print · bright clinical cove lighting plus cool instrument practicals · shot:offset_left · cap ON · label:SEMAX","For laboratory research use only. Not for human use or consumption. Not a drug, dietary supplement, or cosmetic. Not evaluated by the FDA. Captions only — never burn this into the image or Grok prompt.",Active,21,
SCN-022,archive_documentation,Research documentation · capped pen,"Intimate cinematic entry: Research documentation & standards archives. Inside a shipping-prep cold room with validated coolers staged like premium luggage. A floating shelf casts a hard shadow that slices the composition into thirds. The hush of validated equipment between runs. Prioritize photoreal materials: glass weight, metal wear, frost, epoxy sheen, fabric sterile blues.","offset_right, eye-level, offset right micro-push: locked offset composition with subject subject on right third at eye-level, locked with breath subtle breathing push-in only, negative space on left, then hold",bright clinical cove lighting plus cool instrument practicals,research pen on mirrored chrome plate,"hard specular highlights, product catalog, cap on; barrel window shows settled crystal-clear colorless liquid already inside at a stable level; never filling",P-KLOW-001,KLOW,https://www.palmbeach-vitality.store/products/#klow,"archive documentation · research pen on mirrored chrome plate · hard specular highlights, product catalog, cap on; barrel window shows settled crystal-clear colorless liquid already inside at a stable level; never filling · a shipping-prep cold room with validated coolers staged like premium luggage · bright clinical cove lighting plus cool instrument practicals · shot:offset_right · cap ON · label:KLOW","For laboratory research use only. Not for human use or consumption. Not a drug, dietary supplement, or cosmetic. Not evaluated by the FDA. Captions only — never burn this into the image or Grok prompt.",Active,22,
SCN-023,biotech_campus,Biotech R · capped pen,"Architectural reveal: Biotech R&D campus interiors. Inside a boutique wellness research boutique with museum pedestals and soft brass accents. Solvent fumes are absent; instead you smell nothing — pure visual sterile fantasy. A showroom-ready stillness that still feels operational. Build depth with foreground glass, mid-ground hero, and soft background process glow.","dolly_in_low, low-angle, low forward: slow low dolly-in from low medium at low-angle, straight forward path only (straight forward low), then hold",golden coastal window light mixed with white LED task lamps,single sealed Palm Beach Vitality research pen on a matte acrylic pedestal,"cap on, one pen only — no second pen, no carousel, no pen tray; barrel window shows settled crystal-clear colorless liquid already inside at a stable level; never filling",P-CAGRI-001,Cagrilinitide,https://www.palmbeach-vitality.store/products/#cagrilinitide,"biotech campus · single sealed Palm Beach Vitality research pen on a matte acrylic pedestal · cap on, one pen only — no second pen, no carousel, no pen tray; barrel window shows settled crystal-clear colorless liquid already inside at a stable level; never filling · a boutique wellness research boutique with museum pedestals and soft brass accen · golden coastal window light mixed with white LED task lamps · shot:dolly_in_low · cap ON · label:Cagrilinitide","For laboratory research use only. Not for human use or consumption. Not a drug, dietary supplement, or cosmetic. Not evaluated by the FDA. Captions only — never burn this into the image or Grok prompt.",Active,23,
SCN-024,palm_beach_showroom,Palm Beach premium research showrooms · capped pen,"Macro-world portal: Palm Beach premium research showrooms. Inside a university-style teaching wet lab restaged as a premium catalog set. The floor epoxy has a subtle marble swirl catching a rim light streak. The tension between wellness softness and lab rigor. Prioritize photoreal materials: glass weight, metal wear, frost, epoxy sheen, fabric sterile blues.","dolly_in_high, slight-high, high forward: slow high dolly-in from high medium at slight-high, straight forward path only (straight forward high), then hold",noir side light with controlled speculars on glass and metal,research pen rubber grip section macro,"grip texture, dial collar, capped tip cover on; barrel window shows settled crystal-clear colorless liquid already inside at a stable level; never filling",P-TA1-001,TA-1,https://www.palmbeach-vitality.store/products/#ta-1,"palm beach showroom · research pen rubber grip section macro · grip texture, dial collar, capped tip cover on; barrel window shows settled crystal-clear colorless liquid already inside at a stable level; never filling · a university-style teaching wet lab restaged as a premium catalog set · noir side light with controlled speculars on glass and metal · shot:dolly_in_high · cap ON · label:TA-1","For laboratory research use only. Not for human use or consumption. Not a drug, dietary supplement, or cosmetic. Not evaluated by the FDA. Captions only — never burn this into the image or Grok prompt.",Active,24,
SCN-025,cryo_cold_chain,Cryostorage · capped pen,"After-hours R&D atmosphere: Cryostorage & cold-chain research logistics. Inside a wellness innovation kitchen-lab hybrid with stainless islands and research glassware. A soft abstract wall wash with no readable lettering or repeated motifs. An almost theatrical reveal of research craftsmanship. Build depth with foreground glass, mid-ground hero, and soft background process glow.","static_lock, eye-level, no travel / locked: locked tripod hold at eye-level, subject centered mid-frame, micro-focus only — camera body does not travel, direction locked, then hold",noir side light with controlled speculars on glass and metal,frosted research pen body with metal clip,"matte body texture, metal pocket clip, cap on; barrel window shows settled crystal-clear colorless liquid already inside at a stable level; never filling",P-DSIP-001,DSIP,https://www.palmbeach-vitality.store/products/#dsip,"cryo cold chain · frosted research pen body with metal clip · matte body texture, metal pocket clip, cap on; barrel window shows settled crystal-clear colorless liquid already inside at a stable level; never filling · a wellness innovation kitchen-lab hybrid with stainless islands and research gla · noir side light with controlled speculars on glass and metal · shot:static_lock · cap ON · label:DSIP","For laboratory research use only. Not for human use or consumption. Not a drug, dietary supplement, or cosmetic. Not evaluated by the FDA. Captions only — never burn this into the image or Grok prompt.",Active,25,
SCN-026,sports_science,Sports science · capped pen,"Coastal biotech brochure frame: Sports science & performance research labs. Inside a floating lab pod suspended in an atrium with cable trays as chandelier. Soft bokeh of city lights beyond the lab glass reminds you this is coastal biotech. Quiet prosperity — science as coastal luxury infrastructure. Make the still exciting enough that a slow camera move will feel like entering a world, not inspecting a SKU.","push_in, eye-level, forward: slow straight push-in from wide toward closer detail at eye-level, path is a straight forward line only (straight forward), then hold",golden coastal window light mixed with white LED task lamps,research pen with protective tip shield locked,"safety shield engaged, cap on; barrel window shows settled crystal-clear colorless liquid already inside at a stable level; never filling",P-TESAIPA-001,Tesamorelin/Ipamorelin,https://www.palmbeach-vitality.store/products/#tesamorelin,"sports science · research pen with protective tip shield locked · safety shield engaged, cap on; barrel window shows settled crystal-clear colorless liquid already inside at a stable level; never filling · a floating lab pod suspended in an atrium with cable trays as chandelier · golden coastal window light mixed with white LED task lamps · shot:push_in · cap ON · label:Tesamorelin/Ipamorelin","For laboratory research use only. Not for human use or consumption. Not a drug, dietary supplement, or cosmetic. Not evaluated by the FDA. Captions only — never burn this into the image or Grok prompt.",Active,26,
SCN-027,sterile_cleanroom,Sterile cleanroom · capped pen,Quiet luxury-science tableau: Sterile cleanroom & controlled environments. Inside a sports-performance science lab with force-plate flooring and calibrated gear racks. A wellness smoothie bar is visible through glass but stays soft background only. The feeling that a breakthrough is minutes away off-frame. Use negative space generously so the scene breathes and never feels like a cluttered bench dump.,"pull_back, eye-level, backward: start on extreme close texture then slow straight pull-back to full hero at eye-level, path is a straight retreat only (straight backward), then hold",sunrise rim light cutting across frost and steel,research pen silhouette edge-lit,"rim light outlining form, cap on, dark field; barrel window shows settled crystal-clear colorless liquid already inside at a stable level; never filling",P-CJCIPA-001,CJC (no DAC)/Ipamorelin,https://www.palmbeach-vitality.store/products/#cjc-1295,"sterile cleanroom · research pen silhouette edge-lit · rim light outlining form, cap on, dark field; barrel window shows settled crystal-clear colorless liquid already inside at a stable level; never filling · a sports-performance science lab with force-plate flooring and calibrated gear r · sunrise rim light cutting across frost and steel · shot:pull_back · cap ON · label:CJC (no DAC)/Ipamorelin","For laboratory research use only. Not for human use or consumption. Not a drug, dietary supplement, or cosmetic. Not evaluated by the FDA. Captions only — never burn this into the image or Grok prompt.",Active,27,
SCN-028,molecular_imaging,Molecular imaging · capped pen,Process-gallery spectacle: Molecular imaging & microscopy cores. Inside a shipping-prep cold room with validated coolers staged like premium luggage. Vapor from a dewar curls into a soft ribbon then vanishes. Premium calm: every object placed with intentional design. Use negative space generously so the scene breathes and never feels like a cluttered bench dump.,"vertical_rise, eye-level rising, up: slow vertical rise from base of subject to top detail at eye-level rising, path is a straight up-line only (straight up), then hold",blue-hour exterior wash through glass with warm interior pools,research pen rubber grip section macro,"grip texture, dial collar, capped tip cover on; barrel window shows settled crystal-clear colorless liquid already inside at a stable level; never filling",P-BPC-001,BPC-157,https://www.palmbeach-vitality.store/products/#bpc-157,"molecular imaging · research pen rubber grip section macro · grip texture, dial collar, capped tip cover on; barrel window shows settled crystal-clear colorless liquid already inside at a stable level; never filling · a shipping-prep cold room with validated coolers staged like premium luggage · blue-hour exterior wash through glass with warm interior pools · shot:vertical_rise · cap ON · label:BPC-157","For laboratory research use only. Not for human use or consumption. Not a drug, dietary supplement, or cosmetic. Not evaluated by the FDA. Captions only — never burn this into the image or Grok prompt.",Active,28,
SCN-029,analytical_qc,Analytical QC · capped pen,Wellness-meets-lab hybrid: Analytical QC & identity confirmation. Inside a subterranean cryo vault with frosted stainless doors and vapor wisps. HEPA airflow is implied by a barely visible tissue-stream indicator. Industrial poetry — pipes and glass as modern sculpture. Keep every readable label sparse; if a compound name appears it must be exact and research-only.,"vertical_descend, high settling to eye-level, down: slow vertical descend from above subject into settled hero at high settling to eye-level, path is a straight down-line only (straight down), then hold",blue-hour exterior wash through glass with warm interior pools,research pen silhouette edge-lit,"rim light outlining form, cap on, dark field; barrel window shows settled crystal-clear colorless liquid already inside at a stable level; never filling",P-RETA-001,Retatrutide,https://www.palmbeach-vitality.store/products/#retatrutide,"analytical qc · research pen silhouette edge-lit · rim light outlining form, cap on, dark field; barrel window shows settled crystal-clear colorless liquid already inside at a stable level; never filling · a subterranean cryo vault with frosted stainless doors and vapor wisps · blue-hour exterior wash through glass with warm interior pools · shot:vertical_descend · cap ON · label:Retatrutide","For laboratory research use only. Not for human use or consumption. Not a drug, dietary supplement, or cosmetic. Not evaluated by the FDA. Captions only — never burn this into the image or Grok prompt.",Active,29,
SCN-030,discovery_bench,Discovery chemistry benches · capped pen,"Discovery-morning clarity: Discovery chemistry benches. Inside a hush-quiet anechoic-style instrument room for ultra-sensitive balances. Infrared cabinet glass shows a faint ghost reflection of the pen hero. Client-facing wonder without tipping into medical theater. Build depth with foreground glass, mid-ground hero, and soft background process glow.","lateral_ltr, eye-level, left-to-right: slow lateral slide left to right starting left of subject at eye-level, focus locked on subject, straight horizontal path only, then hold",soft spa diffusion plus one hard scientific key light,pre-filled research pen on matte black acrylic,"clear barrel window, dial collar, capped tip cover on; barrel window shows settled crystal-clear colorless liquid already inside at a stable level; never filling",P-GHK-001,GHK-Cu,https://www.palmbeach-vitality.store/products/#ghk-cu,"discovery bench · pre-filled research pen on matte black acrylic · clear barrel window, dial collar, capped tip cover on; barrel window shows settled crystal-clear colorless liquid already inside at a stable level; never filling · a hush-quiet anechoic-style instrument room for ultra-sensitive balances · soft spa diffusion plus one hard scientific key light · shot:lateral_ltr · cap ON · label:GHK-Cu","For laboratory research use only. Not for human use or consumption. Not a drug, dietary supplement, or cosmetic. Not evaluated by the FDA. Captions only — never burn this into the image or Grok prompt.",Active,30,
SCN-031,peptide_synthesis,Peptide synthesis · capped pen,"Wide establishing energy: Peptide synthesis & solid-phase chemistry. Inside a floating lab pod suspended in an atrium with cable trays as chandelier. Vapor from a dewar curls into a soft ribbon then vanishes. A slow sense of discovery in the empty room. Treat the environment as a character — the peptide research story is told by place, light, and material.","lateral_rtl, eye-level, right-to-left: slow lateral slide right to left starting right of subject at eye-level, focus locked on subject, straight horizontal path only, then hold",sunrise rim light cutting across frost and steel,precision research pen standing upright,"vertical hero, soft reflection, cap on; barrel window shows settled crystal-clear colorless liquid already inside at a stable level; never filling",P-NAD-001,NAD+,https://www.palmbeach-vitality.store/products/#nad,"peptide synthesis · precision research pen standing upright · vertical hero, soft reflection, cap on; barrel window shows settled crystal-clear colorless liquid already inside at a stable level; never filling · a floating lab pod suspended in an atrium with cable trays as chandelier · sunrise rim light cutting across frost and steel · shot:lateral_rtl · cap ON · label:NAD+","For laboratory research use only. Not for human use or consumption. Not a drug, dietary supplement, or cosmetic. Not evaluated by the FDA. Captions only — never burn this into the image or Grok prompt.",Active,31,
SCN-032,formulation_suite,Formulation · capped pen,"Intimate cinematic entry: Formulation & compounding research suites. Inside a longevity institute reading room meeting a wet-lab through a glass airlock. Chrome legs of an anti-vibration table draw leading lines toward the hero. The hush of validated equipment between runs. Build depth with foreground glass, mid-ground hero, and soft background process glow.","top_down, true top-down 90 degrees, down into plan view: slow overhead descend straight down from higher overhead into true top-down 90 degrees composition, path is a straight vertical drop only, then hold",soft spa diffusion plus one hard scientific key light,research pen barrel showing pre-filled liquid,"optical clarity of liquid in barrel window, cap on; barrel window shows settled crystal-clear colorless liquid already inside at a stable level; never filling",P-SEMA-001,Semaglutide,https://www.palmbeach-vitality.store/products/#semaglutide,"formulation suite · research pen barrel showing pre-filled liquid · optical clarity of liquid in barrel window, cap on; barrel window shows settled crystal-clear colorless liquid already inside at a stable level; never filling · a longevity institute reading room meeting a wet-lab through a glass airlock · soft spa diffusion plus one hard scientific key light · shot:top_down · cap ON · label:Semaglutide","For laboratory research use only. Not for human use or consumption. Not a drug, dietary supplement, or cosmetic. Not evaluated by the FDA. Captions only — never burn this into the image or Grok prompt.",Active,32,
SCN-033,wellness_retail_lab,Boutique wellness × lab hybrid spaces · capped pen,"Architectural reveal: Boutique wellness × lab hybrid spaces. Inside a boutique apothecary facade opening into a true GLP-style wet lab. Soft bokeh of city lights beyond the lab glass reminds you this is coastal biotech. A showroom-ready stillness that still feels operational. Build depth with foreground glass, mid-ground hero, and soft background process glow.","tilt_up, low-angle power pose, tilt-up: measured tilt-up from underside to eye level at low-angle power pose, pivot only (tilt up only) — camera body does not truck around subject, then hold",bright clinical cove lighting plus cool instrument practicals,research pen with protective tip shield locked,"safety shield engaged, cap on; barrel window shows settled clear bright blue liquid already inside at a stable level (GLOW only — blue liquid); never filling",P-GLOW-001,GLOW,https://www.palmbeach-vitality.store/products/#glow,"wellness retail lab · research pen with protective tip shield locked · safety shield engaged, cap on; barrel window shows settled clear bright blue liquid already inside at a stable level (GLOW only — blue liquid); never filling · a boutique apothecary facade opening into a true GLP-style wet lab · bright clinical cove lighting plus cool instrument practicals · shot:tilt_up · cap ON · label:GLOW","For laboratory research use only. Not for human use or consumption. Not a drug, dietary supplement, or cosmetic. Not evaluated by the FDA. Captions only — never burn this into the image or Grok prompt.",Active,33,
SCN-034,wellness_innovation,Health · capped pen,Macro-world portal: Health & wellness innovation studios. Inside a rooftop greenhouse annex connected to a cellular biology lab via glass bridge. Rain streaks the exterior glass while the interior stays surgically dry. The tension between wellness softness and lab rigor. Keep every readable label sparse; if a compound name appears it must be exact and research-only.,"tilt_down, high looking down, tilt-down: measured tilt-down from upper rim onto the subject at high looking down, pivot only (tilt down only) — no lateral looping path, then hold",sunrise rim light cutting across frost and steel,research pen silhouette edge-lit,"rim light outlining form, cap on, dark field; barrel window shows settled crystal-clear colorless liquid already inside at a stable level; never filling",P-SERM-001,Sermorelin,https://www.palmbeach-vitality.store/products/#sermorelin,"wellness innovation · research pen silhouette edge-lit · rim light outlining form, cap on, dark field; barrel window shows settled crystal-clear colorless liquid already inside at a stable level; never filling · a rooftop greenhouse annex connected to a cellular biology lab via glass bridge · sunrise rim light cutting across frost and steel · shot:tilt_down · cap ON · label:Sermorelin","For laboratory research use only. Not for human use or consumption. Not a drug, dietary supplement, or cosmetic. Not evaluated by the FDA. Captions only — never burn this into the image or Grok prompt.",Active,34,
SCN-035,pilot_scale,Pilot-scale process development · capped pen,"After-hours R&D atmosphere: Pilot-scale process development. Inside a Palm Beach waterfront biotech loft with floor-to-ceiling glass and ocean haze beyond. Soft bokeh of city lights beyond the lab glass reminds you this is coastal biotech. An almost theatrical reveal of research craftsmanship. Build depth with foreground glass, mid-ground hero, and soft background process glow.","macro_detail, macro flat-on, micro forward: extreme macro on engraved texture at macro flat-on, razor shallow depth of field, ultra-slow tiny forward drift only, then hard hold",fluorescence-inspired cyan accent without neon cartoon glow,precision research pen standing upright,"vertical hero, soft reflection, cap on; barrel window shows settled crystal-clear colorless liquid already inside at a stable level; never filling",P-PT141-001,PT-141,https://www.palmbeach-vitality.store/products/#pt-141,"pilot scale · precision research pen standing upright · vertical hero, soft reflection, cap on; barrel window shows settled crystal-clear colorless liquid already inside at a stable level; never filling · a Palm Beach waterfront biotech loft with floor-to-ceiling glass and ocean haze  · fluorescence-inspired cyan accent without neon cartoon glow · shot:macro_detail · cap ON · label:PT-141","For laboratory research use only. Not for human use or consumption. Not a drug, dietary supplement, or cosmetic. Not evaluated by the FDA. Captions only — never burn this into the image or Grok prompt.",Active,35,
SCN-036,longevity_lab,Longevity · capped pen,"Coastal biotech brochure frame: Longevity & cellular research suites. Inside a high-throughput analytical bay lined with HPLC stacks and quiet solvent cabinets. Cable management is immaculate — luxury expressed as engineering discipline. Quiet prosperity — science as coastal luxury infrastructure. Make the still exciting enough that a slow camera move will feel like entering a world, not inspecting a SKU.","crane_settle, high three-quarter to eye-level, crane down: measured crane-down from high three-quarter to settled hero (high three-quarter to eye-level), path is a straight descending line (straight descending crane), then hold",blue-hour exterior wash through glass with warm interior pools,single sealed Palm Beach Vitality research pen on a matte acrylic pedestal,"cap on, one pen only — no second pen, no carousel, no pen tray; barrel window shows settled crystal-clear colorless liquid already inside at a stable level; never filling",P-TIRZ-001,Tirzepatide,https://www.palmbeach-vitality.store/products/#tirzepatide,"longevity lab · single sealed Palm Beach Vitality research pen on a matte acrylic pedestal · cap on, one pen only — no second pen, no carousel, no pen tray; barrel window shows settled crystal-clear colorless liquid already inside at a stable level; never filling · a high-throughput analytical bay lined with HPLC stacks and quiet solvent cabine · blue-hour exterior wash through glass with warm interior pools · shot:crane_settle · cap ON · label:Tirzepatide","For laboratory research use only. Not for human use or consumption. Not a drug, dietary supplement, or cosmetic. Not evaluated by the FDA. Captions only — never burn this into the image or Grok prompt.",Active,36,
SCN-037,archive_documentation,Research documentation · capped pen,Quiet luxury-science tableau: Research documentation & standards archives. Inside a hush-quiet anechoic-style instrument room for ultra-sensitive balances. A mezzanine railing frames the scene like an architecture photograph. The feeling that a breakthrough is minutes away off-frame. Keep every readable label sparse; if a compound name appears it must be exact and research-only.,"push_out, eye-level, backward expand: measured straight push-out from tight badge crop to full product at eye-level, path is a straight retreat only (straight backward), then hold",bright clinical cove lighting plus cool instrument practicals,compact travel research pen shorter body,"shorter form factor, capped tip cover on; barrel window shows settled crystal-clear colorless liquid already inside at a stable level; never filling",P-MOTS-001,MOTS-C,https://www.palmbeach-vitality.store/products/#mots-c,"archive documentation · compact travel research pen shorter body · shorter form factor, capped tip cover on; barrel window shows settled crystal-clear colorless liquid already inside at a stable level; never filling · a hush-quiet anechoic-style instrument room for ultra-sensitive balances · bright clinical cove lighting plus cool instrument practicals · shot:push_out · cap ON · label:MOTS-C","For laboratory research use only. Not for human use or consumption. Not a drug, dietary supplement, or cosmetic. Not evaluated by the FDA. Captions only — never burn this into the image or Grok prompt.",Active,37,
SCN-038,biotech_campus,Biotech R · capped pen,"Process-gallery spectacle: Biotech R&D campus interiors. Inside a shipping-prep cold room with validated coolers staged like premium luggage. Vapor from a dewar curls into a soft ribbon then vanishes. Premium calm: every object placed with intentional design. Let architecture lead, then reward the eye with one unmistakable research focal point.","pedestal_up, eye-level, pedestal up: slow pedestal up a few centimeters from slightly below eye-line at eye-level, lighting wrap shifts on edges, no sideways travel (straight up pedestal), then hold",sunrise rim light cutting across frost and steel,research pen on matte white seamless paper,one capped research pen on plain white backdrop; barrel window shows settled crystal-clear colorless liquid already inside at a stable level; never filling,P-SEL-001,Selank,https://www.palmbeach-vitality.store/products/#selank,biotech campus · research pen on matte white seamless paper · one capped research pen on plain white backdrop; barrel window shows settled crystal-clear colorless liquid already inside at a stable level; never filling · a shipping-prep cold room with validated coolers staged like premium luggage · sunrise rim light cutting across frost and steel · shot:pedestal_up · cap ON · label:Selank,"For laboratory research use only. Not for human use or consumption. Not a drug, dietary supplement, or cosmetic. Not evaluated by the FDA. Captions only — never burn this into the image or Grok prompt.",Active,38,
SCN-039,palm_beach_showroom,Palm Beach premium research showrooms · capped pen,"Wellness-meets-lab hybrid: Palm Beach premium research showrooms. Inside a sports-performance science lab with force-plate flooring and calibrated gear racks. A red 'AUTHORIZED PERSONNEL' light is off — the room waits in standby elegance. Industrial poetry — pipes and glass as modern sculpture. Let architecture lead, then reward the eye with one unmistakable research focal point.","pedestal_down, eye-level, pedestal down: slow pedestal down a few centimeters from slightly above eye-line at eye-level, lighting wrap shifts on edges, no sideways travel (straight down pedestal), then hold",bright clinical cove lighting plus cool instrument practicals,pre-filled research pen on matte black acrylic,"clear barrel window, dial collar, capped tip cover on; barrel window shows settled crystal-clear colorless liquid already inside at a stable level; never filling",P-TB500-001,TB-500,https://www.palmbeach-vitality.store/products/#tb-500,"palm beach showroom · pre-filled research pen on matte black acrylic · clear barrel window, dial collar, capped tip cover on; barrel window shows settled crystal-clear colorless liquid already inside at a stable level; never filling · a sports-performance science lab with force-plate flooring and calibrated gear r · bright clinical cove lighting plus cool instrument practicals · shot:pedestal_down · cap ON · label:TB-500","For laboratory research use only. Not for human use or consumption. Not a drug, dietary supplement, or cosmetic. Not evaluated by the FDA. Captions only — never burn this into the image or Grok prompt.",Active,39,
SCN-040,cryo_cold_chain,Cryostorage · capped pen,"Discovery-morning clarity: Cryostorage & cold-chain research logistics. Inside a longevity institute reading room meeting a wet-lab through a glass airlock. HEPA airflow is implied by a barely visible tissue-stream indicator. Client-facing wonder without tipping into medical theater. Treat the environment as a character — the peptide research story is told by place, light, and material.","profile_ltr, true side profile left, profile track L→R: measured side-profile track brief lateral left to right from strict side profile at true side profile left, then settle and hard hold — brief lateral only, never a full circle",fluorescence-inspired cyan accent without neon cartoon glow,research pen silhouette edge-lit,"rim light outlining form, cap on, dark field; barrel window shows settled crystal-clear colorless liquid already inside at a stable level; never filling",P-5A1MQ-001,5-Amino-1MQ,https://www.palmbeach-vitality.store/products/#5-amino-1mq,"cryo cold chain · research pen silhouette edge-lit · rim light outlining form, cap on, dark field; barrel window shows settled crystal-clear colorless liquid already inside at a stable level; never filling · a longevity institute reading room meeting a wet-lab through a glass airlock · fluorescence-inspired cyan accent without neon cartoon glow · shot:profile_ltr · cap ON · label:5-Amino-1MQ","For laboratory research use only. Not for human use or consumption. Not a drug, dietary supplement, or cosmetic. Not evaluated by the FDA. Captions only — never burn this into the image or Grok prompt.",Active,40,
SCN-041,sports_science,Sports science · capped pen,"Wide establishing energy: Sports science & performance research labs. Inside a private-client research salon with velvet curtains framing a sterile prep alcove. Polished black acrylic gives a soft reflection without cloning a second hero object. A slow sense of discovery in the empty room. Treat the environment as a character — the peptide research story is told by place, light, and material.","profile_rtl, true side profile right, profile track R→L: measured side-profile track brief lateral right to left from strict side profile at true side profile right, then settle and hard hold — brief lateral only, never a full circle",golden coastal window light mixed with white LED task lamps,research pen on matte white seamless paper,one capped research pen on plain white backdrop; barrel window shows settled crystal-clear colorless liquid already inside at a stable level; never filling,P-TESA-001,Tesamorelin,https://www.palmbeach-vitality.store/products/#tesamorelin,sports science · research pen on matte white seamless paper · one capped research pen on plain white backdrop; barrel window shows settled crystal-clear colorless liquid already inside at a stable level; never filling · a private-client research salon with velvet curtains framing a sterile prep alco · golden coastal window light mixed with white LED task lamps · shot:profile_rtl · cap ON · label:Tesamorelin,"For laboratory research use only. Not for human use or consumption. Not a drug, dietary supplement, or cosmetic. Not evaluated by the FDA. Captions only — never burn this into the image or Grok prompt.",Active,41,
SCN-042,sterile_cleanroom,Sterile cleanroom · capped pen,"Intimate cinematic entry: Sterile cleanroom & controlled environments. Inside a wellness innovation kitchen-lab hybrid with stainless islands and research glassware. A faint ocean reflection ghosts across a glass partition. The hush of validated equipment between runs. Treat the environment as a character — the peptide research story is told by place, light, and material.","doc_drift, eye-level documentary, doc forward drift: documentary-slow micro drift micro forward drift from mid-shot at eye-level documentary, scientific documentary energy, then hold — no circling path",sunrise rim light cutting across frost and steel,research pen barrel showing pre-filled liquid,"optical clarity of liquid in barrel window, cap on; barrel window shows settled crystal-clear colorless liquid already inside at a stable level; never filling",P-KPV-001,KPV,https://www.palmbeach-vitality.store/products/#kpv,"sterile cleanroom · research pen barrel showing pre-filled liquid · optical clarity of liquid in barrel window, cap on; barrel window shows settled crystal-clear colorless liquid already inside at a stable level; never filling · a wellness innovation kitchen-lab hybrid with stainless islands and research gla · sunrise rim light cutting across frost and steel · shot:doc_drift · cap ON · label:KPV","For laboratory research use only. Not for human use or consumption. Not a drug, dietary supplement, or cosmetic. Not evaluated by the FDA. Captions only — never burn this into the image or Grok prompt.",Active,42,
SCN-043,molecular_imaging,Molecular imaging · capped pen,"Architectural reveal: Molecular imaging & microscopy cores. Inside a double-height atrium research atrium with floating mezzanine lab pods. A mezzanine railing frames the scene like an architecture photograph. A showroom-ready stillness that still feels operational. Treat the environment as a character — the peptide research story is told by place, light, and material.","label_rise, label-plane flat, rise to label: slow vertical lift from below label then lock off on the label plane at label-plane flat, straight rise only (straight up to label lock), then hold",golden coastal window light mixed with white LED task lamps,precision research pen standing upright,"vertical hero, soft reflection, cap on; barrel window shows settled crystal-clear colorless liquid already inside at a stable level; never filling",P-CJC-001,CJC,https://www.palmbeach-vitality.store/products/#cjc-1295,"molecular imaging · precision research pen standing upright · vertical hero, soft reflection, cap on; barrel window shows settled crystal-clear colorless liquid already inside at a stable level; never filling · a double-height atrium research atrium with floating mezzanine lab pods · golden coastal window light mixed with white LED task lamps · shot:label_rise · cap ON · label:CJC","For laboratory research use only. Not for human use or consumption. Not a drug, dietary supplement, or cosmetic. Not evaluated by the FDA. Captions only — never burn this into the image or Grok prompt.",Active,43,
SCN-044,analytical_qc,Analytical QC · capped pen,"Macro-world portal: Analytical QC & identity confirmation. Inside an amber-lit lyophilization corridor with freeze-dryer portholes like portholes on a ship. A single shaft of sunrise cuts a diagonal across otherwise clinical white. The tension between wellness softness and lab rigor. Make the still exciting enough that a slow camera move will feel like entering a world, not inspecting a SKU.","wide_env, eye-level wide, wide to hero forward: creeping push-in from wide sterile environment into subject-dominant frame at eye-level wide, straight forward path only (straight forward into subject), then hold",under-cabinet ribbon light and dark ceiling void,research pen barrel showing pre-filled liquid,"optical clarity of liquid in barrel window, cap on; barrel window shows settled crystal-clear colorless liquid already inside at a stable level; never filling",P-MT2-001,Melanotan 2,https://www.palmbeach-vitality.store/products/#melanotan-2,"analytical qc · research pen barrel showing pre-filled liquid · optical clarity of liquid in barrel window, cap on; barrel window shows settled crystal-clear colorless liquid already inside at a stable level; never filling · an amber-lit lyophilization corridor with freeze-dryer portholes like portholes  · under-cabinet ribbon light and dark ceiling void · shot:wide_env · cap ON · label:Melanotan 2","For laboratory research use only. Not for human use or consumption. Not a drug, dietary supplement, or cosmetic. Not evaluated by the FDA. Captions only — never burn this into the image or Grok prompt.",Active,44,
SCN-045,discovery_bench,Discovery chemistry benches · capped pen,After-hours R&D atmosphere: Discovery chemistry benches. Inside a private-client research salon with velvet curtains framing a sterile prep alcove. Rain streaks the exterior glass while the interior stays surgically dry. An almost theatrical reveal of research craftsmanship. Keep every readable label sparse; if a compound name appears it must be exact and research-only.,"offset_left, eye-level, offset left micro-push: locked offset composition with subject subject on left third at eye-level, barely pushing subtle breathing push-in only, negative space on right, then hold",sunrise rim light cutting across frost and steel,research pen on matte white seamless paper,one capped research pen on plain white backdrop; barrel window shows settled crystal-clear colorless liquid already inside at a stable level; never filling,P-SS31-001,SS-31,https://www.palmbeach-vitality.store/products/#ss-31,discovery bench · research pen on matte white seamless paper · one capped research pen on plain white backdrop; barrel window shows settled crystal-clear colorless liquid already inside at a stable level; never filling · a private-client research salon with velvet curtains framing a sterile prep alco · sunrise rim light cutting across frost and steel · shot:offset_left · cap ON · label:SS-31,"For laboratory research use only. Not for human use or consumption. Not a drug, dietary supplement, or cosmetic. Not evaluated by the FDA. Captions only — never burn this into the image or Grok prompt.",Active,45,
SCN-046,peptide_synthesis,Peptide synthesis · capped pen,Coastal biotech brochure frame: Peptide synthesis & solid-phase chemistry. Inside a moonlit rooftop observatory deck adjacent to a molecular biology suite. Brass and stainless share the frame — wellness luxury meeting laboratory steel. Quiet prosperity — science as coastal luxury infrastructure. Compose as a vertical 9:16 hero still that could open a premium Instagram reel.,"offset_right, eye-level, offset right micro-push: locked offset composition with subject subject on right third at eye-level, barely pushing subtle breathing push-in only, negative space on left, then hold",noir side light with controlled speculars on glass and metal,compact travel research pen shorter body,"shorter form factor, capped tip cover on; barrel window shows settled crystal-clear colorless liquid already inside at a stable level; never filling",P-AOD-001,AOD-9604,https://www.palmbeach-vitality.store/products/#aod-9604,"peptide synthesis · compact travel research pen shorter body · shorter form factor, capped tip cover on; barrel window shows settled crystal-clear colorless liquid already inside at a stable level; never filling · a moonlit rooftop observatory deck adjacent to a molecular biology suite · noir side light with controlled speculars on glass and metal · shot:offset_right · cap ON · label:AOD-9604","For laboratory research use only. Not for human use or consumption. Not a drug, dietary supplement, or cosmetic. Not evaluated by the FDA. Captions only — never burn this into the image or Grok prompt.",Active,46,
SCN-047,formulation_suite,Formulation · capped pen,Quiet luxury-science tableau: Formulation & compounding research suites. Inside a walnut-and-steel executive science lounge overlooking a manicured courtyard. A wellness smoothie bar is visible through glass but stays soft background only. The feeling that a breakthrough is minutes away off-frame. Compose as a vertical 9:16 hero still that could open a premium Instagram reel.,"dolly_in_low, low-angle, low forward: measured low dolly-in from low medium at low-angle, straight forward path only (straight forward low), then hold",golden coastal window light mixed with white LED task lamps,research pen on mirrored chrome plate,"hard specular highlights, product catalog, cap on; barrel window shows settled crystal-clear colorless liquid already inside at a stable level; never filling",P-BPCTB-001,BPC-157/TB-500,https://www.palmbeach-vitality.store/products/#wolverine,"formulation suite · research pen on mirrored chrome plate · hard specular highlights, product catalog, cap on; barrel window shows settled crystal-clear colorless liquid already inside at a stable level; never filling · a walnut-and-steel executive science lounge overlooking a manicured courtyard · golden coastal window light mixed with white LED task lamps · shot:dolly_in_low · cap ON · label:BPC-157/TB-500","For laboratory research use only. Not for human use or consumption. Not a drug, dietary supplement, or cosmetic. Not evaluated by the FDA. Captions only — never burn this into the image or Grok prompt.",Active,47,
SCN-048,wellness_retail_lab,Boutique wellness × lab hybrid spaces · capped pen,Process-gallery spectacle: Boutique wellness × lab hybrid spaces. Inside a shipping-prep cold room with validated coolers staged like premium luggage. Nested glass doors create recursive reflections of the same hero object. Premium calm: every object placed with intentional design. Compose as a vertical 9:16 hero still that could open a premium Instagram reel.,"dolly_in_high, slight-high, high forward: measured high dolly-in from high medium at slight-high, straight forward path only (straight forward high), then hold",low-key cinematic spotlight with velvet falloff,frosted research pen body with metal clip,"matte body texture, metal pocket clip, cap on; barrel window shows settled crystal-clear colorless liquid already inside at a stable level; never filling",P-SEMAX-001,SEMAX,https://www.palmbeach-vitality.store/products/#semax,"wellness retail lab · frosted research pen body with metal clip · matte body texture, metal pocket clip, cap on; barrel window shows settled crystal-clear colorless liquid already inside at a stable level; never filling · a shipping-prep cold room with validated coolers staged like premium luggage · low-key cinematic spotlight with velvet falloff · shot:dolly_in_high · cap ON · label:SEMAX","For laboratory research use only. Not for human use or consumption. Not a drug, dietary supplement, or cosmetic. Not evaluated by the FDA. Captions only — never burn this into the image or Grok prompt.",Active,48,
SCN-049,wellness_innovation,Health · capped pen,"Wellness-meets-lab hybrid: Health & wellness innovation studios. Inside a midnight R&D wing lit only by instrument status LEDs and under-cabinet task light. Instrument LEDs pulse out of sync like a living heartbeat of the lab. Industrial poetry — pipes and glass as modern sculpture. Make the still exciting enough that a slow camera move will feel like entering a world, not inspecting a SKU.","static_lock, eye-level, no travel / locked: locked tripod hold at eye-level, subject slightly left third, frozen — camera body does not travel, direction locked, then hold",noir side light with controlled speculars on glass and metal,precision research pen standing upright,"vertical hero, soft reflection, cap on; barrel window shows settled crystal-clear colorless liquid already inside at a stable level; never filling",P-KLOW-001,KLOW,https://www.palmbeach-vitality.store/products/#klow,"wellness innovation · precision research pen standing upright · vertical hero, soft reflection, cap on; barrel window shows settled crystal-clear colorless liquid already inside at a stable level; never filling · a midnight R&D wing lit only by instrument status LEDs and under-cabinet task li · noir side light with controlled speculars on glass and metal · shot:static_lock · cap ON · label:KLOW","For laboratory research use only. Not for human use or consumption. Not a drug, dietary supplement, or cosmetic. Not evaluated by the FDA. Captions only — never burn this into the image or Grok prompt.",Active,49,
SCN-050,pilot_scale,Pilot-scale process development · capped pen,"Discovery-morning clarity: Pilot-scale process development. Inside a desert-modern lab exterior courtyard seen through tinted research glass. A red 'AUTHORIZED PERSONNEL' light is off — the room waits in standby elegance. Client-facing wonder without tipping into medical theater. Treat the environment as a character — the peptide research story is told by place, light, and material.","push_in, eye-level, forward: measured straight push-in from wide toward closer detail at eye-level, path is a straight forward line only (straight forward), then hold",noir side light with controlled speculars on glass and metal,single sealed Palm Beach Vitality research pen on a matte acrylic pedestal,"cap on, one pen only — no second pen, no carousel, no pen tray; barrel window shows settled crystal-clear colorless liquid already inside at a stable level; never filling",P-CAGRI-001,Cagrilinitide,https://www.palmbeach-vitality.store/products/#cagrilinitide,"pilot scale · single sealed Palm Beach Vitality research pen on a matte acrylic pedestal · cap on, one pen only — no second pen, no carousel, no pen tray; barrel window shows settled crystal-clear colorless liquid already inside at a stable level; never filling · a desert-modern lab exterior courtyard seen through tinted research glass · noir side light with controlled speculars on glass and metal · shot:push_in · cap ON · label:Cagrilinitide","For laboratory research use only. Not for human use or consumption. Not a drug, dietary supplement, or cosmetic. Not evaluated by the FDA. Captions only — never burn this into the image or Grok prompt.",Active,50,
SCN-051,longevity_lab,Longevity · capped pen,"Wide establishing energy: Longevity & cellular research suites. Inside a walnut-and-steel executive science lounge overlooking a manicured courtyard. A red 'AUTHORIZED PERSONNEL' light is off — the room waits in standby elegance. A slow sense of discovery in the empty room. Build depth with foreground glass, mid-ground hero, and soft background process glow.","pull_back, eye-level, backward: start on extreme close texture then measured straight pull-back to full hero at eye-level, path is a straight retreat only (straight backward), then hold",blue-hour exterior wash through glass with warm interior pools,compact travel research pen shorter body,"shorter form factor, capped tip cover on; barrel window shows settled crystal-clear colorless liquid already inside at a stable level; never filling",P-TA1-001,TA-1,https://www.palmbeach-vitality.store/products/#ta-1,"longevity lab · compact travel research pen shorter body · shorter form factor, capped tip cover on; barrel window shows settled crystal-clear colorless liquid already inside at a stable level; never filling · a walnut-and-steel executive science lounge overlooking a manicured courtyard · blue-hour exterior wash through glass with warm interior pools · shot:pull_back · cap ON · label:TA-1","For laboratory research use only. Not for human use or consumption. Not a drug, dietary supplement, or cosmetic. Not evaluated by the FDA. Captions only — never burn this into the image or Grok prompt.",Active,51,
SCN-052,archive_documentation,Research documentation · capped pen,"Intimate cinematic entry: Research documentation & standards archives. Inside a charcoal-walled VIP research briefing room with a lit specimen niche. Chrome legs of an anti-vibration table draw leading lines toward the hero. The hush of validated equipment between runs. Build depth with foreground glass, mid-ground hero, and soft background process glow.","vertical_rise, eye-level rising, up: gentle vertical rise from base of subject to top detail at eye-level rising, path is a straight up-line only (straight up), then hold",low-key cinematic spotlight with velvet falloff,compact travel research pen shorter body,"shorter form factor, capped tip cover on; barrel window shows settled crystal-clear colorless liquid already inside at a stable level; never filling",P-DSIP-001,DSIP,https://www.palmbeach-vitality.store/products/#dsip,"archive documentation · compact travel research pen shorter body · shorter form factor, capped tip cover on; barrel window shows settled crystal-clear colorless liquid already inside at a stable level; never filling · a charcoal-walled VIP research briefing room with a lit specimen niche · low-key cinematic spotlight with velvet falloff · shot:vertical_rise · cap ON · label:DSIP","For laboratory research use only. Not for human use or consumption. Not a drug, dietary supplement, or cosmetic. Not evaluated by the FDA. Captions only — never burn this into the image or Grok prompt.",Active,52,
SCN-053,biotech_campus,Biotech R · capped pen,Architectural reveal: Biotech R&D campus interiors. Inside a double-height atrium research atrium with floating mezzanine lab pods. Shadow play from a palm frond lands across the bench without breaking sterility cues. A showroom-ready stillness that still feels operational. Keep every readable label sparse; if a compound name appears it must be exact and research-only.,"vertical_descend, high settling to eye-level, down: measured vertical descend from above subject into settled hero at high settling to eye-level, path is a straight down-line only (straight down), then hold",blue-hour exterior wash through glass with warm interior pools,pre-filled research pen on matte black acrylic,"clear barrel window, dial collar, capped tip cover on; barrel window shows settled crystal-clear colorless liquid already inside at a stable level; never filling",P-TESAIPA-001,Tesamorelin/Ipamorelin,https://www.palmbeach-vitality.store/products/#tesamorelin,"biotech campus · pre-filled research pen on matte black acrylic · clear barrel window, dial collar, capped tip cover on; barrel window shows settled crystal-clear colorless liquid already inside at a stable level; never filling · a double-height atrium research atrium with floating mezzanine lab pods · blue-hour exterior wash through glass with warm interior pools · shot:vertical_descend · cap ON · label:Tesamorelin/Ipamorelin","For laboratory research use only. Not for human use or consumption. Not a drug, dietary supplement, or cosmetic. Not evaluated by the FDA. Captions only — never burn this into the image or Grok prompt.",Active,53,
SCN-054,palm_beach_showroom,Palm Beach premium research showrooms · capped pen,"Macro-world portal: Palm Beach premium research showrooms. Inside a shipping-prep cold room with validated coolers staged like premium luggage. A single shaft of sunrise cuts a diagonal across otherwise clinical white. The tension between wellness softness and lab rigor. Make the still exciting enough that a slow camera move will feel like entering a world, not inspecting a SKU.","lateral_ltr, eye-level, left-to-right: measured lateral slide left to right starting left of subject at eye-level, focus locked on subject, straight horizontal path only, then hold",blue-hour exterior wash through glass with warm interior pools,research pen with translucent smoke barrel,"smoke tint showing liquid, cap on; barrel window shows settled crystal-clear colorless liquid already inside at a stable level; never filling",P-CJCIPA-001,CJC (no DAC)/Ipamorelin,https://www.palmbeach-vitality.store/products/#cjc-1295,"palm beach showroom · research pen with translucent smoke barrel · smoke tint showing liquid, cap on; barrel window shows settled crystal-clear colorless liquid already inside at a stable level; never filling · a shipping-prep cold room with validated coolers staged like premium luggage · blue-hour exterior wash through glass with warm interior pools · shot:lateral_ltr · cap ON · label:CJC (no DAC)/Ipamorelin","For laboratory research use only. Not for human use or consumption. Not a drug, dietary supplement, or cosmetic. Not evaluated by the FDA. Captions only — never burn this into the image or Grok prompt.",Active,54,
SCN-055,cryo_cold_chain,Cryostorage · capped pen,"After-hours R&D atmosphere: Cryostorage & cold-chain research logistics. Inside a midnight R&D wing lit only by instrument status LEDs and under-cabinet task light. Nested glass doors create recursive reflections of the same hero object. An almost theatrical reveal of research craftsmanship. Build depth with foreground glass, mid-ground hero, and soft background process glow.","lateral_rtl, eye-level, right-to-left: measured lateral slide right to left starting right of subject at eye-level, focus locked on subject, straight horizontal path only, then hold",under-cabinet ribbon light and dark ceiling void,research pen with translucent smoke barrel,"smoke tint showing liquid, cap on; barrel window shows settled crystal-clear colorless liquid already inside at a stable level; never filling",P-BPC-001,BPC-157,https://www.palmbeach-vitality.store/products/#bpc-157,"cryo cold chain · research pen with translucent smoke barrel · smoke tint showing liquid, cap on; barrel window shows settled crystal-clear colorless liquid already inside at a stable level; never filling · a midnight R&D wing lit only by instrument status LEDs and under-cabinet task li · under-cabinet ribbon light and dark ceiling void · shot:lateral_rtl · cap ON · label:BPC-157","For laboratory research use only. Not for human use or consumption. Not a drug, dietary supplement, or cosmetic. Not evaluated by the FDA. Captions only — never burn this into the image or Grok prompt.",Active,55,
SCN-056,sports_science,Sports science · capped pen,Coastal biotech brochure frame: Sports science & performance research labs. Inside a charcoal-walled VIP research briefing room with a lit specimen niche. Solvent fumes are absent; instead you smell nothing — pure visual sterile fantasy. Quiet prosperity — science as coastal luxury infrastructure. Compose as a vertical 9:16 hero still that could open a premium Instagram reel.,"top_down, true top-down 90 degrees, down into plan view: measured overhead descend straight down from higher overhead into true top-down 90 degrees composition, path is a straight vertical drop only, then hold",soft spa diffusion plus one hard scientific key light,research pen with dose window close-up,"numeric window readable, shallow depth, cap on; barrel window shows settled crystal-clear colorless liquid already inside at a stable level; never filling",P-RETA-001,Retatrutide,https://www.palmbeach-vitality.store/products/#retatrutide,"sports science · research pen with dose window close-up · numeric window readable, shallow depth, cap on; barrel window shows settled crystal-clear colorless liquid already inside at a stable level; never filling · a charcoal-walled VIP research briefing room with a lit specimen niche · soft spa diffusion plus one hard scientific key light · shot:top_down · cap ON · label:Retatrutide","For laboratory research use only. Not for human use or consumption. Not a drug, dietary supplement, or cosmetic. Not evaluated by the FDA. Captions only — never burn this into the image or Grok prompt.",Active,56,
SCN-057,sterile_cleanroom,Sterile cleanroom · capped pen,"Quiet luxury-science tableau: Sterile cleanroom & controlled environments. Inside a Palm Beach waterfront biotech loft with floor-to-ceiling glass and ocean haze beyond. Shadow play from a palm frond lands across the bench without breaking sterility cues. The feeling that a breakthrough is minutes away off-frame. Treat the environment as a character — the peptide research story is told by place, light, and material.","tilt_up, low-angle power pose, tilt-up: deliberate tilt-up from underside to eye level at low-angle power pose, pivot only (tilt up only) — camera body does not truck around subject, then hold",noir side light with controlled speculars on glass and metal,single sealed Palm Beach Vitality research pen on a matte acrylic pedestal,"cap on, one pen only — no second pen, no carousel, no pen tray; barrel window shows settled crystal-clear colorless liquid already inside at a stable level; never filling",P-GHK-001,GHK-Cu,https://www.palmbeach-vitality.store/products/#ghk-cu,"sterile cleanroom · single sealed Palm Beach Vitality research pen on a matte acrylic pedestal · cap on, one pen only — no second pen, no carousel, no pen tray; barrel window shows settled crystal-clear colorless liquid already inside at a stable level; never filling · a Palm Beach waterfront biotech loft with floor-to-ceiling glass and ocean haze  · noir side light with controlled speculars on glass and metal · shot:tilt_up · cap ON · label:GHK-Cu","For laboratory research use only. Not for human use or consumption. Not a drug, dietary supplement, or cosmetic. Not evaluated by the FDA. Captions only — never burn this into the image or Grok prompt.",Active,57,
SCN-058,molecular_imaging,Molecular imaging · capped pen,Process-gallery spectacle: Molecular imaging & microscopy cores. Inside a cedar sauna anteroom juxtaposed with a sealed research fridge behind glass. Rain streaks the exterior glass while the interior stays surgically dry. Premium calm: every object placed with intentional design. Compose as a vertical 9:16 hero still that could open a premium Instagram reel.,"tilt_down, high looking down, tilt-down: deliberate tilt-down from upper rim onto the subject at high looking down, pivot only (tilt down only) — no lateral looping path, then hold",under-cabinet ribbon light and dark ceiling void,compact travel research pen shorter body,"shorter form factor, capped tip cover on; barrel window shows settled crystal-clear colorless liquid already inside at a stable level; never filling",P-NAD-001,NAD+,https://www.palmbeach-vitality.store/products/#nad,"molecular imaging · compact travel research pen shorter body · shorter form factor, capped tip cover on; barrel window shows settled crystal-clear colorless liquid already inside at a stable level; never filling · a cedar sauna anteroom juxtaposed with a sealed research fridge behind glass · under-cabinet ribbon light and dark ceiling void · shot:tilt_down · cap ON · label:NAD+","For laboratory research use only. Not for human use or consumption. Not a drug, dietary supplement, or cosmetic. Not evaluated by the FDA. Captions only — never burn this into the image or Grok prompt.",Active,58,
SCN-059,analytical_qc,Analytical QC · capped pen,Wellness-meets-lab hybrid: Analytical QC & identity confirmation. Inside a glass bridge connecting two R&D wings above a reflecting pool. A floating shelf casts a hard shadow that slices the composition into thirds. Industrial poetry — pipes and glass as modern sculpture. Keep every readable label sparse; if a compound name appears it must be exact and research-only.,"macro_detail, macro flat-on, micro forward: extreme macro on engraved texture at macro flat-on, razor shallow depth of field, barely moving tiny forward drift only, then hard hold",soft spa diffusion plus one hard scientific key light,research pen with dose window close-up,"numeric window readable, shallow depth, cap on; barrel window shows settled crystal-clear colorless liquid already inside at a stable level; never filling",P-SEMA-001,Semaglutide,https://www.palmbeach-vitality.store/products/#semaglutide,"analytical qc · research pen with dose window close-up · numeric window readable, shallow depth, cap on; barrel window shows settled crystal-clear colorless liquid already inside at a stable level; never filling · a glass bridge connecting two R&D wings above a reflecting pool · soft spa diffusion plus one hard scientific key light · shot:macro_detail · cap ON · label:Semaglutide","For laboratory research use only. Not for human use or consumption. Not a drug, dietary supplement, or cosmetic. Not evaluated by the FDA. Captions only — never burn this into the image or Grok prompt.",Active,59,
SCN-060,discovery_bench,Discovery chemistry benches · capped pen,"Discovery-morning clarity: Discovery chemistry benches. Inside a glass-walled pilot-scale process bay looking onto idle stainless skids. Chrome legs of an anti-vibration table draw leading lines toward the hero. Client-facing wonder without tipping into medical theater. Let architecture lead, then reward the eye with one unmistakable research focal point.","crane_settle, high three-quarter to eye-level, crane down: graceful crane-down from high three-quarter to settled hero (high three-quarter to eye-level), path is a straight descending line (straight descending crane), then hold",fluorescence-inspired cyan accent without neon cartoon glow,pre-filled research pen on matte black acrylic,"clear barrel window, dial collar, capped tip cover on; barrel window shows settled clear bright blue liquid already inside at a stable level (GLOW only — blue liquid); never filling",P-GLOW-001,GLOW,https://www.palmbeach-vitality.store/products/#glow,"discovery bench · pre-filled research pen on matte black acrylic · clear barrel window, dial collar, capped tip cover on; barrel window shows settled clear bright blue liquid already inside at a stable level (GLOW only — blue liquid); never filling · a glass-walled pilot-scale process bay looking onto idle stainless skids · fluorescence-inspired cyan accent without neon cartoon glow · shot:crane_settle · cap ON · label:GLOW","For laboratory research use only. Not for human use or consumption. Not a drug, dietary supplement, or cosmetic. Not evaluated by the FDA. Captions only — never burn this into the image or Grok prompt.",Active,60,
SCN-061,peptide_synthesis,Peptide synthesis · capped pen,"Wide establishing energy: Peptide synthesis & solid-phase chemistry. Inside a Palm Beach waterfront biotech loft with floor-to-ceiling glass and ocean haze beyond. A soft abstract wall wash with no readable lettering or repeated motifs. A slow sense of discovery in the empty room. Prioritize photoreal materials: glass weight, metal wear, frost, epoxy sheen, fabric sterile blues.","push_out, eye-level, backward expand: deliberate straight push-out from tight badge crop to full product at eye-level, path is a straight retreat only (straight backward), then hold",sunrise rim light cutting across frost and steel,research pen on matte white seamless paper,one capped research pen on plain white backdrop; barrel window shows settled crystal-clear colorless liquid already inside at a stable level; never filling,P-SERM-001,Sermorelin,https://www.palmbeach-vitality.store/products/#sermorelin,peptide synthesis · research pen on matte white seamless paper · one capped research pen on plain white backdrop; barrel window shows settled crystal-clear colorless liquid already inside at a stable level; never filling · a Palm Beach waterfront biotech loft with floor-to-ceiling glass and ocean haze  · sunrise rim light cutting across frost and steel · shot:push_out · cap ON · label:Sermorelin,"For laboratory research use only. Not for human use or consumption. Not a drug, dietary supplement, or cosmetic. Not evaluated by the FDA. Captions only — never burn this into the image or Grok prompt.",Active,61,
SCN-062,formulation_suite,Formulation · capped pen,"Intimate cinematic entry: Formulation & compounding research suites. Inside a cedar sauna anteroom juxtaposed with a sealed research fridge behind glass. Instrument LEDs pulse out of sync like a living heartbeat of the lab. The hush of validated equipment between runs. Let architecture lead, then reward the eye with one unmistakable research focal point.","pedestal_up, eye-level, pedestal up: creeping pedestal up a few centimeters from slightly below eye-line at eye-level, lighting wrap shifts on edges, no sideways travel (straight up pedestal), then hold",blue-hour exterior wash through glass with warm interior pools,frosted research pen body with metal clip,"matte body texture, metal pocket clip, cap on; barrel window shows settled crystal-clear colorless liquid already inside at a stable level; never filling",P-PT141-001,PT-141,https://www.palmbeach-vitality.store/products/#pt-141,"formulation suite · frosted research pen body with metal clip · matte body texture, metal pocket clip, cap on; barrel window shows settled crystal-clear colorless liquid already inside at a stable level; never filling · a cedar sauna anteroom juxtaposed with a sealed research fridge behind glass · blue-hour exterior wash through glass with warm interior pools · shot:pedestal_up · cap ON · label:PT-141","For laboratory research use only. Not for human use or consumption. Not a drug, dietary supplement, or cosmetic. Not evaluated by the FDA. Captions only — never burn this into the image or Grok prompt.",Active,62,
SCN-063,wellness_retail_lab,Boutique wellness × lab hybrid spaces · capped pen,"Architectural reveal: Boutique wellness × lab hybrid spaces. Inside a data-rich control room overlooking a cleanroom through panoramic glass. Soft bokeh of city lights beyond the lab glass reminds you this is coastal biotech. A showroom-ready stillness that still feels operational. Let architecture lead, then reward the eye with one unmistakable research focal point.","pedestal_down, eye-level, pedestal down: creeping pedestal down a few centimeters from slightly above eye-line at eye-level, lighting wrap shifts on edges, no sideways travel (straight down pedestal), then hold",noir side light with controlled speculars on glass and metal,research pen barrel showing pre-filled liquid,"optical clarity of liquid in barrel window, cap on; barrel window shows settled crystal-clear colorless liquid already inside at a stable level; never filling",P-TIRZ-001,Tirzepatide,https://www.palmbeach-vitality.store/products/#tirzepatide,"wellness retail lab · research pen barrel showing pre-filled liquid · optical clarity of liquid in barrel window, cap on; barrel window shows settled crystal-clear colorless liquid already inside at a stable level; never filling · a data-rich control room overlooking a cleanroom through panoramic glass · noir side light with controlled speculars on glass and metal · shot:pedestal_down · cap ON · label:Tirzepatide","For laboratory research use only. Not for human use or consumption. Not a drug, dietary supplement, or cosmetic. Not evaluated by the FDA. Captions only — never burn this into the image or Grok prompt.",Active,63,
SCN-064,wellness_innovation,Health · capped pen,"Macro-world portal: Health & wellness innovation studios. Inside a marble reception science gallery that transitions into a visible QC suite. Frost blooms into fern-like crystals on a freezer window port. The tension between wellness softness and lab rigor. Let architecture lead, then reward the eye with one unmistakable research focal point.","profile_ltr, true side profile left, profile track L→R: brief side-profile track brief lateral left to right from strict side profile at true side profile left, then settle and hard hold — brief lateral only, never a full circle",noir side light with controlled speculars on glass and metal,single sealed Palm Beach Vitality research pen on a matte acrylic pedestal,"cap on, one pen only — no second pen, no carousel, no pen tray; barrel window shows settled crystal-clear colorless liquid already inside at a stable level; never filling",P-MOTS-001,MOTS-C,https://www.palmbeach-vitality.store/products/#mots-c,"wellness innovation · single sealed Palm Beach Vitality research pen on a matte acrylic pedestal · cap on, one pen only — no second pen, no carousel, no pen tray; barrel window shows settled crystal-clear colorless liquid already inside at a stable level; never filling · a marble reception science gallery that transitions into a visible QC suite · noir side light with controlled speculars on glass and metal · shot:profile_ltr · cap ON · label:MOTS-C","For laboratory research use only. Not for human use or consumption. Not a drug, dietary supplement, or cosmetic. Not evaluated by the FDA. Captions only — never burn this into the image or Grok prompt.",Active,64,
SCN-065,pilot_scale,Pilot-scale process development · capped pen,After-hours R&D atmosphere: Pilot-scale process development. Inside a soft-pink wellness R&D studio cooled by clinical steel islands. Frost blooms into fern-like crystals on a freezer window port. An almost theatrical reveal of research craftsmanship. Use negative space generously so the scene breathes and never feels like a cluttered bench dump.,"profile_rtl, true side profile right, profile track R→L: brief side-profile track brief lateral right to left from strict side profile at true side profile right, then settle and hard hold — brief lateral only, never a full circle",blue-hour exterior wash through glass with warm interior pools,research pen with protective tip shield locked,"safety shield engaged, cap on; barrel window shows settled crystal-clear colorless liquid already inside at a stable level; never filling",P-SEL-001,Selank,https://www.palmbeach-vitality.store/products/#selank,"pilot scale · research pen with protective tip shield locked · safety shield engaged, cap on; barrel window shows settled crystal-clear colorless liquid already inside at a stable level; never filling · a soft-pink wellness R&D studio cooled by clinical steel islands · blue-hour exterior wash through glass with warm interior pools · shot:profile_rtl · cap ON · label:Selank","For laboratory research use only. Not for human use or consumption. Not a drug, dietary supplement, or cosmetic. Not evaluated by the FDA. Captions only — never burn this into the image or Grok prompt.",Active,65,
SCN-066,longevity_lab,Longevity · capped pen,Coastal biotech brochure frame: Longevity & cellular research suites. Inside a coastal sunrise formulation suite catching warm Florida light on polished epoxy. A mezzanine railing frames the scene like an architecture photograph. Quiet prosperity — science as coastal luxury infrastructure. Use negative space generously so the scene breathes and never feels like a cluttered bench dump.,"doc_drift, eye-level documentary, doc forward drift: barely drifting micro drift micro forward drift from mid-shot at eye-level documentary, scientific documentary energy, then hold — no circling path",blue-hour exterior wash through glass with warm interior pools,single sealed Palm Beach Vitality research pen on a matte acrylic pedestal,"cap on, one pen only — no second pen, no carousel, no pen tray; barrel window shows settled crystal-clear colorless liquid already inside at a stable level; never filling",P-TB500-001,TB-500,https://www.palmbeach-vitality.store/products/#tb-500,"longevity lab · single sealed Palm Beach Vitality research pen on a matte acrylic pedestal · cap on, one pen only — no second pen, no carousel, no pen tray; barrel window shows settled crystal-clear colorless liquid already inside at a stable level; never filling · a coastal sunrise formulation suite catching warm Florida light on polished epox · blue-hour exterior wash through glass with warm interior pools · shot:doc_drift · cap ON · label:TB-500","For laboratory research use only. Not for human use or consumption. Not a drug, dietary supplement, or cosmetic. Not evaluated by the FDA. Captions only — never burn this into the image or Grok prompt.",Active,66,
SCN-067,archive_documentation,Research documentation · capped pen,Quiet luxury-science tableau: Research documentation & standards archives. Inside a walnut-and-steel executive science lounge overlooking a manicured courtyard. A red 'AUTHORIZED PERSONNEL' light is off — the room waits in standby elegance. The feeling that a breakthrough is minutes away off-frame. Use negative space generously so the scene breathes and never feels like a cluttered bench dump.,"label_rise, label-plane flat, rise to label: measured vertical lift from below label then lock off on the label plane at label-plane flat, straight rise only (straight up to label lock), then hold",under-cabinet ribbon light and dark ceiling void,research pen on matte white seamless paper,one capped research pen on plain white backdrop; barrel window shows settled crystal-clear colorless liquid already inside at a stable level; never filling,P-5A1MQ-001,5-Amino-1MQ,https://www.palmbeach-vitality.store/products/#5-amino-1mq,archive documentation · research pen on matte white seamless paper · one capped research pen on plain white backdrop; barrel window shows settled crystal-clear colorless liquid already inside at a stable level; never filling · a walnut-and-steel executive science lounge overlooking a manicured courtyard · under-cabinet ribbon light and dark ceiling void · shot:label_rise · cap ON · label:5-Amino-1MQ,"For laboratory research use only. Not for human use or consumption. Not a drug, dietary supplement, or cosmetic. Not evaluated by the FDA. Captions only — never burn this into the image or Grok prompt.",Active,67,
SCN-068,biotech_campus,Biotech R · capped pen,Process-gallery spectacle: Biotech R&D campus interiors. Inside a glass-walled pilot-scale process bay looking onto idle stainless skids. The floor epoxy has a subtle marble swirl catching a rim light streak. Premium calm: every object placed with intentional design. Keep every readable label sparse; if a compound name appears it must be exact and research-only.,"wide_env, eye-level wide, wide to hero forward: measured push-in from wide sterile environment into subject-dominant frame at eye-level wide, straight forward path only (straight forward into subject), then hold",museum track lighting with narrow beams on pedestals,compact travel research pen shorter body,"shorter form factor, capped tip cover on; barrel window shows settled crystal-clear colorless liquid already inside at a stable level; never filling",P-TESA-001,Tesamorelin,https://www.palmbeach-vitality.store/products/#tesamorelin,"biotech campus · compact travel research pen shorter body · shorter form factor, capped tip cover on; barrel window shows settled crystal-clear colorless liquid already inside at a stable level; never filling · a glass-walled pilot-scale process bay looking onto idle stainless skids · museum track lighting with narrow beams on pedestals · shot:wide_env · cap ON · label:Tesamorelin","For laboratory research use only. Not for human use or consumption. Not a drug, dietary supplement, or cosmetic. Not evaluated by the FDA. Captions only — never burn this into the image or Grok prompt.",Active,68,
SCN-069,palm_beach_showroom,Palm Beach premium research showrooms · capped pen,"Wellness-meets-lab hybrid: Palm Beach premium research showrooms. Inside a private-client research salon with velvet curtains framing a sterile prep alcove. A red 'AUTHORIZED PERSONNEL' light is off — the room waits in standby elegance. Industrial poetry — pipes and glass as modern sculpture. Build depth with foreground glass, mid-ground hero, and soft background process glow.","offset_left, eye-level, offset left micro-push: locked offset composition with subject subject on left third at eye-level, micro push subtle breathing push-in only, negative space on right, then hold",noir side light with controlled speculars on glass and metal,precision research pen standing upright,"vertical hero, soft reflection, cap on; barrel window shows settled crystal-clear colorless liquid already inside at a stable level; never filling",P-KPV-001,KPV,https://www.palmbeach-vitality.store/products/#kpv,"palm beach showroom · precision research pen standing upright · vertical hero, soft reflection, cap on; barrel window shows settled crystal-clear colorless liquid already inside at a stable level; never filling · a private-client research salon with velvet curtains framing a sterile prep alco · noir side light with controlled speculars on glass and metal · shot:offset_left · cap ON · label:KPV","For laboratory research use only. Not for human use or consumption. Not a drug, dietary supplement, or cosmetic. Not evaluated by the FDA. Captions only — never burn this into the image or Grok prompt.",Active,69,
SCN-070,cryo_cold_chain,Cryostorage · capped pen,Discovery-morning clarity: Cryostorage & cold-chain research logistics. Inside a glass bridge connecting two R&D wings above a reflecting pool. A mezzanine railing frames the scene like an architecture photograph. Client-facing wonder without tipping into medical theater. Use negative space generously so the scene breathes and never feels like a cluttered bench dump.,"offset_right, eye-level, offset right micro-push: locked offset composition with subject subject on right third at eye-level, micro push subtle breathing push-in only, negative space on left, then hold",low-key cinematic spotlight with velvet falloff,research pen silhouette edge-lit,"rim light outlining form, cap on, dark field; barrel window shows settled crystal-clear colorless liquid already inside at a stable level; never filling",P-CJC-001,CJC,https://www.palmbeach-vitality.store/products/#cjc-1295,"cryo cold chain · research pen silhouette edge-lit · rim light outlining form, cap on, dark field; barrel window shows settled crystal-clear colorless liquid already inside at a stable level; never filling · a glass bridge connecting two R&D wings above a reflecting pool · low-key cinematic spotlight with velvet falloff · shot:offset_right · cap ON · label:CJC","For laboratory research use only. Not for human use or consumption. Not a drug, dietary supplement, or cosmetic. Not evaluated by the FDA. Captions only — never burn this into the image or Grok prompt.",Active,70,
SCN-071,sports_science,Sports science · capped pen,"Wide establishing energy: Sports science & performance research labs. Inside a glass-walled pilot-scale process bay looking onto idle stainless skids. HEPA airflow is implied by a barely visible tissue-stream indicator. A slow sense of discovery in the empty room. Make the still exciting enough that a slow camera move will feel like entering a world, not inspecting a SKU.","dolly_in_low, low-angle, low forward: creeping low dolly-in from low medium at low-angle, straight forward path only (straight forward low), then hold",fluorescence-inspired cyan accent without neon cartoon glow,research pen silhouette edge-lit,"rim light outlining form, cap on, dark field; barrel window shows settled crystal-clear colorless liquid already inside at a stable level; never filling",P-MT2-001,Melanotan 2,https://www.palmbeach-vitality.store/products/#melanotan-2,"sports science · research pen silhouette edge-lit · rim light outlining form, cap on, dark field; barrel window shows settled crystal-clear colorless liquid already inside at a stable level; never filling · a glass-walled pilot-scale process bay looking onto idle stainless skids · fluorescence-inspired cyan accent without neon cartoon glow · shot:dolly_in_low · cap ON · label:Melanotan 2","For laboratory research use only. Not for human use or consumption. Not a drug, dietary supplement, or cosmetic. Not evaluated by the FDA. Captions only — never burn this into the image or Grok prompt.",Active,71,
SCN-072,sterile_cleanroom,Sterile cleanroom · capped pen,Intimate cinematic entry: Sterile cleanroom & controlled environments. Inside a glass bridge connecting two R&D wings above a reflecting pool. Soft bokeh of city lights beyond the lab glass reminds you this is coastal biotech. The hush of validated equipment between runs. Compose as a vertical 9:16 hero still that could open a premium Instagram reel.,"dolly_in_high, slight-high, high forward: creeping high dolly-in from high medium at slight-high, straight forward path only (straight forward high), then hold",golden coastal window light mixed with white LED task lamps,pre-filled research pen on matte black acrylic,"clear barrel window, dial collar, capped tip cover on; barrel window shows settled crystal-clear colorless liquid already inside at a stable level; never filling",P-SS31-001,SS-31,https://www.palmbeach-vitality.store/products/#ss-31,"sterile cleanroom · pre-filled research pen on matte black acrylic · clear barrel window, dial collar, capped tip cover on; barrel window shows settled crystal-clear colorless liquid already inside at a stable level; never filling · a glass bridge connecting two R&D wings above a reflecting pool · golden coastal window light mixed with white LED task lamps · shot:dolly_in_high · cap ON · label:SS-31","For laboratory research use only. Not for human use or consumption. Not a drug, dietary supplement, or cosmetic. Not evaluated by the FDA. Captions only — never burn this into the image or Grok prompt.",Active,72,
SCN-073,molecular_imaging,Molecular imaging · capped pen,"Architectural reveal: Molecular imaging & microscopy cores. Inside a boutique wellness research boutique with museum pedestals and soft brass accents. Tiny QR stickers are deliberately unreadable; brand story is visual not textual spam. A showroom-ready stillness that still feels operational. Let architecture lead, then reward the eye with one unmistakable research focal point.","static_lock, eye-level, no travel / locked: locked tripod hold at eye-level, subject slightly left third, micro-focus only — camera body does not travel, direction locked, then hold",under-cabinet ribbon light and dark ceiling void,slim research pen graphite gray body,"matte gray finish, dial collar, cap on; barrel window shows settled crystal-clear colorless liquid already inside at a stable level; never filling",P-AOD-001,AOD-9604,https://www.palmbeach-vitality.store/products/#aod-9604,"molecular imaging · slim research pen graphite gray body · matte gray finish, dial collar, cap on; barrel window shows settled crystal-clear colorless liquid already inside at a stable level; never filling · a boutique wellness research boutique with museum pedestals and soft brass accen · under-cabinet ribbon light and dark ceiling void · shot:static_lock · cap ON · label:AOD-9604","For laboratory research use only. Not for human use or consumption. Not a drug, dietary supplement, or cosmetic. Not evaluated by the FDA. Captions only — never burn this into the image or Grok prompt.",Active,73,
SCN-074,analytical_qc,Analytical QC · capped pen,Macro-world portal: Analytical QC & identity confirmation. Inside a high-throughput analytical bay lined with HPLC stacks and quiet solvent cabinets. Infrared cabinet glass shows a faint ghost reflection of the pen hero. The tension between wellness softness and lab rigor. Use negative space generously so the scene breathes and never feels like a cluttered bench dump.,"push_in, eye-level, forward: creeping straight push-in from medium toward closer detail at eye-level, path is a straight forward line only (straight forward), then hold",low-key cinematic spotlight with velvet falloff,research pen on mirrored chrome plate,"hard specular highlights, product catalog, cap on; barrel window shows settled crystal-clear colorless liquid already inside at a stable level; never filling",P-BPCTB-001,BPC-157/TB-500,https://www.palmbeach-vitality.store/products/#wolverine,"analytical qc · research pen on mirrored chrome plate · hard specular highlights, product catalog, cap on; barrel window shows settled crystal-clear colorless liquid already inside at a stable level; never filling · a high-throughput analytical bay lined with HPLC stacks and quiet solvent cabine · low-key cinematic spotlight with velvet falloff · shot:push_in · cap ON · label:BPC-157/TB-500","For laboratory research use only. Not for human use or consumption. Not a drug, dietary supplement, or cosmetic. Not evaluated by the FDA. Captions only — never burn this into the image or Grok prompt.",Active,74,
SCN-075,discovery_bench,Discovery chemistry benches · capped pen,"After-hours R&D atmosphere: Discovery chemistry benches. Inside a boutique apothecary facade opening into a true GLP-style wet lab. Shadow play from a palm frond lands across the bench without breaking sterility cues. An almost theatrical reveal of research craftsmanship. Build depth with foreground glass, mid-ground hero, and soft background process glow.","pull_back, eye-level, backward: start on tight badge crop then creeping straight pull-back to full hero at eye-level, path is a straight retreat only (straight backward), then hold",noir side light with controlled speculars on glass and metal,single sealed Palm Beach Vitality research pen on a matte acrylic pedestal,"cap on, one pen only — no second pen, no carousel, no pen tray; barrel window shows settled crystal-clear colorless liquid already inside at a stable level; never filling",P-SEMAX-001,SEMAX,https://www.palmbeach-vitality.store/products/#semax,"discovery bench · single sealed Palm Beach Vitality research pen on a matte acrylic pedestal · cap on, one pen only — no second pen, no carousel, no pen tray; barrel window shows settled crystal-clear colorless liquid already inside at a stable level; never filling · a boutique apothecary facade opening into a true GLP-style wet lab · noir side light with controlled speculars on glass and metal · shot:pull_back · cap ON · label:SEMAX","For laboratory research use only. Not for human use or consumption. Not a drug, dietary supplement, or cosmetic. Not evaluated by the FDA. Captions only — never burn this into the image or Grok prompt.",Active,75,
SCN-076,peptide_synthesis,Peptide synthesis · capped pen,"Coastal biotech brochure frame: Peptide synthesis & solid-phase chemistry. Inside a rain-soaked loading dock for validated cold-chain totes under sodium lamps. Condensation beads map a perfect gradient down a cold pen shoulder. Quiet prosperity — science as coastal luxury infrastructure. Treat the environment as a character — the peptide research story is told by place, light, and material.","vertical_rise, eye-level rising, up: creeping vertical rise from lower third to top detail at eye-level rising, path is a straight up-line only (straight up), then hold",under-cabinet ribbon light and dark ceiling void,research pen on frosted glass platform,"soft reflection beneath, barrel window, cap on; barrel window shows settled crystal-clear colorless liquid already inside at a stable level; never filling",P-KLOW-001,KLOW,https://www.palmbeach-vitality.store/products/#klow,"peptide synthesis · research pen on frosted glass platform · soft reflection beneath, barrel window, cap on; barrel window shows settled crystal-clear colorless liquid already inside at a stable level; never filling · a rain-soaked loading dock for validated cold-chain totes under sodium lamps · under-cabinet ribbon light and dark ceiling void · shot:vertical_rise · cap ON · label:KLOW","For laboratory research use only. Not for human use or consumption. Not a drug, dietary supplement, or cosmetic. Not evaluated by the FDA. Captions only — never burn this into the image or Grok prompt.",Active,76,
SCN-077,formulation_suite,Formulation · capped pen,"Quiet luxury-science tableau: Formulation & compounding research suites. Inside a white cyclorama catalog studio temporarily dressed as a sterile prep bay. A soft abstract wall wash with no readable lettering or repeated motifs. The feeling that a breakthrough is minutes away off-frame. Build depth with foreground glass, mid-ground hero, and soft background process glow.","vertical_descend, high settling to eye-level, down: creeping vertical descend from high three-quarter into settled hero at high settling to eye-level, path is a straight down-line only (straight down), then hold",fluorescence-inspired cyan accent without neon cartoon glow,single sealed Palm Beach Vitality research pen on a matte acrylic pedestal,"cap on, one pen only — no second pen, no carousel, no pen tray; barrel window shows settled crystal-clear colorless liquid already inside at a stable level; never filling",P-CAGRI-001,Cagrilinitide,https://www.palmbeach-vitality.store/products/#cagrilinitide,"formulation suite · single sealed Palm Beach Vitality research pen on a matte acrylic pedestal · cap on, one pen only — no second pen, no carousel, no pen tray; barrel window shows settled crystal-clear colorless liquid already inside at a stable level; never filling · a white cyclorama catalog studio temporarily dressed as a sterile prep bay · fluorescence-inspired cyan accent without neon cartoon glow · shot:vertical_descend · cap ON · label:Cagrilinitide","For laboratory research use only. Not for human use or consumption. Not a drug, dietary supplement, or cosmetic. Not evaluated by the FDA. Captions only — never burn this into the image or Grok prompt.",Active,77,
SCN-078,wellness_retail_lab,Boutique wellness × lab hybrid spaces · capped pen,"Process-gallery spectacle: Boutique wellness × lab hybrid spaces. Inside a blacked-out imaging core with a single illuminated stage as the hero light source. A single shaft of sunrise cuts a diagonal across otherwise clinical white. Premium calm: every object placed with intentional design. Treat the environment as a character — the peptide research story is told by place, light, and material.","lateral_ltr, eye-level, left-to-right: creeping lateral slide left to right starting far left negative space at eye-level, focus locked on subject, straight horizontal path only, then hold",soft spa diffusion plus one hard scientific key light,compact travel research pen shorter body,"shorter form factor, capped tip cover on; barrel window shows settled crystal-clear colorless liquid already inside at a stable level; never filling",P-TA1-001,TA-1,https://www.palmbeach-vitality.store/products/#ta-1,"wellness retail lab · compact travel research pen shorter body · shorter form factor, capped tip cover on; barrel window shows settled crystal-clear colorless liquid already inside at a stable level; never filling · a blacked-out imaging core with a single illuminated stage as the hero light sou · soft spa diffusion plus one hard scientific key light · shot:lateral_ltr · cap ON · label:TA-1","For laboratory research use only. Not for human use or consumption. Not a drug, dietary supplement, or cosmetic. Not evaluated by the FDA. Captions only — never burn this into the image or Grok prompt.",Active,78,
SCN-079,wellness_innovation,Health · capped pen,Wellness-meets-lab hybrid: Health & wellness innovation studios. Inside a blacked-out imaging core with a single illuminated stage as the hero light source. Brass and stainless share the frame — wellness luxury meeting laboratory steel. Industrial poetry — pipes and glass as modern sculpture. Use negative space generously so the scene breathes and never feels like a cluttered bench dump.,"lateral_rtl, eye-level, right-to-left: creeping lateral slide right to left starting far right negative space at eye-level, focus locked on subject, straight horizontal path only, then hold",soft spa diffusion plus one hard scientific key light,pre-filled research pen on matte black acrylic,"clear barrel window, dial collar, capped tip cover on; barrel window shows settled crystal-clear colorless liquid already inside at a stable level; never filling",P-DSIP-001,DSIP,https://www.palmbeach-vitality.store/products/#dsip,"wellness innovation · pre-filled research pen on matte black acrylic · clear barrel window, dial collar, capped tip cover on; barrel window shows settled crystal-clear colorless liquid already inside at a stable level; never filling · a blacked-out imaging core with a single illuminated stage as the hero light sou · soft spa diffusion plus one hard scientific key light · shot:lateral_rtl · cap ON · label:DSIP","For laboratory research use only. Not for human use or consumption. Not a drug, dietary supplement, or cosmetic. Not evaluated by the FDA. Captions only — never burn this into the image or Grok prompt.",Active,79,
SCN-080,pilot_scale,Pilot-scale process development · capped pen,"Discovery-morning clarity: Pilot-scale process development. Inside a data-rich control room overlooking a cleanroom through panoramic glass. Color-blocked solvent bottles create a deliberate Pantone story behind the hero. Client-facing wonder without tipping into medical theater. Treat the environment as a character — the peptide research story is told by place, light, and material.","top_down, true top-down 90 degrees, down into plan view: creeping overhead descend straight down from already plan-view into true top-down 90 degrees composition, path is a straight vertical drop only, then hold",under-cabinet ribbon light and dark ceiling void,research pen on matte white seamless paper,one capped research pen on plain white backdrop; barrel window shows settled crystal-clear colorless liquid already inside at a stable level; never filling,P-TESAIPA-001,Tesamorelin/Ipamorelin,https://www.palmbeach-vitality.store/products/#tesamorelin,pilot scale · research pen on matte white seamless paper · one capped research pen on plain white backdrop; barrel window shows settled crystal-clear colorless liquid already inside at a stable level; never filling · a data-rich control room overlooking a cleanroom through panoramic glass · under-cabinet ribbon light and dark ceiling void · shot:top_down · cap ON · label:Tesamorelin/Ipamorelin,"For laboratory research use only. Not for human use or consumption. Not a drug, dietary supplement, or cosmetic. Not evaluated by the FDA. Captions only — never burn this into the image or Grok prompt.",Active,80,
SCN-081,longevity_lab,Longevity · capped pen,"Wide establishing energy: Longevity & cellular research suites. Inside a glass bridge connecting two R&D wings above a reflecting pool. Soft bokeh of city lights beyond the lab glass reminds you this is coastal biotech. A slow sense of discovery in the empty room. Build depth with foreground glass, mid-ground hero, and soft background process glow.","tilt_up, low-angle power pose, tilt-up: slow tilt-up from base flange to eye level at low-angle power pose, pivot only (tilt up only) — camera body does not truck around subject, then hold",fluorescence-inspired cyan accent without neon cartoon glow,compact travel research pen shorter body,"shorter form factor, capped tip cover on; barrel window shows settled crystal-clear colorless liquid already inside at a stable level; never filling",P-CJCIPA-001,CJC (no DAC)/Ipamorelin,https://www.palmbeach-vitality.store/products/#cjc-1295,"longevity lab · compact travel research pen shorter body · shorter form factor, capped tip cover on; barrel window shows settled crystal-clear colorless liquid already inside at a stable level; never filling · a glass bridge connecting two R&D wings above a reflecting pool · fluorescence-inspired cyan accent without neon cartoon glow · shot:tilt_up · cap ON · label:CJC (no DAC)/Ipamorelin","For laboratory research use only. Not for human use or consumption. Not a drug, dietary supplement, or cosmetic. Not evaluated by the FDA. Captions only — never burn this into the image or Grok prompt.",Active,81,
SCN-082,archive_documentation,Research documentation · capped pen,"Intimate cinematic entry: Research documentation & standards archives. Inside a walnut-and-steel executive science lounge overlooking a manicured courtyard. Chrome legs of an anti-vibration table draw leading lines toward the hero. The hush of validated equipment between runs. Let architecture lead, then reward the eye with one unmistakable research focal point.","tilt_down, high looking down, tilt-down: slow tilt-down from top badge onto the subject at high looking down, pivot only (tilt down only) — no lateral looping path, then hold",low-key cinematic spotlight with velvet falloff,research pen on matte white seamless paper,one capped research pen on plain white backdrop; barrel window shows settled crystal-clear colorless liquid already inside at a stable level; never filling,P-BPC-001,BPC-157,https://www.palmbeach-vitality.store/products/#bpc-157,archive documentation · research pen on matte white seamless paper · one capped research pen on plain white backdrop; barrel window shows settled crystal-clear colorless liquid already inside at a stable level; never filling · a walnut-and-steel executive science lounge overlooking a manicured courtyard · low-key cinematic spotlight with velvet falloff · shot:tilt_down · cap ON · label:BPC-157,"For laboratory research use only. Not for human use or consumption. Not a drug, dietary supplement, or cosmetic. Not evaluated by the FDA. Captions only — never burn this into the image or Grok prompt.",Active,82,
SCN-083,biotech_campus,Biotech R · capped pen,Architectural reveal: Biotech R&D campus interiors. Inside a walnut-and-steel executive science lounge overlooking a manicured courtyard. Frost blooms into fern-like crystals on a freezer window port. A showroom-ready stillness that still feels operational. Use negative space generously so the scene breathes and never feels like a cluttered bench dump.,"macro_detail, macro flat-on, micro forward: extreme macro on metal microtexture at macro flat-on, razor shallow depth of field, creeping tiny forward drift only, then hard hold",sunrise rim light cutting across frost and steel,research pen with protective tip shield locked,"safety shield engaged, cap on; barrel window shows settled crystal-clear colorless liquid already inside at a stable level; never filling",P-RETA-001,Retatrutide,https://www.palmbeach-vitality.store/products/#retatrutide,"biotech campus · research pen with protective tip shield locked · safety shield engaged, cap on; barrel window shows settled crystal-clear colorless liquid already inside at a stable level; never filling · a walnut-and-steel executive science lounge overlooking a manicured courtyard · sunrise rim light cutting across frost and steel · shot:macro_detail · cap ON · label:Retatrutide","For laboratory research use only. Not for human use or consumption. Not a drug, dietary supplement, or cosmetic. Not evaluated by the FDA. Captions only — never burn this into the image or Grok prompt.",Active,83,
SCN-084,palm_beach_showroom,Palm Beach premium research showrooms · capped pen,"Macro-world portal: Palm Beach premium research showrooms. Inside a white cyclorama catalog studio temporarily dressed as a sterile prep bay. A wellness smoothie bar is visible through glass but stays soft background only. The tension between wellness softness and lab rigor. Prioritize photoreal materials: glass weight, metal wear, frost, epoxy sheen, fabric sterile blues.","crane_settle, high three-quarter to eye-level, crane down: slow crane-down from high front to settled hero (high three-quarter to eye-level), path is a straight descending line (straight descending crane), then hold",bright clinical cove lighting plus cool instrument practicals,single sealed Palm Beach Vitality research pen on a matte acrylic pedestal,"cap on, one pen only — no second pen, no carousel, no pen tray; barrel window shows settled crystal-clear colorless liquid already inside at a stable level; never filling",P-GHK-001,GHK-Cu,https://www.palmbeach-vitality.store/products/#ghk-cu,"palm beach showroom · single sealed Palm Beach Vitality research pen on a matte acrylic pedestal · cap on, one pen only — no second pen, no carousel, no pen tray; barrel window shows settled crystal-clear colorless liquid already inside at a stable level; never filling · a white cyclorama catalog studio temporarily dressed as a sterile prep bay · bright clinical cove lighting plus cool instrument practicals · shot:crane_settle · cap ON · label:GHK-Cu","For laboratory research use only. Not for human use or consumption. Not a drug, dietary supplement, or cosmetic. Not evaluated by the FDA. Captions only — never burn this into the image or Grok prompt.",Active,84,
SCN-085,cryo_cold_chain,Cryostorage · capped pen,"After-hours R&D atmosphere: Cryostorage & cold-chain research logistics. Inside a shipping-prep cold room with validated coolers staged like premium luggage. Shadow play from a palm frond lands across the bench without breaking sterility cues. An almost theatrical reveal of research craftsmanship. Let architecture lead, then reward the eye with one unmistakable research focal point.","push_out, eye-level, backward expand: slow straight push-out from tight port crop to full product at eye-level, path is a straight retreat only (straight backward), then hold",sunrise rim light cutting across frost and steel,research pen on mirrored chrome plate,"hard specular highlights, product catalog, cap on; barrel window shows settled crystal-clear colorless liquid already inside at a stable level; never filling",P-NAD-001,NAD+,https://www.palmbeach-vitality.store/products/#nad,"cryo cold chain · research pen on mirrored chrome plate · hard specular highlights, product catalog, cap on; barrel window shows settled crystal-clear colorless liquid already inside at a stable level; never filling · a shipping-prep cold room with validated coolers staged like premium luggage · sunrise rim light cutting across frost and steel · shot:push_out · cap ON · label:NAD+","For laboratory research use only. Not for human use or consumption. Not a drug, dietary supplement, or cosmetic. Not evaluated by the FDA. Captions only — never burn this into the image or Grok prompt.",Active,85,
SCN-086,sports_science,Sports science · capped pen,"Coastal biotech brochure frame: Sports science & performance research labs. Inside a shipping-prep cold room with validated coolers staged like premium luggage. A soft abstract wall wash with no readable lettering or repeated motifs. Quiet prosperity — science as coastal luxury infrastructure. Build depth with foreground glass, mid-ground hero, and soft background process glow.","pedestal_up, eye-level, pedestal up: soft pedestal up a few centimeters from chest height at eye-level, lighting wrap shifts on edges, no sideways travel (straight up pedestal), then hold",sunrise rim light cutting across frost and steel,research pen on matte white seamless paper,one capped research pen on plain white backdrop; barrel window shows settled crystal-clear colorless liquid already inside at a stable level; never filling,P-SEMA-001,Semaglutide,https://www.palmbeach-vitality.store/products/#semaglutide,sports science · research pen on matte white seamless paper · one capped research pen on plain white backdrop; barrel window shows settled crystal-clear colorless liquid already inside at a stable level; never filling · a shipping-prep cold room with validated coolers staged like premium luggage · sunrise rim light cutting across frost and steel · shot:pedestal_up · cap ON · label:Semaglutide,"For laboratory research use only. Not for human use or consumption. Not a drug, dietary supplement, or cosmetic. Not evaluated by the FDA. Captions only — never burn this into the image or Grok prompt.",Active,86,
SCN-087,sterile_cleanroom,Sterile cleanroom · capped pen,"Quiet luxury-science tableau: Sterile cleanroom & controlled environments. Inside a cedar sauna anteroom juxtaposed with a sealed research fridge behind glass. Color-blocked solvent bottles create a deliberate Pantone story behind the hero. The feeling that a breakthrough is minutes away off-frame. Make the still exciting enough that a slow camera move will feel like entering a world, not inspecting a SKU.","pedestal_down, eye-level, pedestal down: soft pedestal down a few centimeters from upper third at eye-level, lighting wrap shifts on edges, no sideways travel (straight down pedestal), then hold",golden coastal window light mixed with white LED task lamps,research pen on matte white seamless paper,one capped research pen on plain white backdrop; barrel window shows settled clear bright blue liquid already inside at a stable level (GLOW only — blue liquid); never filling,P-GLOW-001,GLOW,https://www.palmbeach-vitality.store/products/#glow,sterile cleanroom · research pen on matte white seamless paper · one capped research pen on plain white backdrop; barrel window shows settled clear bright blue liquid already inside at a stable level (GLOW only — blue liquid); never filling · a cedar sauna anteroom juxtaposed with a sealed research fridge behind glass · golden coastal window light mixed with white LED task lamps · shot:pedestal_down · cap ON · label:GLOW,"For laboratory research use only. Not for human use or consumption. Not a drug, dietary supplement, or cosmetic. Not evaluated by the FDA. Captions only — never burn this into the image or Grok prompt.",Active,87,
SCN-088,molecular_imaging,Molecular imaging · capped pen,"Process-gallery spectacle: Molecular imaging & microscopy cores. Inside a high-throughput analytical bay lined with HPLC stacks and quiet solvent cabinets. Infrared cabinet glass shows a faint ghost reflection of the pen hero. Premium calm: every object placed with intentional design. Let architecture lead, then reward the eye with one unmistakable research focal point.","profile_ltr, true side profile left, profile track L→R: short side-profile track brief lateral left to right from near-profile at true side profile left, then settle and hard hold — brief lateral only, never a full circle",fluorescence-inspired cyan accent without neon cartoon glow,research pen on matte white seamless paper,one capped research pen on plain white backdrop; barrel window shows settled crystal-clear colorless liquid already inside at a stable level; never filling,P-SERM-001,Sermorelin,https://www.palmbeach-vitality.store/products/#sermorelin,molecular imaging · research pen on matte white seamless paper · one capped research pen on plain white backdrop; barrel window shows settled crystal-clear colorless liquid already inside at a stable level; never filling · a high-throughput analytical bay lined with HPLC stacks and quiet solvent cabine · fluorescence-inspired cyan accent without neon cartoon glow · shot:profile_ltr · cap ON · label:Sermorelin,"For laboratory research use only. Not for human use or consumption. Not a drug, dietary supplement, or cosmetic. Not evaluated by the FDA. Captions only — never burn this into the image or Grok prompt.",Active,88,
SCN-089,analytical_qc,Analytical QC · capped pen,"Wellness-meets-lab hybrid: Analytical QC & identity confirmation. Inside a Palm Beach waterfront biotech loft with floor-to-ceiling glass and ocean haze beyond. A silent alarm tower glows green — all systems nominal, nobody present. Industrial poetry — pipes and glass as modern sculpture. Compose as a vertical 9:16 hero still that could open a premium Instagram reel.","profile_rtl, true side profile right, profile track R→L: short side-profile track brief lateral right to left from near-profile at true side profile right, then settle and hard hold — brief lateral only, never a full circle",golden coastal window light mixed with white LED task lamps,frosted research pen body with metal clip,"matte body texture, metal pocket clip, cap on; barrel window shows settled crystal-clear colorless liquid already inside at a stable level; never filling",P-PT141-001,PT-141,https://www.palmbeach-vitality.store/products/#pt-141,"analytical qc · frosted research pen body with metal clip · matte body texture, metal pocket clip, cap on; barrel window shows settled crystal-clear colorless liquid already inside at a stable level; never filling · a Palm Beach waterfront biotech loft with floor-to-ceiling glass and ocean haze  · golden coastal window light mixed with white LED task lamps · shot:profile_rtl · cap ON · label:PT-141","For laboratory research use only. Not for human use or consumption. Not a drug, dietary supplement, or cosmetic. Not evaluated by the FDA. Captions only — never burn this into the image or Grok prompt.",Active,89,
SCN-090,discovery_bench,Discovery chemistry benches · capped pen,Discovery-morning clarity: Discovery chemistry benches. Inside a data-rich control room overlooking a cleanroom through panoramic glass. A mezzanine railing frames the scene like an architecture photograph. Client-facing wonder without tipping into medical theater. Use negative space generously so the scene breathes and never feels like a cluttered bench dump.,"doc_drift, eye-level documentary, doc forward drift: handheld-stable micro drift micro forward drift from loose mid-shot at eye-level documentary, scientific documentary energy, then hold — no circling path",under-cabinet ribbon light and dark ceiling void,research pen with dose window close-up,"numeric window readable, shallow depth, cap on; barrel window shows settled crystal-clear colorless liquid already inside at a stable level; never filling",P-TIRZ-001,Tirzepatide,https://www.palmbeach-vitality.store/products/#tirzepatide,"discovery bench · research pen with dose window close-up · numeric window readable, shallow depth, cap on; barrel window shows settled crystal-clear colorless liquid already inside at a stable level; never filling · a data-rich control room overlooking a cleanroom through panoramic glass · under-cabinet ribbon light and dark ceiling void · shot:doc_drift · cap ON · label:Tirzepatide","For laboratory research use only. Not for human use or consumption. Not a drug, dietary supplement, or cosmetic. Not evaluated by the FDA. Captions only — never burn this into the image or Grok prompt.",Active,90,
SCN-091,peptide_synthesis,Peptide synthesis · capped pen,Wide establishing energy: Peptide synthesis & solid-phase chemistry. Inside a modular container-lab village on a research campus at blue hour. Macro dust motes hang in a projector beam like scientific glitter. A slow sense of discovery in the empty room. Use negative space generously so the scene breathes and never feels like a cluttered bench dump.,"label_rise, label-plane flat, rise to label: short vertical lift from lower body then lock off on the label plane at label-plane flat, straight rise only (straight up to label lock), then hold",noir side light with controlled speculars on glass and metal,research pen on matte white seamless paper,one capped research pen on plain white backdrop; barrel window shows settled crystal-clear colorless liquid already inside at a stable level; never filling,P-MOTS-001,MOTS-C,https://www.palmbeach-vitality.store/products/#mots-c,peptide synthesis · research pen on matte white seamless paper · one capped research pen on plain white backdrop; barrel window shows settled crystal-clear colorless liquid already inside at a stable level; never filling · a modular container-lab village on a research campus at blue hour · noir side light with controlled speculars on glass and metal · shot:label_rise · cap ON · label:MOTS-C,"For laboratory research use only. Not for human use or consumption. Not a drug, dietary supplement, or cosmetic. Not evaluated by the FDA. Captions only — never burn this into the image or Grok prompt.",Active,91,
SCN-092,formulation_suite,Formulation · capped pen,"Intimate cinematic entry: Formulation & compounding research suites. Inside a shipping-prep cold room with validated coolers staged like premium luggage. A calibration card leans just out of focus — honesty over CGI perfection. The hush of validated equipment between runs. Let architecture lead, then reward the eye with one unmistakable research focal point.","wide_env, eye-level wide, wide to hero forward: very slow push-in from room-context wide into subject-dominant frame at eye-level wide, straight forward path only (straight forward into subject), then hold",noir side light with controlled speculars on glass and metal,single sealed Palm Beach Vitality research pen on a matte acrylic pedestal,"cap on, one pen only — no second pen, no carousel, no pen tray; barrel window shows settled crystal-clear colorless liquid already inside at a stable level; never filling",P-SEL-001,Selank,https://www.palmbeach-vitality.store/products/#selank,"formulation suite · single sealed Palm Beach Vitality research pen on a matte acrylic pedestal · cap on, one pen only — no second pen, no carousel, no pen tray; barrel window shows settled crystal-clear colorless liquid already inside at a stable level; never filling · a shipping-prep cold room with validated coolers staged like premium luggage · noir side light with controlled speculars on glass and metal · shot:wide_env · cap ON · label:Selank","For laboratory research use only. Not for human use or consumption. Not a drug, dietary supplement, or cosmetic. Not evaluated by the FDA. Captions only — never burn this into the image or Grok prompt.",Active,92,
SCN-093,wellness_retail_lab,Boutique wellness × lab hybrid spaces · capped pen,"Architectural reveal: Boutique wellness × lab hybrid spaces. Inside a kinetic sculpture of glass condensers in a discovery hallway. A silent alarm tower glows green — all systems nominal, nobody present. A showroom-ready stillness that still feels operational. Use negative space generously so the scene breathes and never feels like a cluttered bench dump.","offset_left, eye-level, offset left micro-push: locked offset composition with subject subject far left third at eye-level, locked with breath subtle breathing push-in only, negative space on right, then hold",soft spa diffusion plus one hard scientific key light,research pen barrel showing pre-filled liquid,"optical clarity of liquid in barrel window, cap on; barrel window shows settled crystal-clear colorless liquid already inside at a stable level; never filling",P-TB500-001,TB-500,https://www.palmbeach-vitality.store/products/#tb-500,"wellness retail lab · research pen barrel showing pre-filled liquid · optical clarity of liquid in barrel window, cap on; barrel window shows settled crystal-clear colorless liquid already inside at a stable level; never filling · a kinetic sculpture of glass condensers in a discovery hallway · soft spa diffusion plus one hard scientific key light · shot:offset_left · cap ON · label:TB-500","For laboratory research use only. Not for human use or consumption. Not a drug, dietary supplement, or cosmetic. Not evaluated by the FDA. Captions only — never burn this into the image or Grok prompt.",Active,93,
SCN-094,wellness_innovation,Health · capped pen,"Macro-world portal: Health & wellness innovation studios. Inside a modular container-lab village on a research campus at blue hour. Macro dust motes hang in a projector beam like scientific glitter. The tension between wellness softness and lab rigor. Make the still exciting enough that a slow camera move will feel like entering a world, not inspecting a SKU.","offset_right, eye-level, offset right micro-push: locked offset composition with subject subject far right third at eye-level, locked with breath subtle breathing push-in only, negative space on left, then hold",bright clinical cove lighting plus cool instrument practicals,research pen on mirrored chrome plate,"hard specular highlights, product catalog, cap on; barrel window shows settled crystal-clear colorless liquid already inside at a stable level; never filling",P-5A1MQ-001,5-Amino-1MQ,https://www.palmbeach-vitality.store/products/#5-amino-1mq,"wellness innovation · research pen on mirrored chrome plate · hard specular highlights, product catalog, cap on; barrel window shows settled crystal-clear colorless liquid already inside at a stable level; never filling · a modular container-lab village on a research campus at blue hour · bright clinical cove lighting plus cool instrument practicals · shot:offset_right · cap ON · label:5-Amino-1MQ","For laboratory research use only. Not for human use or consumption. Not a drug, dietary supplement, or cosmetic. Not evaluated by the FDA. Captions only — never burn this into the image or Grok prompt.",Active,94,
SCN-095,pilot_scale,Pilot-scale process development · capped pen,"After-hours R&D atmosphere: Pilot-scale process development. Inside a floating lab pod suspended in an atrium with cable trays as chandelier. Tiny QR stickers are deliberately unreadable; brand story is visual not textual spam. An almost theatrical reveal of research craftsmanship. Treat the environment as a character — the peptide research story is told by place, light, and material.","dolly_in_low, low-angle, low forward: slow low dolly-in from low wide at low-angle, straight forward path only (straight forward low), then hold",blue-hour exterior wash through glass with warm interior pools,research pen silhouette edge-lit,"rim light outlining form, cap on, dark field; barrel window shows settled crystal-clear colorless liquid already inside at a stable level; never filling",P-TESA-001,Tesamorelin,https://www.palmbeach-vitality.store/products/#tesamorelin,"pilot scale · research pen silhouette edge-lit · rim light outlining form, cap on, dark field; barrel window shows settled crystal-clear colorless liquid already inside at a stable level; never filling · a floating lab pod suspended in an atrium with cable trays as chandelier · blue-hour exterior wash through glass with warm interior pools · shot:dolly_in_low · cap ON · label:Tesamorelin","For laboratory research use only. Not for human use or consumption. Not a drug, dietary supplement, or cosmetic. Not evaluated by the FDA. Captions only — never burn this into the image or Grok prompt.",Active,95,
SCN-096,longevity_lab,Longevity · capped pen,"Coastal biotech brochure frame: Longevity & cellular research suites. Inside a hush-quiet anechoic-style instrument room for ultra-sensitive balances. A floating shelf casts a hard shadow that slices the composition into thirds. Quiet prosperity — science as coastal luxury infrastructure. Build depth with foreground glass, mid-ground hero, and soft background process glow.","dolly_in_high, slight-high, high forward: slow high dolly-in from high wide at slight-high, straight forward path only (straight forward high), then hold",sunrise rim light cutting across frost and steel,research pen on matte white seamless paper,one capped research pen on plain white backdrop; barrel window shows settled crystal-clear colorless liquid already inside at a stable level; never filling,P-KPV-001,KPV,https://www.palmbeach-vitality.store/products/#kpv,longevity lab · research pen on matte white seamless paper · one capped research pen on plain white backdrop; barrel window shows settled crystal-clear colorless liquid already inside at a stable level; never filling · a hush-quiet anechoic-style instrument room for ultra-sensitive balances · sunrise rim light cutting across frost and steel · shot:dolly_in_high · cap ON · label:KPV,"For laboratory research use only. Not for human use or consumption. Not a drug, dietary supplement, or cosmetic. Not evaluated by the FDA. Captions only — never burn this into the image or Grok prompt.",Active,96,
SCN-097,archive_documentation,Research documentation · capped pen,Quiet luxury-science tableau: Research documentation & standards archives. Inside a soft-pink wellness R&D studio cooled by clinical steel islands. A calibration card leans just out of focus — honesty over CGI perfection. The feeling that a breakthrough is minutes away off-frame. Use negative space generously so the scene breathes and never feels like a cluttered bench dump.,"static_lock, eye-level, no travel / locked: locked tripod hold at eye-level, subject slightly right third, frozen — camera body does not travel, direction locked, then hold",bright clinical cove lighting plus cool instrument practicals,research pen rubber grip section macro,"grip texture, dial collar, capped tip cover on; barrel window shows settled crystal-clear colorless liquid already inside at a stable level; never filling",P-CJC-001,CJC,https://www.palmbeach-vitality.store/products/#cjc-1295,"archive documentation · research pen rubber grip section macro · grip texture, dial collar, capped tip cover on; barrel window shows settled crystal-clear colorless liquid already inside at a stable level; never filling · a soft-pink wellness R&D studio cooled by clinical steel islands · bright clinical cove lighting plus cool instrument practicals · shot:static_lock · cap ON · label:CJC","For laboratory research use only. Not for human use or consumption. Not a drug, dietary supplement, or cosmetic. Not evaluated by the FDA. Captions only — never burn this into the image or Grok prompt.",Active,97,
SCN-098,biotech_campus,Biotech R · capped pen,"Process-gallery spectacle: Biotech R&D campus interiors. Inside a charcoal-walled VIP research briefing room with a lit specimen niche. A faint ocean reflection ghosts across a glass partition. Premium calm: every object placed with intentional design. Treat the environment as a character — the peptide research story is told by place, light, and material.","push_in, eye-level, forward: slow straight push-in from medium toward closer detail at eye-level, path is a straight forward line only (straight forward), then hold",soft spa diffusion plus one hard scientific key light,research pen barrel showing pre-filled liquid,"optical clarity of liquid in barrel window, cap on; barrel window shows settled crystal-clear colorless liquid already inside at a stable level; never filling",P-MT2-001,Melanotan 2,https://www.palmbeach-vitality.store/products/#melanotan-2,"biotech campus · research pen barrel showing pre-filled liquid · optical clarity of liquid in barrel window, cap on; barrel window shows settled crystal-clear colorless liquid already inside at a stable level; never filling · a charcoal-walled VIP research briefing room with a lit specimen niche · soft spa diffusion plus one hard scientific key light · shot:push_in · cap ON · label:Melanotan 2","For laboratory research use only. Not for human use or consumption. Not a drug, dietary supplement, or cosmetic. Not evaluated by the FDA. Captions only — never burn this into the image or Grok prompt.",Active,98,
SCN-099,palm_beach_showroom,Palm Beach premium research showrooms · capped pen,"Wellness-meets-lab hybrid: Palm Beach premium research showrooms. Inside a double-height atrium research atrium with floating mezzanine lab pods. Solvent fumes are absent; instead you smell nothing — pure visual sterile fantasy. Industrial poetry — pipes and glass as modern sculpture. Prioritize photoreal materials: glass weight, metal wear, frost, epoxy sheen, fabric sterile blues.","pull_back, eye-level, backward: start on tight badge crop then slow straight pull-back to full hero at eye-level, path is a straight retreat only (straight backward), then hold",under-cabinet ribbon light and dark ceiling void,research pen silhouette edge-lit,"rim light outlining form, cap on, dark field; barrel window shows settled crystal-clear colorless liquid already inside at a stable level; never filling",P-SS31-001,SS-31,https://www.palmbeach-vitality.store/products/#ss-31,"palm beach showroom · research pen silhouette edge-lit · rim light outlining form, cap on, dark field; barrel window shows settled crystal-clear colorless liquid already inside at a stable level; never filling · a double-height atrium research atrium with floating mezzanine lab pods · under-cabinet ribbon light and dark ceiling void · shot:pull_back · cap ON · label:SS-31","For laboratory research use only. Not for human use or consumption. Not a drug, dietary supplement, or cosmetic. Not evaluated by the FDA. Captions only — never burn this into the image or Grok prompt.",Active,99,
SCN-100,cryo_cold_chain,Cryostorage · capped pen,"Discovery-morning clarity: Cryostorage & cold-chain research logistics. Inside a glass-walled pilot-scale process bay looking onto idle stainless skids. A wellness smoothie bar is visible through glass but stays soft background only. Client-facing wonder without tipping into medical theater. Treat the environment as a character — the peptide research story is told by place, light, and material.","vertical_rise, eye-level rising, up: slow vertical rise from lower third to top detail at eye-level rising, path is a straight up-line only (straight up), then hold",low-key cinematic spotlight with velvet falloff,single sealed Palm Beach Vitality research pen on a matte acrylic pedestal,"cap on, one pen only — no second pen, no carousel, no pen tray; barrel window shows settled crystal-clear colorless liquid already inside at a stable level; never filling",P-AOD-001,AOD-9604,https://www.palmbeach-vitality.store/products/#aod-9604,"cryo cold chain · single sealed Palm Beach Vitality research pen on a matte acrylic pedestal · cap on, one pen only — no second pen, no carousel, no pen tray; barrel window shows settled crystal-clear colorless liquid already inside at a stable level; never filling · a glass-walled pilot-scale process bay looking onto idle stainless skids · low-key cinematic spotlight with velvet falloff · shot:vertical_rise · cap ON · label:AOD-9604","For laboratory research use only. Not for human use or consumption. Not a drug, dietary supplement, or cosmetic. Not evaluated by the FDA. Captions only — never burn this into the image or Grok prompt.",Active,100,
SCN-101,sports_science,Sports science · capped pen,"Wide establishing energy: Sports science & performance research labs. Inside a desert-modern lab exterior courtyard seen through tinted research glass. Rain streaks the exterior glass while the interior stays surgically dry. A slow sense of discovery in the empty room. Treat the environment as a character — the peptide research story is told by place, light, and material.","vertical_descend, high settling to eye-level, down: slow vertical descend from high three-quarter into settled hero at high settling to eye-level, path is a straight down-line only (straight down), then hold",golden coastal window light mixed with white LED task lamps,research pen with protective tip shield locked,"safety shield engaged, cap on; barrel window shows settled crystal-clear colorless liquid already inside at a stable level; never filling",P-BPCTB-001,BPC-157/TB-500,https://www.palmbeach-vitality.store/products/#wolverine,"sports science · research pen with protective tip shield locked · safety shield engaged, cap on; barrel window shows settled crystal-clear colorless liquid already inside at a stable level; never filling · a desert-modern lab exterior courtyard seen through tinted research glass · golden coastal window light mixed with white LED task lamps · shot:vertical_descend · cap ON · label:BPC-157/TB-500","For laboratory research use only. Not for human use or consumption. Not a drug, dietary supplement, or cosmetic. Not evaluated by the FDA. Captions only — never burn this into the image or Grok prompt.",Active,101,
SCN-102,sterile_cleanroom,Sterile cleanroom · capped pen,"Intimate cinematic entry: Sterile cleanroom & controlled environments. Inside a coastal sunrise formulation suite catching warm Florida light on polished epoxy. Soft bokeh of city lights beyond the lab glass reminds you this is coastal biotech. The hush of validated equipment between runs. Prioritize photoreal materials: glass weight, metal wear, frost, epoxy sheen, fabric sterile blues.","lateral_ltr, eye-level, left-to-right: slow lateral slide left to right starting far left negative space at eye-level, focus locked on subject, straight horizontal path only, then hold",fluorescence-inspired cyan accent without neon cartoon glow,research pen with dose window close-up,"numeric window readable, shallow depth, cap on; barrel window shows settled crystal-clear colorless liquid already inside at a stable level; never filling",P-SEMAX-001,SEMAX,https://www.palmbeach-vitality.store/products/#semax,"sterile cleanroom · research pen with dose window close-up · numeric window readable, shallow depth, cap on; barrel window shows settled crystal-clear colorless liquid already inside at a stable level; never filling · a coastal sunrise formulation suite catching warm Florida light on polished epox · fluorescence-inspired cyan accent without neon cartoon glow · shot:lateral_ltr · cap ON · label:SEMAX","For laboratory research use only. Not for human use or consumption. Not a drug, dietary supplement, or cosmetic. Not evaluated by the FDA. Captions only — never burn this into the image or Grok prompt.",Active,102,
SCN-103,molecular_imaging,Molecular imaging · capped pen,"Architectural reveal: Molecular imaging & microscopy cores. Inside a rooftop greenhouse annex connected to a cellular biology lab via glass bridge. HEPA airflow is implied by a barely visible tissue-stream indicator. A showroom-ready stillness that still feels operational. Let architecture lead, then reward the eye with one unmistakable research focal point.","lateral_rtl, eye-level, right-to-left: slow lateral slide right to left starting far right negative space at eye-level, focus locked on subject, straight horizontal path only, then hold",museum track lighting with narrow beams on pedestals,research pen with dose window close-up,"numeric window readable, shallow depth, cap on; barrel window shows settled crystal-clear colorless liquid already inside at a stable level; never filling",P-KLOW-001,KLOW,https://www.palmbeach-vitality.store/products/#klow,"molecular imaging · research pen with dose window close-up · numeric window readable, shallow depth, cap on; barrel window shows settled crystal-clear colorless liquid already inside at a stable level; never filling · a rooftop greenhouse annex connected to a cellular biology lab via glass bridge · museum track lighting with narrow beams on pedestals · shot:lateral_rtl · cap ON · label:KLOW","For laboratory research use only. Not for human use or consumption. Not a drug, dietary supplement, or cosmetic. Not evaluated by the FDA. Captions only — never burn this into the image or Grok prompt.",Active,103,
SCN-104,analytical_qc,Analytical QC · capped pen,"Macro-world portal: Analytical QC & identity confirmation. Inside a hush-quiet anechoic-style instrument room for ultra-sensitive balances. A rack of pipette tips becomes a geometric sculpture in shallow depth of field. The tension between wellness softness and lab rigor. Let architecture lead, then reward the eye with one unmistakable research focal point.","top_down, true top-down 90 degrees, down into plan view: slow overhead descend straight down from already plan-view into true top-down 90 degrees composition, path is a straight vertical drop only, then hold",golden coastal window light mixed with white LED task lamps,research pen silhouette edge-lit,"rim light outlining form, cap on, dark field; barrel window shows settled crystal-clear colorless liquid already inside at a stable level; never filling",P-CAGRI-001,Cagrilinitide,https://www.palmbeach-vitality.store/products/#cagrilinitide,"analytical qc · research pen silhouette edge-lit · rim light outlining form, cap on, dark field; barrel window shows settled crystal-clear colorless liquid already inside at a stable level; never filling · a hush-quiet anechoic-style instrument room for ultra-sensitive balances · golden coastal window light mixed with white LED task lamps · shot:top_down · cap ON · label:Cagrilinitide","For laboratory research use only. Not for human use or consumption. Not a drug, dietary supplement, or cosmetic. Not evaluated by the FDA. Captions only — never burn this into the image or Grok prompt.",Active,104,
SCN-105,discovery_bench,Discovery chemistry benches · capped pen,"After-hours R&D atmosphere: Discovery chemistry benches. Inside a rain-soaked loading dock for validated cold-chain totes under sodium lamps. A single shaft of sunrise cuts a diagonal across otherwise clinical white. An almost theatrical reveal of research craftsmanship. Let architecture lead, then reward the eye with one unmistakable research focal point.","tilt_up, low-angle power pose, tilt-up: measured tilt-up from base flange to eye level at low-angle power pose, pivot only (tilt up only) — camera body does not truck around subject, then hold",golden coastal window light mixed with white LED task lamps,research pen with protective tip shield locked,"safety shield engaged, cap on; barrel window shows settled crystal-clear colorless liquid already inside at a stable level; never filling",P-TA1-001,TA-1,https://www.palmbeach-vitality.store/products/#ta-1,"discovery bench · research pen with protective tip shield locked · safety shield engaged, cap on; barrel window shows settled crystal-clear colorless liquid already inside at a stable level; never filling · a rain-soaked loading dock for validated cold-chain totes under sodium lamps · golden coastal window light mixed with white LED task lamps · shot:tilt_up · cap ON · label:TA-1","For laboratory research use only. Not for human use or consumption. Not a drug, dietary supplement, or cosmetic. Not evaluated by the FDA. Captions only — never burn this into the image or Grok prompt.",Active,105,
SCN-106,peptide_synthesis,Peptide synthesis · capped pen,Coastal biotech brochure frame: Peptide synthesis & solid-phase chemistry. Inside a Palm Beach waterfront biotech loft with floor-to-ceiling glass and ocean haze beyond. Macro dust motes hang in a projector beam like scientific glitter. Quiet prosperity — science as coastal luxury infrastructure. Keep every readable label sparse; if a compound name appears it must be exact and research-only.,"tilt_down, high looking down, tilt-down: measured tilt-down from top badge onto the subject at high looking down, pivot only (tilt down only) — no lateral looping path, then hold",golden coastal window light mixed with white LED task lamps,research pen on frosted glass platform,"soft reflection beneath, barrel window, cap on; barrel window shows settled crystal-clear colorless liquid already inside at a stable level; never filling",P-DSIP-001,DSIP,https://www.palmbeach-vitality.store/products/#dsip,"peptide synthesis · research pen on frosted glass platform · soft reflection beneath, barrel window, cap on; barrel window shows settled crystal-clear colorless liquid already inside at a stable level; never filling · a Palm Beach waterfront biotech loft with floor-to-ceiling glass and ocean haze  · golden coastal window light mixed with white LED task lamps · shot:tilt_down · cap ON · label:DSIP","For laboratory research use only. Not for human use or consumption. Not a drug, dietary supplement, or cosmetic. Not evaluated by the FDA. Captions only — never burn this into the image or Grok prompt.",Active,106,
SCN-107,formulation_suite,Formulation · capped pen,"Quiet luxury-science tableau: Formulation & compounding research suites. Inside a rooftop greenhouse annex connected to a cellular biology lab via glass bridge. Shadow play from a palm frond lands across the bench without breaking sterility cues. The feeling that a breakthrough is minutes away off-frame. Let architecture lead, then reward the eye with one unmistakable research focal point.","macro_detail, macro flat-on, micro forward: extreme macro on metal microtexture at macro flat-on, razor shallow depth of field, ultra-slow tiny forward drift only, then hard hold",museum track lighting with narrow beams on pedestals,research pen on matte white seamless paper,one capped research pen on plain white backdrop; barrel window shows settled crystal-clear colorless liquid already inside at a stable level; never filling,P-TESAIPA-001,Tesamorelin/Ipamorelin,https://www.palmbeach-vitality.store/products/#tesamorelin,formulation suite · research pen on matte white seamless paper · one capped research pen on plain white backdrop; barrel window shows settled crystal-clear colorless liquid already inside at a stable level; never filling · a rooftop greenhouse annex connected to a cellular biology lab via glass bridge · museum track lighting with narrow beams on pedestals · shot:macro_detail · cap ON · label:Tesamorelin/Ipamorelin,"For laboratory research use only. Not for human use or consumption. Not a drug, dietary supplement, or cosmetic. Not evaluated by the FDA. Captions only — never burn this into the image or Grok prompt.",Active,107,
SCN-108,wellness_retail_lab,Boutique wellness × lab hybrid spaces · capped pen,"Process-gallery spectacle: Boutique wellness × lab hybrid spaces. Inside a floating lab pod suspended in an atrium with cable trays as chandelier. Rain streaks the exterior glass while the interior stays surgically dry. Premium calm: every object placed with intentional design. Make the still exciting enough that a slow camera move will feel like entering a world, not inspecting a SKU.","crane_settle, high three-quarter to eye-level, crane down: measured crane-down from high front to settled hero (high three-quarter to eye-level), path is a straight descending line (straight descending crane), then hold",soft spa diffusion plus one hard scientific key light,research pen on frosted glass platform,"soft reflection beneath, barrel window, cap on; barrel window shows settled crystal-clear colorless liquid already inside at a stable level; never filling",P-CJCIPA-001,CJC (no DAC)/Ipamorelin,https://www.palmbeach-vitality.store/products/#cjc-1295,"wellness retail lab · research pen on frosted glass platform · soft reflection beneath, barrel window, cap on; barrel window shows settled crystal-clear colorless liquid already inside at a stable level; never filling · a floating lab pod suspended in an atrium with cable trays as chandelier · soft spa diffusion plus one hard scientific key light · shot:crane_settle · cap ON · label:CJC (no DAC)/Ipamorelin","For laboratory research use only. Not for human use or consumption. Not a drug, dietary supplement, or cosmetic. Not evaluated by the FDA. Captions only — never burn this into the image or Grok prompt.",Active,108,
SCN-109,wellness_innovation,Health · capped pen,Wellness-meets-lab hybrid: Health & wellness innovation studios. Inside a glass bridge connecting two R&D wings above a reflecting pool. Infrared cabinet glass shows a faint ghost reflection of the pen hero. Industrial poetry — pipes and glass as modern sculpture. Use negative space generously so the scene breathes and never feels like a cluttered bench dump.,"push_out, eye-level, backward expand: measured straight push-out from tight port crop to full product at eye-level, path is a straight retreat only (straight backward), then hold",under-cabinet ribbon light and dark ceiling void,compact travel research pen shorter body,"shorter form factor, capped tip cover on; barrel window shows settled crystal-clear colorless liquid already inside at a stable level; never filling",P-BPC-001,BPC-157,https://www.palmbeach-vitality.store/products/#bpc-157,"wellness innovation · compact travel research pen shorter body · shorter form factor, capped tip cover on; barrel window shows settled crystal-clear colorless liquid already inside at a stable level; never filling · a glass bridge connecting two R&D wings above a reflecting pool · under-cabinet ribbon light and dark ceiling void · shot:push_out · cap ON · label:BPC-157","For laboratory research use only. Not for human use or consumption. Not a drug, dietary supplement, or cosmetic. Not evaluated by the FDA. Captions only — never burn this into the image or Grok prompt.",Active,109,
SCN-110,pilot_scale,Pilot-scale process development · capped pen,"Discovery-morning clarity: Pilot-scale process development. Inside a boutique apothecary facade opening into a true GLP-style wet lab. Condensation beads map a perfect gradient down a cold pen shoulder. Client-facing wonder without tipping into medical theater. Prioritize photoreal materials: glass weight, metal wear, frost, epoxy sheen, fabric sterile blues.","pedestal_up, eye-level, pedestal up: slow pedestal up a few centimeters from chest height at eye-level, lighting wrap shifts on edges, no sideways travel (straight up pedestal), then hold",low-key cinematic spotlight with velvet falloff,research pen with protective tip shield locked,"safety shield engaged, cap on; barrel window shows settled crystal-clear colorless liquid already inside at a stable level; never filling",P-RETA-001,Retatrutide,https://www.palmbeach-vitality.store/products/#retatrutide,"pilot scale · research pen with protective tip shield locked · safety shield engaged, cap on; barrel window shows settled crystal-clear colorless liquid already inside at a stable level; never filling · a boutique apothecary facade opening into a true GLP-style wet lab · low-key cinematic spotlight with velvet falloff · shot:pedestal_up · cap ON · label:Retatrutide","For laboratory research use only. Not for human use or consumption. Not a drug, dietary supplement, or cosmetic. Not evaluated by the FDA. Captions only — never burn this into the image or Grok prompt.",Active,110,
SCN-111,longevity_lab,Longevity · capped pen,Wide establishing energy: Longevity & cellular research suites. Inside a Palm Beach waterfront biotech loft with floor-to-ceiling glass and ocean haze beyond. Cable management is immaculate — luxury expressed as engineering discipline. A slow sense of discovery in the empty room. Use negative space generously so the scene breathes and never feels like a cluttered bench dump.,"pedestal_down, eye-level, pedestal down: slow pedestal down a few centimeters from upper third at eye-level, lighting wrap shifts on edges, no sideways travel (straight down pedestal), then hold",blue-hour exterior wash through glass with warm interior pools,slim research pen graphite gray body,"matte gray finish, dial collar, cap on; barrel window shows settled crystal-clear colorless liquid already inside at a stable level; never filling",P-GHK-001,GHK-Cu,https://www.palmbeach-vitality.store/products/#ghk-cu,"longevity lab · slim research pen graphite gray body · matte gray finish, dial collar, cap on; barrel window shows settled crystal-clear colorless liquid already inside at a stable level; never filling · a Palm Beach waterfront biotech loft with floor-to-ceiling glass and ocean haze  · blue-hour exterior wash through glass with warm interior pools · shot:pedestal_down · cap ON · label:GHK-Cu","For laboratory research use only. Not for human use or consumption. Not a drug, dietary supplement, or cosmetic. Not evaluated by the FDA. Captions only — never burn this into the image or Grok prompt.",Active,111,
SCN-112,archive_documentation,Research documentation · capped pen,Intimate cinematic entry: Research documentation & standards archives. Inside a data-rich control room overlooking a cleanroom through panoramic glass. Shadow play from a palm frond lands across the bench without breaking sterility cues. The hush of validated equipment between runs. Compose as a vertical 9:16 hero still that could open a premium Instagram reel.,"profile_ltr, true side profile left, profile track L→R: measured side-profile track brief lateral left to right from near-profile at true side profile left, then settle and hard hold — brief lateral only, never a full circle",under-cabinet ribbon light and dark ceiling void,frosted research pen body with metal clip,"matte body texture, metal pocket clip, cap on; barrel window shows settled crystal-clear colorless liquid already inside at a stable level; never filling",P-NAD-001,NAD+,https://www.palmbeach-vitality.store/products/#nad,"archive documentation · frosted research pen body with metal clip · matte body texture, metal pocket clip, cap on; barrel window shows settled crystal-clear colorless liquid already inside at a stable level; never filling · a data-rich control room overlooking a cleanroom through panoramic glass · under-cabinet ribbon light and dark ceiling void · shot:profile_ltr · cap ON · label:NAD+","For laboratory research use only. Not for human use or consumption. Not a drug, dietary supplement, or cosmetic. Not evaluated by the FDA. Captions only — never burn this into the image or Grok prompt.",Active,112,
SCN-113,biotech_campus,Biotech R · capped pen,"Architectural reveal: Biotech R&D campus interiors. Inside a rooftop greenhouse annex connected to a cellular biology lab via glass bridge. Frost blooms into fern-like crystals on a freezer window port. A showroom-ready stillness that still feels operational. Prioritize photoreal materials: glass weight, metal wear, frost, epoxy sheen, fabric sterile blues.","profile_rtl, true side profile right, profile track R→L: measured side-profile track brief lateral right to left from near-profile at true side profile right, then settle and hard hold — brief lateral only, never a full circle",noir side light with controlled speculars on glass and metal,frosted research pen body with metal clip,"matte body texture, metal pocket clip, cap on; barrel window shows settled crystal-clear colorless liquid already inside at a stable level; never filling",P-SEMA-001,Semaglutide,https://www.palmbeach-vitality.store/products/#semaglutide,"biotech campus · frosted research pen body with metal clip · matte body texture, metal pocket clip, cap on; barrel window shows settled crystal-clear colorless liquid already inside at a stable level; never filling · a rooftop greenhouse annex connected to a cellular biology lab via glass bridge · noir side light with controlled speculars on glass and metal · shot:profile_rtl · cap ON · label:Semaglutide","For laboratory research use only. Not for human use or consumption. Not a drug, dietary supplement, or cosmetic. Not evaluated by the FDA. Captions only — never burn this into the image or Grok prompt.",Active,113,
SCN-114,palm_beach_showroom,Palm Beach premium research showrooms · capped pen,Macro-world portal: Palm Beach premium research showrooms. Inside a floating lab pod suspended in an atrium with cable trays as chandelier. Vapor from a dewar curls into a soft ribbon then vanishes. The tension between wellness softness and lab rigor. Compose as a vertical 9:16 hero still that could open a premium Instagram reel.,"doc_drift, eye-level documentary, doc forward drift: documentary-slow micro drift micro forward drift from loose mid-shot at eye-level documentary, scientific documentary energy, then hold — no circling path",noir side light with controlled speculars on glass and metal,research pen silhouette edge-lit,"rim light outlining form, cap on, dark field; barrel window shows settled clear bright blue liquid already inside at a stable level (GLOW only — blue liquid); never filling",P-GLOW-001,GLOW,https://www.palmbeach-vitality.store/products/#glow,"palm beach showroom · research pen silhouette edge-lit · rim light outlining form, cap on, dark field; barrel window shows settled clear bright blue liquid already inside at a stable level (GLOW only — blue liquid); never filling · a floating lab pod suspended in an atrium with cable trays as chandelier · noir side light with controlled speculars on glass and metal · shot:doc_drift · cap ON · label:GLOW","For laboratory research use only. Not for human use or consumption. Not a drug, dietary supplement, or cosmetic. Not evaluated by the FDA. Captions only — never burn this into the image or Grok prompt.",Active,114,
SCN-115,cryo_cold_chain,Cryostorage · capped pen,"After-hours R&D atmosphere: Cryostorage & cold-chain research logistics. Inside a peptide synthesis gallery with resin columns and nitrogen lines as architecture. Brass and stainless share the frame — wellness luxury meeting laboratory steel. An almost theatrical reveal of research craftsmanship. Make the still exciting enough that a slow camera move will feel like entering a world, not inspecting a SKU.","label_rise, label-plane flat, rise to label: slow vertical lift from lower body then lock off on the label plane at label-plane flat, straight rise only (straight up to label lock), then hold",blue-hour exterior wash through glass with warm interior pools,research pen on mirrored chrome plate,"hard specular highlights, product catalog, cap on; barrel window shows settled crystal-clear colorless liquid already inside at a stable level; never filling",P-SERM-001,Sermorelin,https://www.palmbeach-vitality.store/products/#sermorelin,"cryo cold chain · research pen on mirrored chrome plate · hard specular highlights, product catalog, cap on; barrel window shows settled crystal-clear colorless liquid already inside at a stable level; never filling · a peptide synthesis gallery with resin columns and nitrogen lines as architectur · blue-hour exterior wash through glass with warm interior pools · shot:label_rise · cap ON · label:Sermorelin","For laboratory research use only. Not for human use or consumption. Not a drug, dietary supplement, or cosmetic. Not evaluated by the FDA. Captions only — never burn this into the image or Grok prompt.",Active,115,
SCN-116,sports_science,Sports science · capped pen,"Coastal biotech brochure frame: Sports science & performance research labs. Inside a QC war-room with blank monitors and a single illuminated chromatogram print. Tiny QR stickers are deliberately unreadable; brand story is visual not textual spam. Quiet prosperity — science as coastal luxury infrastructure. Prioritize photoreal materials: glass weight, metal wear, frost, epoxy sheen, fabric sterile blues.","wide_env, eye-level wide, wide to hero forward: creeping push-in from room-context wide into subject-dominant frame at eye-level wide, straight forward path only (straight forward into subject), then hold",bright clinical cove lighting plus cool instrument practicals,precision research pen standing upright,"vertical hero, soft reflection, cap on; barrel window shows settled crystal-clear colorless liquid already inside at a stable level; never filling",P-PT141-001,PT-141,https://www.palmbeach-vitality.store/products/#pt-141,"sports science · precision research pen standing upright · vertical hero, soft reflection, cap on; barrel window shows settled crystal-clear colorless liquid already inside at a stable level; never filling · a QC war-room with blank monitors and a single illuminated chromatogram print · bright clinical cove lighting plus cool instrument practicals · shot:wide_env · cap ON · label:PT-141","For laboratory research use only. Not for human use or consumption. Not a drug, dietary supplement, or cosmetic. Not evaluated by the FDA. Captions only — never burn this into the image or Grok prompt.",Active,116,
SCN-117,sterile_cleanroom,Sterile cleanroom · capped pen,"Quiet luxury-science tableau: Sterile cleanroom & controlled environments. Inside a desert-modern lab exterior courtyard seen through tinted research glass. Instrument LEDs pulse out of sync like a living heartbeat of the lab. The feeling that a breakthrough is minutes away off-frame. Make the still exciting enough that a slow camera move will feel like entering a world, not inspecting a SKU.","offset_left, eye-level, offset left micro-push: locked offset composition with subject subject far left third at eye-level, barely pushing subtle breathing push-in only, negative space on right, then hold",sunrise rim light cutting across frost and steel,research pen barrel showing pre-filled liquid,"optical clarity of liquid in barrel window, cap on; barrel window shows settled crystal-clear colorless liquid already inside at a stable level; never filling",P-TIRZ-001,Tirzepatide,https://www.palmbeach-vitality.store/products/#tirzepatide,"sterile cleanroom · research pen barrel showing pre-filled liquid · optical clarity of liquid in barrel window, cap on; barrel window shows settled crystal-clear colorless liquid already inside at a stable level; never filling · a desert-modern lab exterior courtyard seen through tinted research glass · sunrise rim light cutting across frost and steel · shot:offset_left · cap ON · label:Tirzepatide","For laboratory research use only. Not for human use or consumption. Not a drug, dietary supplement, or cosmetic. Not evaluated by the FDA. Captions only — never burn this into the image or Grok prompt.",Active,117,
SCN-118,molecular_imaging,Molecular imaging · capped pen,Process-gallery spectacle: Molecular imaging & microscopy cores. Inside a sports-performance science lab with force-plate flooring and calibrated gear racks. A faint ocean reflection ghosts across a glass partition. Premium calm: every object placed with intentional design. Compose as a vertical 9:16 hero still that could open a premium Instagram reel.,"offset_right, eye-level, offset right micro-push: locked offset composition with subject subject far right third at eye-level, barely pushing subtle breathing push-in only, negative space on left, then hold",under-cabinet ribbon light and dark ceiling void,research pen with protective tip shield locked,"safety shield engaged, cap on; barrel window shows settled crystal-clear colorless liquid already inside at a stable level; never filling",P-MOTS-001,MOTS-C,https://www.palmbeach-vitality.store/products/#mots-c,"molecular imaging · research pen with protective tip shield locked · safety shield engaged, cap on; barrel window shows settled crystal-clear colorless liquid already inside at a stable level; never filling · a sports-performance science lab with force-plate flooring and calibrated gear r · under-cabinet ribbon light and dark ceiling void · shot:offset_right · cap ON · label:MOTS-C","For laboratory research use only. Not for human use or consumption. Not a drug, dietary supplement, or cosmetic. Not evaluated by the FDA. Captions only — never burn this into the image or Grok prompt.",Active,118,
SCN-119,analytical_qc,Analytical QC · capped pen,Wellness-meets-lab hybrid: Analytical QC & identity confirmation. Inside a Palm Beach waterfront biotech loft with floor-to-ceiling glass and ocean haze beyond. Soft bokeh of city lights beyond the lab glass reminds you this is coastal biotech. Industrial poetry — pipes and glass as modern sculpture. Keep every readable label sparse; if a compound name appears it must be exact and research-only.,"dolly_in_low, low-angle, low forward: measured low dolly-in from low wide at low-angle, straight forward path only (straight forward low), then hold",noir side light with controlled speculars on glass and metal,research pen barrel showing pre-filled liquid,"optical clarity of liquid in barrel window, cap on; barrel window shows settled crystal-clear colorless liquid already inside at a stable level; never filling",P-SEL-001,Selank,https://www.palmbeach-vitality.store/products/#selank,"analytical qc · research pen barrel showing pre-filled liquid · optical clarity of liquid in barrel window, cap on; barrel window shows settled crystal-clear colorless liquid already inside at a stable level; never filling · a Palm Beach waterfront biotech loft with floor-to-ceiling glass and ocean haze  · noir side light with controlled speculars on glass and metal · shot:dolly_in_low · cap ON · label:Selank","For laboratory research use only. Not for human use or consumption. Not a drug, dietary supplement, or cosmetic. Not evaluated by the FDA. Captions only — never burn this into the image or Grok prompt.",Active,119,
SCN-120,discovery_bench,Discovery chemistry benches · capped pen,"Discovery-morning clarity: Discovery chemistry benches. Inside a longevity institute reading room meeting a wet-lab through a glass airlock. A red 'AUTHORIZED PERSONNEL' light is off — the room waits in standby elegance. Client-facing wonder without tipping into medical theater. Let architecture lead, then reward the eye with one unmistakable research focal point.","dolly_in_high, slight-high, high forward: measured high dolly-in from high wide at slight-high, straight forward path only (straight forward high), then hold",bright clinical cove lighting plus cool instrument practicals,research pen on matte white seamless paper,one capped research pen on plain white backdrop; barrel window shows settled crystal-clear colorless liquid already inside at a stable level; never filling,P-TB500-001,TB-500,https://www.palmbeach-vitality.store/products/#tb-500,discovery bench · research pen on matte white seamless paper · one capped research pen on plain white backdrop; barrel window shows settled crystal-clear colorless liquid already inside at a stable level; never filling · a longevity institute reading room meeting a wet-lab through a glass airlock · bright clinical cove lighting plus cool instrument practicals · shot:dolly_in_high · cap ON · label:TB-500,"For laboratory research use only. Not for human use or consumption. Not a drug, dietary supplement, or cosmetic. Not evaluated by the FDA. Captions only — never burn this into the image or Grok prompt.",Active,120,
SCN-121,peptide_synthesis,Peptide synthesis · capped pen,"Wide establishing energy: Peptide synthesis & solid-phase chemistry. Inside a kinetic sculpture of glass condensers in a discovery hallway. A research notebook lies closed; the story is visual, not textual. A slow sense of discovery in the empty room. Use negative space generously so the scene breathes and never feels like a cluttered bench dump.","static_lock, eye-level, no travel / locked: locked tripod hold at eye-level, subject slightly right third, micro-focus only — camera body does not travel, direction locked, then hold",low-key cinematic spotlight with velvet falloff,research pen on frosted glass platform,"soft reflection beneath, barrel window, cap on; barrel window shows settled crystal-clear colorless liquid already inside at a stable level; never filling",P-5A1MQ-001,5-Amino-1MQ,https://www.palmbeach-vitality.store/products/#5-amino-1mq,"peptide synthesis · research pen on frosted glass platform · soft reflection beneath, barrel window, cap on; barrel window shows settled crystal-clear colorless liquid already inside at a stable level; never filling · a kinetic sculpture of glass condensers in a discovery hallway · low-key cinematic spotlight with velvet falloff · shot:static_lock · cap ON · label:5-Amino-1MQ","For laboratory research use only. Not for human use or consumption. Not a drug, dietary supplement, or cosmetic. Not evaluated by the FDA. Captions only — never burn this into the image or Grok prompt.",Active,121,
SCN-122,formulation_suite,Formulation · capped pen,"Intimate cinematic entry: Formulation & compounding research suites. Inside a walnut-and-steel executive science lounge overlooking a manicured courtyard. A silent alarm tower glows green — all systems nominal, nobody present. The hush of validated equipment between runs. Keep every readable label sparse; if a compound name appears it must be exact and research-only.","push_in, eye-level, forward: measured straight push-in from medium toward closer detail at eye-level, path is a straight forward line only (straight forward), then hold",under-cabinet ribbon light and dark ceiling void,research pen silhouette edge-lit,"rim light outlining form, cap on, dark field; barrel window shows settled crystal-clear colorless liquid already inside at a stable level; never filling",P-TESA-001,Tesamorelin,https://www.palmbeach-vitality.store/products/#tesamorelin,"formulation suite · research pen silhouette edge-lit · rim light outlining form, cap on, dark field; barrel window shows settled crystal-clear colorless liquid already inside at a stable level; never filling · a walnut-and-steel executive science lounge overlooking a manicured courtyard · under-cabinet ribbon light and dark ceiling void · shot:push_in · cap ON · label:Tesamorelin","For laboratory research use only. Not for human use or consumption. Not a drug, dietary supplement, or cosmetic. Not evaluated by the FDA. Captions only — never burn this into the image or Grok prompt.",Active,122,
SCN-123,wellness_retail_lab,Boutique wellness × lab hybrid spaces · capped pen,"Architectural reveal: Boutique wellness × lab hybrid spaces. Inside a silent metrology room with granite tables and vibration-isolated instruments. Polished black acrylic gives a soft reflection without cloning a second hero object. A showroom-ready stillness that still feels operational. Make the still exciting enough that a slow camera move will feel like entering a world, not inspecting a SKU.","pull_back, eye-level, backward: start on tight badge crop then measured straight pull-back to full hero at eye-level, path is a straight retreat only (straight backward), then hold",fluorescence-inspired cyan accent without neon cartoon glow,precision research pen standing upright,"vertical hero, soft reflection, cap on; barrel window shows settled crystal-clear colorless liquid already inside at a stable level; never filling",P-KPV-001,KPV,https://www.palmbeach-vitality.store/products/#kpv,"wellness retail lab · precision research pen standing upright · vertical hero, soft reflection, cap on; barrel window shows settled crystal-clear colorless liquid already inside at a stable level; never filling · a silent metrology room with granite tables and vibration-isolated instruments · fluorescence-inspired cyan accent without neon cartoon glow · shot:pull_back · cap ON · label:KPV","For laboratory research use only. Not for human use or consumption. Not a drug, dietary supplement, or cosmetic. Not evaluated by the FDA. Captions only — never burn this into the image or Grok prompt.",Active,123,
SCN-124,wellness_innovation,Health · capped pen,"Macro-world portal: Health & wellness innovation studios. Inside a modular container-lab village on a research campus at blue hour. A mezzanine railing frames the scene like an architecture photograph. The tension between wellness softness and lab rigor. Make the still exciting enough that a slow camera move will feel like entering a world, not inspecting a SKU.","vertical_rise, eye-level rising, up: gentle vertical rise from lower third to top detail at eye-level rising, path is a straight up-line only (straight up), then hold",fluorescence-inspired cyan accent without neon cartoon glow,single sealed Palm Beach Vitality research pen on a matte acrylic pedestal,"cap on, one pen only — no second pen, no carousel, no pen tray; barrel window shows settled crystal-clear colorless liquid already inside at a stable level; never filling",P-CJC-001,CJC,https://www.palmbeach-vitality.store/products/#cjc-1295,"wellness innovation · single sealed Palm Beach Vitality research pen on a matte acrylic pedestal · cap on, one pen only — no second pen, no carousel, no pen tray; barrel window shows settled crystal-clear colorless liquid already inside at a stable level; never filling · a modular container-lab village on a research campus at blue hour · fluorescence-inspired cyan accent without neon cartoon glow · shot:vertical_rise · cap ON · label:CJC","For laboratory research use only. Not for human use or consumption. Not a drug, dietary supplement, or cosmetic. Not evaluated by the FDA. Captions only — never burn this into the image or Grok prompt.",Active,124,
SCN-125,pilot_scale,Pilot-scale process development · capped pen,"After-hours R&D atmosphere: Pilot-scale process development. Inside a kinetic sculpture of glass condensers in a discovery hallway. Tiny QR stickers are deliberately unreadable; brand story is visual not textual spam. An almost theatrical reveal of research craftsmanship. Prioritize photoreal materials: glass weight, metal wear, frost, epoxy sheen, fabric sterile blues.","vertical_descend, high settling to eye-level, down: measured vertical descend from high three-quarter into settled hero at high settling to eye-level, path is a straight down-line only (straight down), then hold",bright clinical cove lighting plus cool instrument practicals,research pen with protective tip shield locked,"safety shield engaged, cap on; barrel window shows settled crystal-clear colorless liquid already inside at a stable level; never filling",P-MT2-001,Melanotan 2,https://www.palmbeach-vitality.store/products/#melanotan-2,"pilot scale · research pen with protective tip shield locked · safety shield engaged, cap on; barrel window shows settled crystal-clear colorless liquid already inside at a stable level; never filling · a kinetic sculpture of glass condensers in a discovery hallway · bright clinical cove lighting plus cool instrument practicals · shot:vertical_descend · cap ON · label:Melanotan 2","For laboratory research use only. Not for human use or consumption. Not a drug, dietary supplement, or cosmetic. Not evaluated by the FDA. Captions only — never burn this into the image or Grok prompt.",Active,125,
SCN-126,longevity_lab,Longevity · capped pen,Coastal biotech brochure frame: Longevity & cellular research suites. Inside a concrete-and-glass brutalist lab wing softened by soft cove lighting. A single shaft of sunrise cuts a diagonal across otherwise clinical white. Quiet prosperity — science as coastal luxury infrastructure. Compose as a vertical 9:16 hero still that could open a premium Instagram reel.,"lateral_ltr, eye-level, left-to-right: measured lateral slide left to right starting far left negative space at eye-level, focus locked on subject, straight horizontal path only, then hold",sunrise rim light cutting across frost and steel,research pen on matte white seamless paper,one capped research pen on plain white backdrop; barrel window shows settled crystal-clear colorless liquid already inside at a stable level; never filling,P-SS31-001,SS-31,https://www.palmbeach-vitality.store/products/#ss-31,longevity lab · research pen on matte white seamless paper · one capped research pen on plain white backdrop; barrel window shows settled crystal-clear colorless liquid already inside at a stable level; never filling · a concrete-and-glass brutalist lab wing softened by soft cove lighting · sunrise rim light cutting across frost and steel · shot:lateral_ltr · cap ON · label:SS-31,"For laboratory research use only. Not for human use or consumption. Not a drug, dietary supplement, or cosmetic. Not evaluated by the FDA. Captions only — never burn this into the image or Grok prompt.",Active,126,
SCN-127,archive_documentation,Research documentation · capped pen,Quiet luxury-science tableau: Research documentation & standards archives. Inside a silent metrology room with granite tables and vibration-isolated instruments. Tiny QR stickers are deliberately unreadable; brand story is visual not textual spam. The feeling that a breakthrough is minutes away off-frame. Compose as a vertical 9:16 hero still that could open a premium Instagram reel.,"lateral_rtl, eye-level, right-to-left: measured lateral slide right to left starting far right negative space at eye-level, focus locked on subject, straight horizontal path only, then hold",noir side light with controlled speculars on glass and metal,research pen with dose window close-up,"numeric window readable, shallow depth, cap on; barrel window shows settled crystal-clear colorless liquid already inside at a stable level; never filling",P-AOD-001,AOD-9604,https://www.palmbeach-vitality.store/products/#aod-9604,"archive documentation · research pen with dose window close-up · numeric window readable, shallow depth, cap on; barrel window shows settled crystal-clear colorless liquid already inside at a stable level; never filling · a silent metrology room with granite tables and vibration-isolated instruments · noir side light with controlled speculars on glass and metal · shot:lateral_rtl · cap ON · label:AOD-9604","For laboratory research use only. Not for human use or consumption. Not a drug, dietary supplement, or cosmetic. Not evaluated by the FDA. Captions only — never burn this into the image or Grok prompt.",Active,127,
SCN-128,biotech_campus,Biotech R · capped pen,Process-gallery spectacle: Biotech R&D campus interiors. Inside a silent metrology room with granite tables and vibration-isolated instruments. Vapor from a dewar curls into a soft ribbon then vanishes. Premium calm: every object placed with intentional design. Compose as a vertical 9:16 hero still that could open a premium Instagram reel.,"top_down, true top-down 90 degrees, down into plan view: measured overhead descend straight down from already plan-view into true top-down 90 degrees composition, path is a straight vertical drop only, then hold",bright clinical cove lighting plus cool instrument practicals,research pen on frosted glass platform,"soft reflection beneath, barrel window, cap on; barrel window shows settled crystal-clear colorless liquid already inside at a stable level; never filling",P-BPCTB-001,BPC-157/TB-500,https://www.palmbeach-vitality.store/products/#wolverine,"biotech campus · research pen on frosted glass platform · soft reflection beneath, barrel window, cap on; barrel window shows settled crystal-clear colorless liquid already inside at a stable level; never filling · a silent metrology room with granite tables and vibration-isolated instruments · bright clinical cove lighting plus cool instrument practicals · shot:top_down · cap ON · label:BPC-157/TB-500","For laboratory research use only. Not for human use or consumption. Not a drug, dietary supplement, or cosmetic. Not evaluated by the FDA. Captions only — never burn this into the image or Grok prompt.",Active,128,
SCN-129,palm_beach_showroom,Palm Beach premium research showrooms · capped pen,"Wellness-meets-lab hybrid: Palm Beach premium research showrooms. Inside a longevity institute reading room meeting a wet-lab through a glass airlock. Soft bokeh of city lights beyond the lab glass reminds you this is coastal biotech. Industrial poetry — pipes and glass as modern sculpture. Prioritize photoreal materials: glass weight, metal wear, frost, epoxy sheen, fabric sterile blues.","tilt_up, low-angle power pose, tilt-up: deliberate tilt-up from base flange to eye level at low-angle power pose, pivot only (tilt up only) — camera body does not truck around subject, then hold",golden coastal window light mixed with white LED task lamps,research pen on mirrored chrome plate,"hard specular highlights, product catalog, cap on; barrel window shows settled crystal-clear colorless liquid already inside at a stable level; never filling",P-SEMAX-001,SEMAX,https://www.palmbeach-vitality.store/products/#semax,"palm beach showroom · research pen on mirrored chrome plate · hard specular highlights, product catalog, cap on; barrel window shows settled crystal-clear colorless liquid already inside at a stable level; never filling · a longevity institute reading room meeting a wet-lab through a glass airlock · golden coastal window light mixed with white LED task lamps · shot:tilt_up · cap ON · label:SEMAX","For laboratory research use only. Not for human use or consumption. Not a drug, dietary supplement, or cosmetic. Not evaluated by the FDA. Captions only — never burn this into the image or Grok prompt.",Active,129,
SCN-130,cryo_cold_chain,Cryostorage · capped pen,"Discovery-morning clarity: Cryostorage & cold-chain research logistics. Inside a rain-soaked loading dock for validated cold-chain totes under sodium lamps. Frost blooms into fern-like crystals on a freezer window port. Client-facing wonder without tipping into medical theater. Prioritize photoreal materials: glass weight, metal wear, frost, epoxy sheen, fabric sterile blues.","tilt_down, high looking down, tilt-down: deliberate tilt-down from top badge onto the subject at high looking down, pivot only (tilt down only) — no lateral looping path, then hold",under-cabinet ribbon light and dark ceiling void,pre-filled research pen on matte black acrylic,"clear barrel window, dial collar, capped tip cover on; barrel window shows settled crystal-clear colorless liquid already inside at a stable level; never filling",P-KLOW-001,KLOW,https://www.palmbeach-vitality.store/products/#klow,"cryo cold chain · pre-filled research pen on matte black acrylic · clear barrel window, dial collar, capped tip cover on; barrel window shows settled crystal-clear colorless liquid already inside at a stable level; never filling · a rain-soaked loading dock for validated cold-chain totes under sodium lamps · under-cabinet ribbon light and dark ceiling void · shot:tilt_down · cap ON · label:KLOW","For laboratory research use only. Not for human use or consumption. Not a drug, dietary supplement, or cosmetic. Not evaluated by the FDA. Captions only — never burn this into the image or Grok prompt.",Active,130,
SCN-131,sports_science,Sports science · capped pen,"Wide establishing energy: Sports science & performance research labs. Inside a floating lab pod suspended in an atrium with cable trays as chandelier. A single shaft of sunrise cuts a diagonal across otherwise clinical white. A slow sense of discovery in the empty room. Let architecture lead, then reward the eye with one unmistakable research focal point.","macro_detail, macro flat-on, micro forward: extreme macro on metal microtexture at macro flat-on, razor shallow depth of field, barely moving tiny forward drift only, then hard hold",museum track lighting with narrow beams on pedestals,research pen rubber grip section macro,"grip texture, dial collar, capped tip cover on; barrel window shows settled crystal-clear colorless liquid already inside at a stable level; never filling",P-CAGRI-001,Cagrilinitide,https://www.palmbeach-vitality.store/products/#cagrilinitide,"sports science · research pen rubber grip section macro · grip texture, dial collar, capped tip cover on; barrel window shows settled crystal-clear colorless liquid already inside at a stable level; never filling · a floating lab pod suspended in an atrium with cable trays as chandelier · museum track lighting with narrow beams on pedestals · shot:macro_detail · cap ON · label:Cagrilinitide","For laboratory research use only. Not for human use or consumption. Not a drug, dietary supplement, or cosmetic. Not evaluated by the FDA. Captions only — never burn this into the image or Grok prompt.",Active,131,
SCN-132,sterile_cleanroom,Sterile cleanroom · capped pen,Intimate cinematic entry: Sterile cleanroom & controlled environments. Inside a marble reception science gallery that transitions into a visible QC suite. Cable management is immaculate — luxury expressed as engineering discipline. The hush of validated equipment between runs. Keep every readable label sparse; if a compound name appears it must be exact and research-only.,"crane_settle, high three-quarter to eye-level, crane down: graceful crane-down from high front to settled hero (high three-quarter to eye-level), path is a straight descending line (straight descending crane), then hold",soft spa diffusion plus one hard scientific key light,research pen silhouette edge-lit,"rim light outlining form, cap on, dark field; barrel window shows settled crystal-clear colorless liquid already inside at a stable level; never filling",P-TA1-001,TA-1,https://www.palmbeach-vitality.store/products/#ta-1,"sterile cleanroom · research pen silhouette edge-lit · rim light outlining form, cap on, dark field; barrel window shows settled crystal-clear colorless liquid already inside at a stable level; never filling · a marble reception science gallery that transitions into a visible QC suite · soft spa diffusion plus one hard scientific key light · shot:crane_settle · cap ON · label:TA-1","For laboratory research use only. Not for human use or consumption. Not a drug, dietary supplement, or cosmetic. Not evaluated by the FDA. Captions only — never burn this into the image or Grok prompt.",Active,132,
SCN-133,molecular_imaging,Molecular imaging · capped pen,"Architectural reveal: Molecular imaging & microscopy cores. Inside a cedar sauna anteroom juxtaposed with a sealed research fridge behind glass. A faint ocean reflection ghosts across a glass partition. A showroom-ready stillness that still feels operational. Build depth with foreground glass, mid-ground hero, and soft background process glow.","push_out, eye-level, backward expand: deliberate straight push-out from tight port crop to full product at eye-level, path is a straight retreat only (straight backward), then hold",golden coastal window light mixed with white LED task lamps,compact travel research pen shorter body,"shorter form factor, capped tip cover on; barrel window shows settled crystal-clear colorless liquid already inside at a stable level; never filling",P-DSIP-001,DSIP,https://www.palmbeach-vitality.store/products/#dsip,"molecular imaging · compact travel research pen shorter body · shorter form factor, capped tip cover on; barrel window shows settled crystal-clear colorless liquid already inside at a stable level; never filling · a cedar sauna anteroom juxtaposed with a sealed research fridge behind glass · golden coastal window light mixed with white LED task lamps · shot:push_out · cap ON · label:DSIP","For laboratory research use only. Not for human use or consumption. Not a drug, dietary supplement, or cosmetic. Not evaluated by the FDA. Captions only — never burn this into the image or Grok prompt.",Active,133,
SCN-134,analytical_qc,Analytical QC · capped pen,"Macro-world portal: Analytical QC & identity confirmation. Inside a silent metrology room with granite tables and vibration-isolated instruments. The floor epoxy has a subtle marble swirl catching a rim light streak. The tension between wellness softness and lab rigor. Treat the environment as a character — the peptide research story is told by place, light, and material.","pedestal_up, eye-level, pedestal up: creeping pedestal up a few centimeters from chest height at eye-level, lighting wrap shifts on edges, no sideways travel (straight up pedestal), then hold",low-key cinematic spotlight with velvet falloff,research pen on mirrored chrome plate,"hard specular highlights, product catalog, cap on; barrel window shows settled crystal-clear colorless liquid already inside at a stable level; never filling",P-TESAIPA-001,Tesamorelin/Ipamorelin,https://www.palmbeach-vitality.store/products/#tesamorelin,"analytical qc · research pen on mirrored chrome plate · hard specular highlights, product catalog, cap on; barrel window shows settled crystal-clear colorless liquid already inside at a stable level; never filling · a silent metrology room with granite tables and vibration-isolated instruments · low-key cinematic spotlight with velvet falloff · shot:pedestal_up · cap ON · label:Tesamorelin/Ipamorelin","For laboratory research use only. Not for human use or consumption. Not a drug, dietary supplement, or cosmetic. Not evaluated by the FDA. Captions only — never burn this into the image or Grok prompt.",Active,134,
SCN-135,discovery_bench,Discovery chemistry benches · capped pen,After-hours R&D atmosphere: Discovery chemistry benches. Inside a moonlit rooftop observatory deck adjacent to a molecular biology suite. Condensation beads map a perfect gradient down a cold pen shoulder. An almost theatrical reveal of research craftsmanship. Use negative space generously so the scene breathes and never feels like a cluttered bench dump.,"pedestal_down, eye-level, pedestal down: creeping pedestal down a few centimeters from upper third at eye-level, lighting wrap shifts on edges, no sideways travel (straight down pedestal), then hold",fluorescence-inspired cyan accent without neon cartoon glow,single sealed Palm Beach Vitality research pen on a matte acrylic pedestal,"cap on, one pen only — no second pen, no carousel, no pen tray; barrel window shows settled crystal-clear colorless liquid already inside at a stable level; never filling",P-CJCIPA-001,CJC (no DAC)/Ipamorelin,https://www.palmbeach-vitality.store/products/#cjc-1295,"discovery bench · single sealed Palm Beach Vitality research pen on a matte acrylic pedestal · cap on, one pen only — no second pen, no carousel, no pen tray; barrel window shows settled crystal-clear colorless liquid already inside at a stable level; never filling · a moonlit rooftop observatory deck adjacent to a molecular biology suite · fluorescence-inspired cyan accent without neon cartoon glow · shot:pedestal_down · cap ON · label:CJC (no DAC)/Ipamorelin","For laboratory research use only. Not for human use or consumption. Not a drug, dietary supplement, or cosmetic. Not evaluated by the FDA. Captions only — never burn this into the image or Grok prompt.",Active,135,
SCN-136,peptide_synthesis,Peptide synthesis · capped pen,Coastal biotech brochure frame: Peptide synthesis & solid-phase chemistry. Inside a soft-pink wellness R&D studio cooled by clinical steel islands. Frost blooms into fern-like crystals on a freezer window port. Quiet prosperity — science as coastal luxury infrastructure. Compose as a vertical 9:16 hero still that could open a premium Instagram reel.,"profile_ltr, true side profile left, profile track L→R: brief side-profile track brief lateral left to right from near-profile at true side profile left, then settle and hard hold — brief lateral only, never a full circle",golden coastal window light mixed with white LED task lamps,research pen on frosted glass platform,"soft reflection beneath, barrel window, cap on; barrel window shows settled crystal-clear colorless liquid already inside at a stable level; never filling",P-BPC-001,BPC-157,https://www.palmbeach-vitality.store/products/#bpc-157,"peptide synthesis · research pen on frosted glass platform · soft reflection beneath, barrel window, cap on; barrel window shows settled crystal-clear colorless liquid already inside at a stable level; never filling · a soft-pink wellness R&D studio cooled by clinical steel islands · golden coastal window light mixed with white LED task lamps · shot:profile_ltr · cap ON · label:BPC-157","For laboratory research use only. Not for human use or consumption. Not a drug, dietary supplement, or cosmetic. Not evaluated by the FDA. Captions only — never burn this into the image or Grok prompt.",Active,136,
SCN-137,formulation_suite,Formulation · capped pen,Quiet luxury-science tableau: Formulation & compounding research suites. Inside a subterranean cryo vault with frosted stainless doors and vapor wisps. Polished black acrylic gives a soft reflection without cloning a second hero object. The feeling that a breakthrough is minutes away off-frame. Keep every readable label sparse; if a compound name appears it must be exact and research-only.,"profile_rtl, true side profile right, profile track R→L: brief side-profile track brief lateral right to left from near-profile at true side profile right, then settle and hard hold — brief lateral only, never a full circle",fluorescence-inspired cyan accent without neon cartoon glow,research pen rubber grip section macro,"grip texture, dial collar, capped tip cover on; barrel window shows settled crystal-clear colorless liquid already inside at a stable level; never filling",P-RETA-001,Retatrutide,https://www.palmbeach-vitality.store/products/#retatrutide,"formulation suite · research pen rubber grip section macro · grip texture, dial collar, capped tip cover on; barrel window shows settled crystal-clear colorless liquid already inside at a stable level; never filling · a subterranean cryo vault with frosted stainless doors and vapor wisps · fluorescence-inspired cyan accent without neon cartoon glow · shot:profile_rtl · cap ON · label:Retatrutide","For laboratory research use only. Not for human use or consumption. Not a drug, dietary supplement, or cosmetic. Not evaluated by the FDA. Captions only — never burn this into the image or Grok prompt.",Active,137,
SCN-138,wellness_retail_lab,Boutique wellness × lab hybrid spaces · capped pen,Process-gallery spectacle: Boutique wellness × lab hybrid spaces. Inside a peptide synthesis gallery with resin columns and nitrogen lines as architecture. A faint ocean reflection ghosts across a glass partition. Premium calm: every object placed with intentional design. Use negative space generously so the scene breathes and never feels like a cluttered bench dump.,"doc_drift, eye-level documentary, doc forward drift: barely drifting micro drift micro forward drift from loose mid-shot at eye-level documentary, scientific documentary energy, then hold — no circling path",bright clinical cove lighting plus cool instrument practicals,precision research pen standing upright,"vertical hero, soft reflection, cap on; barrel window shows settled crystal-clear colorless liquid already inside at a stable level; never filling",P-GHK-001,GHK-Cu,https://www.palmbeach-vitality.store/products/#ghk-cu,"wellness retail lab · precision research pen standing upright · vertical hero, soft reflection, cap on; barrel window shows settled crystal-clear colorless liquid already inside at a stable level; never filling · a peptide synthesis gallery with resin columns and nitrogen lines as architectur · bright clinical cove lighting plus cool instrument practicals · shot:doc_drift · cap ON · label:GHK-Cu","For laboratory research use only. Not for human use or consumption. Not a drug, dietary supplement, or cosmetic. Not evaluated by the FDA. Captions only — never burn this into the image or Grok prompt.",Active,138,
SCN-139,wellness_innovation,Health · capped pen,"Wellness-meets-lab hybrid: Health & wellness innovation studios. Inside a sports-performance science lab with force-plate flooring and calibrated gear racks. A faint ocean reflection ghosts across a glass partition. Industrial poetry — pipes and glass as modern sculpture. Let architecture lead, then reward the eye with one unmistakable research focal point.","label_rise, label-plane flat, rise to label: measured vertical lift from lower body then lock off on the label plane at label-plane flat, straight rise only (straight up to label lock), then hold",noir side light with controlled speculars on glass and metal,slim research pen graphite gray body,"matte gray finish, dial collar, cap on; barrel window shows settled crystal-clear colorless liquid already inside at a stable level; never filling",P-NAD-001,NAD+,https://www.palmbeach-vitality.store/products/#nad,"wellness innovation · slim research pen graphite gray body · matte gray finish, dial collar, cap on; barrel window shows settled crystal-clear colorless liquid already inside at a stable level; never filling · a sports-performance science lab with force-plate flooring and calibrated gear r · noir side light with controlled speculars on glass and metal · shot:label_rise · cap ON · label:NAD+","For laboratory research use only. Not for human use or consumption. Not a drug, dietary supplement, or cosmetic. Not evaluated by the FDA. Captions only — never burn this into the image or Grok prompt.",Active,139,
SCN-140,pilot_scale,Pilot-scale process development · capped pen,"Discovery-morning clarity: Pilot-scale process development. Inside a high-throughput analytical bay lined with HPLC stacks and quiet solvent cabinets. A faint ocean reflection ghosts across a glass partition. Client-facing wonder without tipping into medical theater. Make the still exciting enough that a slow camera move will feel like entering a world, not inspecting a SKU.","wide_env, eye-level wide, wide to hero forward: measured push-in from room-context wide into subject-dominant frame at eye-level wide, straight forward path only (straight forward into subject), then hold",low-key cinematic spotlight with velvet falloff,slim research pen graphite gray body,"matte gray finish, dial collar, cap on; barrel window shows settled crystal-clear colorless liquid already inside at a stable level; never filling",P-SEMA-001,Semaglutide,https://www.palmbeach-vitality.store/products/#semaglutide,"pilot scale · slim research pen graphite gray body · matte gray finish, dial collar, cap on; barrel window shows settled crystal-clear colorless liquid already inside at a stable level; never filling · a high-throughput analytical bay lined with HPLC stacks and quiet solvent cabine · low-key cinematic spotlight with velvet falloff · shot:wide_env · cap ON · label:Semaglutide","For laboratory research use only. Not for human use or consumption. Not a drug, dietary supplement, or cosmetic. Not evaluated by the FDA. Captions only — never burn this into the image or Grok prompt.",Active,140,
SCN-141,longevity_lab,Longevity · capped pen,"Wide establishing energy: Longevity & cellular research suites. Inside a rooftop greenhouse annex connected to a cellular biology lab via glass bridge. Cable management is immaculate — luxury expressed as engineering discipline. A slow sense of discovery in the empty room. Treat the environment as a character — the peptide research story is told by place, light, and material.","offset_left, eye-level, offset left micro-push: locked offset composition with subject subject far left third at eye-level, micro push subtle breathing push-in only, negative space on right, then hold",soft spa diffusion plus one hard scientific key light,research pen with protective tip shield locked,"safety shield engaged, cap on; barrel window shows settled clear bright blue liquid already inside at a stable level (GLOW only — blue liquid); never filling",P-GLOW-001,GLOW,https://www.palmbeach-vitality.store/products/#glow,"longevity lab · research pen with protective tip shield locked · safety shield engaged, cap on; barrel window shows settled clear bright blue liquid already inside at a stable level (GLOW only — blue liquid); never filling · a rooftop greenhouse annex connected to a cellular biology lab via glass bridge · soft spa diffusion plus one hard scientific key light · shot:offset_left · cap ON · label:GLOW","For laboratory research use only. Not for human use or consumption. Not a drug, dietary supplement, or cosmetic. Not evaluated by the FDA. Captions only — never burn this into the image or Grok prompt.",Active,141,
SCN-142,archive_documentation,Research documentation · capped pen,Intimate cinematic entry: Research documentation & standards archives. Inside a walnut-and-steel executive science lounge overlooking a manicured courtyard. Rain streaks the exterior glass while the interior stays surgically dry. The hush of validated equipment between runs. Use negative space generously so the scene breathes and never feels like a cluttered bench dump.,"offset_right, eye-level, offset right micro-push: locked offset composition with subject subject far right third at eye-level, micro push subtle breathing push-in only, negative space on left, then hold",fluorescence-inspired cyan accent without neon cartoon glow,slim research pen graphite gray body,"matte gray finish, dial collar, cap on; barrel window shows settled crystal-clear colorless liquid already inside at a stable level; never filling",P-SERM-001,Sermorelin,https://www.palmbeach-vitality.store/products/#sermorelin,"archive documentation · slim research pen graphite gray body · matte gray finish, dial collar, cap on; barrel window shows settled crystal-clear colorless liquid already inside at a stable level; never filling · a walnut-and-steel executive science lounge overlooking a manicured courtyard · fluorescence-inspired cyan accent without neon cartoon glow · shot:offset_right · cap ON · label:Sermorelin","For laboratory research use only. Not for human use or consumption. Not a drug, dietary supplement, or cosmetic. Not evaluated by the FDA. Captions only — never burn this into the image or Grok prompt.",Active,142,
SCN-143,biotech_campus,Biotech R · capped pen,"Architectural reveal: Biotech R&D campus interiors. Inside a longevity institute reading room meeting a wet-lab through a glass airlock. A soft abstract wall wash with no readable lettering or repeated motifs. A showroom-ready stillness that still feels operational. Prioritize photoreal materials: glass weight, metal wear, frost, epoxy sheen, fabric sterile blues.","dolly_in_low, low-angle, low forward: creeping low dolly-in from low wide at low-angle, straight forward path only (straight forward low), then hold",low-key cinematic spotlight with velvet falloff,research pen silhouette edge-lit,"rim light outlining form, cap on, dark field; barrel window shows settled crystal-clear colorless liquid already inside at a stable level; never filling",P-PT141-001,PT-141,https://www.palmbeach-vitality.store/products/#pt-141,"biotech campus · research pen silhouette edge-lit · rim light outlining form, cap on, dark field; barrel window shows settled crystal-clear colorless liquid already inside at a stable level; never filling · a longevity institute reading room meeting a wet-lab through a glass airlock · low-key cinematic spotlight with velvet falloff · shot:dolly_in_low · cap ON · label:PT-141","For laboratory research use only. Not for human use or consumption. Not a drug, dietary supplement, or cosmetic. Not evaluated by the FDA. Captions only — never burn this into the image or Grok prompt.",Active,143,
SCN-144,palm_beach_showroom,Palm Beach premium research showrooms · capped pen,"Macro-world portal: Palm Beach premium research showrooms. Inside a high-throughput analytical bay lined with HPLC stacks and quiet solvent cabinets. Brass and stainless share the frame — wellness luxury meeting laboratory steel. The tension between wellness softness and lab rigor. Prioritize photoreal materials: glass weight, metal wear, frost, epoxy sheen, fabric sterile blues.","dolly_in_high, slight-high, high forward: creeping high dolly-in from high wide at slight-high, straight forward path only (straight forward high), then hold",fluorescence-inspired cyan accent without neon cartoon glow,research pen with dose window close-up,"numeric window readable, shallow depth, cap on; barrel window shows settled crystal-clear colorless liquid already inside at a stable level; never filling",P-TIRZ-001,Tirzepatide,https://www.palmbeach-vitality.store/products/#tirzepatide,"palm beach showroom · research pen with dose window close-up · numeric window readable, shallow depth, cap on; barrel window shows settled crystal-clear colorless liquid already inside at a stable level; never filling · a high-throughput analytical bay lined with HPLC stacks and quiet solvent cabine · fluorescence-inspired cyan accent without neon cartoon glow · shot:dolly_in_high · cap ON · label:Tirzepatide","For laboratory research use only. Not for human use or consumption. Not a drug, dietary supplement, or cosmetic. Not evaluated by the FDA. Captions only — never burn this into the image or Grok prompt.",Active,144,
SCN-145,cryo_cold_chain,Cryostorage · capped pen,"After-hours R&D atmosphere: Cryostorage & cold-chain research logistics. Inside a QC war-room with blank monitors and a single illuminated chromatogram print. Soft bokeh of city lights beyond the lab glass reminds you this is coastal biotech. An almost theatrical reveal of research craftsmanship. Prioritize photoreal materials: glass weight, metal wear, frost, epoxy sheen, fabric sterile blues.","static_lock, slight-low, no travel / locked: locked tripod hold at slight-low, subject centered mid-frame, frozen — camera body does not travel, direction locked, then hold",soft spa diffusion plus one hard scientific key light,precision research pen standing upright,"vertical hero, soft reflection, cap on; barrel window shows settled crystal-clear colorless liquid already inside at a stable level; never filling",P-MOTS-001,MOTS-C,https://www.palmbeach-vitality.store/products/#mots-c,"cryo cold chain · precision research pen standing upright · vertical hero, soft reflection, cap on; barrel window shows settled crystal-clear colorless liquid already inside at a stable level; never filling · a QC war-room with blank monitors and a single illuminated chromatogram print · soft spa diffusion plus one hard scientific key light · shot:static_lock · cap ON · label:MOTS-C","For laboratory research use only. Not for human use or consumption. Not a drug, dietary supplement, or cosmetic. Not evaluated by the FDA. Captions only — never burn this into the image or Grok prompt.",Active,145,
SCN-146,sports_science,Sports science · capped pen,Coastal biotech brochure frame: Sports science & performance research labs. Inside a soft-pink wellness R&D studio cooled by clinical steel islands. Soft bokeh of city lights beyond the lab glass reminds you this is coastal biotech. Quiet prosperity — science as coastal luxury infrastructure. Keep every readable label sparse; if a compound name appears it must be exact and research-only.,"push_in, eye-level, forward: creeping straight push-in from medium-close toward closer detail at eye-level, path is a straight forward line only (straight forward), then hold",museum track lighting with narrow beams on pedestals,single sealed Palm Beach Vitality research pen on a matte acrylic pedestal,"cap on, one pen only — no second pen, no carousel, no pen tray; barrel window shows settled crystal-clear colorless liquid already inside at a stable level; never filling",P-SEL-001,Selank,https://www.palmbeach-vitality.store/products/#selank,"sports science · single sealed Palm Beach Vitality research pen on a matte acrylic pedestal · cap on, one pen only — no second pen, no carousel, no pen tray; barrel window shows settled crystal-clear colorless liquid already inside at a stable level; never filling · a soft-pink wellness R&D studio cooled by clinical steel islands · museum track lighting with narrow beams on pedestals · shot:push_in · cap ON · label:Selank","For laboratory research use only. Not for human use or consumption. Not a drug, dietary supplement, or cosmetic. Not evaluated by the FDA. Captions only — never burn this into the image or Grok prompt.",Active,146,
SCN-147,sterile_cleanroom,Sterile cleanroom · capped pen,"Quiet luxury-science tableau: Sterile cleanroom & controlled environments. Inside a rain-soaked loading dock for validated cold-chain totes under sodium lamps. A silent alarm tower glows green — all systems nominal, nobody present. The feeling that a breakthrough is minutes away off-frame. Build depth with foreground glass, mid-ground hero, and soft background process glow.","pull_back, eye-level, backward: start on tight edge crop then creeping straight pull-back to full hero at eye-level, path is a straight retreat only (straight backward), then hold",under-cabinet ribbon light and dark ceiling void,single sealed Palm Beach Vitality research pen on a matte acrylic pedestal,"cap on, one pen only — no second pen, no carousel, no pen tray; barrel window shows settled crystal-clear colorless liquid already inside at a stable level; never filling",P-TB500-001,TB-500,https://www.palmbeach-vitality.store/products/#tb-500,"sterile cleanroom · single sealed Palm Beach Vitality research pen on a matte acrylic pedestal · cap on, one pen only — no second pen, no carousel, no pen tray; barrel window shows settled crystal-clear colorless liquid already inside at a stable level; never filling · a rain-soaked loading dock for validated cold-chain totes under sodium lamps · under-cabinet ribbon light and dark ceiling void · shot:pull_back · cap ON · label:TB-500","For laboratory research use only. Not for human use or consumption. Not a drug, dietary supplement, or cosmetic. Not evaluated by the FDA. Captions only — never burn this into the image or Grok prompt.",Active,147,
SCN-148,molecular_imaging,Molecular imaging · capped pen,"Process-gallery spectacle: Molecular imaging & microscopy cores. Inside an amber-lit lyophilization corridor with freeze-dryer portholes like portholes on a ship. A soft abstract wall wash with no readable lettering or repeated motifs. Premium calm: every object placed with intentional design. Prioritize photoreal materials: glass weight, metal wear, frost, epoxy sheen, fabric sterile blues.","vertical_rise, eye-level rising, up: creeping vertical rise from foot of instrument to top detail at eye-level rising, path is a straight up-line only (straight up), then hold",bright clinical cove lighting plus cool instrument practicals,research pen on frosted glass platform,"soft reflection beneath, barrel window, cap on; barrel window shows settled crystal-clear colorless liquid already inside at a stable level; never filling",P-5A1MQ-001,5-Amino-1MQ,https://www.palmbeach-vitality.store/products/#5-amino-1mq,"molecular imaging · research pen on frosted glass platform · soft reflection beneath, barrel window, cap on; barrel window shows settled crystal-clear colorless liquid already inside at a stable level; never filling · an amber-lit lyophilization corridor with freeze-dryer portholes like portholes  · bright clinical cove lighting plus cool instrument practicals · shot:vertical_rise · cap ON · label:5-Amino-1MQ","For laboratory research use only. Not for human use or consumption. Not a drug, dietary supplement, or cosmetic. Not evaluated by the FDA. Captions only — never burn this into the image or Grok prompt.",Active,148,
SCN-149,analytical_qc,Analytical QC · capped pen,"Wellness-meets-lab hybrid: Analytical QC & identity confirmation. Inside a high-throughput analytical bay lined with HPLC stacks and quiet solvent cabinets. A rack of pipette tips becomes a geometric sculpture in shallow depth of field. Industrial poetry — pipes and glass as modern sculpture. Let architecture lead, then reward the eye with one unmistakable research focal point.","vertical_descend, high settling to eye-level, down: creeping vertical descend from upper rim into settled hero at high settling to eye-level, path is a straight down-line only (straight down), then hold",noir side light with controlled speculars on glass and metal,research pen on frosted glass platform,"soft reflection beneath, barrel window, cap on; barrel window shows settled crystal-clear colorless liquid already inside at a stable level; never filling",P-TESA-001,Tesamorelin,https://www.palmbeach-vitality.store/products/#tesamorelin,"analytical qc · research pen on frosted glass platform · soft reflection beneath, barrel window, cap on; barrel window shows settled crystal-clear colorless liquid already inside at a stable level; never filling · a high-throughput analytical bay lined with HPLC stacks and quiet solvent cabine · noir side light with controlled speculars on glass and metal · shot:vertical_descend · cap ON · label:Tesamorelin","For laboratory research use only. Not for human use or consumption. Not a drug, dietary supplement, or cosmetic. Not evaluated by the FDA. Captions only — never burn this into the image or Grok prompt.",Active,149,
SCN-150,discovery_bench,Discovery chemistry benches · capped pen,"Discovery-morning clarity: Discovery chemistry benches. Inside a charcoal-walled VIP research briefing room with a lit specimen niche. Rain streaks the exterior glass while the interior stays surgically dry. Client-facing wonder without tipping into medical theater. Treat the environment as a character — the peptide research story is told by place, light, and material.","lateral_ltr, eye-level, left-to-right: creeping lateral slide left to right starting just left of center at eye-level, focus locked on subject, straight horizontal path only, then hold",noir side light with controlled speculars on glass and metal,research pen on frosted glass platform,"soft reflection beneath, barrel window, cap on; barrel window shows settled crystal-clear colorless liquid already inside at a stable level; never filling",P-KPV-001,KPV,https://www.palmbeach-vitality.store/products/#kpv,"discovery bench · research pen on frosted glass platform · soft reflection beneath, barrel window, cap on; barrel window shows settled crystal-clear colorless liquid already inside at a stable level; never filling · a charcoal-walled VIP research briefing room with a lit specimen niche · noir side light with controlled speculars on glass and metal · shot:lateral_ltr · cap ON · label:KPV","For laboratory research use only. Not for human use or consumption. Not a drug, dietary supplement, or cosmetic. Not evaluated by the FDA. Captions only — never burn this into the image or Grok prompt.",Active,150,
