scene_id,category,scene_brief,status,times_used,last_used_at
1,Product Hero & Macro,"Extreme macro of pre-filled research pen on polished black reflective surface, soft rim light from behind, slow 360° orbit at eye level.",Active,0,
2,Product Hero & Macro,"Clear glass research vial gently floating and turning on matte pure white infinity surface, with gentle dry-ice style fog drifting, extreme macro push-in.",Active,0,
3,Product Hero & Macro,"Hero shot of sealed peptide vial with rubber stopper with dramatic single hard key light, with subtle floating dust motes in light beams, captured with gentle top-down descending crane.",Active,0,
4,Product Hero & Macro,"Detail study of research pen with visible liquid barrel focusing on liquid and glass, cool clinical blue-white LED, low angle tracking slide.",Active,0,
5,Product Hero & Macro,"Sterile research vial revealed with being placed with precise gloved hands, warm golden hour side light on dark charcoal concrete.",Active,0,
6,Product Hero & Macro,"Clean product portrait of precision research pen, with light caustics refracting across the surface, subtle handheld micro-movement.",Active,0,
7,Product Hero & Macro,Macro texture study of amber-tinted research vial label and glass under split complementary teal and amber.,Active,0,
8,Product Hero & Macro,"Dual research pens side by side in pure clinical emptiness, low-key selective highlight only, slow elegant movement.",Active,0,
9,Product Hero & Macro,"Side profile of single research pen standing upright showing liquid refraction, soft bounce from below, vertical rise from base to top.",Active,0,
10,Product Hero & Macro,"Top-down composition of research vial lying on its side on mirrored chrome surface, hard specular edge light, minimal and precise.",Active,0,
11,Product Hero & Macro,"Extreme macro of pre-filled research pen on textured slate, volumetric god rays through haze, fast resolve into locked hero frame.",Active,0,
12,Product Hero & Macro,"Clear glass research vial with light traveling slowly across its surface on soft gray linen, with gentle liquid swirl inside the container, circular arc that never fully completes.",Active,0,
13,Product Hero & Macro,"Hero shot of sealed peptide vial with rubber stopper with practical small LED panel visible in frame, with perfect mirror reflection below, captured with over-the-shoulder gloved perspective.",Active,0,
14,Product Hero & Macro,"Detail study of research pen with visible liquid barrel focusing on liquid and glass, cool overhead fluorescent lab feel, extreme high angle looking straight down.",Active,0,
15,Product Hero & Macro,"Sterile research vial revealed with with elegant mechanical precision of movement, warm under-light glow on translucent frosted panel.",Active,0,
16,Product Hero & Macro,"Clean product portrait of precision research pen, with soft particle haze, slow 360° orbit at eye level.",Active,0,
17,Product Hero & Macro,Macro texture study of amber-tinted research vial label and glass under clean high-key beauty lighting.,Active,0,
18,Product Hero & Macro,"Dual research pens side by side with perfect with subtle floating dust motes in light beams, dramatic single hard key light, slow elegant movement.",Active,0,
19,Product Hero & Macro,"Side profile of single research pen standing upright showing liquid refraction, cool clinical blue-white LED, low angle tracking slide.",Active,0,
20,Product Hero & Macro,"Top-down composition of research vial lying on its side on dark charcoal concrete, warm golden hour side light, minimal and precise.",Active,0,
21,Product Hero & Macro,"Extreme macro of pre-filled research pen on frosted glass platform, soft diffused overhead, subtle handheld micro-movement.",Active,0,
22,Product Hero & Macro,"Clear glass research vial with a single drop forming at the tip on clean acrylic riser, with soft volumetric atmosphere, spiral orbit combined with slow push.",Active,0,
23,Product Hero & Macro,"Hero shot of sealed peptide vial with rubber stopper with low-key selective highlight only, in pure clinical emptiness, captured with lateral motion-control track.",Active,0,
24,Product Hero & Macro,"Detail study of research pen with visible liquid barrel focusing on liquid and glass, soft bounce from below, vertical rise from base to top.",Active,0,
25,Product Hero & Macro,"Sterile research vial revealed with reflected perfectly in the surface below, hard specular edge light on mirrored chrome surface.",Active,0,
26,Product Hero & Macro,"Clean product portrait of precision research pen, with abstract geometric light patterns, fast resolve into locked hero frame.",Active,0,
27,Product Hero & Macro,Macro texture study of amber-tinted research vial label and glass under soft window light with gentle falloff.,Active,0,
28,Product Hero & Macro,"Dual research pens side by side with mirror reflection below, practical small LED panel visible in frame, slow elegant movement.",Active,0,
29,Product Hero & Macro,"Side profile of single research pen standing upright showing liquid refraction, cool overhead fluorescent lab feel, extreme high angle looking straight down.",Active,0,
30,Product Hero & Macro,"Top-down composition of research vial lying on its side on translucent frosted panel, warm under-light glow, minimal and precise.",Active,0,
31,Product Hero & Macro,"Extreme macro of pre-filled research pen on polished black reflective surface, soft rim light from behind, slow 360° orbit at eye level.",Active,0,
32,Product Hero & Macro,"Clear glass research vial gently floating and turning on matte pure white infinity surface, with gentle dry-ice style fog drifting, extreme macro push-in.",Active,0,
33,Product Hero & Macro,"Hero shot of sealed peptide vial with rubber stopper with dramatic single hard key light, with subtle floating dust motes in light beams, captured with gentle top-down descending crane.",Active,0,
34,Product Hero & Macro,"Detail study of research pen with visible liquid barrel focusing on liquid and glass, cool clinical blue-white LED, low angle tracking slide.",Active,0,
35,Product Hero & Macro,"Sterile research vial revealed with being placed with precise gloved hands, warm golden hour side light on dark charcoal concrete.",Active,0,
36,Product Hero & Macro,"Clean product portrait of precision research pen, with light caustics refracting across the surface, subtle handheld micro-movement.",Active,0,
37,Product Hero & Macro,Macro texture study of amber-tinted research vial label and glass under split complementary teal and amber.,Active,0,
38,Product Hero & Macro,"Dual research pens side by side in pure clinical emptiness, low-key selective highlight only, slow elegant movement.",Active,0,
39,Product Hero & Macro,"Side profile of single research pen standing upright showing liquid refraction, soft bounce from below, vertical rise from base to top.",Active,0,
40,Product Hero & Macro,"Top-down composition of research vial lying on its side on mirrored chrome surface, hard specular edge light, minimal and precise.",Active,0,
41,Product Hero & Macro,"Extreme macro of pre-filled research pen on textured slate, volumetric god rays through haze, fast resolve into locked hero frame.",Active,0,
42,Product Hero & Macro,"Clear glass research vial with light traveling slowly across its surface on soft gray linen, with gentle liquid swirl inside the container, circular arc that never fully completes.",Active,0,
43,Product Hero & Macro,"Hero shot of sealed peptide vial with rubber stopper with practical small LED panel visible in frame, with perfect mirror reflection below, captured with over-the-shoulder gloved perspective.",Active,0,
44,Product Hero & Macro,"Detail study of research pen with visible liquid barrel focusing on liquid and glass, cool overhead fluorescent lab feel, extreme high angle looking straight down.",Active,0,
45,Product Hero & Macro,"Sterile research vial revealed with with elegant mechanical precision of movement, warm under-light glow on translucent frosted panel.",Active,0,
46,Product Hero & Macro,"Clean product portrait of precision research pen, with soft particle haze, slow 360° orbit at eye level.",Active,0,
47,Product Hero & Macro,Macro texture study of amber-tinted research vial label and glass under clean high-key beauty lighting.,Active,0,
48,Product Hero & Macro,"Dual research pens side by side with perfect with subtle floating dust motes in light beams, dramatic single hard key light, slow elegant movement.",Active,0,
49,Product Hero & Macro,"Side profile of single research pen standing upright showing liquid refraction, cool clinical blue-white LED, low angle tracking slide.",Active,0,
50,Product Hero & Macro,"Top-down composition of research vial lying on its side on dark charcoal concrete, warm golden hour side light, minimal and precise.",Active,0,
51,Product Hero & Macro,"Extreme macro of pre-filled research pen on frosted glass platform, soft diffused overhead, subtle handheld micro-movement.",Active,0,
52,Product Hero & Macro,"Clear glass research vial with a single drop forming at the tip on clean acrylic riser, with soft volumetric atmosphere, spiral orbit combined with slow push.",Active,0,
53,Product Hero & Macro,"Hero shot of sealed peptide vial with rubber stopper with low-key selective highlight only, in pure clinical emptiness, captured with lateral motion-control track.",Active,0,
54,Product Hero & Macro,"Detail study of research pen with visible liquid barrel focusing on liquid and glass, soft bounce from below, vertical rise from base to top.",Active,0,
55,Product Hero & Macro,"Sterile research vial revealed with reflected perfectly in the surface below, hard specular edge light on mirrored chrome surface.",Active,0,
56,Product Hero & Macro,"Clean product portrait of precision research pen, with abstract geometric light patterns, fast resolve into locked hero frame.",Active,0,
57,Product Hero & Macro,Macro texture study of amber-tinted research vial label and glass under soft window light with gentle falloff.,Active,0,
58,Product Hero & Macro,"Dual research pens side by side with mirror reflection below, practical small LED panel visible in frame, slow elegant movement.",Active,0,
59,Product Hero & Macro,"Side profile of single research pen standing upright showing liquid refraction, cool overhead fluorescent lab feel, extreme high angle looking straight down.",Active,0,
60,Product Hero & Macro,"Top-down composition of research vial lying on its side on translucent frosted panel, warm under-light glow, minimal and precise.",Active,0,
61,Product Hero & Macro,"Extreme macro of pre-filled research pen on polished black reflective surface, soft rim light from behind, slow 360° orbit at eye level.",Active,0,
62,Product Hero & Macro,"Clear glass research vial gently floating and turning on matte pure white infinity surface, with gentle dry-ice style fog drifting, extreme macro push-in.",Active,0,
63,Product Hero & Macro,"Hero shot of sealed peptide vial with rubber stopper with dramatic single hard key light, with subtle floating dust motes in light beams, captured with gentle top-down descending crane.",Active,0,
64,Product Hero & Macro,"Detail study of research pen with visible liquid barrel focusing on liquid and glass, cool clinical blue-white LED, low angle tracking slide.",Active,0,
65,Product Hero & Macro,"Sterile research vial revealed with being placed with precise gloved hands, warm golden hour side light on dark charcoal concrete.",Active,0,
66,Product Hero & Macro,"Clean product portrait of precision research pen, with light caustics refracting across the surface, subtle handheld micro-movement.",Active,0,
67,Product Hero & Macro,Macro texture study of amber-tinted research vial label and glass under split complementary teal and amber.,Active,0,
68,Product Hero & Macro,"Dual research pens side by side in pure clinical emptiness, low-key selective highlight only, slow elegant movement.",Active,0,
69,Product Hero & Macro,"Side profile of single research pen standing upright showing liquid refraction, soft bounce from below, vertical rise from base to top.",Active,0,
70,Product Hero & Macro,"Top-down composition of research vial lying on its side on mirrored chrome surface, hard specular edge light, minimal and precise.",Active,0,
71,Laboratory & Scientific Environments,"Pre-filled research pen inside a clean laminar flow hood, soft rim light from behind, with soft particle haze, slow 360° orbit at eye level.",Active,0,
72,Laboratory & Scientific Environments,"Clear glass research vial on a sterile stainless work surface, clean high-key beauty lighting, with gentle dry-ice style fog drifting, extreme macro push-in.",Active,0,
73,Laboratory & Scientific Environments,"Sealed peptide vial with rubber stopper next to precise volumetric glassware, dramatic single hard key light, with subtle floating dust motes in light beams, gentle top-down descending crane.",Active,0,
74,Laboratory & Scientific Environments,"Research pen with visible liquid barrel under soft blue-white cleanroom lighting, cool clinical blue-white LED, in clean negative space, low angle tracking slide.",Active,0,
75,Laboratory & Scientific Environments,"Sterile research vial with gloved hands carefully handling it, warm golden hour side light, with soft bokeh circles drifting past, locked-off static with internal motion only.",Active,0,
76,Laboratory & Scientific Environments,"Precision research pen beside a digital analytical scale, soft diffused overhead, with light caustics refracting across the surface, subtle handheld micro-movement.",Active,0,
77,Laboratory & Scientific Environments,"Amber-tinted research vial in front of softly blurred lab equipment, split complementary teal and amber, with soft volumetric atmosphere, spiral orbit combined with slow push.",Active,0,
78,Laboratory & Scientific Environments,"Dual research pens side by side near a sterile packaging station, low-key selective highlight only, in pure clinical emptiness, lateral motion-control track.",Active,0,
79,Laboratory & Scientific Environments,"Single research pen standing upright in a cold storage rack with soft fog, soft bounce from below, with delicate condensation on glass, vertical rise from base to top.",Active,0,
80,Laboratory & Scientific Environments,"Research vial lying on its side on an organized research bench with minimal tools, hard specular edge light, with soft fabric movement in background, soft focus rack from background to product.",Active,0,
81,Laboratory & Scientific Environments,"Pre-filled research pen through the glass of a fume hood, volumetric god rays through haze, with abstract geometric light patterns, fast resolve into locked hero frame.",Active,0,
82,Laboratory & Scientific Environments,"Clear glass research vial next to clean pipettes and tips, soft window light with gentle falloff, with gentle liquid swirl inside the container, circular arc that never fully completes.",Active,0,
83,Laboratory & Scientific Environments,"Sealed peptide vial with rubber stopper in a bright modern laboratory environment, practical small LED panel visible in frame, with perfect mirror reflection below, over-the-shoulder gloved perspective.",Active,0,
84,Laboratory & Scientific Environments,"Research pen with visible liquid barrel with soft reflection on polished lab surfaces, cool overhead fluorescent lab feel, with soft shadow only, extreme high angle looking straight down.",Active,0,
85,Laboratory & Scientific Environments,"Sterile research vial during a careful visual inspection against light, warm under-light glow, with almost no shadow, pure beauty light, slow pull-out revealing environment.",Active,0,
86,Laboratory & Scientific Environments,"Precision research pen inside a clean laminar flow hood, soft rim light from behind, with soft particle haze, slow 360° orbit at eye level.",Active,0,
87,Laboratory & Scientific Environments,"Amber-tinted research vial on a sterile stainless work surface, clean high-key beauty lighting, with gentle dry-ice style fog drifting, extreme macro push-in.",Active,0,
88,Laboratory & Scientific Environments,"Dual research pens side by side next to precise volumetric glassware, dramatic single hard key light, with subtle floating dust motes in light beams, gentle top-down descending crane.",Active,0,
89,Laboratory & Scientific Environments,"Single research pen standing upright under soft blue-white cleanroom lighting, cool clinical blue-white LED, in clean negative space, low angle tracking slide.",Active,0,
90,Laboratory & Scientific Environments,"Research vial lying on its side with gloved hands carefully handling it, warm golden hour side light, with soft bokeh circles drifting past, locked-off static with internal motion only.",Active,0,
91,Laboratory & Scientific Environments,"Pre-filled research pen beside a digital analytical scale, soft diffused overhead, with light caustics refracting across the surface, subtle handheld micro-movement.",Active,0,
92,Laboratory & Scientific Environments,"Clear glass research vial in front of softly blurred lab equipment, split complementary teal and amber, with soft volumetric atmosphere, spiral orbit combined with slow push.",Active,0,
93,Laboratory & Scientific Environments,"Sealed peptide vial with rubber stopper near a sterile packaging station, low-key selective highlight only, in pure clinical emptiness, lateral motion-control track.",Active,0,
94,Laboratory & Scientific Environments,"Research pen with visible liquid barrel in a cold storage rack with soft fog, soft bounce from below, with delicate condensation on glass, vertical rise from base to top.",Active,0,
95,Laboratory & Scientific Environments,"Sterile research vial on an organized research bench with minimal tools, hard specular edge light, with soft fabric movement in background, soft focus rack from background to product.",Active,0,
96,Laboratory & Scientific Environments,"Precision research pen through the glass of a fume hood, volumetric god rays through haze, with abstract geometric light patterns, fast resolve into locked hero frame.",Active,0,
97,Laboratory & Scientific Environments,"Amber-tinted research vial next to clean pipettes and tips, soft window light with gentle falloff, with gentle liquid swirl inside the container, circular arc that never fully completes.",Active,0,
98,Laboratory & Scientific Environments,"Dual research pens side by side in a bright modern laboratory environment, practical small LED panel visible in frame, with perfect mirror reflection below, over-the-shoulder gloved perspective.",Active,0,
99,Laboratory & Scientific Environments,"Single research pen standing upright with soft reflection on polished lab surfaces, cool overhead fluorescent lab feel, with soft shadow only, extreme high angle looking straight down.",Active,0,
100,Laboratory & Scientific Environments,"Research vial lying on its side during a careful visual inspection against light, warm under-light glow, with almost no shadow, pure beauty light, slow pull-out revealing environment.",Active,0,
101,Laboratory & Scientific Environments,"Pre-filled research pen inside a clean laminar flow hood, soft rim light from behind, with soft particle haze, slow 360° orbit at eye level.",Active,0,
102,Laboratory & Scientific Environments,"Clear glass research vial on a sterile stainless work surface, clean high-key beauty lighting, with gentle dry-ice style fog drifting, extreme macro push-in.",Active,0,
103,Laboratory & Scientific Environments,"Sealed peptide vial with rubber stopper next to precise volumetric glassware, dramatic single hard key light, with subtle floating dust motes in light beams, gentle top-down descending crane.",Active,0,
104,Laboratory & Scientific Environments,"Research pen with visible liquid barrel under soft blue-white cleanroom lighting, cool clinical blue-white LED, in clean negative space, low angle tracking slide.",Active,0,
105,Laboratory & Scientific Environments,"Sterile research vial with gloved hands carefully handling it, warm golden hour side light, with soft bokeh circles drifting past, locked-off static with internal motion only.",Active,0,
106,Laboratory & Scientific Environments,"Precision research pen beside a digital analytical scale, soft diffused overhead, with light caustics refracting across the surface, subtle handheld micro-movement.",Active,0,
107,Laboratory & Scientific Environments,"Amber-tinted research vial in front of softly blurred lab equipment, split complementary teal and amber, with soft volumetric atmosphere, spiral orbit combined with slow push.",Active,0,
108,Laboratory & Scientific Environments,"Dual research pens side by side near a sterile packaging station, low-key selective highlight only, in pure clinical emptiness, lateral motion-control track.",Active,0,
109,Laboratory & Scientific Environments,"Single research pen standing upright in a cold storage rack with soft fog, soft bounce from below, with delicate condensation on glass, vertical rise from base to top.",Active,0,
110,Laboratory & Scientific Environments,"Research vial lying on its side on an organized research bench with minimal tools, hard specular edge light, with soft fabric movement in background, soft focus rack from background to product.",Active,0,
111,Laboratory & Scientific Environments,"Pre-filled research pen through the glass of a fume hood, volumetric god rays through haze, with abstract geometric light patterns, fast resolve into locked hero frame.",Active,0,
112,Laboratory & Scientific Environments,"Clear glass research vial next to clean pipettes and tips, soft window light with gentle falloff, with gentle liquid swirl inside the container, circular arc that never fully completes.",Active,0,
113,Laboratory & Scientific Environments,"Sealed peptide vial with rubber stopper in a bright modern laboratory environment, practical small LED panel visible in frame, with perfect mirror reflection below, over-the-shoulder gloved perspective.",Active,0,
114,Laboratory & Scientific Environments,"Research pen with visible liquid barrel with soft reflection on polished lab surfaces, cool overhead fluorescent lab feel, with soft shadow only, extreme high angle looking straight down.",Active,0,
115,Laboratory & Scientific Environments,"Sterile research vial during a careful visual inspection against light, warm under-light glow, with almost no shadow, pure beauty light, slow pull-out revealing environment.",Active,0,
116,Laboratory & Scientific Environments,"Precision research pen inside a clean laminar flow hood, soft rim light from behind, with soft particle haze, slow 360° orbit at eye level.",Active,0,
117,Laboratory & Scientific Environments,"Amber-tinted research vial on a sterile stainless work surface, clean high-key beauty lighting, with gentle dry-ice style fog drifting, extreme macro push-in.",Active,0,
118,Laboratory & Scientific Environments,"Dual research pens side by side next to precise volumetric glassware, dramatic single hard key light, with subtle floating dust motes in light beams, gentle top-down descending crane.",Active,0,
119,Laboratory & Scientific Environments,"Single research pen standing upright under soft blue-white cleanroom lighting, cool clinical blue-white LED, in clean negative space, low angle tracking slide.",Active,0,
120,Laboratory & Scientific Environments,"Research vial lying on its side with gloved hands carefully handling it, warm golden hour side light, with soft bokeh circles drifting past, locked-off static with internal motion only.",Active,0,
121,Laboratory & Scientific Environments,"Pre-filled research pen beside a digital analytical scale, soft diffused overhead, with light caustics refracting across the surface, subtle handheld micro-movement.",Active,0,
122,Laboratory & Scientific Environments,"Clear glass research vial in front of softly blurred lab equipment, split complementary teal and amber, with soft volumetric atmosphere, spiral orbit combined with slow push.",Active,0,
123,Laboratory & Scientific Environments,"Sealed peptide vial with rubber stopper near a sterile packaging station, low-key selective highlight only, in pure clinical emptiness, lateral motion-control track.",Active,0,
124,Laboratory & Scientific Environments,"Research pen with visible liquid barrel in a cold storage rack with soft fog, soft bounce from below, with delicate condensation on glass, vertical rise from base to top.",Active,0,
125,Laboratory & Scientific Environments,"Sterile research vial on an organized research bench with minimal tools, hard specular edge light, with soft fabric movement in background, soft focus rack from background to product.",Active,0,
126,Laboratory & Scientific Environments,"Precision research pen through the glass of a fume hood, volumetric god rays through haze, with abstract geometric light patterns, fast resolve into locked hero frame.",Active,0,
127,Laboratory & Scientific Environments,"Amber-tinted research vial next to clean pipettes and tips, soft window light with gentle falloff, with gentle liquid swirl inside the container, circular arc that never fully completes.",Active,0,
128,Laboratory & Scientific Environments,"Dual research pens side by side in a bright modern laboratory environment, practical small LED panel visible in frame, with perfect mirror reflection below, over-the-shoulder gloved perspective.",Active,0,
129,Laboratory & Scientific Environments,"Single research pen standing upright with soft reflection on polished lab surfaces, cool overhead fluorescent lab feel, with soft shadow only, extreme high angle looking straight down.",Active,0,
130,Laboratory & Scientific Environments,"Research vial lying on its side during a careful visual inspection against light, warm under-light glow, with almost no shadow, pure beauty light, slow pull-out revealing environment.",Active,0,
131,Laboratory & Scientific Environments,"Pre-filled research pen inside a clean laminar flow hood, soft rim light from behind, with soft particle haze, slow 360° orbit at eye level.",Active,0,
132,Laboratory & Scientific Environments,"Clear glass research vial on a sterile stainless work surface, clean high-key beauty lighting, with gentle dry-ice style fog drifting, extreme macro push-in.",Active,0,
133,Laboratory & Scientific Environments,"Sealed peptide vial with rubber stopper next to precise volumetric glassware, dramatic single hard key light, with subtle floating dust motes in light beams, gentle top-down descending crane.",Active,0,
134,Laboratory & Scientific Environments,"Research pen with visible liquid barrel under soft blue-white cleanroom lighting, cool clinical blue-white LED, in clean negative space, low angle tracking slide.",Active,0,
135,Laboratory & Scientific Environments,"Sterile research vial with gloved hands carefully handling it, warm golden hour side light, with soft bokeh circles drifting past, locked-off static with internal motion only.",Active,0,
136,Laboratory & Scientific Environments,"Precision research pen beside a digital analytical scale, soft diffused overhead, with light caustics refracting across the surface, subtle handheld micro-movement.",Active,0,
137,Laboratory & Scientific Environments,"Amber-tinted research vial in front of softly blurred lab equipment, split complementary teal and amber, with soft volumetric atmosphere, spiral orbit combined with slow push.",Active,0,
138,Laboratory & Scientific Environments,"Dual research pens side by side near a sterile packaging station, low-key selective highlight only, in pure clinical emptiness, lateral motion-control track.",Active,0,
139,Laboratory & Scientific Environments,"Single research pen standing upright in a cold storage rack with soft fog, soft bounce from below, with delicate condensation on glass, vertical rise from base to top.",Active,0,
140,Laboratory & Scientific Environments,"Research vial lying on its side on an organized research bench with minimal tools, hard specular edge light, with soft fabric movement in background, soft focus rack from background to product.",Active,0,
141,Molecular & Chemical Structure Visuals,"Clean 3d ball-and-stick model of a peptide chain, slowly rotating in dark space, soft rim light from behind, with soft particle haze, slow 360° orbit at eye level.",Active,0,
142,Molecular & Chemical Structure Visuals,"Soft ribbon cartoon representation of a peptide chain, gently undulating and turning, clean high-key beauty lighting, with gentle dry-ice style fog drifting, extreme macro push-in.",Active,0,
143,Molecular & Chemical Structure Visuals,"Elegant glowing node-and-bond network of a peptide chain, assembling bond by bond, dramatic single hard key light, with subtle floating dust motes in light beams, gentle top-down descending crane.",Active,0,
144,Molecular & Chemical Structure Visuals,"Translucent electron density cloud of a peptide chain, dissolving into particles then reforming, cool clinical blue-white LED, in clean negative space, low angle tracking slide.",Active,0,
145,Molecular & Chemical Structure Visuals,"Minimal line-art molecular diagram of a peptide chain, with soft internal volumetric light, warm golden hour side light, with soft bokeh circles drifting past, locked-off static with internal motion only.",Active,0,
146,Molecular & Chemical Structure Visuals,"High-end holographic projection style of a peptide chain, against pure black void, soft diffused overhead, with light caustics refracting across the surface, subtle handheld micro-movement.",Active,0,
147,Molecular & Chemical Structure Visuals,"Soft pastel scientific rendering of a peptide chain, with elegant orbital motion, split complementary teal and amber, with soft volumetric atmosphere, spiral orbit combined with slow push.",Active,0,
148,Molecular & Chemical Structure Visuals,"Dark dramatic molecular model with rim light of a peptide chain, as camera flies through the structure, low-key selective highlight only, in pure clinical emptiness, lateral motion-control track.",Active,0,
149,Molecular & Chemical Structure Visuals,"Wireframe structure with glowing edges of a peptide chain, with dual warm and cool lighting, soft bounce from below, with delicate condensation on glass, vertical rise from base to top.",Active,0,
150,Molecular & Chemical Structure Visuals,"Volumetric molecular form with internal light of a peptide chain, transitioning from structure into product silhouette, hard specular edge light, with soft fabric movement in background, soft focus rack from background to product.",Active,0,
151,Molecular & Chemical Structure Visuals,"Abstract particle-based structure of a peptide chain, slowly rotating in dark space, volumetric god rays through haze, with abstract geometric light patterns, fast resolve into locked hero frame.",Active,0,
152,Molecular & Chemical Structure Visuals,"Dual warm/cool lit molecular form of a peptide chain, gently undulating and turning, soft window light with gentle falloff, with gentle liquid swirl inside the container, circular arc that never fully completes.",Active,0,
153,Molecular & Chemical Structure Visuals,"Molecular model dissolving into atoms of a peptide chain, assembling bond by bond, practical small LED panel visible in frame, with perfect mirror reflection below, over-the-shoulder gloved perspective.",Active,0,
154,Molecular & Chemical Structure Visuals,"Large-scale molecular landscape the camera flies through of a peptide chain, dissolving into particles then reforming, cool overhead fluorescent lab feel, with soft shadow only, extreme high angle looking straight down.",Active,0,
155,Molecular & Chemical Structure Visuals,"Structure slowly assembling bond by bond of a peptide chain, with soft internal volumetric light, warm under-light glow, with almost no shadow, pure beauty light, slow pull-out revealing environment.",Active,0,
156,Molecular & Chemical Structure Visuals,"Clean 3d ball-and-stick model of a peptide chain, against pure black void, soft rim light from behind, with soft particle haze, slow 360° orbit at eye level.",Active,0,
157,Molecular & Chemical Structure Visuals,"Soft ribbon cartoon representation of a peptide chain, with elegant orbital motion, clean high-key beauty lighting, with gentle dry-ice style fog drifting, extreme macro push-in.",Active,0,
158,Molecular & Chemical Structure Visuals,"Elegant glowing node-and-bond network of a peptide chain, as camera flies through the structure, dramatic single hard key light, with subtle floating dust motes in light beams, gentle top-down descending crane.",Active,0,
159,Molecular & Chemical Structure Visuals,"Translucent electron density cloud of a peptide chain, with dual warm and cool lighting, cool clinical blue-white LED, in clean negative space, low angle tracking slide.",Active,0,
160,Molecular & Chemical Structure Visuals,"Minimal line-art molecular diagram of a peptide chain, transitioning from structure into product silhouette, warm golden hour side light, with soft bokeh circles drifting past, locked-off static with internal motion only.",Active,0,
161,Molecular & Chemical Structure Visuals,"High-end holographic projection style of a peptide chain, slowly rotating in dark space, soft diffused overhead, with light caustics refracting across the surface, subtle handheld micro-movement.",Active,0,
162,Molecular & Chemical Structure Visuals,"Soft pastel scientific rendering of a peptide chain, gently undulating and turning, split complementary teal and amber, with soft volumetric atmosphere, spiral orbit combined with slow push.",Active,0,
163,Molecular & Chemical Structure Visuals,"Dark dramatic molecular model with rim light of a peptide chain, assembling bond by bond, low-key selective highlight only, in pure clinical emptiness, lateral motion-control track.",Active,0,
164,Molecular & Chemical Structure Visuals,"Wireframe structure with glowing edges of a peptide chain, dissolving into particles then reforming, soft bounce from below, with delicate condensation on glass, vertical rise from base to top.",Active,0,
165,Molecular & Chemical Structure Visuals,"Volumetric molecular form with internal light of a peptide chain, with soft internal volumetric light, hard specular edge light, with soft fabric movement in background, soft focus rack from background to product.",Active,0,
166,Molecular & Chemical Structure Visuals,"Abstract particle-based structure of a peptide chain, against pure black void, volumetric god rays through haze, with abstract geometric light patterns, fast resolve into locked hero frame.",Active,0,
167,Molecular & Chemical Structure Visuals,"Dual warm/cool lit molecular form of a peptide chain, with elegant orbital motion, soft window light with gentle falloff, with gentle liquid swirl inside the container, circular arc that never fully completes.",Active,0,
168,Molecular & Chemical Structure Visuals,"Molecular model dissolving into atoms of a peptide chain, as camera flies through the structure, practical small LED panel visible in frame, with perfect mirror reflection below, over-the-shoulder gloved perspective.",Active,0,
169,Molecular & Chemical Structure Visuals,"Large-scale molecular landscape the camera flies through of a peptide chain, with dual warm and cool lighting, cool overhead fluorescent lab feel, with soft shadow only, extreme high angle looking straight down.",Active,0,
170,Molecular & Chemical Structure Visuals,"Structure slowly assembling bond by bond of a peptide chain, transitioning from structure into product silhouette, warm under-light glow, with almost no shadow, pure beauty light, slow pull-out revealing environment.",Active,0,
171,Molecular & Chemical Structure Visuals,"Clean 3d ball-and-stick model of a peptide chain, slowly rotating in dark space, soft rim light from behind, with soft particle haze, slow 360° orbit at eye level.",Active,0,
172,Molecular & Chemical Structure Visuals,"Soft ribbon cartoon representation of a peptide chain, gently undulating and turning, clean high-key beauty lighting, with gentle dry-ice style fog drifting, extreme macro push-in.",Active,0,
173,Molecular & Chemical Structure Visuals,"Elegant glowing node-and-bond network of a peptide chain, assembling bond by bond, dramatic single hard key light, with subtle floating dust motes in light beams, gentle top-down descending crane.",Active,0,
174,Molecular & Chemical Structure Visuals,"Translucent electron density cloud of a peptide chain, dissolving into particles then reforming, cool clinical blue-white LED, in clean negative space, low angle tracking slide.",Active,0,
175,Molecular & Chemical Structure Visuals,"Minimal line-art molecular diagram of a peptide chain, with soft internal volumetric light, warm golden hour side light, with soft bokeh circles drifting past, locked-off static with internal motion only.",Active,0,
176,Molecular & Chemical Structure Visuals,"High-end holographic projection style of a peptide chain, against pure black void, soft diffused overhead, with light caustics refracting across the surface, subtle handheld micro-movement.",Active,0,
177,Molecular & Chemical Structure Visuals,"Soft pastel scientific rendering of a peptide chain, with elegant orbital motion, split complementary teal and amber, with soft volumetric atmosphere, spiral orbit combined with slow push.",Active,0,
178,Molecular & Chemical Structure Visuals,"Dark dramatic molecular model with rim light of a peptide chain, as camera flies through the structure, low-key selective highlight only, in pure clinical emptiness, lateral motion-control track.",Active,0,
179,Molecular & Chemical Structure Visuals,"Wireframe structure with glowing edges of a peptide chain, with dual warm and cool lighting, soft bounce from below, with delicate condensation on glass, vertical rise from base to top.",Active,0,
180,Molecular & Chemical Structure Visuals,"Volumetric molecular form with internal light of a peptide chain, transitioning from structure into product silhouette, hard specular edge light, with soft fabric movement in background, soft focus rack from background to product.",Active,0,
181,Molecular & Chemical Structure Visuals,"Abstract particle-based structure of a peptide chain, slowly rotating in dark space, volumetric god rays through haze, with abstract geometric light patterns, fast resolve into locked hero frame.",Active,0,
182,Molecular & Chemical Structure Visuals,"Dual warm/cool lit molecular form of a peptide chain, gently undulating and turning, soft window light with gentle falloff, with gentle liquid swirl inside the container, circular arc that never fully completes.",Active,0,
183,Molecular & Chemical Structure Visuals,"Molecular model dissolving into atoms of a peptide chain, assembling bond by bond, practical small LED panel visible in frame, with perfect mirror reflection below, over-the-shoulder gloved perspective.",Active,0,
184,Molecular & Chemical Structure Visuals,"Large-scale molecular landscape the camera flies through of a peptide chain, dissolving into particles then reforming, cool overhead fluorescent lab feel, with soft shadow only, extreme high angle looking straight down.",Active,0,
185,Molecular & Chemical Structure Visuals,"Structure slowly assembling bond by bond of a peptide chain, with soft internal volumetric light, warm under-light glow, with almost no shadow, pure beauty light, slow pull-out revealing environment.",Active,0,
186,Molecular & Chemical Structure Visuals,"Clean 3d ball-and-stick model of a peptide chain, against pure black void, soft rim light from behind, with soft particle haze, slow 360° orbit at eye level.",Active,0,
187,Molecular & Chemical Structure Visuals,"Soft ribbon cartoon representation of a peptide chain, with elegant orbital motion, clean high-key beauty lighting, with gentle dry-ice style fog drifting, extreme macro push-in.",Active,0,
188,Molecular & Chemical Structure Visuals,"Elegant glowing node-and-bond network of a peptide chain, as camera flies through the structure, dramatic single hard key light, with subtle floating dust motes in light beams, gentle top-down descending crane.",Active,0,
189,Molecular & Chemical Structure Visuals,"Translucent electron density cloud of a peptide chain, with dual warm and cool lighting, cool clinical blue-white LED, in clean negative space, low angle tracking slide.",Active,0,
190,Molecular & Chemical Structure Visuals,"Minimal line-art molecular diagram of a peptide chain, transitioning from structure into product silhouette, warm golden hour side light, with soft bokeh circles drifting past, locked-off static with internal motion only.",Active,0,
191,Molecular & Chemical Structure Visuals,"High-end holographic projection style of a peptide chain, slowly rotating in dark space, soft diffused overhead, with light caustics refracting across the surface, subtle handheld micro-movement.",Active,0,
192,Molecular & Chemical Structure Visuals,"Soft pastel scientific rendering of a peptide chain, gently undulating and turning, split complementary teal and amber, with soft volumetric atmosphere, spiral orbit combined with slow push.",Active,0,
193,Molecular & Chemical Structure Visuals,"Dark dramatic molecular model with rim light of a peptide chain, assembling bond by bond, low-key selective highlight only, in pure clinical emptiness, lateral motion-control track.",Active,0,
194,Molecular & Chemical Structure Visuals,"Wireframe structure with glowing edges of a peptide chain, dissolving into particles then reforming, soft bounce from below, with delicate condensation on glass, vertical rise from base to top.",Active,0,
195,Molecular & Chemical Structure Visuals,"Volumetric molecular form with internal light of a peptide chain, with soft internal volumetric light, hard specular edge light, with soft fabric movement in background, soft focus rack from background to product.",Active,0,
196,Molecular & Chemical Structure Visuals,"Abstract particle-based structure of a peptide chain, against pure black void, volumetric god rays through haze, with abstract geometric light patterns, fast resolve into locked hero frame.",Active,0,
197,Molecular & Chemical Structure Visuals,"Dual warm/cool lit molecular form of a peptide chain, with elegant orbital motion, soft window light with gentle falloff, with gentle liquid swirl inside the container, circular arc that never fully completes.",Active,0,
198,Molecular & Chemical Structure Visuals,"Molecular model dissolving into atoms of a peptide chain, as camera flies through the structure, practical small LED panel visible in frame, with perfect mirror reflection below, over-the-shoulder gloved perspective.",Active,0,
199,Molecular & Chemical Structure Visuals,"Large-scale molecular landscape the camera flies through of a peptide chain, with dual warm and cool lighting, cool overhead fluorescent lab feel, with soft shadow only, extreme high angle looking straight down.",Active,0,
200,Molecular & Chemical Structure Visuals,"Structure slowly assembling bond by bond of a peptide chain, transitioning from structure into product silhouette, warm under-light glow, with almost no shadow, pure beauty light, slow pull-out revealing environment.",Active,0,
201,Molecular & Chemical Structure Visuals,"Clean 3d ball-and-stick model of a peptide chain, slowly rotating in dark space, soft rim light from behind, with soft particle haze, slow 360° orbit at eye level.",Active,0,
202,Molecular & Chemical Structure Visuals,"Soft ribbon cartoon representation of a peptide chain, gently undulating and turning, clean high-key beauty lighting, with gentle dry-ice style fog drifting, extreme macro push-in.",Active,0,
203,Molecular & Chemical Structure Visuals,"Elegant glowing node-and-bond network of a peptide chain, assembling bond by bond, dramatic single hard key light, with subtle floating dust motes in light beams, gentle top-down descending crane.",Active,0,
204,Molecular & Chemical Structure Visuals,"Translucent electron density cloud of a peptide chain, dissolving into particles then reforming, cool clinical blue-white LED, in clean negative space, low angle tracking slide.",Active,0,
205,Molecular & Chemical Structure Visuals,"Minimal line-art molecular diagram of a peptide chain, with soft internal volumetric light, warm golden hour side light, with soft bokeh circles drifting past, locked-off static with internal motion only.",Active,0,
206,Molecular & Chemical Structure Visuals,"High-end holographic projection style of a peptide chain, against pure black void, soft diffused overhead, with light caustics refracting across the surface, subtle handheld micro-movement.",Active,0,
207,Molecular & Chemical Structure Visuals,"Soft pastel scientific rendering of a peptide chain, with elegant orbital motion, split complementary teal and amber, with soft volumetric atmosphere, spiral orbit combined with slow push.",Active,0,
208,Molecular & Chemical Structure Visuals,"Dark dramatic molecular model with rim light of a peptide chain, as camera flies through the structure, low-key selective highlight only, in pure clinical emptiness, lateral motion-control track.",Active,0,
209,Molecular & Chemical Structure Visuals,"Wireframe structure with glowing edges of a peptide chain, with dual warm and cool lighting, soft bounce from below, with delicate condensation on glass, vertical rise from base to top.",Active,0,
210,Molecular & Chemical Structure Visuals,"Volumetric molecular form with internal light of a peptide chain, transitioning from structure into product silhouette, hard specular edge light, with soft fabric movement in background, soft focus rack from background to product.",Active,0,
211,"Production, Process & Manufacturing","Stylized research process: clear liquid being gently transferred between sterile vessels, soft rim light from behind, with soft particle haze, slow 360° orbit at eye level.",Active,0,
212,"Production, Process & Manufacturing","Stylized research process: precise pipetting sequence in slow motion, clean high-key beauty lighting, with gentle dry-ice style fog drifting, extreme macro push-in.",Active,0,
213,"Production, Process & Manufacturing","Stylized research process: liquid passing through a clean filtration membrane, dramatic single hard key light, with subtle floating dust motes in light beams, gentle top-down descending crane.",Active,0,
214,"Production, Process & Manufacturing","Stylized research process: sterile filling of pen barrels with rhythmic precision, cool clinical blue-white LED, in clean negative space, low angle tracking slide.",Active,0,
215,"Production, Process & Manufacturing","Stylized research process: careful visual clarity inspection under bright light, warm golden hour side light, with soft bokeh circles drifting past, locked-off static with internal motion only.",Active,0,
216,"Production, Process & Manufacturing","Stylized research process: product being sealed into clean protective packaging, soft diffused overhead, with light caustics refracting across the surface, subtle handheld micro-movement.",Active,0,
217,"Production, Process & Manufacturing","Stylized research process: soft color shift inside a reaction flask under controlled light, split complementary teal and amber, with soft volumetric atmosphere, spiral orbit combined with slow push.",Active,0,
218,"Production, Process & Manufacturing","Stylized research process: organized cold-chain movement of research units, low-key selective highlight only, in pure clinical emptiness, lateral motion-control track.",Active,0,
219,"Production, Process & Manufacturing","Stylized research process: final labeling and sealing with mechanical elegance, soft bounce from below, with delicate condensation on glass, vertical rise from base to top.",Active,0,
220,"Production, Process & Manufacturing","Stylized research process: rhythmic montage of clean process steps, hard specular edge light, with soft fabric movement in background, soft focus rack from background to product.",Active,0,
221,"Production, Process & Manufacturing","Stylized research process: product emerging from protective outer packaging, volumetric god rays through haze, with abstract geometric light patterns, fast resolve into locked hero frame.",Active,0,
222,"Production, Process & Manufacturing","Stylized research process: gentle mixing or swirling of clear research liquid, soft window light with gentle falloff, with gentle liquid swirl inside the container, circular arc that never fully completes.",Active,0,
223,"Production, Process & Manufacturing","Stylized research process: sterile transfer lines with smooth liquid flow, practical small LED panel visible in frame, with perfect mirror reflection below, over-the-shoulder gloved perspective.",Active,0,
224,"Production, Process & Manufacturing","Stylized research process: quality control moment under focused light, cool overhead fluorescent lab feel, with soft shadow only, extreme high angle looking straight down.",Active,0,
225,"Production, Process & Manufacturing","Stylized research process: abstract purification stages becoming progressively clearer, warm under-light glow, with almost no shadow, pure beauty light, slow pull-out revealing environment.",Active,0,
226,"Production, Process & Manufacturing","Stylized research process: clear liquid being gently transferred between sterile vessels, soft rim light from behind, with soft particle haze, slow 360° orbit at eye level.",Active,0,
227,"Production, Process & Manufacturing","Stylized research process: precise pipetting sequence in slow motion, clean high-key beauty lighting, with gentle dry-ice style fog drifting, extreme macro push-in.",Active,0,
228,"Production, Process & Manufacturing","Stylized research process: liquid passing through a clean filtration membrane, dramatic single hard key light, with subtle floating dust motes in light beams, gentle top-down descending crane.",Active,0,
229,"Production, Process & Manufacturing","Stylized research process: sterile filling of pen barrels with rhythmic precision, cool clinical blue-white LED, in clean negative space, low angle tracking slide.",Active,0,
230,"Production, Process & Manufacturing","Stylized research process: careful visual clarity inspection under bright light, warm golden hour side light, with soft bokeh circles drifting past, locked-off static with internal motion only.",Active,0,
231,"Production, Process & Manufacturing","Stylized research process: product being sealed into clean protective packaging, soft diffused overhead, with light caustics refracting across the surface, subtle handheld micro-movement.",Active,0,
232,"Production, Process & Manufacturing","Stylized research process: soft color shift inside a reaction flask under controlled light, split complementary teal and amber, with soft volumetric atmosphere, spiral orbit combined with slow push.",Active,0,
233,"Production, Process & Manufacturing","Stylized research process: organized cold-chain movement of research units, low-key selective highlight only, in pure clinical emptiness, lateral motion-control track.",Active,0,
234,"Production, Process & Manufacturing","Stylized research process: final labeling and sealing with mechanical elegance, soft bounce from below, with delicate condensation on glass, vertical rise from base to top.",Active,0,
235,"Production, Process & Manufacturing","Stylized research process: rhythmic montage of clean process steps, hard specular edge light, with soft fabric movement in background, soft focus rack from background to product.",Active,0,
236,"Production, Process & Manufacturing","Stylized research process: product emerging from protective outer packaging, volumetric god rays through haze, with abstract geometric light patterns, fast resolve into locked hero frame.",Active,0,
237,"Production, Process & Manufacturing","Stylized research process: gentle mixing or swirling of clear research liquid, soft window light with gentle falloff, with gentle liquid swirl inside the container, circular arc that never fully completes.",Active,0,
238,"Production, Process & Manufacturing","Stylized research process: sterile transfer lines with smooth liquid flow, practical small LED panel visible in frame, with perfect mirror reflection below, over-the-shoulder gloved perspective.",Active,0,
239,"Production, Process & Manufacturing","Stylized research process: quality control moment under focused light, cool overhead fluorescent lab feel, with soft shadow only, extreme high angle looking straight down.",Active,0,
240,"Production, Process & Manufacturing","Stylized research process: abstract purification stages becoming progressively clearer, warm under-light glow, with almost no shadow, pure beauty light, slow pull-out revealing environment.",Active,0,
241,"Production, Process & Manufacturing","Stylized research process: clear liquid being gently transferred between sterile vessels, soft rim light from behind, with soft particle haze, slow 360° orbit at eye level.",Active,0,
242,"Production, Process & Manufacturing","Stylized research process: precise pipetting sequence in slow motion, clean high-key beauty lighting, with gentle dry-ice style fog drifting, extreme macro push-in.",Active,0,
243,"Production, Process & Manufacturing","Stylized research process: liquid passing through a clean filtration membrane, dramatic single hard key light, with subtle floating dust motes in light beams, gentle top-down descending crane.",Active,0,
244,"Production, Process & Manufacturing","Stylized research process: sterile filling of pen barrels with rhythmic precision, cool clinical blue-white LED, in clean negative space, low angle tracking slide.",Active,0,
245,"Production, Process & Manufacturing","Stylized research process: careful visual clarity inspection under bright light, warm golden hour side light, with soft bokeh circles drifting past, locked-off static with internal motion only.",Active,0,
246,"Production, Process & Manufacturing","Stylized research process: product being sealed into clean protective packaging, soft diffused overhead, with light caustics refracting across the surface, subtle handheld micro-movement.",Active,0,
247,"Production, Process & Manufacturing","Stylized research process: soft color shift inside a reaction flask under controlled light, split complementary teal and amber, with soft volumetric atmosphere, spiral orbit combined with slow push.",Active,0,
248,"Production, Process & Manufacturing","Stylized research process: organized cold-chain movement of research units, low-key selective highlight only, in pure clinical emptiness, lateral motion-control track.",Active,0,
249,"Production, Process & Manufacturing","Stylized research process: final labeling and sealing with mechanical elegance, soft bounce from below, with delicate condensation on glass, vertical rise from base to top.",Active,0,
250,"Production, Process & Manufacturing","Stylized research process: rhythmic montage of clean process steps, hard specular edge light, with soft fabric movement in background, soft focus rack from background to product.",Active,0,
251,"Production, Process & Manufacturing","Stylized research process: product emerging from protective outer packaging, volumetric god rays through haze, with abstract geometric light patterns, fast resolve into locked hero frame.",Active,0,
252,"Production, Process & Manufacturing","Stylized research process: gentle mixing or swirling of clear research liquid, soft window light with gentle falloff, with gentle liquid swirl inside the container, circular arc that never fully completes.",Active,0,
253,"Production, Process & Manufacturing","Stylized research process: sterile transfer lines with smooth liquid flow, practical small LED panel visible in frame, with perfect mirror reflection below, over-the-shoulder gloved perspective.",Active,0,
254,"Production, Process & Manufacturing","Stylized research process: quality control moment under focused light, cool overhead fluorescent lab feel, with soft shadow only, extreme high angle looking straight down.",Active,0,
255,"Production, Process & Manufacturing","Stylized research process: abstract purification stages becoming progressively clearer, warm under-light glow, with almost no shadow, pure beauty light, slow pull-out revealing environment.",Active,0,
256,"Production, Process & Manufacturing","Stylized research process: clear liquid being gently transferred between sterile vessels, soft rim light from behind, with soft particle haze, slow 360° orbit at eye level.",Active,0,
257,"Production, Process & Manufacturing","Stylized research process: precise pipetting sequence in slow motion, clean high-key beauty lighting, with gentle dry-ice style fog drifting, extreme macro push-in.",Active,0,
258,"Production, Process & Manufacturing","Stylized research process: liquid passing through a clean filtration membrane, dramatic single hard key light, with subtle floating dust motes in light beams, gentle top-down descending crane.",Active,0,
259,"Production, Process & Manufacturing","Stylized research process: sterile filling of pen barrels with rhythmic precision, cool clinical blue-white LED, in clean negative space, low angle tracking slide.",Active,0,
260,"Production, Process & Manufacturing","Stylized research process: careful visual clarity inspection under bright light, warm golden hour side light, with soft bokeh circles drifting past, locked-off static with internal motion only.",Active,0,
261,"Production, Process & Manufacturing","Stylized research process: product being sealed into clean protective packaging, soft diffused overhead, with light caustics refracting across the surface, subtle handheld micro-movement.",Active,0,
262,"Production, Process & Manufacturing","Stylized research process: soft color shift inside a reaction flask under controlled light, split complementary teal and amber, with soft volumetric atmosphere, spiral orbit combined with slow push.",Active,0,
263,"Production, Process & Manufacturing","Stylized research process: organized cold-chain movement of research units, low-key selective highlight only, in pure clinical emptiness, lateral motion-control track.",Active,0,
264,"Production, Process & Manufacturing","Stylized research process: final labeling and sealing with mechanical elegance, soft bounce from below, with delicate condensation on glass, vertical rise from base to top.",Active,0,
265,"Production, Process & Manufacturing","Stylized research process: rhythmic montage of clean process steps, hard specular edge light, with soft fabric movement in background, soft focus rack from background to product.",Active,0,
266,"Abstract, Artistic & Cinematic Science","Soft particle field slowly forming the product shape, featuring pre-filled research pen, soft rim light from behind, slow 360° orbit at eye level.",Active,0,
267,"Abstract, Artistic & Cinematic Science","Liquid-metal surface morphing into the product silhouette, featuring clear glass research vial, clean high-key beauty lighting, extreme macro push-in.",Active,0,
268,"Abstract, Artistic & Cinematic Science","Clean geometric light beams framing the product, featuring sealed peptide vial with rubber stopper, dramatic single hard key light, gentle top-down descending crane.",Active,0,
269,"Abstract, Artistic & Cinematic Science","Abstract cellular texture soft background, featuring research pen with visible liquid barrel, cool clinical blue-white LED, low angle tracking slide.",Active,0,
270,"Abstract, Artistic & Cinematic Science","Dark cinematic void with single spotlight, featuring sterile research vial, warm golden hour side light, locked-off static with internal motion only.",Active,0,
271,"Abstract, Artistic & Cinematic Science","Soft organic flowing forms interacting with product, featuring precision research pen, soft diffused overhead, subtle handheld micro-movement.",Active,0,
272,"Abstract, Artistic & Cinematic Science","High-contrast black and white with selective color on liquid, featuring amber-tinted research vial, split complementary teal and amber, spiral orbit combined with slow push.",Active,0,
273,"Abstract, Artistic & Cinematic Science","Ink dispersing in clear water in elegant slow motion, featuring dual research pens side by side, low-key selective highlight only, lateral motion-control track.",Active,0,
274,"Abstract, Artistic & Cinematic Science","Infinite mirror reflection tunnel of the product, featuring single research pen standing upright, soft bounce from below, vertical rise from base to top.",Active,0,
275,"Abstract, Artistic & Cinematic Science","Soft bokeh light circles drifting past sharp product, featuring research vial lying on its side, hard specular edge light, soft focus rack from background to product.",Active,0,
276,"Abstract, Artistic & Cinematic Science","Camera moving through layers of translucent scientific glass, featuring pre-filled research pen, volumetric god rays through haze, fast resolve into locked hero frame.",Active,0,
277,"Abstract, Artistic & Cinematic Science","Elegant light traveling across product over time, featuring clear glass research vial, soft window light with gentle falloff, circular arc that never fully completes.",Active,0,
278,"Abstract, Artistic & Cinematic Science","Abstract data-stream particles flowing around product, featuring sealed peptide vial with rubber stopper, practical small LED panel visible in frame, over-the-shoulder gloved perspective.",Active,0,
279,"Abstract, Artistic & Cinematic Science","Product resting in field of soft floating geometric shapes, featuring research pen with visible liquid barrel, cool overhead fluorescent lab feel, extreme high angle looking straight down.",Active,0,
280,"Abstract, Artistic & Cinematic Science","Shallow depth of field with only the tip in critical focus, featuring sterile research vial, warm under-light glow, slow pull-out revealing environment.",Active,0,
281,"Abstract, Artistic & Cinematic Science","Soft vapor trails forming abstract patterns, featuring precision research pen, soft rim light from behind, slow 360° orbit at eye level.",Active,0,
282,"Abstract, Artistic & Cinematic Science","Crystal refractive elements creating rainbow caustics, featuring amber-tinted research vial, clean high-key beauty lighting, extreme macro push-in.",Active,0,
283,"Abstract, Artistic & Cinematic Science","Minimalist single-color field with product as sole element, featuring dual research pens side by side, dramatic single hard key light, gentle top-down descending crane.",Active,0,
284,"Abstract, Artistic & Cinematic Science","Controlled soft glow emanating from the product, featuring single research pen standing upright, cool clinical blue-white LED, low angle tracking slide.",Active,0,
285,"Abstract, Artistic & Cinematic Science","Split warm/cool lighting creating visual tension across form, featuring research vial lying on its side, warm golden hour side light, locked-off static with internal motion only.",Active,0,
286,"Abstract, Artistic & Cinematic Science","Soft particle field slowly forming the product shape, featuring pre-filled research pen, soft diffused overhead, subtle handheld micro-movement.",Active,0,
287,"Abstract, Artistic & Cinematic Science","Liquid-metal surface morphing into the product silhouette, featuring clear glass research vial, split complementary teal and amber, spiral orbit combined with slow push.",Active,0,
288,"Abstract, Artistic & Cinematic Science","Clean geometric light beams framing the product, featuring sealed peptide vial with rubber stopper, low-key selective highlight only, lateral motion-control track.",Active,0,
289,"Abstract, Artistic & Cinematic Science","Abstract cellular texture soft background, featuring research pen with visible liquid barrel, soft bounce from below, vertical rise from base to top.",Active,0,
290,"Abstract, Artistic & Cinematic Science","Dark cinematic void with single spotlight, featuring sterile research vial, hard specular edge light, soft focus rack from background to product.",Active,0,
291,"Abstract, Artistic & Cinematic Science","Soft organic flowing forms interacting with product, featuring precision research pen, volumetric god rays through haze, fast resolve into locked hero frame.",Active,0,
292,"Abstract, Artistic & Cinematic Science","High-contrast black and white with selective color on liquid, featuring amber-tinted research vial, soft window light with gentle falloff, circular arc that never fully completes.",Active,0,
293,"Abstract, Artistic & Cinematic Science","Ink dispersing in clear water in elegant slow motion, featuring dual research pens side by side, practical small LED panel visible in frame, over-the-shoulder gloved perspective.",Active,0,
294,"Abstract, Artistic & Cinematic Science","Infinite mirror reflection tunnel of the product, featuring single research pen standing upright, cool overhead fluorescent lab feel, extreme high angle looking straight down.",Active,0,
295,"Abstract, Artistic & Cinematic Science","Soft bokeh light circles drifting past sharp product, featuring research vial lying on its side, warm under-light glow, slow pull-out revealing environment.",Active,0,
296,"Abstract, Artistic & Cinematic Science","Camera moving through layers of translucent scientific glass, featuring pre-filled research pen, soft rim light from behind, slow 360° orbit at eye level.",Active,0,
297,"Abstract, Artistic & Cinematic Science","Elegant light traveling across product over time, featuring clear glass research vial, clean high-key beauty lighting, extreme macro push-in.",Active,0,
298,"Abstract, Artistic & Cinematic Science","Abstract data-stream particles flowing around product, featuring sealed peptide vial with rubber stopper, dramatic single hard key light, gentle top-down descending crane.",Active,0,
299,"Abstract, Artistic & Cinematic Science","Product resting in field of soft floating geometric shapes, featuring research pen with visible liquid barrel, cool clinical blue-white LED, low angle tracking slide.",Active,0,
300,"Abstract, Artistic & Cinematic Science","Shallow depth of field with only the tip in critical focus, featuring sterile research vial, warm golden hour side light, locked-off static with internal motion only.",Active,0,
301,"Abstract, Artistic & Cinematic Science","Soft vapor trails forming abstract patterns, featuring precision research pen, soft diffused overhead, subtle handheld micro-movement.",Active,0,
302,"Abstract, Artistic & Cinematic Science","Crystal refractive elements creating rainbow caustics, featuring amber-tinted research vial, split complementary teal and amber, spiral orbit combined with slow push.",Active,0,
303,"Abstract, Artistic & Cinematic Science","Minimalist single-color field with product as sole element, featuring dual research pens side by side, low-key selective highlight only, lateral motion-control track.",Active,0,
304,"Abstract, Artistic & Cinematic Science","Controlled soft glow emanating from the product, featuring single research pen standing upright, soft bounce from below, vertical rise from base to top.",Active,0,
305,"Abstract, Artistic & Cinematic Science","Split warm/cool lighting creating visual tension across form, featuring research vial lying on its side, hard specular edge light, soft focus rack from background to product.",Active,0,
306,"Abstract, Artistic & Cinematic Science","Soft particle field slowly forming the product shape, featuring pre-filled research pen, volumetric god rays through haze, fast resolve into locked hero frame.",Active,0,
307,"Abstract, Artistic & Cinematic Science","Liquid-metal surface morphing into the product silhouette, featuring clear glass research vial, soft window light with gentle falloff, circular arc that never fully completes.",Active,0,
308,"Abstract, Artistic & Cinematic Science","Clean geometric light beams framing the product, featuring sealed peptide vial with rubber stopper, practical small LED panel visible in frame, over-the-shoulder gloved perspective.",Active,0,
309,"Abstract, Artistic & Cinematic Science","Abstract cellular texture soft background, featuring research pen with visible liquid barrel, cool overhead fluorescent lab feel, extreme high angle looking straight down.",Active,0,
310,"Abstract, Artistic & Cinematic Science","Dark cinematic void with single spotlight, featuring sterile research vial, warm under-light glow, slow pull-out revealing environment.",Active,0,
311,"Abstract, Artistic & Cinematic Science","Soft organic flowing forms interacting with product, featuring precision research pen, soft rim light from behind, slow 360° orbit at eye level.",Active,0,
312,"Abstract, Artistic & Cinematic Science","High-contrast black and white with selective color on liquid, featuring amber-tinted research vial, clean high-key beauty lighting, extreme macro push-in.",Active,0,
313,"Abstract, Artistic & Cinematic Science","Ink dispersing in clear water in elegant slow motion, featuring dual research pens side by side, dramatic single hard key light, gentle top-down descending crane.",Active,0,
314,"Abstract, Artistic & Cinematic Science","Infinite mirror reflection tunnel of the product, featuring single research pen standing upright, cool clinical blue-white LED, low angle tracking slide.",Active,0,
315,"Abstract, Artistic & Cinematic Science","Soft bokeh light circles drifting past sharp product, featuring research vial lying on its side, warm golden hour side light, locked-off static with internal motion only.",Active,0,
316,"Abstract, Artistic & Cinematic Science","Camera moving through layers of translucent scientific glass, featuring pre-filled research pen, soft diffused overhead, subtle handheld micro-movement.",Active,0,
317,"Abstract, Artistic & Cinematic Science","Elegant light traveling across product over time, featuring clear glass research vial, split complementary teal and amber, spiral orbit combined with slow push.",Active,0,
318,"Abstract, Artistic & Cinematic Science","Abstract data-stream particles flowing around product, featuring sealed peptide vial with rubber stopper, low-key selective highlight only, lateral motion-control track.",Active,0,
319,"Abstract, Artistic & Cinematic Science","Product resting in field of soft floating geometric shapes, featuring research pen with visible liquid barrel, soft bounce from below, vertical rise from base to top.",Active,0,
320,"Abstract, Artistic & Cinematic Science","Shallow depth of field with only the tip in critical focus, featuring sterile research vial, hard specular edge light, soft focus rack from background to product.",Active,0,
321,"Abstract, Artistic & Cinematic Science","Soft vapor trails forming abstract patterns, featuring precision research pen, volumetric god rays through haze, fast resolve into locked hero frame.",Active,0,
322,"Abstract, Artistic & Cinematic Science","Crystal refractive elements creating rainbow caustics, featuring amber-tinted research vial, soft window light with gentle falloff, circular arc that never fully completes.",Active,0,
323,"Abstract, Artistic & Cinematic Science","Minimalist single-color field with product as sole element, featuring dual research pens side by side, practical small LED panel visible in frame, over-the-shoulder gloved perspective.",Active,0,
324,"Abstract, Artistic & Cinematic Science","Controlled soft glow emanating from the product, featuring single research pen standing upright, cool overhead fluorescent lab feel, extreme high angle looking straight down.",Active,0,
325,"Abstract, Artistic & Cinematic Science","Split warm/cool lighting creating visual tension across form, featuring research vial lying on its side, warm under-light glow, slow pull-out revealing environment.",Active,0,
326,"Abstract, Artistic & Cinematic Science","Soft particle field slowly forming the product shape, featuring pre-filled research pen, soft rim light from behind, slow 360° orbit at eye level.",Active,0,
327,"Abstract, Artistic & Cinematic Science","Liquid-metal surface morphing into the product silhouette, featuring clear glass research vial, clean high-key beauty lighting, extreme macro push-in.",Active,0,
328,"Abstract, Artistic & Cinematic Science","Clean geometric light beams framing the product, featuring sealed peptide vial with rubber stopper, dramatic single hard key light, gentle top-down descending crane.",Active,0,
329,"Abstract, Artistic & Cinematic Science","Abstract cellular texture soft background, featuring research pen with visible liquid barrel, cool clinical blue-white LED, low angle tracking slide.",Active,0,
330,"Abstract, Artistic & Cinematic Science","Dark cinematic void with single spotlight, featuring sterile research vial, warm golden hour side light, locked-off static with internal motion only.",Active,0,
331,"Abstract, Artistic & Cinematic Science","Soft organic flowing forms interacting with product, featuring precision research pen, soft diffused overhead, subtle handheld micro-movement.",Active,0,
332,"Abstract, Artistic & Cinematic Science","High-contrast black and white with selective color on liquid, featuring amber-tinted research vial, split complementary teal and amber, spiral orbit combined with slow push.",Active,0,
333,"Abstract, Artistic & Cinematic Science","Ink dispersing in clear water in elegant slow motion, featuring dual research pens side by side, low-key selective highlight only, lateral motion-control track.",Active,0,
334,"Abstract, Artistic & Cinematic Science","Infinite mirror reflection tunnel of the product, featuring single research pen standing upright, soft bounce from below, vertical rise from base to top.",Active,0,
335,"Abstract, Artistic & Cinematic Science","Soft bokeh light circles drifting past sharp product, featuring research vial lying on its side, hard specular edge light, soft focus rack from background to product.",Active,0,
336,Signature Camera Moves & Dynamic Angles,"Camera focused: slow elegant 360° orbit around the product at eye level. Subject is pre-filled research pen, soft rim light from behind, with soft particle haze.",Active,0,
337,Signature Camera Moves & Dynamic Angles,"Camera focused: extreme macro push-in from wide product view into liquid surface. Subject is clear glass research vial, clean high-key beauty lighting, with gentle dry-ice style fog drifting.",Active,0,
338,Signature Camera Moves & Dynamic Angles,"Camera focused: top-down crane descending slowly onto a precise flat-lay. Subject is sealed peptide vial with rubber stopper, dramatic single hard key light, with subtle floating dust motes in light beams.",Active,0,
339,Signature Camera Moves & Dynamic Angles,"Camera focused: low-angle tracking shot sliding past the product with parallax. Subject is research pen with visible liquid barrel, cool clinical blue-white LED, in clean negative space.",Active,0,
340,Signature Camera Moves & Dynamic Angles,"Camera focused: subtle dutch angle that gently corrects to level. Subject is sterile research vial, warm golden hour side light, with soft bokeh circles drifting past.",Active,0,
341,Signature Camera Moves & Dynamic Angles,"Camera focused: organic handheld micro-movement while staying clean and controlled. Subject is precision research pen, soft diffused overhead, with light caustics refracting across the surface.",Active,0,
342,Signature Camera Moves & Dynamic Angles,"Camera focused: fast whip that resolves into a perfectly locked hero frame. Subject is amber-tinted research vial, split complementary teal and amber, with soft volumetric atmosphere.",Active,0,
343,Signature Camera Moves & Dynamic Angles,"Camera focused: vertical elevator rise from base of product to top of label. Subject is dual research pens side by side, low-key selective highlight only, in pure clinical emptiness.",Active,0,
344,Signature Camera Moves & Dynamic Angles,"Camera focused: spiral orbit combined with continuous slow push-in. Subject is single research pen standing upright, soft bounce from below, with delicate condensation on glass.",Active,0,
345,Signature Camera Moves & Dynamic Angles,"Camera focused: static locked-off frame where only internal liquid moves. Subject is research vial lying on its side, hard specular edge light, with soft fabric movement in background.",Active,0,
346,Signature Camera Moves & Dynamic Angles,"Camera focused: lateral motion-control track keeping product perfectly centered. Subject is pre-filled research pen, volumetric god rays through haze, with abstract geometric light patterns.",Active,0,
347,Signature Camera Moves & Dynamic Angles,"Camera focused: over-the-shoulder perspective from gloved hands approaching product. Subject is clear glass research vial, soft window light with gentle falloff, with gentle liquid swirl inside the container.",Active,0,
348,Signature Camera Moves & Dynamic Angles,"Camera focused: soft dolly-zoom creating subtle spatial tension then release. Subject is sealed peptide vial with rubber stopper, practical small LED panel visible in frame, with perfect mirror reflection below.",Active,0,
349,Signature Camera Moves & Dynamic Angles,"Camera focused: crash zoom into a critical detail then holding steady. Subject is research pen with visible liquid barrel, cool overhead fluorescent lab feel, with soft shadow only.",Active,0,
350,Signature Camera Moves & Dynamic Angles,"Camera focused: high floating angle looking down as product is revealed. Subject is sterile research vial, warm under-light glow, with almost no shadow, pure beauty light.",Active,0,
351,Signature Camera Moves & Dynamic Angles,"Camera focused: reverse orbit starting tight and pulling out to full environment. Subject is precision research pen, soft rim light from behind, with soft particle haze.",Active,0,
352,Signature Camera Moves & Dynamic Angles,"Camera focused: match-cut ready rotation that can sync with molecular model. Subject is amber-tinted research vial, clean high-key beauty lighting, with gentle dry-ice style fog drifting.",Active,0,
353,Signature Camera Moves & Dynamic Angles,"Camera focused: soft rack focus from background lab elements onto sharp product. Subject is dual research pens side by side, dramatic single hard key light, with subtle floating dust motes in light beams.",Active,0,
354,Signature Camera Moves & Dynamic Angles,"Camera focused: continuous incomplete spiral that never finishes a full circle. Subject is single research pen standing upright, cool clinical blue-white LED, in clean negative space.",Active,0,
355,Signature Camera Moves & Dynamic Angles,"Camera focused: locked product with layered parallax background drift. Subject is research vial lying on its side, warm golden hour side light, with soft bokeh circles drifting past.",Active,0,
356,Signature Camera Moves & Dynamic Angles,"Camera focused: slow elegant 360° orbit around the product at eye level. Subject is pre-filled research pen, soft diffused overhead, with light caustics refracting across the surface.",Active,0,
357,Signature Camera Moves & Dynamic Angles,"Camera focused: extreme macro push-in from wide product view into liquid surface. Subject is clear glass research vial, split complementary teal and amber, with soft volumetric atmosphere.",Active,0,
358,Signature Camera Moves & Dynamic Angles,"Camera focused: top-down crane descending slowly onto a precise flat-lay. Subject is sealed peptide vial with rubber stopper, low-key selective highlight only, in pure clinical emptiness.",Active,0,
359,Signature Camera Moves & Dynamic Angles,"Camera focused: low-angle tracking shot sliding past the product with parallax. Subject is research pen with visible liquid barrel, soft bounce from below, with delicate condensation on glass.",Active,0,
360,Signature Camera Moves & Dynamic Angles,"Camera focused: subtle dutch angle that gently corrects to level. Subject is sterile research vial, hard specular edge light, with soft fabric movement in background.",Active,0,
361,Signature Camera Moves & Dynamic Angles,"Camera focused: organic handheld micro-movement while staying clean and controlled. Subject is precision research pen, volumetric god rays through haze, with abstract geometric light patterns.",Active,0,
362,Signature Camera Moves & Dynamic Angles,"Camera focused: fast whip that resolves into a perfectly locked hero frame. Subject is amber-tinted research vial, soft window light with gentle falloff, with gentle liquid swirl inside the container.",Active,0,
363,Signature Camera Moves & Dynamic Angles,"Camera focused: vertical elevator rise from base of product to top of label. Subject is dual research pens side by side, practical small LED panel visible in frame, with perfect mirror reflection below.",Active,0,
364,Signature Camera Moves & Dynamic Angles,"Camera focused: spiral orbit combined with continuous slow push-in. Subject is single research pen standing upright, cool overhead fluorescent lab feel, with soft shadow only.",Active,0,
365,Signature Camera Moves & Dynamic Angles,"Camera focused: static locked-off frame where only internal liquid moves. Subject is research vial lying on its side, warm under-light glow, with almost no shadow, pure beauty light.",Active,0,
366,Signature Camera Moves & Dynamic Angles,"Camera focused: lateral motion-control track keeping product perfectly centered. Subject is pre-filled research pen, soft rim light from behind, with soft particle haze.",Active,0,
367,Signature Camera Moves & Dynamic Angles,"Camera focused: over-the-shoulder perspective from gloved hands approaching product. Subject is clear glass research vial, clean high-key beauty lighting, with gentle dry-ice style fog drifting.",Active,0,
368,Signature Camera Moves & Dynamic Angles,"Camera focused: soft dolly-zoom creating subtle spatial tension then release. Subject is sealed peptide vial with rubber stopper, dramatic single hard key light, with subtle floating dust motes in light beams.",Active,0,
369,Signature Camera Moves & Dynamic Angles,"Camera focused: crash zoom into a critical detail then holding steady. Subject is research pen with visible liquid barrel, cool clinical blue-white LED, in clean negative space.",Active,0,
370,Signature Camera Moves & Dynamic Angles,"Camera focused: high floating angle looking down as product is revealed. Subject is sterile research vial, warm golden hour side light, with soft bokeh circles drifting past.",Active,0,
371,Signature Camera Moves & Dynamic Angles,"Camera focused: reverse orbit starting tight and pulling out to full environment. Subject is precision research pen, soft diffused overhead, with light caustics refracting across the surface.",Active,0,
372,Signature Camera Moves & Dynamic Angles,"Camera focused: match-cut ready rotation that can sync with molecular model. Subject is amber-tinted research vial, split complementary teal and amber, with soft volumetric atmosphere.",Active,0,
373,Signature Camera Moves & Dynamic Angles,"Camera focused: soft rack focus from background lab elements onto sharp product. Subject is dual research pens side by side, low-key selective highlight only, in pure clinical emptiness.",Active,0,
374,Signature Camera Moves & Dynamic Angles,"Camera focused: continuous incomplete spiral that never finishes a full circle. Subject is single research pen standing upright, soft bounce from below, with delicate condensation on glass.",Active,0,
375,Signature Camera Moves & Dynamic Angles,"Camera focused: locked product with layered parallax background drift. Subject is research vial lying on its side, hard specular edge light, with soft fabric movement in background.",Active,0,
376,Signature Camera Moves & Dynamic Angles,"Camera focused: slow elegant 360° orbit around the product at eye level. Subject is pre-filled research pen, volumetric god rays through haze, with abstract geometric light patterns.",Active,0,
377,Signature Camera Moves & Dynamic Angles,"Camera focused: extreme macro push-in from wide product view into liquid surface. Subject is clear glass research vial, soft window light with gentle falloff, with gentle liquid swirl inside the container.",Active,0,
378,Signature Camera Moves & Dynamic Angles,"Camera focused: top-down crane descending slowly onto a precise flat-lay. Subject is sealed peptide vial with rubber stopper, practical small LED panel visible in frame, with perfect mirror reflection below.",Active,0,
379,Signature Camera Moves & Dynamic Angles,"Camera focused: low-angle tracking shot sliding past the product with parallax. Subject is research pen with visible liquid barrel, cool overhead fluorescent lab feel, with soft shadow only.",Active,0,
380,Signature Camera Moves & Dynamic Angles,"Camera focused: subtle dutch angle that gently corrects to level. Subject is sterile research vial, warm under-light glow, with almost no shadow, pure beauty light.",Active,0,
381,Signature Camera Moves & Dynamic Angles,"Camera focused: organic handheld micro-movement while staying clean and controlled. Subject is precision research pen, soft rim light from behind, with soft particle haze.",Active,0,
382,Signature Camera Moves & Dynamic Angles,"Camera focused: fast whip that resolves into a perfectly locked hero frame. Subject is amber-tinted research vial, clean high-key beauty lighting, with gentle dry-ice style fog drifting.",Active,0,
383,Signature Camera Moves & Dynamic Angles,"Camera focused: vertical elevator rise from base of product to top of label. Subject is dual research pens side by side, dramatic single hard key light, with subtle floating dust motes in light beams.",Active,0,
384,Signature Camera Moves & Dynamic Angles,"Camera focused: spiral orbit combined with continuous slow push-in. Subject is single research pen standing upright, cool clinical blue-white LED, in clean negative space.",Active,0,
385,Signature Camera Moves & Dynamic Angles,"Camera focused: static locked-off frame where only internal liquid moves. Subject is research vial lying on its side, warm golden hour side light, with soft bokeh circles drifting past.",Active,0,
386,Signature Camera Moves & Dynamic Angles,"Camera focused: lateral motion-control track keeping product perfectly centered. Subject is pre-filled research pen, soft diffused overhead, with light caustics refracting across the surface.",Active,0,
387,Signature Camera Moves & Dynamic Angles,"Camera focused: over-the-shoulder perspective from gloved hands approaching product. Subject is clear glass research vial, split complementary teal and amber, with soft volumetric atmosphere.",Active,0,
388,Signature Camera Moves & Dynamic Angles,"Camera focused: soft dolly-zoom creating subtle spatial tension then release. Subject is sealed peptide vial with rubber stopper, low-key selective highlight only, in pure clinical emptiness.",Active,0,
389,Signature Camera Moves & Dynamic Angles,"Camera focused: crash zoom into a critical detail then holding steady. Subject is research pen with visible liquid barrel, soft bounce from below, with delicate condensation on glass.",Active,0,
390,Signature Camera Moves & Dynamic Angles,"Camera focused: high floating angle looking down as product is revealed. Subject is sterile research vial, hard specular edge light, with soft fabric movement in background.",Active,0,
391,Lighting & Mood Variations,"Mood lighting study: soft golden hour window light falling across the product on a clean surface. Product is pre-filled research pen, captured with slow 360° orbit at eye level.",Active,0,
392,Lighting & Mood Variations,"Mood lighting study: cool clinical blue-white LED lighting, high-key and precise. Product is clear glass research vial, captured with extreme macro push-in.",Active,0,
393,Lighting & Mood Variations,"Mood lighting study: dramatic single hard light creating long defined shadows. Product is sealed peptide vial with rubber stopper, captured with gentle top-down descending crane.",Active,0,
394,Lighting & Mood Variations,"Mood lighting study: almost shadowless beauty dish style premium lighting. Product is research pen with visible liquid barrel, captured with low angle tracking slide.",Active,0,
395,Lighting & Mood Variations,"Mood lighting study: rim light only, product outline glowing against deep black. Product is sterile research vial, captured with locked-off static with internal motion only.",Active,0,
396,Lighting & Mood Variations,"Mood lighting study: practical small LED panels visible in frame as set dressing. Product is precision research pen, captured with subtle handheld micro-movement.",Active,0,
397,Lighting & Mood Variations,"Mood lighting study: subtle teal and amber gel accents for modern technical feel. Product is amber-tinted research vial, captured with spiral orbit combined with slow push.",Active,0,
398,Lighting & Mood Variations,"Mood lighting study: overcast soft daylight through heavy diffusion, calm and clear. Product is dual research pens side by side, captured with lateral motion-control track.",Active,0,
399,Lighting & Mood Variations,"Mood lighting study: low-key night mode with selective highlights only on the product. Product is single research pen standing upright, captured with vertical rise from base to top.",Active,0,
400,Lighting & Mood Variations,"Mood lighting study: pure high-key white environment with barely visible shadows. Product is research vial lying on its side, captured with soft focus rack from background to product.",Active,0,
401,Lighting & Mood Variations,"Mood lighting study: motivated light from nearby analytical equipment screens. Product is pre-filled research pen, captured with fast resolve into locked hero frame.",Active,0,
402,Lighting & Mood Variations,"Mood lighting study: soft bounce from below creating an ethereal under-glow. Product is clear glass research vial, captured with circular arc that never fully completes.",Active,0,
403,Lighting & Mood Variations,"Mood lighting study: split complementary lighting, cool one side and warm the other. Product is sealed peptide vial with rubber stopper, captured with over-the-shoulder gloved perspective.",Active,0,
404,Lighting & Mood Variations,"Mood lighting study: moving light source slowly traveling across the product surface. Product is research pen with visible liquid barrel, captured with extreme high angle looking straight down.",Active,0,
405,Lighting & Mood Variations,"Mood lighting study: soft volumetric haze with god rays cutting through the frame. Product is sterile research vial, captured with slow pull-out revealing environment.",Active,0,
406,Lighting & Mood Variations,"Mood lighting study: hard specular edge light catching every glass and liquid detail. Product is precision research pen, captured with slow 360° orbit at eye level.",Active,0,
407,Lighting & Mood Variations,"Mood lighting study: warm practical desk lamp style motivated lighting. Product is amber-tinted research vial, captured with extreme macro push-in.",Active,0,
408,Lighting & Mood Variations,"Mood lighting study: cold storage fluorescent feel with soft green-blue cast. Product is dual research pens side by side, captured with gentle top-down descending crane.",Active,0,
409,Lighting & Mood Variations,"Mood lighting study: sunrise-style warm directional light with long soft shadows. Product is single research pen standing upright, captured with low angle tracking slide.",Active,0,
410,Lighting & Mood Variations,"Mood lighting study: pure black void with single controlled spotlight. Product is research vial lying on its side, captured with locked-off static with internal motion only.",Active,0,
411,Lighting & Mood Variations,"Mood lighting study: soft golden hour window light falling across the product on a clean surface. Product is pre-filled research pen, captured with subtle handheld micro-movement.",Active,0,
412,Lighting & Mood Variations,"Mood lighting study: cool clinical blue-white LED lighting, high-key and precise. Product is clear glass research vial, captured with spiral orbit combined with slow push.",Active,0,
413,Lighting & Mood Variations,"Mood lighting study: dramatic single hard light creating long defined shadows. Product is sealed peptide vial with rubber stopper, captured with lateral motion-control track.",Active,0,
414,Lighting & Mood Variations,"Mood lighting study: almost shadowless beauty dish style premium lighting. Product is research pen with visible liquid barrel, captured with vertical rise from base to top.",Active,0,
415,Lighting & Mood Variations,"Mood lighting study: rim light only, product outline glowing against deep black. Product is sterile research vial, captured with soft focus rack from background to product.",Active,0,
416,Lighting & Mood Variations,"Mood lighting study: practical small LED panels visible in frame as set dressing. Product is precision research pen, captured with fast resolve into locked hero frame.",Active,0,
417,Lighting & Mood Variations,"Mood lighting study: subtle teal and amber gel accents for modern technical feel. Product is amber-tinted research vial, captured with circular arc that never fully completes.",Active,0,
418,Lighting & Mood Variations,"Mood lighting study: overcast soft daylight through heavy diffusion, calm and clear. Product is dual research pens side by side, captured with over-the-shoulder gloved perspective.",Active,0,
419,Lighting & Mood Variations,"Mood lighting study: low-key night mode with selective highlights only on the product. Product is single research pen standing upright, captured with extreme high angle looking straight down.",Active,0,
420,Lighting & Mood Variations,"Mood lighting study: pure high-key white environment with barely visible shadows. Product is research vial lying on its side, captured with slow pull-out revealing environment.",Active,0,
421,Lighting & Mood Variations,"Mood lighting study: motivated light from nearby analytical equipment screens. Product is pre-filled research pen, captured with slow 360° orbit at eye level.",Active,0,
422,Lighting & Mood Variations,"Mood lighting study: soft bounce from below creating an ethereal under-glow. Product is clear glass research vial, captured with extreme macro push-in.",Active,0,
423,Lighting & Mood Variations,"Mood lighting study: split complementary lighting, cool one side and warm the other. Product is sealed peptide vial with rubber stopper, captured with gentle top-down descending crane.",Active,0,
424,Lighting & Mood Variations,"Mood lighting study: moving light source slowly traveling across the product surface. Product is research pen with visible liquid barrel, captured with low angle tracking slide.",Active,0,
425,Lighting & Mood Variations,"Mood lighting study: soft volumetric haze with god rays cutting through the frame. Product is sterile research vial, captured with locked-off static with internal motion only.",Active,0,
426,Lighting & Mood Variations,"Mood lighting study: hard specular edge light catching every glass and liquid detail. Product is precision research pen, captured with subtle handheld micro-movement.",Active,0,
427,Lighting & Mood Variations,"Mood lighting study: warm practical desk lamp style motivated lighting. Product is amber-tinted research vial, captured with spiral orbit combined with slow push.",Active,0,
428,Lighting & Mood Variations,"Mood lighting study: cold storage fluorescent feel with soft green-blue cast. Product is dual research pens side by side, captured with lateral motion-control track.",Active,0,
429,Lighting & Mood Variations,"Mood lighting study: sunrise-style warm directional light with long soft shadows. Product is single research pen standing upright, captured with vertical rise from base to top.",Active,0,
430,Lighting & Mood Variations,"Mood lighting study: pure black void with single controlled spotlight. Product is research vial lying on its side, captured with soft focus rack from background to product.",Active,0,
431,Lighting & Mood Variations,"Mood lighting study: soft golden hour window light falling across the product on a clean surface. Product is pre-filled research pen, captured with fast resolve into locked hero frame.",Active,0,
432,Lighting & Mood Variations,"Mood lighting study: cool clinical blue-white LED lighting, high-key and precise. Product is clear glass research vial, captured with circular arc that never fully completes.",Active,0,
433,Lighting & Mood Variations,"Mood lighting study: dramatic single hard light creating long defined shadows. Product is sealed peptide vial with rubber stopper, captured with over-the-shoulder gloved perspective.",Active,0,
434,Lighting & Mood Variations,"Mood lighting study: almost shadowless beauty dish style premium lighting. Product is research pen with visible liquid barrel, captured with extreme high angle looking straight down.",Active,0,
435,Lighting & Mood Variations,"Mood lighting study: rim light only, product outline glowing against deep black. Product is sterile research vial, captured with slow pull-out revealing environment.",Active,0,
436,"Text, Kinetic & Overlay-Friendly Scenes","Overlay-optimized composition: clean negative space held on one side of frame specifically for kinetic type. Subject pre-filled research pen, soft rim light from behind.",Active,0,
437,"Text, Kinetic & Overlay-Friendly Scenes","Overlay-optimized composition: product locked on the right third, left two-thirds open for bold typography. Subject clear glass research vial, clean high-key beauty lighting.",Active,0,
438,"Text, Kinetic & Overlay-Friendly Scenes","Overlay-optimized composition: slow vertical text reveal over soft moving molecular background. Subject sealed peptide vial with rubber stopper, dramatic single hard key light.",Active,0,
439,"Text, Kinetic & Overlay-Friendly Scenes","Overlay-optimized composition: product slowly scaling while large type animates around its silhouette. Subject research pen with visible liquid barrel, cool clinical blue-white LED.",Active,0,
440,"Text, Kinetic & Overlay-Friendly Scenes","Overlay-optimized composition: minimal product placed in corner with full-frame soft abstract motion behind. Subject sterile research vial, warm golden hour side light.",Active,0,
441,"Text, Kinetic & Overlay-Friendly Scenes","Overlay-optimized composition: dark background with single product and high-contrast white kinetic lettering. Subject precision research pen, soft diffused overhead.",Active,0,
442,"Text, Kinetic & Overlay-Friendly Scenes","Overlay-optimized composition: soft focus product as background layer with sharp text in foreground plane. Subject amber-tinted research vial, split complementary teal and amber.",Active,0,
443,"Text, Kinetic & Overlay-Friendly Scenes","Overlay-optimized composition: text appearing to interact with or cut through the product silhouette. Subject dual research pens side by side, low-key selective highlight only.",Active,0,
444,"Text, Kinetic & Overlay-Friendly Scenes","Overlay-optimized composition: clean lower-third safe composition designed for caption-heavy reels. Subject single research pen standing upright, soft bounce from below.",Active,0,
445,"Text, Kinetic & Overlay-Friendly Scenes","Overlay-optimized composition: product push-in that resolves into a locked frame perfect for end-card text. Subject research vial lying on its side, hard specular edge light.",Active,0,
446,"Text, Kinetic & Overlay-Friendly Scenes","Overlay-optimized composition: wide open negative space above the product for large centered headlines. Subject pre-filled research pen, volumetric god rays through haze.",Active,0,
447,"Text, Kinetic & Overlay-Friendly Scenes","Overlay-optimized composition: product on bottom third with expansive soft atmosphere above for type. Subject clear glass research vial, soft window light with gentle falloff.",Active,0,
448,"Text, Kinetic & Overlay-Friendly Scenes","Overlay-optimized composition: side-by-side layout ready: product left, kinetic text area right. Subject sealed peptide vial with rubber stopper, practical small LED panel visible in frame.",Active,0,
449,"Text, Kinetic & Overlay-Friendly Scenes","Overlay-optimized composition: circular negative space around centered product for surrounding type. Subject research pen with visible liquid barrel, cool overhead fluorescent lab feel.",Active,0,
450,"Text, Kinetic & Overlay-Friendly Scenes","Overlay-optimized composition: product emerging from soft fog while type fades in cleanly above it. Subject sterile research vial, warm under-light glow.",Active,0,
451,"Text, Kinetic & Overlay-Friendly Scenes","Overlay-optimized composition: locked hero frame with generous margin on all sides for safe text overlay. Subject precision research pen, soft rim light from behind.",Active,0,
452,"Text, Kinetic & Overlay-Friendly Scenes","Overlay-optimized composition: abstract soft motion background with product small and type dominant. Subject amber-tinted research vial, clean high-key beauty lighting.",Active,0,
453,"Text, Kinetic & Overlay-Friendly Scenes","Overlay-optimized composition: product and type sharing the same focal plane in elegant balance. Subject dual research pens side by side, dramatic single hard key light.",Active,0,
454,"Text, Kinetic & Overlay-Friendly Scenes","Overlay-optimized composition: vertical story format with product in lower half and type stacked above. Subject single research pen standing upright, cool clinical blue-white LED.",Active,0,
455,"Text, Kinetic & Overlay-Friendly Scenes","Overlay-optimized composition: clean product hold with soft light designed not to compete with white text. Subject research vial lying on its side, warm golden hour side light.",Active,0,
456,"Text, Kinetic & Overlay-Friendly Scenes","Overlay-optimized composition: clean negative space held on one side of frame specifically for kinetic type. Subject pre-filled research pen, soft diffused overhead.",Active,0,
457,"Text, Kinetic & Overlay-Friendly Scenes","Overlay-optimized composition: product locked on the right third, left two-thirds open for bold typography. Subject clear glass research vial, split complementary teal and amber.",Active,0,
458,"Text, Kinetic & Overlay-Friendly Scenes","Overlay-optimized composition: slow vertical text reveal over soft moving molecular background. Subject sealed peptide vial with rubber stopper, low-key selective highlight only.",Active,0,
459,"Text, Kinetic & Overlay-Friendly Scenes","Overlay-optimized composition: product slowly scaling while large type animates around its silhouette. Subject research pen with visible liquid barrel, soft bounce from below.",Active,0,
460,"Text, Kinetic & Overlay-Friendly Scenes","Overlay-optimized composition: minimal product placed in corner with full-frame soft abstract motion behind. Subject sterile research vial, hard specular edge light.",Active,0,
461,"Text, Kinetic & Overlay-Friendly Scenes","Overlay-optimized composition: dark background with single product and high-contrast white kinetic lettering. Subject precision research pen, volumetric god rays through haze.",Active,0,
462,"Text, Kinetic & Overlay-Friendly Scenes","Overlay-optimized composition: soft focus product as background layer with sharp text in foreground plane. Subject amber-tinted research vial, soft window light with gentle falloff.",Active,0,
463,"Text, Kinetic & Overlay-Friendly Scenes","Overlay-optimized composition: text appearing to interact with or cut through the product silhouette. Subject dual research pens side by side, practical small LED panel visible in frame.",Active,0,
464,"Text, Kinetic & Overlay-Friendly Scenes","Overlay-optimized composition: clean lower-third safe composition designed for caption-heavy reels. Subject single research pen standing upright, cool overhead fluorescent lab feel.",Active,0,
465,"Text, Kinetic & Overlay-Friendly Scenes","Overlay-optimized composition: product push-in that resolves into a locked frame perfect for end-card text. Subject research vial lying on its side, warm under-light glow.",Active,0,
466,"Text, Kinetic & Overlay-Friendly Scenes","Overlay-optimized composition: wide open negative space above the product for large centered headlines. Subject pre-filled research pen, soft rim light from behind.",Active,0,
467,"Text, Kinetic & Overlay-Friendly Scenes","Overlay-optimized composition: product on bottom third with expansive soft atmosphere above for type. Subject clear glass research vial, clean high-key beauty lighting.",Active,0,
468,"Text, Kinetic & Overlay-Friendly Scenes","Overlay-optimized composition: side-by-side layout ready: product left, kinetic text area right. Subject sealed peptide vial with rubber stopper, dramatic single hard key light.",Active,0,
469,"Text, Kinetic & Overlay-Friendly Scenes","Overlay-optimized composition: circular negative space around centered product for surrounding type. Subject research pen with visible liquid barrel, cool clinical blue-white LED.",Active,0,
470,"Text, Kinetic & Overlay-Friendly Scenes","Overlay-optimized composition: product emerging from soft fog while type fades in cleanly above it. Subject sterile research vial, warm golden hour side light.",Active,0,
471,"Text, Kinetic & Overlay-Friendly Scenes","Overlay-optimized composition: locked hero frame with generous margin on all sides for safe text overlay. Subject precision research pen, soft diffused overhead.",Active,0,
472,"Text, Kinetic & Overlay-Friendly Scenes","Overlay-optimized composition: abstract soft motion background with product small and type dominant. Subject amber-tinted research vial, split complementary teal and amber.",Active,0,
473,"Text, Kinetic & Overlay-Friendly Scenes","Overlay-optimized composition: product and type sharing the same focal plane in elegant balance. Subject dual research pens side by side, low-key selective highlight only.",Active,0,
474,"Text, Kinetic & Overlay-Friendly Scenes","Overlay-optimized composition: vertical story format with product in lower half and type stacked above. Subject single research pen standing upright, soft bounce from below.",Active,0,
475,"Text, Kinetic & Overlay-Friendly Scenes","Overlay-optimized composition: clean product hold with soft light designed not to compete with white text. Subject research vial lying on its side, hard specular edge light.",Active,0,
476,Lifestyle & Context (Research-Forward),"Context still life: clean modern desk with product among notebooks and a simple glass of water. Featuring pre-filled research pen, soft rim light from behind, slow 360° orbit at eye level.",Active,0,
477,Lifestyle & Context (Research-Forward),"Context still life: soft morning light on a tidy surface with the product as quiet focal point. Featuring clear glass research vial, clean high-key beauty lighting, extreme macro push-in.",Active,0,
478,Lifestyle & Context (Research-Forward),"Context still life: product next to high-quality recovery aesthetic items in abstract still life. Featuring sealed peptide vial with rubber stopper, dramatic single hard key light, gentle top-down descending crane.",Active,0,
479,Lifestyle & Context (Research-Forward),"Context still life: minimalist shelf styling with the product as the clear hero object. Featuring research pen with visible liquid barrel, cool clinical blue-white LED, low angle tracking slide.",Active,0,
480,Lifestyle & Context (Research-Forward),"Context still life: soft outdoor natural light on a clean table with simple greenery, no people. Featuring sterile research vial, warm golden hour side light, locked-off static with internal motion only.",Active,0,
481,Lifestyle & Context (Research-Forward),"Context still life: premium modern surface (bathroom or grooming style) with product as still life. Featuring precision research pen, soft diffused overhead, subtle handheld micro-movement.",Active,0,
482,Lifestyle & Context (Research-Forward),"Context still life: travel-ready feel: product in a clean high-end closed case or pouch. Featuring amber-tinted research vial, split complementary teal and amber, spiral orbit combined with slow push.",Active,0,
483,Lifestyle & Context (Research-Forward),"Context still life: abstract daily ritual composition — product, clean glass, soft fabric, no action. Featuring dual research pens side by side, low-key selective highlight only, lateral motion-control track.",Active,0,
484,Lifestyle & Context (Research-Forward),"Context still life: high-end kitchen or lab-kitchen hybrid surface, product as only branded item. Featuring single research pen standing upright, soft bounce from below, vertical rise from base to top.",Active,0,
485,Lifestyle & Context (Research-Forward),"Context still life: soft window light and sheer curtains creating gentle movement behind product. Featuring research vial lying on its side, hard specular edge light, soft focus rack from background to product.",Active,0,
486,Lifestyle & Context (Research-Forward),"Context still life: organized research-oriented workspace with product and clean tools only. Featuring pre-filled research pen, volumetric god rays through haze, fast resolve into locked hero frame.",Active,0,
487,Lifestyle & Context (Research-Forward),"Context still life: calm neutral interior with product resting on a simple elevated surface. Featuring clear glass research vial, soft window light with gentle falloff, circular arc that never fully completes.",Active,0,
488,Lifestyle & Context (Research-Forward),"Context still life: soft natural materials (stone, wood, linen) framing the product quietly. Featuring sealed peptide vial with rubber stopper, practical small LED panel visible in frame, over-the-shoulder gloved perspective.",Active,0,
489,Lifestyle & Context (Research-Forward),"Context still life: bright airy interior with product catching soft directional daylight. Featuring research pen with visible liquid barrel, cool overhead fluorescent lab feel, extreme high angle looking straight down.",Active,0,
490,Lifestyle & Context (Research-Forward),"Context still life: minimal dark interior where the product is the single point of light. Featuring sterile research vial, warm under-light glow, slow pull-out revealing environment.",Active,0,
491,Lifestyle & Context (Research-Forward),"Context still life: clean architectural surface with strong geometric lines and the product. Featuring precision research pen, soft rim light from behind, slow 360° orbit at eye level.",Active,0,
492,Lifestyle & Context (Research-Forward),"Context still life: soft textured wall background with product in sharp foreground. Featuring amber-tinted research vial, clean high-key beauty lighting, extreme macro push-in.",Active,0,
493,Lifestyle & Context (Research-Forward),"Context still life: elevated product on a simple pedestal in an otherwise empty refined room. Featuring dual research pens side by side, dramatic single hard key light, gentle top-down descending crane.",Active,0,
494,Lifestyle & Context (Research-Forward),"Context still life: product placed near a large window with soft exterior bokeh beyond. Featuring single research pen standing upright, cool clinical blue-white LED, low angle tracking slide.",Active,0,
495,Lifestyle & Context (Research-Forward),"Context still life: quiet corner composition with product, soft shadow, and calm atmosphere. Featuring research vial lying on its side, warm golden hour side light, locked-off static with internal motion only.",Active,0,
496,Lifestyle & Context (Research-Forward),"Context still life: clean modern desk with product among notebooks and a simple glass of water. Featuring pre-filled research pen, soft diffused overhead, subtle handheld micro-movement.",Active,0,
497,Lifestyle & Context (Research-Forward),"Context still life: soft morning light on a tidy surface with the product as quiet focal point. Featuring clear glass research vial, split complementary teal and amber, spiral orbit combined with slow push.",Active,0,
498,Lifestyle & Context (Research-Forward),"Context still life: product next to high-quality recovery aesthetic items in abstract still life. Featuring sealed peptide vial with rubber stopper, low-key selective highlight only, lateral motion-control track.",Active,0,
499,Lifestyle & Context (Research-Forward),"Context still life: minimalist shelf styling with the product as the clear hero object. Featuring research pen with visible liquid barrel, soft bounce from below, vertical rise from base to top.",Active,0,
500,Lifestyle & Context (Research-Forward),"Context still life: soft outdoor natural light on a clean table with simple greenery, no people. Featuring sterile research vial, hard specular edge light, soft focus rack from background to product.",Active,0,
501,Lifestyle & Context (Research-Forward),"Context still life: premium modern surface (bathroom or grooming style) with product as still life. Featuring precision research pen, volumetric god rays through haze, fast resolve into locked hero frame.",Active,0,
502,Lifestyle & Context (Research-Forward),"Context still life: travel-ready feel: product in a clean high-end closed case or pouch. Featuring amber-tinted research vial, soft window light with gentle falloff, circular arc that never fully completes.",Active,0,
503,Lifestyle & Context (Research-Forward),"Context still life: abstract daily ritual composition — product, clean glass, soft fabric, no action. Featuring dual research pens side by side, practical small LED panel visible in frame, over-the-shoulder gloved perspective.",Active,0,
504,Lifestyle & Context (Research-Forward),"Context still life: high-end kitchen or lab-kitchen hybrid surface, product as only branded item. Featuring single research pen standing upright, cool overhead fluorescent lab feel, extreme high angle looking straight down.",Active,0,
505,Lifestyle & Context (Research-Forward),"Context still life: soft window light and sheer curtains creating gentle movement behind product. Featuring research vial lying on its side, warm under-light glow, slow pull-out revealing environment.",Active,0,
506,Lifestyle & Context (Research-Forward),"Context still life: organized research-oriented workspace with product and clean tools only. Featuring pre-filled research pen, soft rim light from behind, slow 360° orbit at eye level.",Active,0,
507,Lifestyle & Context (Research-Forward),"Context still life: calm neutral interior with product resting on a simple elevated surface. Featuring clear glass research vial, clean high-key beauty lighting, extreme macro push-in.",Active,0,
508,Lifestyle & Context (Research-Forward),"Context still life: soft natural materials (stone, wood, linen) framing the product quietly. Featuring sealed peptide vial with rubber stopper, dramatic single hard key light, gentle top-down descending crane.",Active,0,
509,Lifestyle & Context (Research-Forward),"Context still life: bright airy interior with product catching soft directional daylight. Featuring research pen with visible liquid barrel, cool clinical blue-white LED, low angle tracking slide.",Active,0,
510,Lifestyle & Context (Research-Forward),"Context still life: minimal dark interior where the product is the single point of light. Featuring sterile research vial, warm golden hour side light, locked-off static with internal motion only.",Active,0,
511,Lifestyle & Context (Research-Forward),"Context still life: clean architectural surface with strong geometric lines and the product. Featuring precision research pen, soft diffused overhead, subtle handheld micro-movement.",Active,0,
512,Lifestyle & Context (Research-Forward),"Context still life: soft textured wall background with product in sharp foreground. Featuring amber-tinted research vial, split complementary teal and amber, spiral orbit combined with slow push.",Active,0,
513,Lifestyle & Context (Research-Forward),"Context still life: elevated product on a simple pedestal in an otherwise empty refined room. Featuring dual research pens side by side, low-key selective highlight only, lateral motion-control track.",Active,0,
514,Lifestyle & Context (Research-Forward),"Context still life: product placed near a large window with soft exterior bokeh beyond. Featuring single research pen standing upright, soft bounce from below, vertical rise from base to top.",Active,0,
515,Lifestyle & Context (Research-Forward),"Context still life: quiet corner composition with product, soft shadow, and calm atmosphere. Featuring research vial lying on its side, hard specular edge light, soft focus rack from background to product.",Active,0,
516,"Hybrid, Transition & Special Shots","Special / hybrid shot: match-cut ready product rotation perfectly synchronized for molecular model cut. Centered on pre-filled research pen, soft rim light from behind, slow 360° orbit at eye level.",Active,0,
517,"Hybrid, Transition & Special Shots","Special / hybrid shot: continuous morph from physical product into abstract molecular structure and back. Centered on clear glass research vial, clean high-key beauty lighting, extreme macro push-in.",Active,0,
518,"Hybrid, Transition & Special Shots","Special / hybrid shot: multi-product lineup in perfect geometric formation with slow lateral track. Centered on sealed peptide vial with rubber stopper, dramatic single hard key light, gentle top-down descending crane.",Active,0,
519,"Hybrid, Transition & Special Shots","Special / hybrid shot: extreme macro of pure liquid surface tension and light play only. Centered on research pen with visible liquid barrel, cool clinical blue-white LED, low angle tracking slide.",Active,0,
520,"Hybrid, Transition & Special Shots","Special / hybrid shot: product revealed by slowly pulling away a clean white cloth or card. Centered on sterile research vial, warm golden hour side light, locked-off static with internal motion only.",Active,0,
521,"Hybrid, Transition & Special Shots","Special / hybrid shot: soft-to-sharp rack focus traveling across a row of identical research units. Centered on precision research pen, soft diffused overhead, subtle handheld micro-movement.",Active,0,
522,"Hybrid, Transition & Special Shots","Special / hybrid shot: single continuous move from wide lab establishing shot into extreme product macro. Centered on amber-tinted research vial, split complementary teal and amber, spiral orbit combined with slow push.",Active,0,
523,"Hybrid, Transition & Special Shots","Special / hybrid shot: product and its perfect reflection creating symmetry that slowly breaks. Centered on dual research pens side by side, low-key selective highlight only, lateral motion-control track.",Active,0,
524,"Hybrid, Transition & Special Shots","Special / hybrid shot: abstract origin sequence: particles → structure → finished product in three stages. Centered on single research pen standing upright, soft bounce from below, vertical rise from base to top.",Active,0,
525,"Hybrid, Transition & Special Shots","Special / hybrid shot: final locked hero hold of perfectly lit product ready for logo and CTA. Centered on research vial lying on its side, hard specular edge light, soft focus rack from background to product.",Active,0,
526,"Hybrid, Transition & Special Shots","Special / hybrid shot: product dissolving into soft light particles that reform as molecular model. Centered on pre-filled research pen, volumetric god rays through haze, fast resolve into locked hero frame.",Active,0,
527,"Hybrid, Transition & Special Shots","Special / hybrid shot: seamless transition from clean lab environment into pure abstract scientific space. Centered on clear glass research vial, soft window light with gentle falloff, circular arc that never fully completes.",Active,0,
528,"Hybrid, Transition & Special Shots","Special / hybrid shot: dual reality split: physical product on one side, molecular form on the other. Centered on sealed peptide vial with rubber stopper, practical small LED panel visible in frame, over-the-shoulder gloved perspective.",Active,0,
529,"Hybrid, Transition & Special Shots","Special / hybrid shot: product emerging from within its own molecular structure visualization. Centered on research pen with visible liquid barrel, cool overhead fluorescent lab feel, extreme high angle looking straight down.",Active,0,
530,"Hybrid, Transition & Special Shots","Special / hybrid shot: time-slice style multiple angles of the same product in one elegant frame. Centered on sterile research vial, warm under-light glow, slow pull-out revealing environment.",Active,0,
531,"Hybrid, Transition & Special Shots","Special / hybrid shot: product casting a molecular-shaped shadow that slowly animates. Centered on precision research pen, soft rim light from behind, slow 360° orbit at eye level.",Active,0,
532,"Hybrid, Transition & Special Shots","Special / hybrid shot: clean product shot that slowly fills with soft scientific particle atmosphere. Centered on amber-tinted research vial, clean high-key beauty lighting, extreme macro push-in.",Active,0,
533,"Hybrid, Transition & Special Shots","Special / hybrid shot: from darkness, light reveals first the structure then the physical product. Centered on dual research pens side by side, dramatic single hard key light, gentle top-down descending crane.",Active,0,
534,"Hybrid, Transition & Special Shots","Special / hybrid shot: product orbit that transitions mid-move into a molecular orbit. Centered on single research pen standing upright, cool clinical blue-white LED, low angle tracking slide.",Active,0,
535,"Hybrid, Transition & Special Shots","Special / hybrid shot: final wide shot that pulls back to reveal the product as part of a larger clean set. Centered on research vial lying on its side, warm golden hour side light, locked-off static with internal motion only.",Active,0,
536,"Hybrid, Transition & Special Shots","Special / hybrid shot: match-cut ready product rotation perfectly synchronized for molecular model cut. Centered on pre-filled research pen, soft diffused overhead, subtle handheld micro-movement.",Active,0,
537,"Hybrid, Transition & Special Shots","Special / hybrid shot: continuous morph from physical product into abstract molecular structure and back. Centered on clear glass research vial, split complementary teal and amber, spiral orbit combined with slow push.",Active,0,
538,"Hybrid, Transition & Special Shots","Special / hybrid shot: multi-product lineup in perfect geometric formation with slow lateral track. Centered on sealed peptide vial with rubber stopper, low-key selective highlight only, lateral motion-control track.",Active,0,
539,"Hybrid, Transition & Special Shots","Special / hybrid shot: extreme macro of pure liquid surface tension and light play only. Centered on research pen with visible liquid barrel, soft bounce from below, vertical rise from base to top.",Active,0,
540,"Hybrid, Transition & Special Shots","Special / hybrid shot: product revealed by slowly pulling away a clean white cloth or card. Centered on sterile research vial, hard specular edge light, soft focus rack from background to product.",Active,0,
541,"Hybrid, Transition & Special Shots","Special / hybrid shot: soft-to-sharp rack focus traveling across a row of identical research units. Centered on precision research pen, volumetric god rays through haze, fast resolve into locked hero frame.",Active,0,
542,"Hybrid, Transition & Special Shots","Special / hybrid shot: single continuous move from wide lab establishing shot into extreme product macro. Centered on amber-tinted research vial, soft window light with gentle falloff, circular arc that never fully completes.",Active,0,
543,"Hybrid, Transition & Special Shots","Special / hybrid shot: product and its perfect reflection creating symmetry that slowly breaks. Centered on dual research pens side by side, practical small LED panel visible in frame, over-the-shoulder gloved perspective.",Active,0,
544,"Hybrid, Transition & Special Shots","Special / hybrid shot: abstract origin sequence: particles → structure → finished product in three stages. Centered on single research pen standing upright, cool overhead fluorescent lab feel, extreme high angle looking straight down.",Active,0,
545,"Hybrid, Transition & Special Shots","Special / hybrid shot: final locked hero hold of perfectly lit product ready for logo and CTA. Centered on research vial lying on its side, warm under-light glow, slow pull-out revealing environment.",Active,0,
546,"Hybrid, Transition & Special Shots","Special / hybrid shot: product dissolving into soft light particles that reform as molecular model. Centered on pre-filled research pen, soft rim light from behind, slow 360° orbit at eye level.",Active,0,
547,"Hybrid, Transition & Special Shots","Special / hybrid shot: seamless transition from clean lab environment into pure abstract scientific space. Centered on clear glass research vial, clean high-key beauty lighting, extreme macro push-in.",Active,0,
548,"Hybrid, Transition & Special Shots","Special / hybrid shot: dual reality split: physical product on one side, molecular form on the other. Centered on sealed peptide vial with rubber stopper, dramatic single hard key light, gentle top-down descending crane.",Active,0,
549,"Hybrid, Transition & Special Shots","Special / hybrid shot: product emerging from within its own molecular structure visualization. Centered on research pen with visible liquid barrel, cool clinical blue-white LED, low angle tracking slide.",Active,0,
550,"Hybrid, Transition & Special Shots","Special / hybrid shot: time-slice style multiple angles of the same product in one elegant frame. Centered on sterile research vial, warm golden hour side light, locked-off static with internal motion only.",Active,0,
551,"Hybrid, Transition & Special Shots","Special / hybrid shot: product casting a molecular-shaped shadow that slowly animates. Centered on precision research pen, soft diffused overhead, subtle handheld micro-movement.",Active,0,
552,"Hybrid, Transition & Special Shots","Special / hybrid shot: clean product shot that slowly fills with soft scientific particle atmosphere. Centered on amber-tinted research vial, split complementary teal and amber, spiral orbit combined with slow push.",Active,0,
553,"Hybrid, Transition & Special Shots","Special / hybrid shot: from darkness, light reveals first the structure then the physical product. Centered on dual research pens side by side, low-key selective highlight only, lateral motion-control track.",Active,0,
554,"Hybrid, Transition & Special Shots","Special / hybrid shot: product orbit that transitions mid-move into a molecular orbit. Centered on single research pen standing upright, soft bounce from below, vertical rise from base to top.",Active,0,
555,"Hybrid, Transition & Special Shots","Special / hybrid shot: final wide shot that pulls back to reveal the product as part of a larger clean set. Centered on research vial lying on its side, hard specular edge light, soft focus rack from background to product.",Active,0,
556,"Hybrid, Transition & Special Shots","Special / hybrid shot: match-cut ready product rotation perfectly synchronized for molecular model cut. Centered on pre-filled research pen, volumetric god rays through haze, fast resolve into locked hero frame.",Active,0,
557,"Hybrid, Transition & Special Shots","Special / hybrid shot: continuous morph from physical product into abstract molecular structure and back. Centered on clear glass research vial, soft window light with gentle falloff, circular arc that never fully completes.",Active,0,
558,"Hybrid, Transition & Special Shots","Special / hybrid shot: multi-product lineup in perfect geometric formation with slow lateral track. Centered on sealed peptide vial with rubber stopper, practical small LED panel visible in frame, over-the-shoulder gloved perspective.",Active,0,
559,"Hybrid, Transition & Special Shots","Special / hybrid shot: extreme macro of pure liquid surface tension and light play only. Centered on research pen with visible liquid barrel, cool overhead fluorescent lab feel, extreme high angle looking straight down.",Active,0,
560,"Hybrid, Transition & Special Shots","Special / hybrid shot: product revealed by slowly pulling away a clean white cloth or card. Centered on sterile research vial, warm under-light glow, slow pull-out revealing environment.",Active,0,
561,Extreme Detail & Texture Studies,"Texture / detail study: extreme close-up of liquid meniscus inside the vial under controlled light, soft rim light from behind, slow 360° orbit at eye level.",Active,0,
562,Extreme Detail & Texture Studies,"Texture / detail study: macro of glass surface imperfections and light refraction only, clean high-key beauty lighting, extreme macro push-in.",Active,0,
563,Extreme Detail & Texture Studies,"Texture / detail study: tight detail of rubber stopper texture and seal integrity, dramatic single hard key light, gentle top-down descending crane.",Active,0,
564,Extreme Detail & Texture Studies,"Texture / detail study: macro of printed label ink and paper fiber under soft light, cool clinical blue-white LED, low angle tracking slide.",Active,0,
565,Extreme Detail & Texture Studies,"Texture / detail study: close study of the pen plunger mechanism and internal components, warm golden hour side light, locked-off static with internal motion only.",Active,0,
566,Extreme Detail & Texture Studies,"Texture / detail study: liquid droplet surface tension and highlight play in extreme macro, soft diffused overhead, subtle handheld micro-movement.",Active,0,
567,Extreme Detail & Texture Studies,"Texture / detail study: glass-to-liquid interface with soft caustic patterns, split complementary teal and amber, spiral orbit combined with slow push.",Active,0,
568,Extreme Detail & Texture Studies,"Texture / detail study: micro texture of frosted or matte areas on the packaging, low-key selective highlight only, lateral motion-control track.",Active,0,
569,Extreme Detail & Texture Studies,"Texture / detail study: edge light catching every microscopic dust-free surface, soft bounce from below, vertical rise from base to top.",Active,0,
570,Extreme Detail & Texture Studies,"Texture / detail study: slow exploration of the product’s silhouette against pure light, hard specular edge light, soft focus rack from background to product.",Active,0,
571,Extreme Detail & Texture Studies,"Texture / detail study: detail of measurement markings or scale on the barrel if present, volumetric god rays through haze, fast resolve into locked hero frame.",Active,0,
572,Extreme Detail & Texture Studies,"Texture / detail study: close-up of the protective cap texture and precise fit, soft window light with gentle falloff, circular arc that never fully completes.",Active,0,
573,Extreme Detail & Texture Studies,"Texture / detail study: liquid clarity study — light passing cleanly through the research solution, practical small LED panel visible in frame, over-the-shoulder gloved perspective.",Active,0,
574,Extreme Detail & Texture Studies,"Texture / detail study: macro of any embossed or debossed branding elements, cool overhead fluorescent lab feel, extreme high angle looking straight down.",Active,0,
575,Extreme Detail & Texture Studies,"Texture / detail study: surface reflection study showing distorted environment in the glass, warm under-light glow, slow pull-out revealing environment.",Active,0,
576,Extreme Detail & Texture Studies,"Texture / detail study: extreme shallow depth of field isolating a single highlight on the liquid, soft rim light from behind, slow 360° orbit at eye level.",Active,0,
577,Extreme Detail & Texture Studies,"Texture / detail study: slow pan across the product’s surface revealing continuous texture, clean high-key beauty lighting, extreme macro push-in.",Active,0,
578,Extreme Detail & Texture Studies,"Texture / detail study: detail of sterile packaging seal and clean manufacturing finish, dramatic single hard key light, gentle top-down descending crane.",Active,0,
579,Extreme Detail & Texture Studies,"Texture / detail study: light traveling along the curved glass form in continuous motion, cool clinical blue-white LED, low angle tracking slide.",Active,0,
580,Extreme Detail & Texture Studies,"Texture / detail study: pure abstract close-up where the product becomes almost unrecognizable texture, warm golden hour side light, locked-off static with internal motion only.",Active,0,
581,Extreme Detail & Texture Studies,"Texture / detail study: extreme close-up of liquid meniscus inside the vial under controlled light, soft diffused overhead, subtle handheld micro-movement.",Active,0,
582,Extreme Detail & Texture Studies,"Texture / detail study: macro of glass surface imperfections and light refraction only, split complementary teal and amber, spiral orbit combined with slow push.",Active,0,
583,Extreme Detail & Texture Studies,"Texture / detail study: tight detail of rubber stopper texture and seal integrity, low-key selective highlight only, lateral motion-control track.",Active,0,
584,Extreme Detail & Texture Studies,"Texture / detail study: macro of printed label ink and paper fiber under soft light, soft bounce from below, vertical rise from base to top.",Active,0,
585,Extreme Detail & Texture Studies,"Texture / detail study: close study of the pen plunger mechanism and internal components, hard specular edge light, soft focus rack from background to product.",Active,0,
586,Extreme Detail & Texture Studies,"Texture / detail study: liquid droplet surface tension and highlight play in extreme macro, volumetric god rays through haze, fast resolve into locked hero frame.",Active,0,
587,Extreme Detail & Texture Studies,"Texture / detail study: glass-to-liquid interface with soft caustic patterns, soft window light with gentle falloff, circular arc that never fully completes.",Active,0,
588,Extreme Detail & Texture Studies,"Texture / detail study: micro texture of frosted or matte areas on the packaging, practical small LED panel visible in frame, over-the-shoulder gloved perspective.",Active,0,
589,Extreme Detail & Texture Studies,"Texture / detail study: edge light catching every microscopic dust-free surface, cool overhead fluorescent lab feel, extreme high angle looking straight down.",Active,0,
590,Extreme Detail & Texture Studies,"Texture / detail study: slow exploration of the product’s silhouette against pure light, warm under-light glow, slow pull-out revealing environment.",Active,0,
591,Extreme Detail & Texture Studies,"Texture / detail study: detail of measurement markings or scale on the barrel if present, soft rim light from behind, slow 360° orbit at eye level.",Active,0,
592,Extreme Detail & Texture Studies,"Texture / detail study: close-up of the protective cap texture and precise fit, clean high-key beauty lighting, extreme macro push-in.",Active,0,
593,Extreme Detail & Texture Studies,"Texture / detail study: liquid clarity study — light passing cleanly through the research solution, dramatic single hard key light, gentle top-down descending crane.",Active,0,
594,Extreme Detail & Texture Studies,"Texture / detail study: macro of any embossed or debossed branding elements, cool clinical blue-white LED, low angle tracking slide.",Active,0,
595,Extreme Detail & Texture Studies,"Texture / detail study: surface reflection study showing distorted environment in the glass, warm golden hour side light, locked-off static with internal motion only.",Active,0,
596,Extreme Detail & Texture Studies,"Texture / detail study: extreme shallow depth of field isolating a single highlight on the liquid, soft diffused overhead, subtle handheld micro-movement.",Active,0,
597,Extreme Detail & Texture Studies,"Texture / detail study: slow pan across the product’s surface revealing continuous texture, split complementary teal and amber, spiral orbit combined with slow push.",Active,0,
598,Extreme Detail & Texture Studies,"Texture / detail study: detail of sterile packaging seal and clean manufacturing finish, low-key selective highlight only, lateral motion-control track.",Active,0,
599,Extreme Detail & Texture Studies,"Texture / detail study: light traveling along the curved glass form in continuous motion, soft bounce from below, vertical rise from base to top.",Active,0,
600,Extreme Detail & Texture Studies,"Texture / detail study: pure abstract close-up where the product becomes almost unrecognizable texture, hard specular edge light, soft focus rack from background to product.",Active,0,
601,Multi-Product & Collection Arrangements,"Collection arrangement: perfectly aligned row of identical research pens with slow lateral track, soft rim light from behind, with soft particle haze, slow 360° orbit at eye level.",Active,0,
602,Multi-Product & Collection Arrangements,"Collection arrangement: symmetric pair of vial and pen in balanced composition, clean high-key beauty lighting, with gentle dry-ice style fog drifting, extreme macro push-in.",Active,0,
603,Multi-Product & Collection Arrangements,"Collection arrangement: geometric grid of multiple research units on clean surface, dramatic single hard key light, with subtle floating dust motes in light beams, gentle top-down descending crane.",Active,0,
604,Multi-Product & Collection Arrangements,"Collection arrangement: staggered depth arrangement of several products with soft focus falloff, cool clinical blue-white LED, in clean negative space, low angle tracking slide.",Active,0,
605,Multi-Product & Collection Arrangements,"Collection arrangement: circular arrangement of products around a central soft light source, warm golden hour side light, with soft bokeh circles drifting past, locked-off static with internal motion only.",Active,0,
606,Multi-Product & Collection Arrangements,"Collection arrangement: ascending height composition of different format research products, soft diffused overhead, with light caustics refracting across the surface, subtle handheld micro-movement.",Active,0,
607,Multi-Product & Collection Arrangements,"Collection arrangement: tight cluster of products with one hero unit pulled slightly forward, split complementary teal and amber, with soft volumetric atmosphere, spiral orbit combined with slow push.",Active,0,
608,Multi-Product & Collection Arrangements,"Collection arrangement: long perspective line of products disappearing into soft bokeh, low-key selective highlight only, in pure clinical emptiness, lateral motion-control track.",Active,0,
609,Multi-Product & Collection Arrangements,"Collection arrangement: mirrored pair creating perfect left-right symmetry, soft bounce from below, with delicate condensation on glass, vertical rise from base to top.",Active,0,
610,Multi-Product & Collection Arrangements,"Collection arrangement: products arranged to form an abstract larger shape or letter, hard specular edge light, with soft fabric movement in background, soft focus rack from background to product.",Active,0,
611,Multi-Product & Collection Arrangements,"Collection arrangement: varying distances creating strong depth with product family, volumetric god rays through haze, with abstract geometric light patterns, fast resolve into locked hero frame.",Active,0,
612,Multi-Product & Collection Arrangements,"Collection arrangement: clean white tray holding organized research units in soft light, soft window light with gentle falloff, with gentle liquid swirl inside the container, circular arc that never fully completes.",Active,0,
613,Multi-Product & Collection Arrangements,"Collection arrangement: dark surface with multiple products each catching individual highlights, practical small LED panel visible in frame, with perfect mirror reflection below, over-the-shoulder gloved perspective.",Active,0,
614,Multi-Product & Collection Arrangements,"Collection arrangement: products at different rotation angles creating rhythmic visual pattern, cool overhead fluorescent lab feel, with soft shadow only, extreme high angle looking straight down.",Active,0,
615,Multi-Product & Collection Arrangements,"Collection arrangement: family of products in a single elegant still-life with negative space, warm under-light glow, with almost no shadow, pure beauty light, slow pull-out revealing environment.",Active,0,
616,Multi-Product & Collection Arrangements,"Collection arrangement: perfectly aligned row of identical research pens with slow lateral track, soft rim light from behind, with soft particle haze, slow 360° orbit at eye level.",Active,0,
617,Multi-Product & Collection Arrangements,"Collection arrangement: symmetric pair of vial and pen in balanced composition, clean high-key beauty lighting, with gentle dry-ice style fog drifting, extreme macro push-in.",Active,0,
618,Multi-Product & Collection Arrangements,"Collection arrangement: geometric grid of multiple research units on clean surface, dramatic single hard key light, with subtle floating dust motes in light beams, gentle top-down descending crane.",Active,0,
619,Multi-Product & Collection Arrangements,"Collection arrangement: staggered depth arrangement of several products with soft focus falloff, cool clinical blue-white LED, in clean negative space, low angle tracking slide.",Active,0,
620,Multi-Product & Collection Arrangements,"Collection arrangement: circular arrangement of products around a central soft light source, warm golden hour side light, with soft bokeh circles drifting past, locked-off static with internal motion only.",Active,0,
621,Multi-Product & Collection Arrangements,"Collection arrangement: ascending height composition of different format research products, soft diffused overhead, with light caustics refracting across the surface, subtle handheld micro-movement.",Active,0,
622,Multi-Product & Collection Arrangements,"Collection arrangement: tight cluster of products with one hero unit pulled slightly forward, split complementary teal and amber, with soft volumetric atmosphere, spiral orbit combined with slow push.",Active,0,
623,Multi-Product & Collection Arrangements,"Collection arrangement: long perspective line of products disappearing into soft bokeh, low-key selective highlight only, in pure clinical emptiness, lateral motion-control track.",Active,0,
624,Multi-Product & Collection Arrangements,"Collection arrangement: mirrored pair creating perfect left-right symmetry, soft bounce from below, with delicate condensation on glass, vertical rise from base to top.",Active,0,
625,Multi-Product & Collection Arrangements,"Collection arrangement: products arranged to form an abstract larger shape or letter, hard specular edge light, with soft fabric movement in background, soft focus rack from background to product.",Active,0,
626,Multi-Product & Collection Arrangements,"Collection arrangement: varying distances creating strong depth with product family, volumetric god rays through haze, with abstract geometric light patterns, fast resolve into locked hero frame.",Active,0,
627,Multi-Product & Collection Arrangements,"Collection arrangement: clean white tray holding organized research units in soft light, soft window light with gentle falloff, with gentle liquid swirl inside the container, circular arc that never fully completes.",Active,0,
628,Multi-Product & Collection Arrangements,"Collection arrangement: dark surface with multiple products each catching individual highlights, practical small LED panel visible in frame, with perfect mirror reflection below, over-the-shoulder gloved perspective.",Active,0,
629,Multi-Product & Collection Arrangements,"Collection arrangement: products at different rotation angles creating rhythmic visual pattern, cool overhead fluorescent lab feel, with soft shadow only, extreme high angle looking straight down.",Active,0,
630,Multi-Product & Collection Arrangements,"Collection arrangement: family of products in a single elegant still-life with negative space, warm under-light glow, with almost no shadow, pure beauty light, slow pull-out revealing environment.",Active,0,
