creation_id,rank,scene_id,category,scene_brief,quality_suffix,aspect_ratio,duration_seconds,resolution,model_still,model_video,video_prompt,status,times_used,last_used_at
PBVita-Reel-001,1,296,"Abstract, Artistic & Cinematic Science","Camera moving through layers of translucent scientific glass, featuring pre-filled research pen, soft rim light from behind, slow 360° orbit at eye level.","ultra detailed, extremely detailed, hyper-detailed, razor sharp focus, tack sharp, crystal clear",9:16,8,1080p,grok-imagine-image-quality,grok-imagine-video-1.5,"Photoreal vertical 9:16 Palm Beach Vitality laboratory research catalog film, chemical research material only, premium American research aesthetic, no people, no faces, no hands, no needles, no injection, no clinic, no gym, no lifestyle, no wellness claims, no nicknames. Scene: Camera moving through layers of translucent scientific glass, featuring pre-filled research pen, soft rim light from behind, slow 360° orbit at eye level.. Quality: ultra detailed, extremely detailed, hyper-detailed, razor sharp focus, tack sharp, crystal clear. creation motif 001/500 · scene 296. Keep product identity and any on-screen research typography sharp and unchanged. For laboratory research use only. Not for human use or consumption.",Active,0,
PBVita-Reel-002,2,586,Extreme Detail & Texture Studies,"Texture / detail study: liquid droplet surface tension and highlight play in extreme macro, volumetric god rays through haze, fast resolve into locked hero frame.","ultra detailed, extremely detailed, razor sharp focus, ultra sharp, hyperrealistic, rim lighting",9:16,8,1080p,grok-imagine-image-quality,grok-imagine-video-1.5,"Photoreal vertical 9:16 Palm Beach Vitality laboratory research catalog film, chemical research material only, premium American research aesthetic, no people, no faces, no hands, no needles, no injection, no clinic, no gym, no lifestyle, no wellness claims, no nicknames. Scene: Texture / detail study: liquid droplet surface tension and highlight play in extreme macro, volumetric god rays through haze, fast resolve into locked hero frame.. Quality: ultra detailed, extremely detailed, razor sharp focus, ultra sharp, hyperrealistic, rim lighting. creation motif 002/500 · scene 586. Keep product identity and any on-screen research typography sharp and unchanged. For laboratory research use only. Not for human use or consumption.",Active,0,
PBVita-Reel-003,3,521,"Hybrid, Transition & Special Shots","Special / hybrid shot: soft-to-sharp rack focus traveling across a row of identical research units. Centered on precision research pen, soft diffused overhead, subtle handheld micro-movement.","ultra detailed, extremely detailed, tack sharp, cinematic lighting, HDR, polished look",9:16,8,1080p,grok-imagine-image-quality,grok-imagine-video-1.5,"Photoreal vertical 9:16 Palm Beach Vitality laboratory research catalog film, chemical research material only, premium American research aesthetic, no people, no faces, no hands, no needles, no injection, no clinic, no gym, no lifestyle, no wellness claims, no nicknames. Scene: Special / hybrid shot: soft-to-sharp rack focus traveling across a row of identical research units. Centered on precision research pen, soft diffused overhead, subtle handheld micro-movement.. Quality: ultra detailed, extremely detailed, tack sharp, cinematic lighting, HDR, polished look. creation motif 003/500 · scene 521. Keep product identity and any on-screen research typography sharp and unchanged. For laboratory research use only. Not for human use or consumption.",Active,0,
PBVita-Reel-004,4,134,Laboratory & Scientific Environments,"Research pen with visible liquid barrel under soft blue-white cleanroom lighting, cool clinical blue-white LED, in clean negative space, low angle tracking slide.","ultra detailed, extremely detailed, crystal clear, perfect composition, elegant framing, global illumination",9:16,8,1080p,grok-imagine-image-quality,grok-imagine-video-1.5,"Photoreal vertical 9:16 Palm Beach Vitality laboratory research catalog film, chemical research material only, premium American research aesthetic, no people, no faces, no hands, no needles, no injection, no clinic, no gym, no lifestyle, no wellness claims, no nicknames. Scene: Research pen with visible liquid barrel under soft blue-white cleanroom lighting, cool clinical blue-white LED, in clean negative space, low angle tracking slide.. Quality: ultra detailed, extremely detailed, crystal clear, perfect composition, elegant framing, global illumination. creation motif 004/500 · scene 134. Keep product identity and any on-screen research typography sharp and unchanged. For laboratory research use only. Not for human use or consumption.",Active,0,
PBVita-Reel-005,5,491,Lifestyle & Context (Research-Forward),"Context still life: clean architectural surface with strong geometric lines and the product. Featuring precision research pen, soft rim light from behind, slow 360° orbit at eye level.","ultra detailed, extremely detailed, 8k resolution, soft diffused lighting, realistic textures, DSLR sharpness",9:16,8,1080p,grok-imagine-image-quality,grok-imagine-video-1.5,"Photoreal vertical 9:16 Palm Beach Vitality laboratory research catalog film, chemical research material only, premium American research aesthetic, no people, no faces, no hands, no needles, no injection, no clinic, no gym, no lifestyle, no wellness claims, no nicknames. Scene: Context still life: clean architectural surface with strong geometric lines and the product. Featuring precision research pen, soft rim light from behind, slow 360° orbit at eye level.. Quality: ultra detailed, extremely detailed, 8k resolution, soft diffused lighting, realistic textures, DSLR sharpness. creation motif 005/500 · scene 491. Keep product identity and any on-screen research typography sharp and unchanged. For laboratory research use only. Not for human use or consumption.",Active,0,
PBVita-Reel-006,6,408,Lighting & Mood Variations,"Mood lighting study: cold storage fluorescent feel with soft green-blue cast. Product is dual research pens side by side, captured with gentle top-down descending crane.","ultra detailed, extremely detailed, hyperrealistic, studio lighting, high dynamic range, refined details",9:16,8,1080p,grok-imagine-image-quality,grok-imagine-video-1.5,"Photoreal vertical 9:16 Palm Beach Vitality laboratory research catalog film, chemical research material only, premium American research aesthetic, no people, no faces, no hands, no needles, no injection, no clinic, no gym, no lifestyle, no wellness claims, no nicknames. Scene: Mood lighting study: cold storage fluorescent feel with soft green-blue cast. Product is dual research pens side by side, captured with gentle top-down descending crane.. Quality: ultra detailed, extremely detailed, hyperrealistic, studio lighting, high dynamic range, refined details. creation motif 006/500 · scene 408. Keep product identity and any on-screen research typography sharp and unchanged. For laboratory research use only. Not for human use or consumption.",Active,0,
PBVita-Reel-007,7,196,Molecular & Chemical Structure Visuals,"Abstract particle-based structure of a peptide chain, against pure black void, volumetric god rays through haze, with abstract geometric light patterns, fast resolve into locked hero frame.","ultra detailed, extremely detailed, cinematic lighting, perfect composition, premium aesthetic, professional photography",9:16,8,1080p,grok-imagine-image-quality,grok-imagine-video-1.5,"Photoreal vertical 9:16 Palm Beach Vitality laboratory research catalog film, chemical research material only, premium American research aesthetic, no people, no faces, no hands, no needles, no injection, no clinic, no gym, no lifestyle, no wellness claims, no nicknames. Scene: Abstract particle-based structure of a peptide chain, against pure black void, volumetric god rays through haze, with abstract geometric light patterns, fast resolve into locked hero frame.. Quality: ultra detailed, extremely detailed, cinematic lighting, perfect composition, premium aesthetic, professional photography. creation motif 007/500 · scene 196. Keep product identity and any on-screen research typography sharp and unchanged. For laboratory research use only. Not for human use or consumption.",Active,0,
PBVita-Reel-008,8,614,Multi-Product & Collection Arrangements,"Collection arrangement: products at different rotation angles creating rhythmic visual pattern, cool overhead fluorescent lab feel, with soft shadow only, extreme high angle looking straight down.","ultra detailed, extremely detailed, soft diffused lighting, high fidelity, realistic textures, global illumination",9:16,8,1080p,grok-imagine-image-quality,grok-imagine-video-1.5,"Photoreal vertical 9:16 Palm Beach Vitality laboratory research catalog film, chemical research material only, premium American research aesthetic, no people, no faces, no hands, no needles, no injection, no clinic, no gym, no lifestyle, no wellness claims, no nicknames. Scene: Collection arrangement: products at different rotation angles creating rhythmic visual pattern, cool overhead fluorescent lab feel, with soft shadow only, extreme high angle looking straight down.. Quality: ultra detailed, extremely detailed, soft diffused lighting, high fidelity, realistic textures, global illumination. creation motif 008/500 · scene 614. Keep product identity and any on-screen research typography sharp and unchanged. For laboratory research use only. Not for human use or consumption.",Active,0,
PBVita-Reel-009,9,29,Product Hero & Macro,"Side profile of single research pen standing upright showing liquid refraction, cool overhead fluorescent lab feel, extreme high angle looking straight down.","ultra detailed, extremely detailed, rich contrast, realistic reflections, DSLR sharpness, professional photography",9:16,8,1080p,grok-imagine-image-quality,grok-imagine-video-1.5,"Photoreal vertical 9:16 Palm Beach Vitality laboratory research catalog film, chemical research material only, premium American research aesthetic, no people, no faces, no hands, no needles, no injection, no clinic, no gym, no lifestyle, no wellness claims, no nicknames. Scene: Side profile of single research pen standing upright showing liquid refraction, cool overhead fluorescent lab feel, extreme high angle looking straight down.. Quality: ultra detailed, extremely detailed, rich contrast, realistic reflections, DSLR sharpness, professional photography. creation motif 009/500 · scene 029. Keep product identity and any on-screen research typography sharp and unchanged. For laboratory research use only. Not for human use or consumption.",Active,0,
PBVita-Reel-010,10,211,"Production, Process & Manufacturing","Stylized research process: clear liquid being gently transferred between sterile vessels, soft rim light from behind, with soft particle haze, slow 360° orbit at eye level.","ultra detailed, hyper-detailed, razor sharp focus, hyperrealistic, high dynamic range, elegant framing",9:16,8,1080p,grok-imagine-image-quality,grok-imagine-video-1.5,"Photoreal vertical 9:16 Palm Beach Vitality laboratory research catalog film, chemical research material only, premium American research aesthetic, no people, no faces, no hands, no needles, no injection, no clinic, no gym, no lifestyle, no wellness claims, no nicknames. Scene: Stylized research process: clear liquid being gently transferred between sterile vessels, soft rim light from behind, with soft particle haze, slow 360° orbit at eye level.. Quality: ultra detailed, hyper-detailed, razor sharp focus, hyperrealistic, high dynamic range, elegant framing. creation motif 010/500 · scene 211. Keep product identity and any on-screen research typography sharp and unchanged. For laboratory research use only. Not for human use or consumption.",Active,0,
PBVita-Reel-011,11,386,Signature Camera Moves & Dynamic Angles,"Camera focused: lateral motion-control track keeping product perfectly centered. Subject is pre-filled research pen, soft diffused overhead, with light caustics refracting across the surface.","ultra detailed, hyper-detailed, tack sharp, rim lighting, perfect exposure, realistic reflections",9:16,8,1080p,grok-imagine-image-quality,grok-imagine-video-1.5,"Photoreal vertical 9:16 Palm Beach Vitality laboratory research catalog film, chemical research material only, premium American research aesthetic, no people, no faces, no hands, no needles, no injection, no clinic, no gym, no lifestyle, no wellness claims, no nicknames. Scene: Camera focused: lateral motion-control track keeping product perfectly centered. Subject is pre-filled research pen, soft diffused overhead, with light caustics refracting across the surface.. Quality: ultra detailed, hyper-detailed, tack sharp, rim lighting, perfect exposure, realistic reflections. creation motif 011/500 · scene 386. Keep product identity and any on-screen research typography sharp and unchanged. For laboratory research use only. Not for human use or consumption.",Active,0,
PBVita-Reel-012,12,471,"Text, Kinetic & Overlay-Friendly Scenes","Overlay-optimized composition: locked hero frame with generous margin on all sides for safe text overlay. Subject precision research pen, soft diffused overhead.","ultra detailed, hyper-detailed, ultra sharp, photorealistic, rich contrast, realistic reflections",9:16,8,1080p,grok-imagine-image-quality,grok-imagine-video-1.5,"Photoreal vertical 9:16 Palm Beach Vitality laboratory research catalog film, chemical research material only, premium American research aesthetic, no people, no faces, no hands, no needles, no injection, no clinic, no gym, no lifestyle, no wellness claims, no nicknames. Scene: Overlay-optimized composition: locked hero frame with generous margin on all sides for safe text overlay. Subject precision research pen, soft diffused overhead.. Quality: ultra detailed, hyper-detailed, ultra sharp, photorealistic, rich contrast, realistic reflections. creation motif 012/500 · scene 471. Keep product identity and any on-screen research typography sharp and unchanged. For laboratory research use only. Not for human use or consumption.",Active,0,
PBVita-Reel-013,13,266,"Abstract, Artistic & Cinematic Science","Soft particle field slowly forming the product shape, featuring pre-filled research pen, soft rim light from behind, slow 360° orbit at eye level.","ultra detailed, hyper-detailed, 8k resolution, shallow depth of field, global illumination, professional photography",9:16,8,1080p,grok-imagine-image-quality,grok-imagine-video-1.5,"Photoreal vertical 9:16 Palm Beach Vitality laboratory research catalog film, chemical research material only, premium American research aesthetic, no people, no faces, no hands, no needles, no injection, no clinic, no gym, no lifestyle, no wellness claims, no nicknames. Scene: Soft particle field slowly forming the product shape, featuring pre-filled research pen, soft rim light from behind, slow 360° orbit at eye level.. Quality: ultra detailed, hyper-detailed, 8k resolution, shallow depth of field, global illumination, professional photography. creation motif 013/500 · scene 266. Keep product identity and any on-screen research typography sharp and unchanged. For laboratory research use only. Not for human use or consumption.",Active,0,
PBVita-Reel-014,14,599,Extreme Detail & Texture Studies,"Texture / detail study: light traveling along the curved glass form in continuous motion, soft bounce from below, vertical rise from base to top.","ultra detailed, hyper-detailed, hyperrealistic, creamy bokeh, polished look, medium format look",9:16,8,1080p,grok-imagine-image-quality,grok-imagine-video-1.5,"Photoreal vertical 9:16 Palm Beach Vitality laboratory research catalog film, chemical research material only, premium American research aesthetic, no people, no faces, no hands, no needles, no injection, no clinic, no gym, no lifestyle, no wellness claims, no nicknames. Scene: Texture / detail study: light traveling along the curved glass form in continuous motion, soft bounce from below, vertical rise from base to top.. Quality: ultra detailed, hyper-detailed, hyperrealistic, creamy bokeh, polished look, medium format look. creation motif 014/500 · scene 599. Keep product identity and any on-screen research typography sharp and unchanged. For laboratory research use only. Not for human use or consumption.",Active,0,
PBVita-Reel-015,15,526,"Hybrid, Transition & Special Shots","Special / hybrid shot: product dissolving into soft light particles that reform as molecular model. Centered on pre-filled research pen, volumetric god rays through haze, fast resolve into locked hero frame.","ultra detailed, hyper-detailed, dramatic lighting, studio lighting, creamy bokeh, soft shadows",9:16,8,1080p,grok-imagine-image-quality,grok-imagine-video-1.5,"Photoreal vertical 9:16 Palm Beach Vitality laboratory research catalog film, chemical research material only, premium American research aesthetic, no people, no faces, no hands, no needles, no injection, no clinic, no gym, no lifestyle, no wellness claims, no nicknames. Scene: Special / hybrid shot: product dissolving into soft light particles that reform as molecular model. Centered on pre-filled research pen, volumetric god rays through haze, fast resolve into locked hero frame.. Quality: ultra detailed, hyper-detailed, dramatic lighting, studio lighting, creamy bokeh, soft shadows. creation motif 015/500 · scene 526. Keep product identity and any on-screen research typography sharp and unchanged. For laboratory research use only. Not for human use or consumption.",Active,0,
PBVita-Reel-016,16,111,Laboratory & Scientific Environments,"Pre-filled research pen through the glass of a fume hood, volumetric god rays through haze, with abstract geometric light patterns, fast resolve into locked hero frame.","ultra detailed, hyper-detailed, studio lighting, creamy bokeh, clean and crisp, intricate textures",9:16,8,1080p,grok-imagine-image-quality,grok-imagine-video-1.5,"Photoreal vertical 9:16 Palm Beach Vitality laboratory research catalog film, chemical research material only, premium American research aesthetic, no people, no faces, no hands, no needles, no injection, no clinic, no gym, no lifestyle, no wellness claims, no nicknames. Scene: Pre-filled research pen through the glass of a fume hood, volumetric god rays through haze, with abstract geometric light patterns, fast resolve into locked hero frame.. Quality: ultra detailed, hyper-detailed, studio lighting, creamy bokeh, clean and crisp, intricate textures. creation motif 016/500 · scene 111. Keep product identity and any on-screen research typography sharp and unchanged. For laboratory research use only. Not for human use or consumption.",Active,0,
PBVita-Reel-017,17,501,Lifestyle & Context (Research-Forward),"Context still life: premium modern surface (bathroom or grooming style) with product as still life. Featuring precision research pen, volumetric god rays through haze, fast resolve into locked hero frame.","ultra detailed, hyper-detailed, shallow depth of field, premium aesthetic, polished look, medium format look",9:16,8,1080p,grok-imagine-image-quality,grok-imagine-video-1.5,"Photoreal vertical 9:16 Palm Beach Vitality laboratory research catalog film, chemical research material only, premium American research aesthetic, no people, no faces, no hands, no needles, no injection, no clinic, no gym, no lifestyle, no wellness claims, no nicknames. Scene: Context still life: premium modern surface (bathroom or grooming style) with product as still life. Featuring precision research pen, volumetric god rays through haze, fast resolve into locked hero frame.. Quality: ultra detailed, hyper-detailed, shallow depth of field, premium aesthetic, polished look, medium format look. creation motif 017/500 · scene 501. Keep product identity and any on-screen research typography sharp and unchanged. For laboratory research use only. Not for human use or consumption.",Active,0,
PBVita-Reel-018,18,419,Lighting & Mood Variations,"Mood lighting study: low-key night mode with selective highlights only on the product. Product is single research pen standing upright, captured with extreme high angle looking straight down.","ultra detailed, razor sharp focus, tack sharp, studio lighting, creamy bokeh, editorial photography style",9:16,8,1080p,grok-imagine-image-quality,grok-imagine-video-1.5,"Photoreal vertical 9:16 Palm Beach Vitality laboratory research catalog film, chemical research material only, premium American research aesthetic, no people, no faces, no hands, no needles, no injection, no clinic, no gym, no lifestyle, no wellness claims, no nicknames. Scene: Mood lighting study: low-key night mode with selective highlights only on the product. Product is single research pen standing upright, captured with extreme high angle looking straight down.. Quality: ultra detailed, razor sharp focus, tack sharp, studio lighting, creamy bokeh, editorial photography style. creation motif 018/500 · scene 419. Keep product identity and any on-screen research typography sharp and unchanged. For laboratory research use only. Not for human use or consumption.",Active,0,
PBVita-Reel-019,19,151,Molecular & Chemical Structure Visuals,"Abstract particle-based structure of a peptide chain, slowly rotating in dark space, volumetric god rays through haze, with abstract geometric light patterns, fast resolve into locked hero frame.","ultra detailed, razor sharp focus, ultra sharp, photorealistic, ultra realistic, cinematic lighting",9:16,8,1080p,grok-imagine-image-quality,grok-imagine-video-1.5,"Photoreal vertical 9:16 Palm Beach Vitality laboratory research catalog film, chemical research material only, premium American research aesthetic, no people, no faces, no hands, no needles, no injection, no clinic, no gym, no lifestyle, no wellness claims, no nicknames. Scene: Abstract particle-based structure of a peptide chain, slowly rotating in dark space, volumetric god rays through haze, with abstract geometric light patterns, fast resolve into locked hero frame.. Quality: ultra detailed, razor sharp focus, ultra sharp, photorealistic, ultra realistic, cinematic lighting. creation motif 019/500 · scene 151. Keep product identity and any on-screen research typography sharp and unchanged. For laboratory research use only. Not for human use or consumption.",Active,0,
PBVita-Reel-020,20,630,Multi-Product & Collection Arrangements,"Collection arrangement: family of products in a single elegant still-life with negative space, warm under-light glow, with almost no shadow, pure beauty light, slow pull-out revealing environment.","ultra detailed, razor sharp focus, 8k resolution, perfect exposure, clean and crisp, soft shadows",9:16,8,1080p,grok-imagine-image-quality,grok-imagine-video-1.5,"Photoreal vertical 9:16 Palm Beach Vitality laboratory research catalog film, chemical research material only, premium American research aesthetic, no people, no faces, no hands, no needles, no injection, no clinic, no gym, no lifestyle, no wellness claims, no nicknames. Scene: Collection arrangement: family of products in a single elegant still-life with negative space, warm under-light glow, with almost no shadow, pure beauty light, slow pull-out revealing environment.. Quality: ultra detailed, razor sharp focus, 8k resolution, perfect exposure, clean and crisp, soft shadows. creation motif 020/500 · scene 630. Keep product identity and any on-screen research typography sharp and unchanged. For laboratory research use only. Not for human use or consumption.",Active,0,
PBVita-Reel-021,21,8,Product Hero & Macro,"Dual research pens side by side in pure clinical emptiness, low-key selective highlight only, slow elegant movement.","ultra detailed, razor sharp focus, hyperrealistic, perfect exposure, editorial photography style, medium format look",9:16,8,1080p,grok-imagine-image-quality,grok-imagine-video-1.5,"Photoreal vertical 9:16 Palm Beach Vitality laboratory research catalog film, chemical research material only, premium American research aesthetic, no people, no faces, no hands, no needles, no injection, no clinic, no gym, no lifestyle, no wellness claims, no nicknames. Scene: Dual research pens side by side in pure clinical emptiness, low-key selective highlight only, slow elegant movement.. Quality: ultra detailed, razor sharp focus, hyperrealistic, perfect exposure, editorial photography style, medium format look. creation motif 021/500 · scene 008. Keep product identity and any on-screen research typography sharp and unchanged. For laboratory research use only. Not for human use or consumption.",Active,0,
PBVita-Reel-022,22,261,"Production, Process & Manufacturing","Stylized research process: product being sealed into clean protective packaging, soft diffused overhead, with light caustics refracting across the surface, subtle handheld micro-movement.","ultra detailed, razor sharp focus, dramatic lighting, soft diffused lighting, polished look, soft shadows",9:16,8,1080p,grok-imagine-image-quality,grok-imagine-video-1.5,"Photoreal vertical 9:16 Palm Beach Vitality laboratory research catalog film, chemical research material only, premium American research aesthetic, no people, no faces, no hands, no needles, no injection, no clinic, no gym, no lifestyle, no wellness claims, no nicknames. Scene: Stylized research process: product being sealed into clean protective packaging, soft diffused overhead, with light caustics refracting across the surface, subtle handheld micro-movement.. Quality: ultra detailed, razor sharp focus, dramatic lighting, soft diffused lighting, polished look, soft shadows. creation motif 022/500 · scene 261. Keep product identity and any on-screen research typography sharp and unchanged. For laboratory research use only. Not for human use or consumption.",Active,0,
PBVita-Reel-023,23,364,Signature Camera Moves & Dynamic Angles,"Camera focused: spiral orbit combined with continuous slow push-in. Subject is single research pen standing upright, cool overhead fluorescent lab feel, with soft shadow only.","ultra detailed, razor sharp focus, studio lighting, shallow depth of field, creamy bokeh, perfect composition",9:16,8,1080p,grok-imagine-image-quality,grok-imagine-video-1.5,"Photoreal vertical 9:16 Palm Beach Vitality laboratory research catalog film, chemical research material only, premium American research aesthetic, no people, no faces, no hands, no needles, no injection, no clinic, no gym, no lifestyle, no wellness claims, no nicknames. Scene: Camera focused: spiral orbit combined with continuous slow push-in. Subject is single research pen standing upright, cool overhead fluorescent lab feel, with soft shadow only.. Quality: ultra detailed, razor sharp focus, studio lighting, shallow depth of field, creamy bokeh, perfect composition. creation motif 023/500 · scene 364. Keep product identity and any on-screen research typography sharp and unchanged. For laboratory research use only. Not for human use or consumption.",Active,0,
PBVita-Reel-024,24,437,"Text, Kinetic & Overlay-Friendly Scenes","Overlay-optimized composition: product locked on the right third, left two-thirds open for bold typography. Subject clear glass research vial, clean high-key beauty lighting.","ultra detailed, razor sharp focus, shallow depth of field, perfect composition, polished look, realistic reflections",9:16,8,1080p,grok-imagine-image-quality,grok-imagine-video-1.5,"Photoreal vertical 9:16 Palm Beach Vitality laboratory research catalog film, chemical research material only, premium American research aesthetic, no people, no faces, no hands, no needles, no injection, no clinic, no gym, no lifestyle, no wellness claims, no nicknames. Scene: Overlay-optimized composition: product locked on the right third, left two-thirds open for bold typography. Subject clear glass research vial, clean high-key beauty lighting.. Quality: ultra detailed, razor sharp focus, shallow depth of field, perfect composition, polished look, realistic reflections. creation motif 024/500 · scene 437. Keep product identity and any on-screen research typography sharp and unchanged. For laboratory research use only. Not for human use or consumption.",Active,0,
PBVita-Reel-025,25,280,"Abstract, Artistic & Cinematic Science","Shallow depth of field with only the tip in critical focus, featuring sterile research vial, warm under-light glow, slow pull-out revealing environment.","ultra detailed, tack sharp, crystal clear, rim lighting, clean and crisp, high fidelity",9:16,8,1080p,grok-imagine-image-quality,grok-imagine-video-1.5,"Photoreal vertical 9:16 Palm Beach Vitality laboratory research catalog film, chemical research material only, premium American research aesthetic, no people, no faces, no hands, no needles, no injection, no clinic, no gym, no lifestyle, no wellness claims, no nicknames. Scene: Shallow depth of field with only the tip in critical focus, featuring sterile research vial, warm under-light glow, slow pull-out revealing environment.. Quality: ultra detailed, tack sharp, crystal clear, rim lighting, clean and crisp, high fidelity. creation motif 025/500 · scene 280. Keep product identity and any on-screen research typography sharp and unchanged. For laboratory research use only. Not for human use or consumption.",Active,0,
PBVita-Reel-026,26,569,Extreme Detail & Texture Studies,"Texture / detail study: edge light catching every microscopic dust-free surface, soft bounce from below, vertical rise from base to top.","ultra detailed, tack sharp, 8k resolution, cinematic lighting, soft diffused lighting, refined details",9:16,8,1080p,grok-imagine-image-quality,grok-imagine-video-1.5,"Photoreal vertical 9:16 Palm Beach Vitality laboratory research catalog film, chemical research material only, premium American research aesthetic, no people, no faces, no hands, no needles, no injection, no clinic, no gym, no lifestyle, no wellness claims, no nicknames. Scene: Texture / detail study: edge light catching every microscopic dust-free surface, soft bounce from below, vertical rise from base to top.. Quality: ultra detailed, tack sharp, 8k resolution, cinematic lighting, soft diffused lighting, refined details. creation motif 026/500 · scene 569. Keep product identity and any on-screen research typography sharp and unchanged. For laboratory research use only. Not for human use or consumption.",Active,0,
PBVita-Reel-027,27,553,"Hybrid, Transition & Special Shots","Special / hybrid shot: from darkness, light reveals first the structure then the physical product. Centered on dual research pens side by side, low-key selective highlight only, lateral motion-control track.","ultra detailed, tack sharp, hyperrealistic, cinematic lighting, HDR, creamy bokeh",9:16,8,1080p,grok-imagine-image-quality,grok-imagine-video-1.5,"Photoreal vertical 9:16 Palm Beach Vitality laboratory research catalog film, chemical research material only, premium American research aesthetic, no people, no faces, no hands, no needles, no injection, no clinic, no gym, no lifestyle, no wellness claims, no nicknames. Scene: Special / hybrid shot: from darkness, light reveals first the structure then the physical product. Centered on dual research pens side by side, low-key selective highlight only, lateral motion-control track.. Quality: ultra detailed, tack sharp, hyperrealistic, cinematic lighting, HDR, creamy bokeh. creation motif 027/500 · scene 553. Keep product identity and any on-screen research typography sharp and unchanged. For laboratory research use only. Not for human use or consumption.",Active,0,
PBVita-Reel-028,28,122,Laboratory & Scientific Environments,"Clear glass research vial in front of softly blurred lab equipment, split complementary teal and amber, with soft volumetric atmosphere, spiral orbit combined with slow push.","ultra detailed, tack sharp, cinematic lighting, rim lighting, refined details, DSLR sharpness",9:16,8,1080p,grok-imagine-image-quality,grok-imagine-video-1.5,"Photoreal vertical 9:16 Palm Beach Vitality laboratory research catalog film, chemical research material only, premium American research aesthetic, no people, no faces, no hands, no needles, no injection, no clinic, no gym, no lifestyle, no wellness claims, no nicknames. Scene: Clear glass research vial in front of softly blurred lab equipment, split complementary teal and amber, with soft volumetric atmosphere, spiral orbit combined with slow push.. Quality: ultra detailed, tack sharp, cinematic lighting, rim lighting, refined details, DSLR sharpness. creation motif 028/500 · scene 122. Keep product identity and any on-screen research typography sharp and unchanged. For laboratory research use only. Not for human use or consumption.",Active,0,
PBVita-Reel-029,29,512,Lifestyle & Context (Research-Forward),"Context still life: soft textured wall background with product in sharp foreground. Featuring amber-tinted research vial, split complementary teal and amber, spiral orbit combined with slow push.","ultra detailed, tack sharp, soft diffused lighting, rich contrast, creamy bokeh, polished look",9:16,8,1080p,grok-imagine-image-quality,grok-imagine-video-1.5,"Photoreal vertical 9:16 Palm Beach Vitality laboratory research catalog film, chemical research material only, premium American research aesthetic, no people, no faces, no hands, no needles, no injection, no clinic, no gym, no lifestyle, no wellness claims, no nicknames. Scene: Context still life: soft textured wall background with product in sharp foreground. Featuring amber-tinted research vial, split complementary teal and amber, spiral orbit combined with slow push.. Quality: ultra detailed, tack sharp, soft diffused lighting, rich contrast, creamy bokeh, polished look. creation motif 029/500 · scene 512. Keep product identity and any on-screen research typography sharp and unchanged. For laboratory research use only. Not for human use or consumption.",Active,0,
PBVita-Reel-030,30,402,Lighting & Mood Variations,"Mood lighting study: soft bounce from below creating an ethereal under-glow. Product is clear glass research vial, captured with circular arc that never fully completes.","ultra detailed, tack sharp, rich contrast, perfect exposure, premium aesthetic, editorial photography style",9:16,8,1080p,grok-imagine-image-quality,grok-imagine-video-1.5,"Photoreal vertical 9:16 Palm Beach Vitality laboratory research catalog film, chemical research material only, premium American research aesthetic, no people, no faces, no hands, no needles, no injection, no clinic, no gym, no lifestyle, no wellness claims, no nicknames. Scene: Mood lighting study: soft bounce from below creating an ethereal under-glow. Product is clear glass research vial, captured with circular arc that never fully completes.. Quality: ultra detailed, tack sharp, rich contrast, perfect exposure, premium aesthetic, editorial photography style. creation motif 030/500 · scene 402. Keep product identity and any on-screen research typography sharp and unchanged. For laboratory research use only. Not for human use or consumption.",Active,0,
PBVita-Reel-031,31,168,Molecular & Chemical Structure Visuals,"Molecular model dissolving into atoms of a peptide chain, as camera flies through the structure, practical small LED panel visible in frame, with perfect mirror reflection below, over-the-shoulder gloved perspective.","ultra detailed, crystal clear, ultra sharp, ultra realistic, rim lighting, intricate textures",9:16,8,1080p,grok-imagine-image-quality,grok-imagine-video-1.5,"Photoreal vertical 9:16 Palm Beach Vitality laboratory research catalog film, chemical research material only, premium American research aesthetic, no people, no faces, no hands, no needles, no injection, no clinic, no gym, no lifestyle, no wellness claims, no nicknames. Scene: Molecular model dissolving into atoms of a peptide chain, as camera flies through the structure, practical small LED panel visible in frame, with perfect mirror reflection below, over-the-shoulder gloved perspective.. Quality: ultra detailed, crystal clear, ultra sharp, ultra realistic, rim lighting, intricate textures. creation motif 031/500 · scene 168. Keep product identity and any on-screen research typography sharp and unchanged. For laboratory research use only. Not for human use or consumption.",Active,0,
PBVita-Reel-032,32,621,Multi-Product & Collection Arrangements,"Collection arrangement: ascending height composition of different format research products, soft diffused overhead, with light caustics refracting across the surface, subtle handheld micro-movement.","ultra detailed, crystal clear, 8k resolution, high fidelity, realistic textures, soft shadows",9:16,8,1080p,grok-imagine-image-quality,grok-imagine-video-1.5,"Photoreal vertical 9:16 Palm Beach Vitality laboratory research catalog film, chemical research material only, premium American research aesthetic, no people, no faces, no hands, no needles, no injection, no clinic, no gym, no lifestyle, no wellness claims, no nicknames. Scene: Collection arrangement: ascending height composition of different format research products, soft diffused overhead, with light caustics refracting across the surface, subtle handheld micro-movement.. Quality: ultra detailed, crystal clear, 8k resolution, high fidelity, realistic textures, soft shadows. creation motif 032/500 · scene 621. Keep product identity and any on-screen research typography sharp and unchanged. For laboratory research use only. Not for human use or consumption.",Active,0,
PBVita-Reel-033,33,20,Product Hero & Macro,"Top-down composition of research vial lying on its side on dark charcoal concrete, warm golden hour side light, minimal and precise.","ultra detailed, crystal clear, hyperrealistic, realistic textures, ambient occlusion, editorial photography style",9:16,8,1080p,grok-imagine-image-quality,grok-imagine-video-1.5,"Photoreal vertical 9:16 Palm Beach Vitality laboratory research catalog film, chemical research material only, premium American research aesthetic, no people, no faces, no hands, no needles, no injection, no clinic, no gym, no lifestyle, no wellness claims, no nicknames. Scene: Top-down composition of research vial lying on its side on dark charcoal concrete, warm golden hour side light, minimal and precise.. Quality: ultra detailed, crystal clear, hyperrealistic, realistic textures, ambient occlusion, editorial photography style. creation motif 033/500 · scene 020. Keep product identity and any on-screen research typography sharp and unchanged. For laboratory research use only. Not for human use or consumption.",Active,0,
PBVita-Reel-034,34,252,"Production, Process & Manufacturing","Stylized research process: gentle mixing or swirling of clear research liquid, soft window light with gentle falloff, with gentle liquid swirl inside the container, circular arc that never fully completes.","ultra detailed, crystal clear, dramatic lighting, HDR, polished look, clean and crisp",9:16,8,1080p,grok-imagine-image-quality,grok-imagine-video-1.5,"Photoreal vertical 9:16 Palm Beach Vitality laboratory research catalog film, chemical research material only, premium American research aesthetic, no people, no faces, no hands, no needles, no injection, no clinic, no gym, no lifestyle, no wellness claims, no nicknames. Scene: Stylized research process: gentle mixing or swirling of clear research liquid, soft window light with gentle falloff, with gentle liquid swirl inside the container, circular arc that never fully completes.. Quality: ultra detailed, crystal clear, dramatic lighting, HDR, polished look, clean and crisp. creation motif 034/500 · scene 252. Keep product identity and any on-screen research typography sharp and unchanged. For laboratory research use only. Not for human use or consumption.",Active,0,
PBVita-Reel-035,35,376,Signature Camera Moves & Dynamic Angles,"Camera focused: slow elegant 360° orbit around the product at eye level. Subject is pre-filled research pen, volumetric god rays through haze, with abstract geometric light patterns.","ultra detailed, crystal clear, studio lighting, realistic textures, soft shadows, editorial photography style",9:16,8,1080p,grok-imagine-image-quality,grok-imagine-video-1.5,"Photoreal vertical 9:16 Palm Beach Vitality laboratory research catalog film, chemical research material only, premium American research aesthetic, no people, no faces, no hands, no needles, no injection, no clinic, no gym, no lifestyle, no wellness claims, no nicknames. Scene: Camera focused: slow elegant 360° orbit around the product at eye level. Subject is pre-filled research pen, volumetric god rays through haze, with abstract geometric light patterns.. Quality: ultra detailed, crystal clear, studio lighting, realistic textures, soft shadows, editorial photography style. creation motif 035/500 · scene 376. Keep product identity and any on-screen research typography sharp and unchanged. For laboratory research use only. Not for human use or consumption.",Active,0,
PBVita-Reel-036,36,465,"Text, Kinetic & Overlay-Friendly Scenes","Overlay-optimized composition: product push-in that resolves into a locked frame perfect for end-card text. Subject research vial lying on its side, warm under-light glow.","ultra detailed, crystal clear, creamy bokeh, elegant framing, high fidelity, editorial photography style",9:16,8,1080p,grok-imagine-image-quality,grok-imagine-video-1.5,"Photoreal vertical 9:16 Palm Beach Vitality laboratory research catalog film, chemical research material only, premium American research aesthetic, no people, no faces, no hands, no needles, no injection, no clinic, no gym, no lifestyle, no wellness claims, no nicknames. Scene: Overlay-optimized composition: product push-in that resolves into a locked frame perfect for end-card text. Subject research vial lying on its side, warm under-light glow.. Quality: ultra detailed, crystal clear, creamy bokeh, elegant framing, high fidelity, editorial photography style. creation motif 036/500 · scene 465. Keep product identity and any on-screen research typography sharp and unchanged. For laboratory research use only. Not for human use or consumption.",Active,0,
PBVita-Reel-037,37,308,"Abstract, Artistic & Cinematic Science","Clean geometric light beams framing the product, featuring sealed peptide vial with rubber stopper, practical small LED panel visible in frame, over-the-shoulder gloved perspective.","ultra detailed, ultra sharp, 8k resolution, detailed surface texture, soft shadows, medium format look",9:16,8,1080p,grok-imagine-image-quality,grok-imagine-video-1.5,"Photoreal vertical 9:16 Palm Beach Vitality laboratory research catalog film, chemical research material only, premium American research aesthetic, no people, no faces, no hands, no needles, no injection, no clinic, no gym, no lifestyle, no wellness claims, no nicknames. Scene: Clean geometric light beams framing the product, featuring sealed peptide vial with rubber stopper, practical small LED panel visible in frame, over-the-shoulder gloved perspective.. Quality: ultra detailed, ultra sharp, 8k resolution, detailed surface texture, soft shadows, medium format look. creation motif 037/500 · scene 308. Keep product identity and any on-screen research typography sharp and unchanged. For laboratory research use only. Not for human use or consumption.",Active,0,
PBVita-Reel-038,38,585,Extreme Detail & Texture Studies,"Texture / detail study: close study of the pen plunger mechanism and internal components, hard specular edge light, soft focus rack from background to product.","ultra detailed, ultra sharp, hyperrealistic, high-end commercial look, editorial photography style, medium format look",9:16,8,1080p,grok-imagine-image-quality,grok-imagine-video-1.5,"Photoreal vertical 9:16 Palm Beach Vitality laboratory research catalog film, chemical research material only, premium American research aesthetic, no people, no faces, no hands, no needles, no injection, no clinic, no gym, no lifestyle, no wellness claims, no nicknames. Scene: Texture / detail study: close study of the pen plunger mechanism and internal components, hard specular edge light, soft focus rack from background to product.. Quality: ultra detailed, ultra sharp, hyperrealistic, high-end commercial look, editorial photography style, medium format look. creation motif 038/500 · scene 585. Keep product identity and any on-screen research typography sharp and unchanged. For laboratory research use only. Not for human use or consumption.",Active,0,
PBVita-Reel-039,39,522,"Hybrid, Transition & Special Shots","Special / hybrid shot: single continuous move from wide lab establishing shot into extreme product macro. Centered on amber-tinted research vial, split complementary teal and amber, spiral orbit combined with slow push.","ultra detailed, ultra sharp, dramatic lighting, rich contrast, perfect composition, elegant framing",9:16,8,1080p,grok-imagine-image-quality,grok-imagine-video-1.5,"Photoreal vertical 9:16 Palm Beach Vitality laboratory research catalog film, chemical research material only, premium American research aesthetic, no people, no faces, no hands, no needles, no injection, no clinic, no gym, no lifestyle, no wellness claims, no nicknames. Scene: Special / hybrid shot: single continuous move from wide lab establishing shot into extreme product macro. Centered on amber-tinted research vial, split complementary teal and amber, spiral orbit combined with slow push.. Quality: ultra detailed, ultra sharp, dramatic lighting, rich contrast, perfect composition, elegant framing. creation motif 039/500 · scene 522. Keep product identity and any on-screen research typography sharp and unchanged. For laboratory research use only. Not for human use or consumption.",Active,0,
PBVita-Reel-040,40,97,Laboratory & Scientific Environments,"Amber-tinted research vial next to clean pipettes and tips, soft window light with gentle falloff, with gentle liquid swirl inside the container, circular arc that never fully completes.","ultra detailed, ultra sharp, studio lighting, editorial photography style, medium format look, DSLR sharpness",9:16,8,1080p,grok-imagine-image-quality,grok-imagine-video-1.5,"Photoreal vertical 9:16 Palm Beach Vitality laboratory research catalog film, chemical research material only, premium American research aesthetic, no people, no faces, no hands, no needles, no injection, no clinic, no gym, no lifestyle, no wellness claims, no nicknames. Scene: Amber-tinted research vial next to clean pipettes and tips, soft window light with gentle falloff, with gentle liquid swirl inside the container, circular arc that never fully completes.. Quality: ultra detailed, ultra sharp, studio lighting, editorial photography style, medium format look, DSLR sharpness. creation motif 040/500 · scene 097. Keep product identity and any on-screen research typography sharp and unchanged. For laboratory research use only. Not for human use or consumption.",Active,0,
PBVita-Reel-041,41,478,Lifestyle & Context (Research-Forward),"Context still life: product next to high-quality recovery aesthetic items in abstract still life. Featuring sealed peptide vial with rubber stopper, dramatic single hard key light, gentle top-down descending crane.","ultra detailed, ultra sharp, creamy bokeh, premium aesthetic, high-end commercial look, editorial photography style",9:16,8,1080p,grok-imagine-image-quality,grok-imagine-video-1.5,"Photoreal vertical 9:16 Palm Beach Vitality laboratory research catalog film, chemical research material only, premium American research aesthetic, no people, no faces, no hands, no needles, no injection, no clinic, no gym, no lifestyle, no wellness claims, no nicknames. Scene: Context still life: product next to high-quality recovery aesthetic items in abstract still life. Featuring sealed peptide vial with rubber stopper, dramatic single hard key light, gentle top-down descending crane.. Quality: ultra detailed, ultra sharp, creamy bokeh, premium aesthetic, high-end commercial look, editorial photography style. creation motif 041/500 · scene 478. Keep product identity and any on-screen research typography sharp and unchanged. For laboratory research use only. Not for human use or consumption.",Active,0,
PBVita-Reel-042,42,422,Lighting & Mood Variations,"Mood lighting study: soft bounce from below creating an ethereal under-glow. Product is clear glass research vial, captured with extreme macro push-in.","ultra detailed, 8k resolution, hyperrealistic, cinematic lighting, high dynamic range, elegant framing",9:16,8,1080p,grok-imagine-image-quality,grok-imagine-video-1.5,"Photoreal vertical 9:16 Palm Beach Vitality laboratory research catalog film, chemical research material only, premium American research aesthetic, no people, no faces, no hands, no needles, no injection, no clinic, no gym, no lifestyle, no wellness claims, no nicknames. Scene: Mood lighting study: soft bounce from below creating an ethereal under-glow. Product is clear glass research vial, captured with extreme macro push-in.. Quality: ultra detailed, 8k resolution, hyperrealistic, cinematic lighting, high dynamic range, elegant framing. creation motif 042/500 · scene 422. Keep product identity and any on-screen research typography sharp and unchanged. For laboratory research use only. Not for human use or consumption.",Active,0,
PBVita-Reel-043,43,165,Molecular & Chemical Structure Visuals,"Volumetric molecular form with internal light of a peptide chain, with soft internal volumetric light, hard specular edge light, with soft fabric movement in background, soft focus rack from background to product.","ultra detailed, 8k resolution, cinematic lighting, rim lighting, clean and crisp, detailed surface texture",9:16,8,1080p,grok-imagine-image-quality,grok-imagine-video-1.5,"Photoreal vertical 9:16 Palm Beach Vitality laboratory research catalog film, chemical research material only, premium American research aesthetic, no people, no faces, no hands, no needles, no injection, no clinic, no gym, no lifestyle, no wellness claims, no nicknames. Scene: Volumetric molecular form with internal light of a peptide chain, with soft internal volumetric light, hard specular edge light, with soft fabric movement in background, soft focus rack from background to product.. Quality: ultra detailed, 8k resolution, cinematic lighting, rim lighting, clean and crisp, detailed surface texture. creation motif 043/500 · scene 165. Keep product identity and any on-screen research typography sharp and unchanged. For laboratory research use only. Not for human use or consumption.",Active,0,
PBVita-Reel-044,44,627,Multi-Product & Collection Arrangements,"Collection arrangement: clean white tray holding organized research units in soft light, soft window light with gentle falloff, with gentle liquid swirl inside the container, circular arc that never fully completes.","ultra detailed, 8k resolution, soft diffused lighting, rich contrast, shallow depth of field, elegant framing",9:16,8,1080p,grok-imagine-image-quality,grok-imagine-video-1.5,"Photoreal vertical 9:16 Palm Beach Vitality laboratory research catalog film, chemical research material only, premium American research aesthetic, no people, no faces, no hands, no needles, no injection, no clinic, no gym, no lifestyle, no wellness claims, no nicknames. Scene: Collection arrangement: clean white tray holding organized research units in soft light, soft window light with gentle falloff, with gentle liquid swirl inside the container, circular arc that never fully completes.. Quality: ultra detailed, 8k resolution, soft diffused lighting, rich contrast, shallow depth of field, elegant framing. creation motif 044/500 · scene 627. Keep product identity and any on-screen research typography sharp and unchanged. For laboratory research use only. Not for human use or consumption.",Active,0,
PBVita-Reel-045,45,14,Product Hero & Macro,"Detail study of research pen with visible liquid barrel focusing on liquid and glass, cool overhead fluorescent lab feel, extreme high angle looking straight down.","ultra detailed, 8k resolution, rich contrast, perfect exposure, elegant framing, global illumination",9:16,8,1080p,grok-imagine-image-quality,grok-imagine-video-1.5,"Photoreal vertical 9:16 Palm Beach Vitality laboratory research catalog film, chemical research material only, premium American research aesthetic, no people, no faces, no hands, no needles, no injection, no clinic, no gym, no lifestyle, no wellness claims, no nicknames. Scene: Detail study of research pen with visible liquid barrel focusing on liquid and glass, cool overhead fluorescent lab feel, extreme high angle looking straight down.. Quality: ultra detailed, 8k resolution, rich contrast, perfect exposure, elegant framing, global illumination. creation motif 045/500 · scene 014. Keep product identity and any on-screen research typography sharp and unchanged. For laboratory research use only. Not for human use or consumption.",Active,0,
PBVita-Reel-046,46,220,"Production, Process & Manufacturing","Stylized research process: rhythmic montage of clean process steps, hard specular edge light, with soft fabric movement in background, soft focus rack from background to product.","ultra detailed, photorealistic, hyperrealistic, soft diffused lighting, rim lighting, premium aesthetic",9:16,8,1080p,grok-imagine-image-quality,grok-imagine-video-1.5,"Photoreal vertical 9:16 Palm Beach Vitality laboratory research catalog film, chemical research material only, premium American research aesthetic, no people, no faces, no hands, no needles, no injection, no clinic, no gym, no lifestyle, no wellness claims, no nicknames. Scene: Stylized research process: rhythmic montage of clean process steps, hard specular edge light, with soft fabric movement in background, soft focus rack from background to product.. Quality: ultra detailed, photorealistic, hyperrealistic, soft diffused lighting, rim lighting, premium aesthetic. creation motif 046/500 · scene 220. Keep product identity and any on-screen research typography sharp and unchanged. For laboratory research use only. Not for human use or consumption.",Active,0,
PBVita-Reel-047,47,350,Signature Camera Moves & Dynamic Angles,"Camera focused: high floating angle looking down as product is revealed. Subject is sterile research vial, warm under-light glow, with almost no shadow, pure beauty light.","ultra detailed, photorealistic, cinematic lighting, shallow depth of field, elegant framing, high fidelity",9:16,8,1080p,grok-imagine-image-quality,grok-imagine-video-1.5,"Photoreal vertical 9:16 Palm Beach Vitality laboratory research catalog film, chemical research material only, premium American research aesthetic, no people, no faces, no hands, no needles, no injection, no clinic, no gym, no lifestyle, no wellness claims, no nicknames. Scene: Camera focused: high floating angle looking down as product is revealed. Subject is sterile research vial, warm under-light glow, with almost no shadow, pure beauty light.. Quality: ultra detailed, photorealistic, cinematic lighting, shallow depth of field, elegant framing, high fidelity. creation motif 047/500 · scene 350. Keep product identity and any on-screen research typography sharp and unchanged. For laboratory research use only. Not for human use or consumption.",Active,0,
PBVita-Reel-048,48,463,"Text, Kinetic & Overlay-Friendly Scenes","Overlay-optimized composition: text appearing to interact with or cut through the product silhouette. Subject dual research pens side by side, practical small LED panel visible in frame.","ultra detailed, photorealistic, soft diffused lighting, premium aesthetic, high fidelity, detailed surface texture",9:16,8,1080p,grok-imagine-image-quality,grok-imagine-video-1.5,"Photoreal vertical 9:16 Palm Beach Vitality laboratory research catalog film, chemical research material only, premium American research aesthetic, no people, no faces, no hands, no needles, no injection, no clinic, no gym, no lifestyle, no wellness claims, no nicknames. Scene: Overlay-optimized composition: text appearing to interact with or cut through the product silhouette. Subject dual research pens side by side, practical small LED panel visible in frame.. Quality: ultra detailed, photorealistic, soft diffused lighting, premium aesthetic, high fidelity, detailed surface texture. creation motif 048/500 · scene 463. Keep product identity and any on-screen research typography sharp and unchanged. For laboratory research use only. Not for human use or consumption.",Active,0,
PBVita-Reel-049,49,307,"Abstract, Artistic & Cinematic Science","Liquid-metal surface morphing into the product silhouette, featuring clear glass research vial, soft window light with gentle falloff, circular arc that never fully completes.","ultra detailed, photorealistic, rich contrast, refined details, high fidelity, intricate textures",9:16,8,1080p,grok-imagine-image-quality,grok-imagine-video-1.5,"Photoreal vertical 9:16 Palm Beach Vitality laboratory research catalog film, chemical research material only, premium American research aesthetic, no people, no faces, no hands, no needles, no injection, no clinic, no gym, no lifestyle, no wellness claims, no nicknames. Scene: Liquid-metal surface morphing into the product silhouette, featuring clear glass research vial, soft window light with gentle falloff, circular arc that never fully completes.. Quality: ultra detailed, photorealistic, rich contrast, refined details, high fidelity, intricate textures. creation motif 049/500 · scene 307. Keep product identity and any on-screen research typography sharp and unchanged. For laboratory research use only. Not for human use or consumption.",Active,0,
PBVita-Reel-050,50,594,Extreme Detail & Texture Studies,"Texture / detail study: macro of any embossed or debossed branding elements, cool clinical blue-white LED, low angle tracking slide.","ultra detailed, hyperrealistic, ultra realistic, rich contrast, premium aesthetic, high-end commercial look",9:16,8,1080p,grok-imagine-image-quality,grok-imagine-video-1.5,"Photoreal vertical 9:16 Palm Beach Vitality laboratory research catalog film, chemical research material only, premium American research aesthetic, no people, no faces, no hands, no needles, no injection, no clinic, no gym, no lifestyle, no wellness claims, no nicknames. Scene: Texture / detail study: macro of any embossed or debossed branding elements, cool clinical blue-white LED, low angle tracking slide.. Quality: ultra detailed, hyperrealistic, ultra realistic, rich contrast, premium aesthetic, high-end commercial look. creation motif 050/500 · scene 594. Keep product identity and any on-screen research typography sharp and unchanged. For laboratory research use only. Not for human use or consumption.",Active,0,
PBVita-Reel-051,51,530,"Hybrid, Transition & Special Shots","Special / hybrid shot: time-slice style multiple angles of the same product in one elegant frame. Centered on sterile research vial, warm under-light glow, slow pull-out revealing environment.","ultra detailed, hyperrealistic, volumetric lighting, high dynamic range, premium aesthetic, medium format look",9:16,8,1080p,grok-imagine-image-quality,grok-imagine-video-1.5,"Photoreal vertical 9:16 Palm Beach Vitality laboratory research catalog film, chemical research material only, premium American research aesthetic, no people, no faces, no hands, no needles, no injection, no clinic, no gym, no lifestyle, no wellness claims, no nicknames. Scene: Special / hybrid shot: time-slice style multiple angles of the same product in one elegant frame. Centered on sterile research vial, warm under-light glow, slow pull-out revealing environment.. Quality: ultra detailed, hyperrealistic, volumetric lighting, high dynamic range, premium aesthetic, medium format look. creation motif 051/500 · scene 530. Keep product identity and any on-screen research typography sharp and unchanged. For laboratory research use only. Not for human use or consumption.",Active,0,
PBVita-Reel-052,52,106,Laboratory & Scientific Environments,"Precision research pen beside a digital analytical scale, soft diffused overhead, with light caustics refracting across the surface, subtle handheld micro-movement.","ultra detailed, hyperrealistic, high dynamic range, perfect exposure, perfect composition, high-end commercial look",9:16,8,1080p,grok-imagine-image-quality,grok-imagine-video-1.5,"Photoreal vertical 9:16 Palm Beach Vitality laboratory research catalog film, chemical research material only, premium American research aesthetic, no people, no faces, no hands, no needles, no injection, no clinic, no gym, no lifestyle, no wellness claims, no nicknames. Scene: Precision research pen beside a digital analytical scale, soft diffused overhead, with light caustics refracting across the surface, subtle handheld micro-movement.. Quality: ultra detailed, hyperrealistic, high dynamic range, perfect exposure, perfect composition, high-end commercial look. creation motif 052/500 · scene 106. Keep product identity and any on-screen research typography sharp and unchanged. For laboratory research use only. Not for human use or consumption.",Active,0,
PBVita-Reel-053,53,506,Lifestyle & Context (Research-Forward),"Context still life: organized research-oriented workspace with product and clean tools only. Featuring pre-filled research pen, soft rim light from behind, slow 360° orbit at eye level.","ultra detailed, hyperrealistic, polished look, high fidelity, soft shadows, realistic reflections",9:16,8,1080p,grok-imagine-image-quality,grok-imagine-video-1.5,"Photoreal vertical 9:16 Palm Beach Vitality laboratory research catalog film, chemical research material only, premium American research aesthetic, no people, no faces, no hands, no needles, no injection, no clinic, no gym, no lifestyle, no wellness claims, no nicknames. Scene: Context still life: organized research-oriented workspace with product and clean tools only. Featuring pre-filled research pen, soft rim light from behind, slow 360° orbit at eye level.. Quality: ultra detailed, hyperrealistic, polished look, high fidelity, soft shadows, realistic reflections. creation motif 053/500 · scene 506. Keep product identity and any on-screen research typography sharp and unchanged. For laboratory research use only. Not for human use or consumption.",Active,0,
PBVita-Reel-054,54,423,Lighting & Mood Variations,"Mood lighting study: split complementary lighting, cool one side and warm the other. Product is sealed peptide vial with rubber stopper, captured with gentle top-down descending crane.","ultra detailed, ultra realistic, volumetric lighting, high dynamic range, realistic textures, global illumination",9:16,8,1080p,grok-imagine-image-quality,grok-imagine-video-1.5,"Photoreal vertical 9:16 Palm Beach Vitality laboratory research catalog film, chemical research material only, premium American research aesthetic, no people, no faces, no hands, no needles, no injection, no clinic, no gym, no lifestyle, no wellness claims, no nicknames. Scene: Mood lighting study: split complementary lighting, cool one side and warm the other. Product is sealed peptide vial with rubber stopper, captured with gentle top-down descending crane.. Quality: ultra detailed, ultra realistic, volumetric lighting, high dynamic range, realistic textures, global illumination. creation motif 054/500 · scene 423. Keep product identity and any on-screen research typography sharp and unchanged. For laboratory research use only. Not for human use or consumption.",Active,0,
PBVita-Reel-055,55,145,Molecular & Chemical Structure Visuals,"Minimal line-art molecular diagram of a peptide chain, with soft internal volumetric light, warm golden hour side light, with soft bokeh circles drifting past, locked-off static with internal motion only.","ultra detailed, ultra realistic, high dynamic range, perfect exposure, clean and crisp, ambient occlusion",9:16,8,1080p,grok-imagine-image-quality,grok-imagine-video-1.5,"Photoreal vertical 9:16 Palm Beach Vitality laboratory research catalog film, chemical research material only, premium American research aesthetic, no people, no faces, no hands, no needles, no injection, no clinic, no gym, no lifestyle, no wellness claims, no nicknames. Scene: Minimal line-art molecular diagram of a peptide chain, with soft internal volumetric light, warm golden hour side light, with soft bokeh circles drifting past, locked-off static with internal motion only.. Quality: ultra detailed, ultra realistic, high dynamic range, perfect exposure, clean and crisp, ambient occlusion. creation motif 055/500 · scene 145. Keep product identity and any on-screen research typography sharp and unchanged. For laboratory research use only. Not for human use or consumption.",Active,0,
PBVita-Reel-056,56,616,Multi-Product & Collection Arrangements,"Collection arrangement: perfectly aligned row of identical research pens with slow lateral track, soft rim light from behind, with soft particle haze, slow 360° orbit at eye level.","ultra detailed, ultra realistic, polished look, realistic textures, soft shadows, DSLR sharpness",9:16,8,1080p,grok-imagine-image-quality,grok-imagine-video-1.5,"Photoreal vertical 9:16 Palm Beach Vitality laboratory research catalog film, chemical research material only, premium American research aesthetic, no people, no faces, no hands, no needles, no injection, no clinic, no gym, no lifestyle, no wellness claims, no nicknames. Scene: Collection arrangement: perfectly aligned row of identical research pens with slow lateral track, soft rim light from behind, with soft particle haze, slow 360° orbit at eye level.. Quality: ultra detailed, ultra realistic, polished look, realistic textures, soft shadows, DSLR sharpness. creation motif 056/500 · scene 616. Keep product identity and any on-screen research typography sharp and unchanged. For laboratory research use only. Not for human use or consumption.",Active,0,
PBVita-Reel-057,57,13,Product Hero & Macro,"Hero shot of sealed peptide vial with rubber stopper with practical small LED panel visible in frame, with perfect mirror reflection below, captured with over-the-shoulder gloved perspective.","ultra detailed, cinematic lighting, soft diffused lighting, perfect composition, high fidelity, realistic textures",9:16,8,1080p,grok-imagine-image-quality,grok-imagine-video-1.5,"Photoreal vertical 9:16 Palm Beach Vitality laboratory research catalog film, chemical research material only, premium American research aesthetic, no people, no faces, no hands, no needles, no injection, no clinic, no gym, no lifestyle, no wellness claims, no nicknames. Scene: Hero shot of sealed peptide vial with rubber stopper with practical small LED panel visible in frame, with perfect mirror reflection below, captured with over-the-shoulder gloved perspective.. Quality: ultra detailed, cinematic lighting, soft diffused lighting, perfect composition, high fidelity, realistic textures. creation motif 057/500 · scene 013. Keep product identity and any on-screen research typography sharp and unchanged. For laboratory research use only. Not for human use or consumption.",Active,0,
PBVita-Reel-058,58,253,"Production, Process & Manufacturing","Stylized research process: sterile transfer lines with smooth liquid flow, practical small LED panel visible in frame, with perfect mirror reflection below, over-the-shoulder gloved perspective.","ultra detailed, cinematic lighting, rich contrast, premium aesthetic, realistic textures, realistic reflections",9:16,8,1080p,grok-imagine-image-quality,grok-imagine-video-1.5,"Photoreal vertical 9:16 Palm Beach Vitality laboratory research catalog film, chemical research material only, premium American research aesthetic, no people, no faces, no hands, no needles, no injection, no clinic, no gym, no lifestyle, no wellness claims, no nicknames. Scene: Stylized research process: sterile transfer lines with smooth liquid flow, practical small LED panel visible in frame, with perfect mirror reflection below, over-the-shoulder gloved perspective.. Quality: ultra detailed, cinematic lighting, rich contrast, premium aesthetic, realistic textures, realistic reflections. creation motif 058/500 · scene 253. Keep product identity and any on-screen research typography sharp and unchanged. For laboratory research use only. Not for human use or consumption.",Active,0,
PBVita-Reel-059,59,354,Signature Camera Moves & Dynamic Angles,"Camera focused: continuous incomplete spiral that never finishes a full circle. Subject is single research pen standing upright, cool clinical blue-white LED, in clean negative space.","ultra detailed, dramatic lighting, volumetric lighting, elegant framing, ambient occlusion, medium format look",9:16,8,1080p,grok-imagine-image-quality,grok-imagine-video-1.5,"Photoreal vertical 9:16 Palm Beach Vitality laboratory research catalog film, chemical research material only, premium American research aesthetic, no people, no faces, no hands, no needles, no injection, no clinic, no gym, no lifestyle, no wellness claims, no nicknames. Scene: Camera focused: continuous incomplete spiral that never finishes a full circle. Subject is single research pen standing upright, cool clinical blue-white LED, in clean negative space.. Quality: ultra detailed, dramatic lighting, volumetric lighting, elegant framing, ambient occlusion, medium format look. creation motif 059/500 · scene 354. Keep product identity and any on-screen research typography sharp and unchanged. For laboratory research use only. Not for human use or consumption.",Active,0,
PBVita-Reel-060,60,453,"Text, Kinetic & Overlay-Friendly Scenes","Overlay-optimized composition: product and type sharing the same focal plane in elegant balance. Subject dual research pens side by side, dramatic single hard key light.","ultra detailed, dramatic lighting, high dynamic range, ambient occlusion, high-end commercial look, editorial photography style",9:16,8,1080p,grok-imagine-image-quality,grok-imagine-video-1.5,"Photoreal vertical 9:16 Palm Beach Vitality laboratory research catalog film, chemical research material only, premium American research aesthetic, no people, no faces, no hands, no needles, no injection, no clinic, no gym, no lifestyle, no wellness claims, no nicknames. Scene: Overlay-optimized composition: product and type sharing the same focal plane in elegant balance. Subject dual research pens side by side, dramatic single hard key light.. Quality: ultra detailed, dramatic lighting, high dynamic range, ambient occlusion, high-end commercial look, editorial photography style. creation motif 060/500 · scene 453. Keep product identity and any on-screen research typography sharp and unchanged. For laboratory research use only. Not for human use or consumption.",Active,0,
PBVita-Reel-061,61,301,"Abstract, Artistic & Cinematic Science","Soft vapor trails forming abstract patterns, featuring precision research pen, soft diffused overhead, subtle handheld micro-movement.","ultra detailed, dramatic lighting, detailed surface texture, ambient occlusion, medium format look, professional photography",9:16,8,1080p,grok-imagine-image-quality,grok-imagine-video-1.5,"Photoreal vertical 9:16 Palm Beach Vitality laboratory research catalog film, chemical research material only, premium American research aesthetic, no people, no faces, no hands, no needles, no injection, no clinic, no gym, no lifestyle, no wellness claims, no nicknames. Scene: Soft vapor trails forming abstract patterns, featuring precision research pen, soft diffused overhead, subtle handheld micro-movement.. Quality: ultra detailed, dramatic lighting, detailed surface texture, ambient occlusion, medium format look, professional photography. creation motif 061/500 · scene 301. Keep product identity and any on-screen research typography sharp and unchanged. For laboratory research use only. Not for human use or consumption.",Active,0,
PBVita-Reel-062,62,563,Extreme Detail & Texture Studies,"Texture / detail study: tight detail of rubber stopper texture and seal integrity, dramatic single hard key light, gentle top-down descending crane.","ultra detailed, volumetric lighting, HDR, shallow depth of field, premium aesthetic, clean and crisp",9:16,8,1080p,grok-imagine-image-quality,grok-imagine-video-1.5,"Photoreal vertical 9:16 Palm Beach Vitality laboratory research catalog film, chemical research material only, premium American research aesthetic, no people, no faces, no hands, no needles, no injection, no clinic, no gym, no lifestyle, no wellness claims, no nicknames. Scene: Texture / detail study: tight detail of rubber stopper texture and seal integrity, dramatic single hard key light, gentle top-down descending crane.. Quality: ultra detailed, volumetric lighting, HDR, shallow depth of field, premium aesthetic, clean and crisp. creation motif 062/500 · scene 563. Keep product identity and any on-screen research typography sharp and unchanged. For laboratory research use only. Not for human use or consumption.",Active,0,
PBVita-Reel-063,63,552,"Hybrid, Transition & Special Shots","Special / hybrid shot: clean product shot that slowly fills with soft scientific particle atmosphere. Centered on amber-tinted research vial, split complementary teal and amber, spiral orbit combined with slow push.","ultra detailed, soft diffused lighting, studio lighting, high dynamic range, shallow depth of field, ambient occlusion",9:16,8,1080p,grok-imagine-image-quality,grok-imagine-video-1.5,"Photoreal vertical 9:16 Palm Beach Vitality laboratory research catalog film, chemical research material only, premium American research aesthetic, no people, no faces, no hands, no needles, no injection, no clinic, no gym, no lifestyle, no wellness claims, no nicknames. Scene: Special / hybrid shot: clean product shot that slowly fills with soft scientific particle atmosphere. Centered on amber-tinted research vial, split complementary teal and amber, spiral orbit combined with slow push.. Quality: ultra detailed, soft diffused lighting, studio lighting, high dynamic range, shallow depth of field, ambient occlusion. creation motif 063/500 · scene 552. Keep product identity and any on-screen research typography sharp and unchanged. For laboratory research use only. Not for human use or consumption.",Active,0,
PBVita-Reel-064,64,81,Laboratory & Scientific Environments,"Pre-filled research pen through the glass of a fume hood, volumetric god rays through haze, with abstract geometric light patterns, fast resolve into locked hero frame. [catalog angle 64]","ultra detailed, soft diffused lighting, perfect exposure, premium aesthetic, polished look, refined details",9:16,8,1080p,grok-imagine-image-quality,grok-imagine-video-1.5,"Photoreal vertical 9:16 Palm Beach Vitality laboratory research catalog film, chemical research material only, premium American research aesthetic, no people, no faces, no hands, no needles, no injection, no clinic, no gym, no lifestyle, no wellness claims, no nicknames. Scene: Pre-filled research pen through the glass of a fume hood, volumetric god rays through haze, with abstract geometric light patterns, fast resolve into locked hero frame. [catalog angle 64]. Quality: ultra detailed, soft diffused lighting, perfect exposure, premium aesthetic, polished look, refined details. creation motif 064/500 · scene 081. Keep product identity and any on-screen research typography sharp and unchanged. For laboratory research use only. Not for human use or consumption.",Active,0,
PBVita-Reel-065,65,488,Lifestyle & Context (Research-Forward),"Context still life: soft natural materials (stone, wood, linen) framing the product quietly. Featuring sealed peptide vial with rubber stopper, practical small LED panel visible in frame, over-the-shoulder gloved perspective.","ultra detailed, studio lighting, high dynamic range, polished look, ambient occlusion, editorial photography style",9:16,8,1080p,grok-imagine-image-quality,grok-imagine-video-1.5,"Photoreal vertical 9:16 Palm Beach Vitality laboratory research catalog film, chemical research material only, premium American research aesthetic, no people, no faces, no hands, no needles, no injection, no clinic, no gym, no lifestyle, no wellness claims, no nicknames. Scene: Context still life: soft natural materials (stone, wood, linen) framing the product quietly. Featuring sealed peptide vial with rubber stopper, practical small LED panel visible in frame, over-the-shoulder gloved perspective.. Quality: ultra detailed, studio lighting, high dynamic range, polished look, ambient occlusion, editorial photography style. creation motif 065/500 · scene 488. Keep product identity and any on-screen research typography sharp and unchanged. For laboratory research use only. Not for human use or consumption.",Active,0,
PBVita-Reel-066,66,403,Lighting & Mood Variations,"Mood lighting study: split complementary lighting, cool one side and warm the other. Product is sealed peptide vial with rubber stopper, captured with over-the-shoulder gloved perspective.","ultra detailed, studio lighting, high fidelity, detailed surface texture, soft shadows, editorial photography style",9:16,8,1080p,grok-imagine-image-quality,grok-imagine-video-1.5,"Photoreal vertical 9:16 Palm Beach Vitality laboratory research catalog film, chemical research material only, premium American research aesthetic, no people, no faces, no hands, no needles, no injection, no clinic, no gym, no lifestyle, no wellness claims, no nicknames. Scene: Mood lighting study: split complementary lighting, cool one side and warm the other. Product is sealed peptide vial with rubber stopper, captured with over-the-shoulder gloved perspective.. Quality: ultra detailed, studio lighting, high fidelity, detailed surface texture, soft shadows, editorial photography style. creation motif 066/500 · scene 403. Keep product identity and any on-screen research typography sharp and unchanged. For laboratory research use only. Not for human use or consumption.",Active,0,
PBVita-Reel-067,67,184,Molecular & Chemical Structure Visuals,"Large-scale molecular landscape the camera flies through of a peptide chain, dissolving into particles then reforming, cool overhead fluorescent lab feel, with soft shadow only, extreme high angle looking straight down.","ultra detailed, rim lighting, elegant framing, refined details, high fidelity, ambient occlusion",9:16,8,1080p,grok-imagine-image-quality,grok-imagine-video-1.5,"Photoreal vertical 9:16 Palm Beach Vitality laboratory research catalog film, chemical research material only, premium American research aesthetic, no people, no faces, no hands, no needles, no injection, no clinic, no gym, no lifestyle, no wellness claims, no nicknames. Scene: Large-scale molecular landscape the camera flies through of a peptide chain, dissolving into particles then reforming, cool overhead fluorescent lab feel, with soft shadow only, extreme high angle looking straight down.. Quality: ultra detailed, rim lighting, elegant framing, refined details, high fidelity, ambient occlusion. creation motif 067/500 · scene 184. Keep product identity and any on-screen research typography sharp and unchanged. For laboratory research use only. Not for human use or consumption.",Active,0,
PBVita-Reel-068,68,615,Multi-Product & Collection Arrangements,"Collection arrangement: family of products in a single elegant still-life with negative space, warm under-light glow, with almost no shadow, pure beauty light, slow pull-out revealing environment. [catalog angle 68]","ultra detailed, high dynamic range, elegant framing, polished look, ambient occlusion, DSLR sharpness",9:16,8,1080p,grok-imagine-image-quality,grok-imagine-video-1.5,"Photoreal vertical 9:16 Palm Beach Vitality laboratory research catalog film, chemical research material only, premium American research aesthetic, no people, no faces, no hands, no needles, no injection, no clinic, no gym, no lifestyle, no wellness claims, no nicknames. Scene: Collection arrangement: family of products in a single elegant still-life with negative space, warm under-light glow, with almost no shadow, pure beauty light, slow pull-out revealing environment. [catalog angle 68]. Quality: ultra detailed, high dynamic range, elegant framing, polished look, ambient occlusion, DSLR sharpness. creation motif 068/500 · scene 615. Keep product identity and any on-screen research typography sharp and unchanged. For laboratory research use only. Not for human use or consumption.",Active,0,
PBVita-Reel-069,69,61,Product Hero & Macro,"Extreme macro of pre-filled research pen on polished black reflective surface, soft rim light from behind, slow 360° orbit at eye level.","ultra detailed, HDR, clean and crisp, realistic textures, detailed surface texture, medium format look",9:16,8,1080p,grok-imagine-image-quality,grok-imagine-video-1.5,"Photoreal vertical 9:16 Palm Beach Vitality laboratory research catalog film, chemical research material only, premium American research aesthetic, no people, no faces, no hands, no needles, no injection, no clinic, no gym, no lifestyle, no wellness claims, no nicknames. Scene: Extreme macro of pre-filled research pen on polished black reflective surface, soft rim light from behind, slow 360° orbit at eye level.. Quality: ultra detailed, HDR, clean and crisp, realistic textures, detailed surface texture, medium format look. creation motif 069/500 · scene 061. Keep product identity and any on-screen research typography sharp and unchanged. For laboratory research use only. Not for human use or consumption.",Active,0,
PBVita-Reel-070,70,246,"Production, Process & Manufacturing","Stylized research process: product being sealed into clean protective packaging, soft diffused overhead, with light caustics refracting across the surface, subtle handheld micro-movement. [catalog angle 70]","ultra detailed, perfect exposure, creamy bokeh, intricate textures, DSLR sharpness, professional photography",9:16,8,1080p,grok-imagine-image-quality,grok-imagine-video-1.5,"Photoreal vertical 9:16 Palm Beach Vitality laboratory research catalog film, chemical research material only, premium American research aesthetic, no people, no faces, no hands, no needles, no injection, no clinic, no gym, no lifestyle, no wellness claims, no nicknames. Scene: Stylized research process: product being sealed into clean protective packaging, soft diffused overhead, with light caustics refracting across the surface, subtle handheld micro-movement. [catalog angle 70]. Quality: ultra detailed, perfect exposure, creamy bokeh, intricate textures, DSLR sharpness, professional photography. creation motif 070/500 · scene 246. Keep product identity and any on-screen research typography sharp and unchanged. For laboratory research use only. Not for human use or consumption.",Active,0,
PBVita-Reel-071,71,359,Signature Camera Moves & Dynamic Angles,"Camera focused: low-angle tracking shot sliding past the product with parallax. Subject is research pen with visible liquid barrel, soft bounce from below, with delicate condensation on glass.","ultra detailed, creamy bokeh, premium aesthetic, clean and crisp, ambient occlusion, high-end commercial look",9:16,8,1080p,grok-imagine-image-quality,grok-imagine-video-1.5,"Photoreal vertical 9:16 Palm Beach Vitality laboratory research catalog film, chemical research material only, premium American research aesthetic, no people, no faces, no hands, no needles, no injection, no clinic, no gym, no lifestyle, no wellness claims, no nicknames. Scene: Camera focused: low-angle tracking shot sliding past the product with parallax. Subject is research pen with visible liquid barrel, soft bounce from below, with delicate condensation on glass.. Quality: ultra detailed, creamy bokeh, premium aesthetic, clean and crisp, ambient occlusion, high-end commercial look. creation motif 071/500 · scene 359. Keep product identity and any on-screen research typography sharp and unchanged. For laboratory research use only. Not for human use or consumption.",Active,0,
PBVita-Reel-072,72,445,"Text, Kinetic & Overlay-Friendly Scenes","Overlay-optimized composition: product push-in that resolves into a locked frame perfect for end-card text. Subject research vial lying on its side, hard specular edge light.","ultra detailed, polished look, intricate textures, detailed surface texture, global illumination, high-end commercial look",9:16,8,1080p,grok-imagine-image-quality,grok-imagine-video-1.5,"Photoreal vertical 9:16 Palm Beach Vitality laboratory research catalog film, chemical research material only, premium American research aesthetic, no people, no faces, no hands, no needles, no injection, no clinic, no gym, no lifestyle, no wellness claims, no nicknames. Scene: Overlay-optimized composition: product push-in that resolves into a locked frame perfect for end-card text. Subject research vial lying on its side, hard specular edge light.. Quality: ultra detailed, polished look, intricate textures, detailed surface texture, global illumination, high-end commercial look. creation motif 072/500 · scene 445. Keep product identity and any on-screen research typography sharp and unchanged. For laboratory research use only. Not for human use or consumption.",Active,0,
PBVita-Reel-073,73,320,"Abstract, Artistic & Cinematic Science","Shallow depth of field with only the tip in critical focus, featuring sterile research vial, hard specular edge light, soft focus rack from background to product.","extremely detailed, hyper-detailed, razor sharp focus, shallow depth of field, polished look, high fidelity",9:16,8,1080p,grok-imagine-image-quality,grok-imagine-video-1.5,"Photoreal vertical 9:16 Palm Beach Vitality laboratory research catalog film, chemical research material only, premium American research aesthetic, no people, no faces, no hands, no needles, no injection, no clinic, no gym, no lifestyle, no wellness claims, no nicknames. Scene: Shallow depth of field with only the tip in critical focus, featuring sterile research vial, hard specular edge light, soft focus rack from background to product.. Quality: extremely detailed, hyper-detailed, razor sharp focus, shallow depth of field, polished look, high fidelity. creation motif 073/500 · scene 320. Keep product identity and any on-screen research typography sharp and unchanged. For laboratory research use only. Not for human use or consumption.",Active,0,
PBVita-Reel-074,74,576,Extreme Detail & Texture Studies,"Texture / detail study: extreme shallow depth of field isolating a single highlight on the liquid, soft rim light from behind, slow 360° orbit at eye level.","extremely detailed, hyper-detailed, crystal clear, photorealistic, shallow depth of field, refined details",9:16,8,1080p,grok-imagine-image-quality,grok-imagine-video-1.5,"Photoreal vertical 9:16 Palm Beach Vitality laboratory research catalog film, chemical research material only, premium American research aesthetic, no people, no faces, no hands, no needles, no injection, no clinic, no gym, no lifestyle, no wellness claims, no nicknames. Scene: Texture / detail study: extreme shallow depth of field isolating a single highlight on the liquid, soft rim light from behind, slow 360° orbit at eye level.. Quality: extremely detailed, hyper-detailed, crystal clear, photorealistic, shallow depth of field, refined details. creation motif 074/500 · scene 576. Keep product identity and any on-screen research typography sharp and unchanged. For laboratory research use only. Not for human use or consumption.",Active,0,
PBVita-Reel-075,75,536,"Hybrid, Transition & Special Shots","Special / hybrid shot: match-cut ready product rotation perfectly synchronized for molecular model cut. Centered on pre-filled research pen, soft diffused overhead, subtle handheld micro-movement.","extremely detailed, hyper-detailed, ultra sharp, rich contrast, perfect composition, editorial photography style",9:16,8,1080p,grok-imagine-image-quality,grok-imagine-video-1.5,"Photoreal vertical 9:16 Palm Beach Vitality laboratory research catalog film, chemical research material only, premium American research aesthetic, no people, no faces, no hands, no needles, no injection, no clinic, no gym, no lifestyle, no wellness claims, no nicknames. Scene: Special / hybrid shot: match-cut ready product rotation perfectly synchronized for molecular model cut. Centered on pre-filled research pen, soft diffused overhead, subtle handheld micro-movement.. Quality: extremely detailed, hyper-detailed, ultra sharp, rich contrast, perfect composition, editorial photography style. creation motif 075/500 · scene 536. Keep product identity and any on-screen research typography sharp and unchanged. For laboratory research use only. Not for human use or consumption.",Active,0,
PBVita-Reel-076,76,105,Laboratory & Scientific Environments,"Sterile research vial with precision lab apparatus carefully handling it, warm golden hour side light, with soft bokeh circles drifting past, locked-off static with internal motion only.","extremely detailed, hyper-detailed, photorealistic, studio lighting, global illumination, professional photography",9:16,8,1080p,grok-imagine-image-quality,grok-imagine-video-1.5,"Photoreal vertical 9:16 Palm Beach Vitality laboratory research catalog film, chemical research material only, premium American research aesthetic, no people, no faces, no hands, no needles, no injection, no clinic, no gym, no lifestyle, no wellness claims, no nicknames. Scene: Sterile research vial with precision lab apparatus carefully handling it, warm golden hour side light, with soft bokeh circles drifting past, locked-off static with internal motion only.. Quality: extremely detailed, hyper-detailed, photorealistic, studio lighting, global illumination, professional photography. creation motif 076/500 · scene 105. Keep product identity and any on-screen research typography sharp and unchanged. For laboratory research use only. Not for human use or consumption.",Active,0,
PBVita-Reel-077,77,479,Lifestyle & Context (Research-Forward),"Context still life: minimalist shelf styling with the product as the clear hero object. Featuring research pen with visible liquid barrel, cool clinical blue-white LED, low angle tracking slide.","extremely detailed, hyper-detailed, ultra realistic, rich contrast, global illumination, ambient occlusion",9:16,8,1080p,grok-imagine-image-quality,grok-imagine-video-1.5,"Photoreal vertical 9:16 Palm Beach Vitality laboratory research catalog film, chemical research material only, premium American research aesthetic, no people, no faces, no hands, no needles, no injection, no clinic, no gym, no lifestyle, no wellness claims, no nicknames. Scene: Context still life: minimalist shelf styling with the product as the clear hero object. Featuring research pen with visible liquid barrel, cool clinical blue-white LED, low angle tracking slide.. Quality: extremely detailed, hyper-detailed, ultra realistic, rich contrast, global illumination, ambient occlusion. creation motif 077/500 · scene 479. Keep product identity and any on-screen research typography sharp and unchanged. For laboratory research use only. Not for human use or consumption.",Active,0,
PBVita-Reel-078,78,433,Lighting & Mood Variations,"Mood lighting study: dramatic single hard light creating long defined shadows. Product is sealed peptide vial with rubber stopper, captured with over-the-shoulder gloved perspective.","extremely detailed, hyper-detailed, volumetric lighting, high dynamic range, global illumination, realistic reflections",9:16,8,1080p,grok-imagine-image-quality,grok-imagine-video-1.5,"Photoreal vertical 9:16 Palm Beach Vitality laboratory research catalog film, chemical research material only, premium American research aesthetic, no people, no faces, no hands, no needles, no injection, no clinic, no gym, no lifestyle, no wellness claims, no nicknames. Scene: Mood lighting study: dramatic single hard light creating long defined shadows. Product is sealed peptide vial with rubber stopper, captured with over-the-shoulder gloved perspective.. Quality: extremely detailed, hyper-detailed, volumetric lighting, high dynamic range, global illumination, realistic reflections. creation motif 078/500 · scene 433. Keep product identity and any on-screen research typography sharp and unchanged. For laboratory research use only. Not for human use or consumption.",Active,0,
PBVita-Reel-079,79,152,Molecular & Chemical Structure Visuals,"Dual warm/cool lit molecular form of a peptide chain, gently undulating and turning, soft window light with gentle falloff, with gentle liquid swirl inside the container, circular arc that never fully completes.","extremely detailed, hyper-detailed, high dynamic range, perfect exposure, high fidelity, medium format look",9:16,8,1080p,grok-imagine-image-quality,grok-imagine-video-1.5,"Photoreal vertical 9:16 Palm Beach Vitality laboratory research catalog film, chemical research material only, premium American research aesthetic, no people, no faces, no hands, no needles, no injection, no clinic, no gym, no lifestyle, no wellness claims, no nicknames. Scene: Dual warm/cool lit molecular form of a peptide chain, gently undulating and turning, soft window light with gentle falloff, with gentle liquid swirl inside the container, circular arc that never fully completes.. Quality: extremely detailed, hyper-detailed, high dynamic range, perfect exposure, high fidelity, medium format look. creation motif 079/500 · scene 152. Keep product identity and any on-screen research typography sharp and unchanged. For laboratory research use only. Not for human use or consumption.",Active,0,
PBVita-Reel-080,80,602,Multi-Product & Collection Arrangements,"Collection arrangement: symmetric pair of vial and pen in balanced composition, clean high-key beauty lighting, with gentle dry-ice style fog drifting, extreme macro push-in.","extremely detailed, hyper-detailed, polished look, intricate textures, global illumination, editorial photography style",9:16,8,1080p,grok-imagine-image-quality,grok-imagine-video-1.5,"Photoreal vertical 9:16 Palm Beach Vitality laboratory research catalog film, chemical research material only, premium American research aesthetic, no people, no faces, no hands, no needles, no injection, no clinic, no gym, no lifestyle, no wellness claims, no nicknames. Scene: Collection arrangement: symmetric pair of vial and pen in balanced composition, clean high-key beauty lighting, with gentle dry-ice style fog drifting, extreme macro push-in.. Quality: extremely detailed, hyper-detailed, polished look, intricate textures, global illumination, editorial photography style. creation motif 080/500 · scene 602. Keep product identity and any on-screen research typography sharp and unchanged. For laboratory research use only. Not for human use or consumption.",Active,0,
PBVita-Reel-081,81,50,Product Hero & Macro,"Top-down composition of research vial lying on its side on dark charcoal concrete, warm golden hour side light, minimal and precise. [catalog angle 81]","extremely detailed, razor sharp focus, crystal clear, photorealistic, cinematic lighting, soft diffused lighting",9:16,8,1080p,grok-imagine-image-quality,grok-imagine-video-1.5,"Photoreal vertical 9:16 Palm Beach Vitality laboratory research catalog film, chemical research material only, premium American research aesthetic, no people, no faces, no hands, no needles, no injection, no clinic, no gym, no lifestyle, no wellness claims, no nicknames. Scene: Top-down composition of research vial lying on its side on dark charcoal concrete, warm golden hour side light, minimal and precise. [catalog angle 81]. Quality: extremely detailed, razor sharp focus, crystal clear, photorealistic, cinematic lighting, soft diffused lighting. creation motif 081/500 · scene 050. Keep product identity and any on-screen research typography sharp and unchanged. For laboratory research use only. Not for human use or consumption.",Active,0,
PBVita-Reel-082,82,263,"Production, Process & Manufacturing","Stylized research process: organized cold-chain movement of research units, low-key selective highlight only, in pure clinical emptiness, lateral motion-control track.","extremely detailed, razor sharp focus, ultra sharp, HDR, creamy bokeh, refined details",9:16,8,1080p,grok-imagine-image-quality,grok-imagine-video-1.5,"Photoreal vertical 9:16 Palm Beach Vitality laboratory research catalog film, chemical research material only, premium American research aesthetic, no people, no faces, no hands, no needles, no injection, no clinic, no gym, no lifestyle, no wellness claims, no nicknames. Scene: Stylized research process: organized cold-chain movement of research units, low-key selective highlight only, in pure clinical emptiness, lateral motion-control track.. Quality: extremely detailed, razor sharp focus, ultra sharp, HDR, creamy bokeh, refined details. creation motif 082/500 · scene 263. Keep product identity and any on-screen research typography sharp and unchanged. For laboratory research use only. Not for human use or consumption.",Active,0,
PBVita-Reel-083,83,365,Signature Camera Moves & Dynamic Angles,"Camera focused: static locked-off frame where only internal liquid moves. Subject is research vial lying on its side, warm under-light glow, with almost no shadow, pure beauty light.","extremely detailed, razor sharp focus, photorealistic, studio lighting, high dynamic range, realistic textures",9:16,8,1080p,grok-imagine-image-quality,grok-imagine-video-1.5,"Photoreal vertical 9:16 Palm Beach Vitality laboratory research catalog film, chemical research material only, premium American research aesthetic, no people, no faces, no hands, no needles, no injection, no clinic, no gym, no lifestyle, no wellness claims, no nicknames. Scene: Camera focused: static locked-off frame where only internal liquid moves. Subject is research vial lying on its side, warm under-light glow, with almost no shadow, pure beauty light.. Quality: extremely detailed, razor sharp focus, photorealistic, studio lighting, high dynamic range, realistic textures. creation motif 083/500 · scene 365. Keep product identity and any on-screen research typography sharp and unchanged. For laboratory research use only. Not for human use or consumption.",Active,0,
PBVita-Reel-084,84,475,"Text, Kinetic & Overlay-Friendly Scenes","Overlay-optimized composition: clean product hold with soft light designed not to compete with white text. Subject research vial lying on its side, hard specular edge light.","extremely detailed, razor sharp focus, ultra realistic, HDR, realistic textures, global illumination",9:16,8,1080p,grok-imagine-image-quality,grok-imagine-video-1.5,"Photoreal vertical 9:16 Palm Beach Vitality laboratory research catalog film, chemical research material only, premium American research aesthetic, no people, no faces, no hands, no needles, no injection, no clinic, no gym, no lifestyle, no wellness claims, no nicknames. Scene: Overlay-optimized composition: clean product hold with soft light designed not to compete with white text. Subject research vial lying on its side, hard specular edge light.. Quality: extremely detailed, razor sharp focus, ultra realistic, HDR, realistic textures, global illumination. creation motif 084/500 · scene 475. Keep product identity and any on-screen research typography sharp and unchanged. For laboratory research use only. Not for human use or consumption.",Active,0,
PBVita-Reel-085,85,310,"Abstract, Artistic & Cinematic Science","Dark cinematic void with single spotlight, featuring sterile research vial, warm under-light glow, slow pull-out revealing environment.","extremely detailed, razor sharp focus, volumetric lighting, rim lighting, soft shadows, DSLR sharpness",9:16,8,1080p,grok-imagine-image-quality,grok-imagine-video-1.5,"Photoreal vertical 9:16 Palm Beach Vitality laboratory research catalog film, chemical research material only, premium American research aesthetic, no people, no faces, no hands, no needles, no injection, no clinic, no gym, no lifestyle, no wellness claims, no nicknames. Scene: Dark cinematic void with single spotlight, featuring sterile research vial, warm under-light glow, slow pull-out revealing environment.. Quality: extremely detailed, razor sharp focus, volumetric lighting, rim lighting, soft shadows, DSLR sharpness. creation motif 085/500 · scene 310. Keep product identity and any on-screen research typography sharp and unchanged. For laboratory research use only. Not for human use or consumption.",Active,0,
PBVita-Reel-086,86,582,Extreme Detail & Texture Studies,"Texture / detail study: macro of glass surface imperfections and light refraction only, split complementary teal and amber, spiral orbit combined with slow push.","extremely detailed, razor sharp focus, high dynamic range, rich contrast, polished look, high fidelity",9:16,8,1080p,grok-imagine-image-quality,grok-imagine-video-1.5,"Photoreal vertical 9:16 Palm Beach Vitality laboratory research catalog film, chemical research material only, premium American research aesthetic, no people, no faces, no hands, no needles, no injection, no clinic, no gym, no lifestyle, no wellness claims, no nicknames. Scene: Texture / detail study: macro of glass surface imperfections and light refraction only, split complementary teal and amber, spiral orbit combined with slow push.. Quality: extremely detailed, razor sharp focus, high dynamic range, rich contrast, polished look, high fidelity. creation motif 086/500 · scene 582. Keep product identity and any on-screen research typography sharp and unchanged. For laboratory research use only. Not for human use or consumption.",Active,0,
PBVita-Reel-087,87,548,"Hybrid, Transition & Special Shots","Special / hybrid shot: dual reality split: physical product on one side, molecular form on the other. Centered on sealed peptide vial with rubber stopper, dramatic single hard key light, gentle top-down descending crane.","extremely detailed, razor sharp focus, polished look, clean and crisp, intricate textures, DSLR sharpness",9:16,8,1080p,grok-imagine-image-quality,grok-imagine-video-1.5,"Photoreal vertical 9:16 Palm Beach Vitality laboratory research catalog film, chemical research material only, premium American research aesthetic, no people, no faces, no hands, no needles, no injection, no clinic, no gym, no lifestyle, no wellness claims, no nicknames. Scene: Special / hybrid shot: dual reality split: physical product on one side, molecular form on the other. Centered on sealed peptide vial with rubber stopper, dramatic single hard key light, gentle top-down descending crane.. Quality: extremely detailed, razor sharp focus, polished look, clean and crisp, intricate textures, DSLR sharpness. creation motif 087/500 · scene 548. Keep product identity and any on-screen research typography sharp and unchanged. For laboratory research use only. Not for human use or consumption.",Active,0,
PBVita-Reel-088,88,137,Laboratory & Scientific Environments,"Amber-tinted research vial in front of softly blurred lab equipment, split complementary teal and amber, with soft volumetric atmosphere, spiral orbit combined with slow push.","extremely detailed, tack sharp, ultra sharp, ultra realistic, cinematic lighting, rich contrast",9:16,8,1080p,grok-imagine-image-quality,grok-imagine-video-1.5,"Photoreal vertical 9:16 Palm Beach Vitality laboratory research catalog film, chemical research material only, premium American research aesthetic, no people, no faces, no hands, no needles, no injection, no clinic, no gym, no lifestyle, no wellness claims, no nicknames. Scene: Amber-tinted research vial in front of softly blurred lab equipment, split complementary teal and amber, with soft volumetric atmosphere, spiral orbit combined with slow push.. Quality: extremely detailed, tack sharp, ultra sharp, ultra realistic, cinematic lighting, rich contrast. creation motif 088/500 · scene 137. Keep product identity and any on-screen research typography sharp and unchanged. For laboratory research use only. Not for human use or consumption.",Active,0,
PBVita-Reel-089,89,485,Lifestyle & Context (Research-Forward),"Context still life: soft window light and sheer curtains creating gentle movement behind product. Featuring research vial lying on its side, hard specular edge light, soft focus rack from background to product.","extremely detailed, tack sharp, 8k resolution, clean and crisp, realistic textures, detailed surface texture",9:16,8,1080p,grok-imagine-image-quality,grok-imagine-video-1.5,"Photoreal vertical 9:16 Palm Beach Vitality laboratory research catalog film, chemical research material only, premium American research aesthetic, no people, no faces, no hands, no needles, no injection, no clinic, no gym, no lifestyle, no wellness claims, no nicknames. Scene: Context still life: soft window light and sheer curtains creating gentle movement behind product. Featuring research vial lying on its side, hard specular edge light, soft focus rack from background to product.. Quality: extremely detailed, tack sharp, 8k resolution, clean and crisp, realistic textures, detailed surface texture. creation motif 089/500 · scene 485. Keep product identity and any on-screen research typography sharp and unchanged. For laboratory research use only. Not for human use or consumption.",Active,0,
PBVita-Reel-090,90,404,Lighting & Mood Variations,"Mood lighting study: moving light source slowly traveling across the product surface. Product is research pen with visible liquid barrel, captured with extreme high angle looking straight down.","extremely detailed, tack sharp, hyperrealistic, refined details, intricate textures, realistic reflections",9:16,8,1080p,grok-imagine-image-quality,grok-imagine-video-1.5,"Photoreal vertical 9:16 Palm Beach Vitality laboratory research catalog film, chemical research material only, premium American research aesthetic, no people, no faces, no hands, no needles, no injection, no clinic, no gym, no lifestyle, no wellness claims, no nicknames. Scene: Mood lighting study: moving light source slowly traveling across the product surface. Product is research pen with visible liquid barrel, captured with extreme high angle looking straight down.. Quality: extremely detailed, tack sharp, hyperrealistic, refined details, intricate textures, realistic reflections. creation motif 090/500 · scene 404. Keep product identity and any on-screen research typography sharp and unchanged. For laboratory research use only. Not for human use or consumption.",Active,0,
PBVita-Reel-091,91,204,Molecular & Chemical Structure Visuals,"Translucent electron density cloud of a peptide chain, dissolving into particles then reforming, cool clinical blue-white LED, in clean negative space, low angle tracking slide.","extremely detailed, tack sharp, dramatic lighting, high dynamic range, realistic reflections, editorial photography style",9:16,8,1080p,grok-imagine-image-quality,grok-imagine-video-1.5,"Photoreal vertical 9:16 Palm Beach Vitality laboratory research catalog film, chemical research material only, premium American research aesthetic, no people, no faces, no hands, no needles, no injection, no clinic, no gym, no lifestyle, no wellness claims, no nicknames. Scene: Translucent electron density cloud of a peptide chain, dissolving into particles then reforming, cool clinical blue-white LED, in clean negative space, low angle tracking slide.. Quality: extremely detailed, tack sharp, dramatic lighting, high dynamic range, realistic reflections, editorial photography style. creation motif 091/500 · scene 204. Keep product identity and any on-screen research typography sharp and unchanged. For laboratory research use only. Not for human use or consumption.",Active,0,
PBVita-Reel-092,92,613,Multi-Product & Collection Arrangements,"Collection arrangement: dark surface with multiple products each catching individual highlights, practical small LED panel visible in frame, with perfect mirror reflection below, over-the-shoulder gloved perspective.","extremely detailed, tack sharp, studio lighting, refined details, detailed surface texture, global illumination",9:16,8,1080p,grok-imagine-image-quality,grok-imagine-video-1.5,"Photoreal vertical 9:16 Palm Beach Vitality laboratory research catalog film, chemical research material only, premium American research aesthetic, no people, no faces, no hands, no needles, no injection, no clinic, no gym, no lifestyle, no wellness claims, no nicknames. Scene: Collection arrangement: dark surface with multiple products each catching individual highlights, practical small LED panel visible in frame, with perfect mirror reflection below, over-the-shoulder gloved perspective.. Quality: extremely detailed, tack sharp, studio lighting, refined details, detailed surface texture, global illumination. creation motif 092/500 · scene 613. Keep product identity and any on-screen research typography sharp and unchanged. For laboratory research use only. Not for human use or consumption.",Active,0,
PBVita-Reel-093,93,55,Product Hero & Macro,"Sterile research vial revealed with reflected perfectly in the surface below, hard specular edge light on mirrored chrome surface.","extremely detailed, tack sharp, creamy bokeh, perfect composition, refined details, medium format look",9:16,8,1080p,grok-imagine-image-quality,grok-imagine-video-1.5,"Photoreal vertical 9:16 Palm Beach Vitality laboratory research catalog film, chemical research material only, premium American research aesthetic, no people, no faces, no hands, no needles, no injection, no clinic, no gym, no lifestyle, no wellness claims, no nicknames. Scene: Sterile research vial revealed with reflected perfectly in the surface below, hard specular edge light on mirrored chrome surface.. Quality: extremely detailed, tack sharp, creamy bokeh, perfect composition, refined details, medium format look. creation motif 093/500 · scene 055. Keep product identity and any on-screen research typography sharp and unchanged. For laboratory research use only. Not for human use or consumption.",Active,0,
PBVita-Reel-094,94,223,"Production, Process & Manufacturing","Stylized research process: sterile transfer lines with smooth liquid flow, practical small LED panel visible in frame, with perfect mirror reflection below, over-the-shoulder gloved perspective. [catalog angle 94]","extremely detailed, crystal clear, ultra sharp, elegant framing, premium aesthetic, detailed surface texture",9:16,8,1080p,grok-imagine-image-quality,grok-imagine-video-1.5,"Photoreal vertical 9:16 Palm Beach Vitality laboratory research catalog film, chemical research material only, premium American research aesthetic, no people, no faces, no hands, no needles, no injection, no clinic, no gym, no lifestyle, no wellness claims, no nicknames. Scene: Stylized research process: sterile transfer lines with smooth liquid flow, practical small LED panel visible in frame, with perfect mirror reflection below, over-the-shoulder gloved perspective. [catalog angle 94]. Quality: extremely detailed, crystal clear, ultra sharp, elegant framing, premium aesthetic, detailed surface texture. creation motif 094/500 · scene 223. Keep product identity and any on-screen research typography sharp and unchanged. For laboratory research use only. Not for human use or consumption.",Active,0,
PBVita-Reel-095,95,348,Signature Camera Moves & Dynamic Angles,"Camera focused: soft dolly-zoom creating subtle spatial tension then release. Subject is sealed peptide vial with rubber stopper, practical small LED panel visible in frame, with perfect mirror reflection below.","extremely detailed, crystal clear, photorealistic, rich contrast, shallow depth of field, realistic textures",9:16,8,1080p,grok-imagine-image-quality,grok-imagine-video-1.5,"Photoreal vertical 9:16 Palm Beach Vitality laboratory research catalog film, chemical research material only, premium American research aesthetic, no people, no faces, no hands, no needles, no injection, no clinic, no gym, no lifestyle, no wellness claims, no nicknames. Scene: Camera focused: soft dolly-zoom creating subtle spatial tension then release. Subject is sealed peptide vial with rubber stopper, practical small LED panel visible in frame, with perfect mirror reflection below.. Quality: extremely detailed, crystal clear, photorealistic, rich contrast, shallow depth of field, realistic textures. creation motif 095/500 · scene 348. Keep product identity and any on-screen research typography sharp and unchanged. For laboratory research use only. Not for human use or consumption.",Active,0,
PBVita-Reel-096,96,447,"Text, Kinetic & Overlay-Friendly Scenes","Overlay-optimized composition: product on bottom third with expansive soft atmosphere above for type. Subject clear glass research vial, soft window light with gentle falloff.","extremely detailed, crystal clear, ultra realistic, elegant framing, high-end commercial look, medium format look",9:16,8,1080p,grok-imagine-image-quality,grok-imagine-video-1.5,"Photoreal vertical 9:16 Palm Beach Vitality laboratory research catalog film, chemical research material only, premium American research aesthetic, no people, no faces, no hands, no needles, no injection, no clinic, no gym, no lifestyle, no wellness claims, no nicknames. Scene: Overlay-optimized composition: product on bottom third with expansive soft atmosphere above for type. Subject clear glass research vial, soft window light with gentle falloff.. Quality: extremely detailed, crystal clear, ultra realistic, elegant framing, high-end commercial look, medium format look. creation motif 096/500 · scene 447. Keep product identity and any on-screen research typography sharp and unchanged. For laboratory research use only. Not for human use or consumption.",Active,0,
PBVita-Reel-097,97,331,"Abstract, Artistic & Cinematic Science","Soft organic flowing forms interacting with product, featuring precision research pen, soft diffused overhead, subtle handheld micro-movement.","extremely detailed, crystal clear, volumetric lighting, shallow depth of field, global illumination, medium format look",9:16,8,1080p,grok-imagine-image-quality,grok-imagine-video-1.5,"Photoreal vertical 9:16 Palm Beach Vitality laboratory research catalog film, chemical research material only, premium American research aesthetic, no people, no faces, no hands, no needles, no injection, no clinic, no gym, no lifestyle, no wellness claims, no nicknames. Scene: Soft organic flowing forms interacting with product, featuring precision research pen, soft diffused overhead, subtle handheld micro-movement.. Quality: extremely detailed, crystal clear, volumetric lighting, shallow depth of field, global illumination, medium format look. creation motif 097/500 · scene 331. Keep product identity and any on-screen research typography sharp and unchanged. For laboratory research use only. Not for human use or consumption.",Active,0,
PBVita-Reel-098,98,595,Extreme Detail & Texture Studies,"Texture / detail study: surface reflection study showing distorted environment in the glass, warm golden hour side light, locked-off static with internal motion only.","extremely detailed, crystal clear, high dynamic range, polished look, realistic textures, DSLR sharpness",9:16,8,1080p,grok-imagine-image-quality,grok-imagine-video-1.5,"Photoreal vertical 9:16 Palm Beach Vitality laboratory research catalog film, chemical research material only, premium American research aesthetic, no people, no faces, no hands, no needles, no injection, no clinic, no gym, no lifestyle, no wellness claims, no nicknames. Scene: Texture / detail study: surface reflection study showing distorted environment in the glass, warm golden hour side light, locked-off static with internal motion only.. Quality: extremely detailed, crystal clear, high dynamic range, polished look, realistic textures, DSLR sharpness. creation motif 098/500 · scene 595. Keep product identity and any on-screen research typography sharp and unchanged. For laboratory research use only. Not for human use or consumption.",Active,0,
PBVita-Reel-099,99,551,"Hybrid, Transition & Special Shots","Special / hybrid shot: product casting a molecular-shaped shadow that slowly animates. Centered on precision research pen, soft diffused overhead, subtle handheld micro-movement.","extremely detailed, crystal clear, high fidelity, intricate textures, realistic reflections, high-end commercial look",9:16,8,1080p,grok-imagine-image-quality,grok-imagine-video-1.5,"Photoreal vertical 9:16 Palm Beach Vitality laboratory research catalog film, chemical research material only, premium American research aesthetic, no people, no faces, no hands, no needles, no injection, no clinic, no gym, no lifestyle, no wellness claims, no nicknames. Scene: Special / hybrid shot: product casting a molecular-shaped shadow that slowly animates. Centered on precision research pen, soft diffused overhead, subtle handheld micro-movement.. Quality: extremely detailed, crystal clear, high fidelity, intricate textures, realistic reflections, high-end commercial look. creation motif 099/500 · scene 551. Keep product identity and any on-screen research typography sharp and unchanged. For laboratory research use only. Not for human use or consumption.",Active,0,
PBVita-Reel-100,100,71,Laboratory & Scientific Environments,"Pre-filled research pen inside a clean laminar flow hood, soft rim light from behind, with soft particle haze, slow 360° orbit at eye level.","extremely detailed, ultra sharp, photorealistic, rich contrast, ambient occlusion, professional photography",9:16,8,1080p,grok-imagine-image-quality,grok-imagine-video-1.5,"Photoreal vertical 9:16 Palm Beach Vitality laboratory research catalog film, chemical research material only, premium American research aesthetic, no people, no faces, no hands, no needles, no injection, no clinic, no gym, no lifestyle, no wellness claims, no nicknames. Scene: Pre-filled research pen inside a clean laminar flow hood, soft rim light from behind, with soft particle haze, slow 360° orbit at eye level.. Quality: extremely detailed, ultra sharp, photorealistic, rich contrast, ambient occlusion, professional photography. creation motif 100/500 · scene 071. Keep product identity and any on-screen research typography sharp and unchanged. For laboratory research use only. Not for human use or consumption.",Active,0,
PBVita-Reel-101,101,498,Lifestyle & Context (Research-Forward),"Context still life: product next to high-quality recovery aesthetic items in abstract still life. Featuring sealed peptide vial with rubber stopper, low-key selective highlight only, lateral motion-control track.","extremely detailed, ultra sharp, ultra realistic, polished look, intricate textures, global illumination",9:16,8,1080p,grok-imagine-image-quality,grok-imagine-video-1.5,"Photoreal vertical 9:16 Palm Beach Vitality laboratory research catalog film, chemical research material only, premium American research aesthetic, no people, no faces, no hands, no needles, no injection, no clinic, no gym, no lifestyle, no wellness claims, no nicknames. Scene: Context still life: product next to high-quality recovery aesthetic items in abstract still life. Featuring sealed peptide vial with rubber stopper, low-key selective highlight only, lateral motion-control track.. Quality: extremely detailed, ultra sharp, ultra realistic, polished look, intricate textures, global illumination. creation motif 101/500 · scene 498. Keep product identity and any on-screen research typography sharp and unchanged. For laboratory research use only. Not for human use or consumption.",Active,0,
PBVita-Reel-102,102,414,Lighting & Mood Variations,"Mood lighting study: almost shadowless beauty dish style premium lighting. Product is research pen with visible liquid barrel, captured with vertical rise from base to top.","extremely detailed, ultra sharp, volumetric lighting, creamy bokeh, ambient occlusion, professional photography",9:16,8,1080p,grok-imagine-image-quality,grok-imagine-video-1.5,"Photoreal vertical 9:16 Palm Beach Vitality laboratory research catalog film, chemical research material only, premium American research aesthetic, no people, no faces, no hands, no needles, no injection, no clinic, no gym, no lifestyle, no wellness claims, no nicknames. Scene: Mood lighting study: almost shadowless beauty dish style premium lighting. Product is research pen with visible liquid barrel, captured with vertical rise from base to top.. Quality: extremely detailed, ultra sharp, volumetric lighting, creamy bokeh, ambient occlusion, professional photography. creation motif 102/500 · scene 414. Keep product identity and any on-screen research typography sharp and unchanged. For laboratory research use only. Not for human use or consumption.",Active,0,
PBVita-Reel-103,103,182,Molecular & Chemical Structure Visuals,"Dual warm/cool lit molecular form of a peptide chain, gently undulating and turning, soft window light with gentle falloff, with gentle liquid swirl inside the container, circular arc that never fully completes. [catalog angle 103]","extremely detailed, ultra sharp, high dynamic range, refined details, intricate textures, professional photography",9:16,8,1080p,grok-imagine-image-quality,grok-imagine-video-1.5,"Photoreal vertical 9:16 Palm Beach Vitality laboratory research catalog film, chemical research material only, premium American research aesthetic, no people, no faces, no hands, no needles, no injection, no clinic, no gym, no lifestyle, no wellness claims, no nicknames. Scene: Dual warm/cool lit molecular form of a peptide chain, gently undulating and turning, soft window light with gentle falloff, with gentle liquid swirl inside the container, circular arc that never fully completes. [catalog angle 103]. Quality: extremely detailed, ultra sharp, high dynamic range, refined details, intricate textures, professional photography. creation motif 103/500 · scene 182. Keep product identity and any on-screen research typography sharp and unchanged. For laboratory research use only. Not for human use or consumption.",Active,0,
PBVita-Reel-104,104,622,Multi-Product & Collection Arrangements,"Collection arrangement: tight cluster of products with one hero unit pulled slightly forward, split complementary teal and amber, with soft volumetric atmosphere, spiral orbit combined with slow push.","extremely detailed, ultra sharp, realistic textures, detailed surface texture, global illumination, ambient occlusion",9:16,8,1080p,grok-imagine-image-quality,grok-imagine-video-1.5,"Photoreal vertical 9:16 Palm Beach Vitality laboratory research catalog film, chemical research material only, premium American research aesthetic, no people, no faces, no hands, no needles, no injection, no clinic, no gym, no lifestyle, no wellness claims, no nicknames. Scene: Collection arrangement: tight cluster of products with one hero unit pulled slightly forward, split complementary teal and amber, with soft volumetric atmosphere, spiral orbit combined with slow push.. Quality: extremely detailed, ultra sharp, realistic textures, detailed surface texture, global illumination, ambient occlusion. creation motif 104/500 · scene 622. Keep product identity and any on-screen research typography sharp and unchanged. For laboratory research use only. Not for human use or consumption.",Active,0,
PBVita-Reel-105,105,58,Product Hero & Macro,"Dual research pens side by side with mirror reflection below, practical small LED panel visible in frame, slow elegant movement.","extremely detailed, 8k resolution, hyperrealistic, refined details, high fidelity, realistic reflections",9:16,8,1080p,grok-imagine-image-quality,grok-imagine-video-1.5,"Photoreal vertical 9:16 Palm Beach Vitality laboratory research catalog film, chemical research material only, premium American research aesthetic, no people, no faces, no hands, no needles, no injection, no clinic, no gym, no lifestyle, no wellness claims, no nicknames. Scene: Dual research pens side by side with mirror reflection below, practical small LED panel visible in frame, slow elegant movement.. Quality: extremely detailed, 8k resolution, hyperrealistic, refined details, high fidelity, realistic reflections. creation motif 105/500 · scene 058. Keep product identity and any on-screen research typography sharp and unchanged. For laboratory research use only. Not for human use or consumption.",Active,0,
PBVita-Reel-106,106,225,"Production, Process & Manufacturing","Stylized research process: abstract purification stages becoming progressively clearer, warm under-light glow, with almost no shadow, pure beauty light, slow pull-out revealing environment.","extremely detailed, 8k resolution, dramatic lighting, high dynamic range, global illumination, soft shadows",9:16,8,1080p,grok-imagine-image-quality,grok-imagine-video-1.5,"Photoreal vertical 9:16 Palm Beach Vitality laboratory research catalog film, chemical research material only, premium American research aesthetic, no people, no faces, no hands, no needles, no injection, no clinic, no gym, no lifestyle, no wellness claims, no nicknames. Scene: Stylized research process: abstract purification stages becoming progressively clearer, warm under-light glow, with almost no shadow, pure beauty light, slow pull-out revealing environment.. Quality: extremely detailed, 8k resolution, dramatic lighting, high dynamic range, global illumination, soft shadows. creation motif 106/500 · scene 225. Keep product identity and any on-screen research typography sharp and unchanged. For laboratory research use only. Not for human use or consumption.",Active,0,
PBVita-Reel-107,107,339,Signature Camera Moves & Dynamic Angles,"Camera focused: low-angle tracking shot sliding past the product with parallax. Subject is research pen with visible liquid barrel, cool clinical blue-white LED, in clean negative space.","extremely detailed, 8k resolution, studio lighting, refined details, realistic textures, intricate textures",9:16,8,1080p,grok-imagine-image-quality,grok-imagine-video-1.5,"Photoreal vertical 9:16 Palm Beach Vitality laboratory research catalog film, chemical research material only, premium American research aesthetic, no people, no faces, no hands, no needles, no injection, no clinic, no gym, no lifestyle, no wellness claims, no nicknames. Scene: Camera focused: low-angle tracking shot sliding past the product with parallax. Subject is research pen with visible liquid barrel, cool clinical blue-white LED, in clean negative space.. Quality: extremely detailed, 8k resolution, studio lighting, refined details, realistic textures, intricate textures. creation motif 107/500 · scene 339. Keep product identity and any on-screen research typography sharp and unchanged. For laboratory research use only. Not for human use or consumption.",Active,0,
PBVita-Reel-108,108,470,"Text, Kinetic & Overlay-Friendly Scenes","Overlay-optimized composition: product emerging from soft fog while type fades in cleanly above it. Subject sterile research vial, warm golden hour side light.","extremely detailed, 8k resolution, creamy bokeh, perfect composition, clean and crisp, intricate textures",9:16,8,1080p,grok-imagine-image-quality,grok-imagine-video-1.5,"Photoreal vertical 9:16 Palm Beach Vitality laboratory research catalog film, chemical research material only, premium American research aesthetic, no people, no faces, no hands, no needles, no injection, no clinic, no gym, no lifestyle, no wellness claims, no nicknames. Scene: Overlay-optimized composition: product emerging from soft fog while type fades in cleanly above it. Subject sterile research vial, warm golden hour side light.. Quality: extremely detailed, 8k resolution, creamy bokeh, perfect composition, clean and crisp, intricate textures. creation motif 108/500 · scene 470. Keep product identity and any on-screen research typography sharp and unchanged. For laboratory research use only. Not for human use or consumption.",Active,0,
PBVita-Reel-109,109,288,"Abstract, Artistic & Cinematic Science","Clean geometric light beams framing the product, featuring sealed peptide vial with rubber stopper, low-key selective highlight only, lateral motion-control track.","extremely detailed, photorealistic, ultra realistic, dramatic lighting, refined details, global illumination",9:16,8,1080p,grok-imagine-image-quality,grok-imagine-video-1.5,"Photoreal vertical 9:16 Palm Beach Vitality laboratory research catalog film, chemical research material only, premium American research aesthetic, no people, no faces, no hands, no needles, no injection, no clinic, no gym, no lifestyle, no wellness claims, no nicknames. Scene: Clean geometric light beams framing the product, featuring sealed peptide vial with rubber stopper, low-key selective highlight only, lateral motion-control track.. Quality: extremely detailed, photorealistic, ultra realistic, dramatic lighting, refined details, global illumination. creation motif 109/500 · scene 288. Keep product identity and any on-screen research typography sharp and unchanged. For laboratory research use only. Not for human use or consumption.",Active,0,
PBVita-Reel-110,110,596,Extreme Detail & Texture Studies,"Texture / detail study: extreme shallow depth of field isolating a single highlight on the liquid, soft diffused overhead, subtle handheld micro-movement.","extremely detailed, photorealistic, dramatic lighting, perfect composition, premium aesthetic, intricate textures",9:16,8,1080p,grok-imagine-image-quality,grok-imagine-video-1.5,"Photoreal vertical 9:16 Palm Beach Vitality laboratory research catalog film, chemical research material only, premium American research aesthetic, no people, no faces, no hands, no needles, no injection, no clinic, no gym, no lifestyle, no wellness claims, no nicknames. Scene: Texture / detail study: extreme shallow depth of field isolating a single highlight on the liquid, soft diffused overhead, subtle handheld micro-movement.. Quality: extremely detailed, photorealistic, dramatic lighting, perfect composition, premium aesthetic, intricate textures. creation motif 110/500 · scene 596. Keep product identity and any on-screen research typography sharp and unchanged. For laboratory research use only. Not for human use or consumption.",Active,0,
PBVita-Reel-111,111,523,"Hybrid, Transition & Special Shots","Special / hybrid shot: product and its perfect reflection creating symmetry that slowly breaks. Centered on dual research pens side by side, low-key selective highlight only, lateral motion-control track.","extremely detailed, photorealistic, rim lighting, perfect exposure, shallow depth of field, creamy bokeh",9:16,8,1080p,grok-imagine-image-quality,grok-imagine-video-1.5,"Photoreal vertical 9:16 Palm Beach Vitality laboratory research catalog film, chemical research material only, premium American research aesthetic, no people, no faces, no hands, no needles, no injection, no clinic, no gym, no lifestyle, no wellness claims, no nicknames. Scene: Special / hybrid shot: product and its perfect reflection creating symmetry that slowly breaks. Centered on dual research pens side by side, low-key selective highlight only, lateral motion-control track.. Quality: extremely detailed, photorealistic, rim lighting, perfect exposure, shallow depth of field, creamy bokeh. creation motif 111/500 · scene 523. Keep product identity and any on-screen research typography sharp and unchanged. For laboratory research use only. Not for human use or consumption.",Active,0,
PBVita-Reel-112,112,75,Laboratory & Scientific Environments,"Sterile research vial with precision lab apparatus carefully handling it, warm golden hour side light, with soft bokeh circles drifting past, locked-off static with internal motion only. [catalog angle 112]","extremely detailed, photorealistic, perfect composition, premium aesthetic, realistic textures, soft shadows",9:16,8,1080p,grok-imagine-image-quality,grok-imagine-video-1.5,"Photoreal vertical 9:16 Palm Beach Vitality laboratory research catalog film, chemical research material only, premium American research aesthetic, no people, no faces, no hands, no needles, no injection, no clinic, no gym, no lifestyle, no wellness claims, no nicknames. Scene: Sterile research vial with precision lab apparatus carefully handling it, warm golden hour side light, with soft bokeh circles drifting past, locked-off static with internal motion only. [catalog angle 112]. Quality: extremely detailed, photorealistic, perfect composition, premium aesthetic, realistic textures, soft shadows. creation motif 112/500 · scene 075. Keep product identity and any on-screen research typography sharp and unchanged. For laboratory research use only. Not for human use or consumption.",Active,0,
PBVita-Reel-113,113,477,Lifestyle & Context (Research-Forward),"Context still life: soft morning light on a tidy surface with the product as quiet focal point. Featuring clear glass research vial, clean high-key beauty lighting, extreme macro push-in.","extremely detailed, hyperrealistic, cinematic lighting, rich contrast, creamy bokeh, elegant framing",9:16,8,1080p,grok-imagine-image-quality,grok-imagine-video-1.5,"Photoreal vertical 9:16 Palm Beach Vitality laboratory research catalog film, chemical research material only, premium American research aesthetic, no people, no faces, no hands, no needles, no injection, no clinic, no gym, no lifestyle, no wellness claims, no nicknames. Scene: Context still life: soft morning light on a tidy surface with the product as quiet focal point. Featuring clear glass research vial, clean high-key beauty lighting, extreme macro push-in.. Quality: extremely detailed, hyperrealistic, cinematic lighting, rich contrast, creamy bokeh, elegant framing. creation motif 113/500 · scene 477. Keep product identity and any on-screen research typography sharp and unchanged. For laboratory research use only. Not for human use or consumption.",Active,0,
PBVita-Reel-114,114,399,Lighting & Mood Variations,"Mood lighting study: low-key night mode with selective highlights only on the product. Product is single research pen standing upright, captured with vertical rise from base to top.","extremely detailed, hyperrealistic, soft diffused lighting, creamy bokeh, polished look, DSLR sharpness",9:16,8,1080p,grok-imagine-image-quality,grok-imagine-video-1.5,"Photoreal vertical 9:16 Palm Beach Vitality laboratory research catalog film, chemical research material only, premium American research aesthetic, no people, no faces, no hands, no needles, no injection, no clinic, no gym, no lifestyle, no wellness claims, no nicknames. Scene: Mood lighting study: low-key night mode with selective highlights only on the product. Product is single research pen standing upright, captured with vertical rise from base to top.. Quality: extremely detailed, hyperrealistic, soft diffused lighting, creamy bokeh, polished look, DSLR sharpness. creation motif 114/500 · scene 399. Keep product identity and any on-screen research typography sharp and unchanged. For laboratory research use only. Not for human use or consumption.",Active,0,
PBVita-Reel-115,115,141,Molecular & Chemical Structure Visuals,"Clean 3d ball-and-stick model of a peptide chain, slowly rotating in dark space, soft rim light from behind, with soft particle haze, slow 360° orbit at eye level.","extremely detailed, hyperrealistic, rich contrast, elegant framing, premium aesthetic, medium format look",9:16,8,1080p,grok-imagine-image-quality,grok-imagine-video-1.5,"Photoreal vertical 9:16 Palm Beach Vitality laboratory research catalog film, chemical research material only, premium American research aesthetic, no people, no faces, no hands, no needles, no injection, no clinic, no gym, no lifestyle, no wellness claims, no nicknames. Scene: Clean 3d ball-and-stick model of a peptide chain, slowly rotating in dark space, soft rim light from behind, with soft particle haze, slow 360° orbit at eye level.. Quality: extremely detailed, hyperrealistic, rich contrast, elegant framing, premium aesthetic, medium format look. creation motif 115/500 · scene 141. Keep product identity and any on-screen research typography sharp and unchanged. For laboratory research use only. Not for human use or consumption.",Active,0,
PBVita-Reel-116,116,608,Multi-Product & Collection Arrangements,"Collection arrangement: long perspective line of products disappearing into soft bokeh, low-key selective highlight only, in pure clinical emptiness, lateral motion-control track.","extremely detailed, ultra realistic, cinematic lighting, rich contrast, premium aesthetic, detailed surface texture",9:16,8,1080p,grok-imagine-image-quality,grok-imagine-video-1.5,"Photoreal vertical 9:16 Palm Beach Vitality laboratory research catalog film, chemical research material only, premium American research aesthetic, no people, no faces, no hands, no needles, no injection, no clinic, no gym, no lifestyle, no wellness claims, no nicknames. Scene: Collection arrangement: long perspective line of products disappearing into soft bokeh, low-key selective highlight only, in pure clinical emptiness, lateral motion-control track.. Quality: extremely detailed, ultra realistic, cinematic lighting, rich contrast, premium aesthetic, detailed surface texture. creation motif 116/500 · scene 608. Keep product identity and any on-screen research typography sharp and unchanged. For laboratory research use only. Not for human use or consumption.",Active,0,
PBVita-Reel-117,117,67,Product Hero & Macro,Macro texture study of amber-tinted research vial label and glass under split complementary teal and amber.,"extremely detailed, ultra realistic, soft diffused lighting, creamy bokeh, intricate textures, medium format look",9:16,8,1080p,grok-imagine-image-quality,grok-imagine-video-1.5,"Photoreal vertical 9:16 Palm Beach Vitality laboratory research catalog film, chemical research material only, premium American research aesthetic, no people, no faces, no hands, no needles, no injection, no clinic, no gym, no lifestyle, no wellness claims, no nicknames. Scene: Macro texture study of amber-tinted research vial label and glass under split complementary teal and amber.. Quality: extremely detailed, ultra realistic, soft diffused lighting, creamy bokeh, intricate textures, medium format look. creation motif 117/500 · scene 067. Keep product identity and any on-screen research typography sharp and unchanged. For laboratory research use only. Not for human use or consumption.",Active,0,
PBVita-Reel-118,118,255,"Production, Process & Manufacturing","Stylized research process: abstract purification stages becoming progressively clearer, warm under-light glow, with almost no shadow, pure beauty light, slow pull-out revealing environment. [catalog angle 118]","extremely detailed, ultra realistic, rich contrast, elegant framing, realistic textures, global illumination",9:16,8,1080p,grok-imagine-image-quality,grok-imagine-video-1.5,"Photoreal vertical 9:16 Palm Beach Vitality laboratory research catalog film, chemical research material only, premium American research aesthetic, no people, no faces, no hands, no needles, no injection, no clinic, no gym, no lifestyle, no wellness claims, no nicknames. Scene: Stylized research process: abstract purification stages becoming progressively clearer, warm under-light glow, with almost no shadow, pure beauty light, slow pull-out revealing environment. [catalog angle 118]. Quality: extremely detailed, ultra realistic, rich contrast, elegant framing, realistic textures, global illumination. creation motif 118/500 · scene 255. Keep product identity and any on-screen research typography sharp and unchanged. For laboratory research use only. Not for human use or consumption.",Active,0,
PBVita-Reel-119,119,384,Signature Camera Moves & Dynamic Angles,"Camera focused: spiral orbit combined with continuous slow push-in. Subject is single research pen standing upright, cool clinical blue-white LED, in clean negative space.","extremely detailed, cinematic lighting, dramatic lighting, shallow depth of field, realistic textures, detailed surface texture",9:16,8,1080p,grok-imagine-image-quality,grok-imagine-video-1.5,"Photoreal vertical 9:16 Palm Beach Vitality laboratory research catalog film, chemical research material only, premium American research aesthetic, no people, no faces, no hands, no needles, no injection, no clinic, no gym, no lifestyle, no wellness claims, no nicknames. Scene: Camera focused: spiral orbit combined with continuous slow push-in. Subject is single research pen standing upright, cool clinical blue-white LED, in clean negative space.. Quality: extremely detailed, cinematic lighting, dramatic lighting, shallow depth of field, realistic textures, detailed surface texture. creation motif 119/500 · scene 384. Keep product identity and any on-screen research typography sharp and unchanged. For laboratory research use only. Not for human use or consumption.",Active,0,
PBVita-Reel-120,120,455,"Text, Kinetic & Overlay-Friendly Scenes","Overlay-optimized composition: clean product hold with soft light designed not to compete with white text. Subject research vial lying on its side, warm golden hour side light.","extremely detailed, cinematic lighting, rim lighting, HDR, ambient occlusion, realistic reflections",9:16,8,1080p,grok-imagine-image-quality,grok-imagine-video-1.5,"Photoreal vertical 9:16 Palm Beach Vitality laboratory research catalog film, chemical research material only, premium American research aesthetic, no people, no faces, no hands, no needles, no injection, no clinic, no gym, no lifestyle, no wellness claims, no nicknames. Scene: Overlay-optimized composition: clean product hold with soft light designed not to compete with white text. Subject research vial lying on its side, warm golden hour side light.. Quality: extremely detailed, cinematic lighting, rim lighting, HDR, ambient occlusion, realistic reflections. creation motif 120/500 · scene 455. Keep product identity and any on-screen research typography sharp and unchanged. For laboratory research use only. Not for human use or consumption.",Active,0,
PBVita-Reel-121,121,290,"Abstract, Artistic & Cinematic Science","Dark cinematic void with single spotlight, featuring sterile research vial, hard specular edge light, soft focus rack from background to product.","extremely detailed, cinematic lighting, creamy bokeh, global illumination, high-end commercial look, DSLR sharpness",9:16,8,1080p,grok-imagine-image-quality,grok-imagine-video-1.5,"Photoreal vertical 9:16 Palm Beach Vitality laboratory research catalog film, chemical research material only, premium American research aesthetic, no people, no faces, no hands, no needles, no injection, no clinic, no gym, no lifestyle, no wellness claims, no nicknames. Scene: Dark cinematic void with single spotlight, featuring sterile research vial, hard specular edge light, soft focus rack from background to product.. Quality: extremely detailed, cinematic lighting, creamy bokeh, global illumination, high-end commercial look, DSLR sharpness. creation motif 121/500 · scene 290. Keep product identity and any on-screen research typography sharp and unchanged. For laboratory research use only. Not for human use or consumption.",Active,0,
PBVita-Reel-122,122,581,Extreme Detail & Texture Studies,"Texture / detail study: extreme close-up of liquid meniscus inside the vial under controlled light, soft diffused overhead, subtle handheld micro-movement.","extremely detailed, dramatic lighting, studio lighting, high dynamic range, shallow depth of field, perfect composition",9:16,8,1080p,grok-imagine-image-quality,grok-imagine-video-1.5,"Photoreal vertical 9:16 Palm Beach Vitality laboratory research catalog film, chemical research material only, premium American research aesthetic, no people, no faces, no hands, no needles, no injection, no clinic, no gym, no lifestyle, no wellness claims, no nicknames. Scene: Texture / detail study: extreme close-up of liquid meniscus inside the vial under controlled light, soft diffused overhead, subtle handheld micro-movement.. Quality: extremely detailed, dramatic lighting, studio lighting, high dynamic range, shallow depth of field, perfect composition. creation motif 122/500 · scene 581. Keep product identity and any on-screen research typography sharp and unchanged. For laboratory research use only. Not for human use or consumption.",Active,0,
PBVita-Reel-123,123,545,"Hybrid, Transition & Special Shots","Special / hybrid shot: final locked hero hold of perfectly lit product ready for logo and CTA. Centered on research vial lying on its side, warm under-light glow, slow pull-out revealing environment.","extremely detailed, dramatic lighting, perfect exposure, elegant framing, high-end commercial look, editorial photography style",9:16,8,1080p,grok-imagine-image-quality,grok-imagine-video-1.5,"Photoreal vertical 9:16 Palm Beach Vitality laboratory research catalog film, chemical research material only, premium American research aesthetic, no people, no faces, no hands, no needles, no injection, no clinic, no gym, no lifestyle, no wellness claims, no nicknames. Scene: Special / hybrid shot: final locked hero hold of perfectly lit product ready for logo and CTA. Centered on research vial lying on its side, warm under-light glow, slow pull-out revealing environment.. Quality: extremely detailed, dramatic lighting, perfect exposure, elegant framing, high-end commercial look, editorial photography style. creation motif 123/500 · scene 545. Keep product identity and any on-screen research typography sharp and unchanged. For laboratory research use only. Not for human use or consumption.",Active,0,
PBVita-Reel-124,124,136,Laboratory & Scientific Environments,"Precision research pen beside a digital analytical scale, soft diffused overhead, with light caustics refracting across the surface, subtle handheld micro-movement. [catalog angle 124]","extremely detailed, volumetric lighting, studio lighting, rich contrast, elegant framing, polished look",9:16,8,1080p,grok-imagine-image-quality,grok-imagine-video-1.5,"Photoreal vertical 9:16 Palm Beach Vitality laboratory research catalog film, chemical research material only, premium American research aesthetic, no people, no faces, no hands, no needles, no injection, no clinic, no gym, no lifestyle, no wellness claims, no nicknames. Scene: Precision research pen beside a digital analytical scale, soft diffused overhead, with light caustics refracting across the surface, subtle handheld micro-movement. [catalog angle 124]. Quality: extremely detailed, volumetric lighting, studio lighting, rich contrast, elegant framing, polished look. creation motif 124/500 · scene 136. Keep product identity and any on-screen research typography sharp and unchanged. For laboratory research use only. Not for human use or consumption.",Active,0,
PBVita-Reel-125,125,492,Lifestyle & Context (Research-Forward),"Context still life: soft textured wall background with product in sharp foreground. Featuring amber-tinted research vial, clean high-key beauty lighting, extreme macro push-in.","extremely detailed, volumetric lighting, perfect exposure, intricate textures, global illumination, professional photography",9:16,8,1080p,grok-imagine-image-quality,grok-imagine-video-1.5,"Photoreal vertical 9:16 Palm Beach Vitality laboratory research catalog film, chemical research material only, premium American research aesthetic, no people, no faces, no hands, no needles, no injection, no clinic, no gym, no lifestyle, no wellness claims, no nicknames. Scene: Context still life: soft textured wall background with product in sharp foreground. Featuring amber-tinted research vial, clean high-key beauty lighting, extreme macro push-in.. Quality: extremely detailed, volumetric lighting, perfect exposure, intricate textures, global illumination, professional photography. creation motif 125/500 · scene 492. Keep product identity and any on-screen research typography sharp and unchanged. For laboratory research use only. Not for human use or consumption.",Active,0,
PBVita-Reel-126,126,409,Lighting & Mood Variations,"Mood lighting study: sunrise-style warm directional light with long soft shadows. Product is single research pen standing upright, captured with low angle tracking slide.","extremely detailed, soft diffused lighting, rim lighting, polished look, high fidelity, high-end commercial look",9:16,8,1080p,grok-imagine-image-quality,grok-imagine-video-1.5,"Photoreal vertical 9:16 Palm Beach Vitality laboratory research catalog film, chemical research material only, premium American research aesthetic, no people, no faces, no hands, no needles, no injection, no clinic, no gym, no lifestyle, no wellness claims, no nicknames. Scene: Mood lighting study: sunrise-style warm directional light with long soft shadows. Product is single research pen standing upright, captured with low angle tracking slide.. Quality: extremely detailed, soft diffused lighting, rim lighting, polished look, high fidelity, high-end commercial look. creation motif 126/500 · scene 409. Keep product identity and any on-screen research typography sharp and unchanged. For laboratory research use only. Not for human use or consumption.",Active,0,
PBVita-Reel-127,127,202,Molecular & Chemical Structure Visuals,"Soft ribbon cartoon representation of a peptide chain, gently undulating and turning, clean high-key beauty lighting, with gentle dry-ice style fog drifting, extreme macro push-in.","extremely detailed, soft diffused lighting, elegant framing, refined details, medium format look, professional photography",9:16,8,1080p,grok-imagine-image-quality,grok-imagine-video-1.5,"Photoreal vertical 9:16 Palm Beach Vitality laboratory research catalog film, chemical research material only, premium American research aesthetic, no people, no faces, no hands, no needles, no injection, no clinic, no gym, no lifestyle, no wellness claims, no nicknames. Scene: Soft ribbon cartoon representation of a peptide chain, gently undulating and turning, clean high-key beauty lighting, with gentle dry-ice style fog drifting, extreme macro push-in.. Quality: extremely detailed, soft diffused lighting, elegant framing, refined details, medium format look, professional photography. creation motif 127/500 · scene 202. Keep product identity and any on-screen research typography sharp and unchanged. For laboratory research use only. Not for human use or consumption.",Active,0,
PBVita-Reel-128,128,628,Multi-Product & Collection Arrangements,"Collection arrangement: dark surface with multiple products each catching individual highlights, practical small LED panel visible in frame, with perfect mirror reflection below, over-the-shoulder gloved perspective. [catalog angle 128]","extremely detailed, studio lighting, perfect exposure, creamy bokeh, perfect composition, medium format look",9:16,8,1080p,grok-imagine-image-quality,grok-imagine-video-1.5,"Photoreal vertical 9:16 Palm Beach Vitality laboratory research catalog film, chemical research material only, premium American research aesthetic, no people, no faces, no hands, no needles, no injection, no clinic, no gym, no lifestyle, no wellness claims, no nicknames. Scene: Collection arrangement: dark surface with multiple products each catching individual highlights, practical small LED panel visible in frame, with perfect mirror reflection below, over-the-shoulder gloved perspective. [catalog angle 128]. Quality: extremely detailed, studio lighting, perfect exposure, creamy bokeh, perfect composition, medium format look. creation motif 128/500 · scene 628. Keep product identity and any on-screen research typography sharp and unchanged. For laboratory research use only. Not for human use or consumption.",Active,0,
PBVita-Reel-129,129,28,Product Hero & Macro,"Dual research pens side by side with mirror reflection below, practical small LED panel visible in frame, slow elegant movement. [catalog angle 129]","extremely detailed, rim lighting, HDR, clean and crisp, global illumination, high-end commercial look",9:16,8,1080p,grok-imagine-image-quality,grok-imagine-video-1.5,"Photoreal vertical 9:16 Palm Beach Vitality laboratory research catalog film, chemical research material only, premium American research aesthetic, no people, no faces, no hands, no needles, no injection, no clinic, no gym, no lifestyle, no wellness claims, no nicknames. Scene: Dual research pens side by side with mirror reflection below, practical small LED panel visible in frame, slow elegant movement. [catalog angle 129]. Quality: extremely detailed, rim lighting, HDR, clean and crisp, global illumination, high-end commercial look. creation motif 129/500 · scene 028. Keep product identity and any on-screen research typography sharp and unchanged. For laboratory research use only. Not for human use or consumption.",Active,0,
PBVita-Reel-130,130,224,"Production, Process & Manufacturing","Stylized research process: quality control moment under focused light, cool overhead fluorescent lab feel, with soft shadow only, extreme high angle looking straight down.","extremely detailed, high dynamic range, HDR, polished look, realistic textures, high-end commercial look",9:16,8,1080p,grok-imagine-image-quality,grok-imagine-video-1.5,"Photoreal vertical 9:16 Palm Beach Vitality laboratory research catalog film, chemical research material only, premium American research aesthetic, no people, no faces, no hands, no needles, no injection, no clinic, no gym, no lifestyle, no wellness claims, no nicknames. Scene: Stylized research process: quality control moment under focused light, cool overhead fluorescent lab feel, with soft shadow only, extreme high angle looking straight down.. Quality: extremely detailed, high dynamic range, HDR, polished look, realistic textures, high-end commercial look. creation motif 130/500 · scene 224. Keep product identity and any on-screen research typography sharp and unchanged. For laboratory research use only. Not for human use or consumption.",Active,0,
PBVita-Reel-131,131,377,Signature Camera Moves & Dynamic Angles,"Camera focused: extreme macro push-in from wide product view into liquid surface. Subject is clear glass research vial, soft window light with gentle falloff, with gentle liquid swirl inside the container.","extremely detailed, HDR, rich contrast, clean and crisp, detailed surface texture, DSLR sharpness",9:16,8,1080p,grok-imagine-image-quality,grok-imagine-video-1.5,"Photoreal vertical 9:16 Palm Beach Vitality laboratory research catalog film, chemical research material only, premium American research aesthetic, no people, no faces, no hands, no needles, no injection, no clinic, no gym, no lifestyle, no wellness claims, no nicknames. Scene: Camera focused: extreme macro push-in from wide product view into liquid surface. Subject is clear glass research vial, soft window light with gentle falloff, with gentle liquid swirl inside the container.. Quality: extremely detailed, HDR, rich contrast, clean and crisp, detailed surface texture, DSLR sharpness. creation motif 131/500 · scene 377. Keep product identity and any on-screen research typography sharp and unchanged. For laboratory research use only. Not for human use or consumption.",Active,0,
PBVita-Reel-132,132,449,"Text, Kinetic & Overlay-Friendly Scenes","Overlay-optimized composition: circular negative space around centered product for surrounding type. Subject research pen with visible liquid barrel, cool overhead fluorescent lab feel.","extremely detailed, rich contrast, creamy bokeh, premium aesthetic, refined details, detailed surface texture",9:16,8,1080p,grok-imagine-image-quality,grok-imagine-video-1.5,"Photoreal vertical 9:16 Palm Beach Vitality laboratory research catalog film, chemical research material only, premium American research aesthetic, no people, no faces, no hands, no needles, no injection, no clinic, no gym, no lifestyle, no wellness claims, no nicknames. Scene: Overlay-optimized composition: circular negative space around centered product for surrounding type. Subject research pen with visible liquid barrel, cool overhead fluorescent lab feel.. Quality: extremely detailed, rich contrast, creamy bokeh, premium aesthetic, refined details, detailed surface texture. creation motif 132/500 · scene 449. Keep product identity and any on-screen research typography sharp and unchanged. For laboratory research use only. Not for human use or consumption.",Active,0,
PBVita-Reel-133,133,312,"Abstract, Artistic & Cinematic Science","High-contrast black and white with selective color on liquid, featuring amber-tinted research vial, clean high-key beauty lighting, extreme macro push-in.","extremely detailed, perfect exposure, editorial photography style, medium format look, DSLR sharpness, professional photography",9:16,8,1080p,grok-imagine-image-quality,grok-imagine-video-1.5,"Photoreal vertical 9:16 Palm Beach Vitality laboratory research catalog film, chemical research material only, premium American research aesthetic, no people, no faces, no hands, no needles, no injection, no clinic, no gym, no lifestyle, no wellness claims, no nicknames. Scene: High-contrast black and white with selective color on liquid, featuring amber-tinted research vial, clean high-key beauty lighting, extreme macro push-in.. Quality: extremely detailed, perfect exposure, editorial photography style, medium format look, DSLR sharpness, professional photography. creation motif 133/500 · scene 312. Keep product identity and any on-screen research typography sharp and unchanged. For laboratory research use only. Not for human use or consumption.",Active,0,
PBVita-Reel-134,134,567,Extreme Detail & Texture Studies,"Texture / detail study: glass-to-liquid interface with soft caustic patterns, split complementary teal and amber, spiral orbit combined with slow push.","extremely detailed, perfect composition, clean and crisp, high fidelity, intricate textures, ambient occlusion",9:16,8,1080p,grok-imagine-image-quality,grok-imagine-video-1.5,"Photoreal vertical 9:16 Palm Beach Vitality laboratory research catalog film, chemical research material only, premium American research aesthetic, no people, no faces, no hands, no needles, no injection, no clinic, no gym, no lifestyle, no wellness claims, no nicknames. Scene: Texture / detail study: glass-to-liquid interface with soft caustic patterns, split complementary teal and amber, spiral orbit combined with slow push.. Quality: extremely detailed, perfect composition, clean and crisp, high fidelity, intricate textures, ambient occlusion. creation motif 134/500 · scene 567. Keep product identity and any on-screen research typography sharp and unchanged. For laboratory research use only. Not for human use or consumption.",Active,0,
PBVita-Reel-135,135,518,"Hybrid, Transition & Special Shots","Special / hybrid shot: multi-product lineup in perfect geometric formation with slow lateral track. Centered on sealed peptide vial with rubber stopper, dramatic single hard key light, gentle top-down descending crane.","hyper-detailed, razor sharp focus, tack sharp, ultra sharp, photorealistic, cinematic lighting",9:16,8,1080p,grok-imagine-image-quality,grok-imagine-video-1.5,"Photoreal vertical 9:16 Palm Beach Vitality laboratory research catalog film, chemical research material only, premium American research aesthetic, no people, no faces, no hands, no needles, no injection, no clinic, no gym, no lifestyle, no wellness claims, no nicknames. Scene: Special / hybrid shot: multi-product lineup in perfect geometric formation with slow lateral track. Centered on sealed peptide vial with rubber stopper, dramatic single hard key light, gentle top-down descending crane.. Quality: hyper-detailed, razor sharp focus, tack sharp, ultra sharp, photorealistic, cinematic lighting. creation motif 135/500 · scene 518. Keep product identity and any on-screen research typography sharp and unchanged. For laboratory research use only. Not for human use or consumption.",Active,0,
PBVita-Reel-136,136,133,Laboratory & Scientific Environments,"Sealed peptide vial with rubber stopper next to precise volumetric glassware, dramatic single hard key light, with subtle floating dust motes in light beams, gentle top-down descending crane.","hyper-detailed, razor sharp focus, crystal clear, dramatic lighting, refined details, editorial photography style",9:16,8,1080p,grok-imagine-image-quality,grok-imagine-video-1.5,"Photoreal vertical 9:16 Palm Beach Vitality laboratory research catalog film, chemical research material only, premium American research aesthetic, no people, no faces, no hands, no needles, no injection, no clinic, no gym, no lifestyle, no wellness claims, no nicknames. Scene: Sealed peptide vial with rubber stopper next to precise volumetric glassware, dramatic single hard key light, with subtle floating dust motes in light beams, gentle top-down descending crane.. Quality: hyper-detailed, razor sharp focus, crystal clear, dramatic lighting, refined details, editorial photography style. creation motif 136/500 · scene 133. Keep product identity and any on-screen research typography sharp and unchanged. For laboratory research use only. Not for human use or consumption.",Active,0,
PBVita-Reel-137,137,514,Lifestyle & Context (Research-Forward),"Context still life: product placed near a large window with soft exterior bokeh beyond. Featuring single research pen standing upright, soft bounce from below, vertical rise from base to top.","hyper-detailed, razor sharp focus, 8k resolution, photorealistic, rim lighting, professional photography",9:16,8,1080p,grok-imagine-image-quality,grok-imagine-video-1.5,"Photoreal vertical 9:16 Palm Beach Vitality laboratory research catalog film, chemical research material only, premium American research aesthetic, no people, no faces, no hands, no needles, no injection, no clinic, no gym, no lifestyle, no wellness claims, no nicknames. Scene: Context still life: product placed near a large window with soft exterior bokeh beyond. Featuring single research pen standing upright, soft bounce from below, vertical rise from base to top.. Quality: hyper-detailed, razor sharp focus, 8k resolution, photorealistic, rim lighting, professional photography. creation motif 137/500 · scene 514. Keep product identity and any on-screen research typography sharp and unchanged. For laboratory research use only. Not for human use or consumption.",Active,0,
PBVita-Reel-138,138,429,Lighting & Mood Variations,"Mood lighting study: sunrise-style warm directional light with long soft shadows. Product is single research pen standing upright, captured with vertical rise from base to top.","hyper-detailed, razor sharp focus, photorealistic, elegant framing, ambient occlusion, editorial photography style",9:16,8,1080p,grok-imagine-image-quality,grok-imagine-video-1.5,"Photoreal vertical 9:16 Palm Beach Vitality laboratory research catalog film, chemical research material only, premium American research aesthetic, no people, no faces, no hands, no needles, no injection, no clinic, no gym, no lifestyle, no wellness claims, no nicknames. Scene: Mood lighting study: sunrise-style warm directional light with long soft shadows. Product is single research pen standing upright, captured with vertical rise from base to top.. Quality: hyper-detailed, razor sharp focus, photorealistic, elegant framing, ambient occlusion, editorial photography style. creation motif 138/500 · scene 429. Keep product identity and any on-screen research typography sharp and unchanged. For laboratory research use only. Not for human use or consumption.",Active,0,
PBVita-Reel-139,139,150,Molecular & Chemical Structure Visuals,"Volumetric molecular form with internal light of a peptide chain, transitioning from structure into product silhouette, hard specular edge light, with soft fabric movement in background, soft focus rack from background to product.","hyper-detailed, razor sharp focus, cinematic lighting, dramatic lighting, realistic textures, medium format look",9:16,8,1080p,grok-imagine-image-quality,grok-imagine-video-1.5,"Photoreal vertical 9:16 Palm Beach Vitality laboratory research catalog film, chemical research material only, premium American research aesthetic, no people, no faces, no hands, no needles, no injection, no clinic, no gym, no lifestyle, no wellness claims, no nicknames. Scene: Volumetric molecular form with internal light of a peptide chain, transitioning from structure into product silhouette, hard specular edge light, with soft fabric movement in background, soft focus rack from background to product.. Quality: hyper-detailed, razor sharp focus, cinematic lighting, dramatic lighting, realistic textures, medium format look. creation motif 139/500 · scene 150. Keep product identity and any on-screen research typography sharp and unchanged. For laboratory research use only. Not for human use or consumption.",Active,0,
PBVita-Reel-140,140,606,Multi-Product & Collection Arrangements,"Collection arrangement: ascending height composition of different format research products, soft diffused overhead, with light caustics refracting across the surface, subtle handheld micro-movement. [catalog angle 140]","hyper-detailed, razor sharp focus, volumetric lighting, intricate textures, realistic reflections, editorial photography style",9:16,8,1080p,grok-imagine-image-quality,grok-imagine-video-1.5,"Photoreal vertical 9:16 Palm Beach Vitality laboratory research catalog film, chemical research material only, premium American research aesthetic, no people, no faces, no hands, no needles, no injection, no clinic, no gym, no lifestyle, no wellness claims, no nicknames. Scene: Collection arrangement: ascending height composition of different format research products, soft diffused overhead, with light caustics refracting across the surface, subtle handheld micro-movement. [catalog angle 140]. Quality: hyper-detailed, razor sharp focus, volumetric lighting, intricate textures, realistic reflections, editorial photography style. creation motif 140/500 · scene 606. Keep product identity and any on-screen research typography sharp and unchanged. For laboratory research use only. Not for human use or consumption.",Active,0,
PBVita-Reel-141,141,23,Product Hero & Macro,"Hero shot of sealed peptide vial with rubber stopper with low-key selective highlight only, in pure clinical emptiness, captured with lateral motion-control track.","hyper-detailed, razor sharp focus, HDR, shallow depth of field, polished look, professional photography",9:16,8,1080p,grok-imagine-image-quality,grok-imagine-video-1.5,"Photoreal vertical 9:16 Palm Beach Vitality laboratory research catalog film, chemical research material only, premium American research aesthetic, no people, no faces, no hands, no needles, no injection, no clinic, no gym, no lifestyle, no wellness claims, no nicknames. Scene: Hero shot of sealed peptide vial with rubber stopper with low-key selective highlight only, in pure clinical emptiness, captured with lateral motion-control track.. Quality: hyper-detailed, razor sharp focus, HDR, shallow depth of field, polished look, professional photography. creation motif 141/500 · scene 023. Keep product identity and any on-screen research typography sharp and unchanged. For laboratory research use only. Not for human use or consumption.",Active,0,
PBVita-Reel-142,142,221,"Production, Process & Manufacturing","Stylized research process: product emerging from protective outer packaging, volumetric god rays through haze, with abstract geometric light patterns, fast resolve into locked hero frame.","hyper-detailed, tack sharp, crystal clear, ultra sharp, creamy bokeh, premium aesthetic",9:16,8,1080p,grok-imagine-image-quality,grok-imagine-video-1.5,"Photoreal vertical 9:16 Palm Beach Vitality laboratory research catalog film, chemical research material only, premium American research aesthetic, no people, no faces, no hands, no needles, no injection, no clinic, no gym, no lifestyle, no wellness claims, no nicknames. Scene: Stylized research process: product emerging from protective outer packaging, volumetric god rays through haze, with abstract geometric light patterns, fast resolve into locked hero frame.. Quality: hyper-detailed, tack sharp, crystal clear, ultra sharp, creamy bokeh, premium aesthetic. creation motif 142/500 · scene 221. Keep product identity and any on-screen research typography sharp and unchanged. For laboratory research use only. Not for human use or consumption.",Active,0,
PBVita-Reel-143,143,356,Signature Camera Moves & Dynamic Angles,"Camera focused: slow elegant 360° orbit around the product at eye level. Subject is pre-filled research pen, soft diffused overhead, with light caustics refracting across the surface.","hyper-detailed, tack sharp, ultra sharp, studio lighting, perfect composition, premium aesthetic",9:16,8,1080p,grok-imagine-image-quality,grok-imagine-video-1.5,"Photoreal vertical 9:16 Palm Beach Vitality laboratory research catalog film, chemical research material only, premium American research aesthetic, no people, no faces, no hands, no needles, no injection, no clinic, no gym, no lifestyle, no wellness claims, no nicknames. Scene: Camera focused: slow elegant 360° orbit around the product at eye level. Subject is pre-filled research pen, soft diffused overhead, with light caustics refracting across the surface.. Quality: hyper-detailed, tack sharp, ultra sharp, studio lighting, perfect composition, premium aesthetic. creation motif 143/500 · scene 356. Keep product identity and any on-screen research typography sharp and unchanged. For laboratory research use only. Not for human use or consumption.",Active,0,
PBVita-Reel-144,144,474,"Text, Kinetic & Overlay-Friendly Scenes","Overlay-optimized composition: vertical story format with product in lower half and type stacked above. Subject single research pen standing upright, soft bounce from below.","hyper-detailed, tack sharp, photorealistic, dramatic lighting, intricate textures, medium format look",9:16,8,1080p,grok-imagine-image-quality,grok-imagine-video-1.5,"Photoreal vertical 9:16 Palm Beach Vitality laboratory research catalog film, chemical research material only, premium American research aesthetic, no people, no faces, no hands, no needles, no injection, no clinic, no gym, no lifestyle, no wellness claims, no nicknames. Scene: Overlay-optimized composition: vertical story format with product in lower half and type stacked above. Subject single research pen standing upright, soft bounce from below.. Quality: hyper-detailed, tack sharp, photorealistic, dramatic lighting, intricate textures, medium format look. creation motif 144/500 · scene 474. Keep product identity and any on-screen research typography sharp and unchanged. For laboratory research use only. Not for human use or consumption.",Active,0,
PBVita-Reel-145,145,284,"Abstract, Artistic & Cinematic Science","Controlled soft glow emanating from the product, featuring single research pen standing upright, cool clinical blue-white LED, low angle tracking slide.","hyper-detailed, tack sharp, ultra realistic, studio lighting, intricate textures, editorial photography style",9:16,8,1080p,grok-imagine-image-quality,grok-imagine-video-1.5,"Photoreal vertical 9:16 Palm Beach Vitality laboratory research catalog film, chemical research material only, premium American research aesthetic, no people, no faces, no hands, no needles, no injection, no clinic, no gym, no lifestyle, no wellness claims, no nicknames. Scene: Controlled soft glow emanating from the product, featuring single research pen standing upright, cool clinical blue-white LED, low angle tracking slide.. Quality: hyper-detailed, tack sharp, ultra realistic, studio lighting, intricate textures, editorial photography style. creation motif 145/500 · scene 284. Keep product identity and any on-screen research typography sharp and unchanged. For laboratory research use only. Not for human use or consumption.",Active,0,
PBVita-Reel-146,146,562,Extreme Detail & Texture Studies,"Texture / detail study: macro of glass surface imperfections and light refraction only, clean high-key beauty lighting, extreme macro push-in.","hyper-detailed, tack sharp, volumetric lighting, soft diffused lighting, shallow depth of field, polished look",9:16,8,1080p,grok-imagine-image-quality,grok-imagine-video-1.5,"Photoreal vertical 9:16 Palm Beach Vitality laboratory research catalog film, chemical research material only, premium American research aesthetic, no people, no faces, no hands, no needles, no injection, no clinic, no gym, no lifestyle, no wellness claims, no nicknames. Scene: Texture / detail study: macro of glass surface imperfections and light refraction only, clean high-key beauty lighting, extreme macro push-in.. Quality: hyper-detailed, tack sharp, volumetric lighting, soft diffused lighting, shallow depth of field, polished look. creation motif 146/500 · scene 562. Keep product identity and any on-screen research typography sharp and unchanged. For laboratory research use only. Not for human use or consumption.",Active,0,
PBVita-Reel-147,147,556,"Hybrid, Transition & Special Shots","Special / hybrid shot: match-cut ready product rotation perfectly synchronized for molecular model cut. Centered on pre-filled research pen, volumetric god rays through haze, fast resolve into locked hero frame.","hyper-detailed, tack sharp, rim lighting, clean and crisp, refined details, realistic reflections",9:16,8,1080p,grok-imagine-image-quality,grok-imagine-video-1.5,"Photoreal vertical 9:16 Palm Beach Vitality laboratory research catalog film, chemical research material only, premium American research aesthetic, no people, no faces, no hands, no needles, no injection, no clinic, no gym, no lifestyle, no wellness claims, no nicknames. Scene: Special / hybrid shot: match-cut ready product rotation perfectly synchronized for molecular model cut. Centered on pre-filled research pen, volumetric god rays through haze, fast resolve into locked hero frame.. Quality: hyper-detailed, tack sharp, rim lighting, clean and crisp, refined details, realistic reflections. creation motif 147/500 · scene 556. Keep product identity and any on-screen research typography sharp and unchanged. For laboratory research use only. Not for human use or consumption.",Active,0,
PBVita-Reel-148,148,132,Laboratory & Scientific Environments,"Clear glass research vial on a sterile stainless work surface, clean high-key beauty lighting, with gentle dry-ice style fog drifting, extreme macro push-in.","hyper-detailed, tack sharp, elegant framing, realistic textures, detailed surface texture, global illumination",9:16,8,1080p,grok-imagine-image-quality,grok-imagine-video-1.5,"Photoreal vertical 9:16 Palm Beach Vitality laboratory research catalog film, chemical research material only, premium American research aesthetic, no people, no faces, no hands, no needles, no injection, no clinic, no gym, no lifestyle, no wellness claims, no nicknames. Scene: Clear glass research vial on a sterile stainless work surface, clean high-key beauty lighting, with gentle dry-ice style fog drifting, extreme macro push-in.. Quality: hyper-detailed, tack sharp, elegant framing, realistic textures, detailed surface texture, global illumination. creation motif 148/500 · scene 132. Keep product identity and any on-screen research typography sharp and unchanged. For laboratory research use only. Not for human use or consumption.",Active,0,
PBVita-Reel-149,149,482,Lifestyle & Context (Research-Forward),"Context still life: travel-ready feel: product in a clean high-end closed case or pouch. Featuring amber-tinted research vial, split complementary teal and amber, spiral orbit combined with slow push.","hyper-detailed, crystal clear, 8k resolution, ultra realistic, polished look, intricate textures",9:16,8,1080p,grok-imagine-image-quality,grok-imagine-video-1.5,"Photoreal vertical 9:16 Palm Beach Vitality laboratory research catalog film, chemical research material only, premium American research aesthetic, no people, no faces, no hands, no needles, no injection, no clinic, no gym, no lifestyle, no wellness claims, no nicknames. Scene: Context still life: travel-ready feel: product in a clean high-end closed case or pouch. Featuring amber-tinted research vial, split complementary teal and amber, spiral orbit combined with slow push.. Quality: hyper-detailed, crystal clear, 8k resolution, ultra realistic, polished look, intricate textures. creation motif 149/500 · scene 482. Keep product identity and any on-screen research typography sharp and unchanged. For laboratory research use only. Not for human use or consumption.",Active,0,
PBVita-Reel-150,150,396,Lighting & Mood Variations,"Mood lighting study: practical small LED panels visible in frame as set dressing. Product is precision research pen, captured with subtle handheld micro-movement.","hyper-detailed, crystal clear, hyperrealistic, ultra realistic, ambient occlusion, medium format look",9:16,8,1080p,grok-imagine-image-quality,grok-imagine-video-1.5,"Photoreal vertical 9:16 Palm Beach Vitality laboratory research catalog film, chemical research material only, premium American research aesthetic, no people, no faces, no hands, no needles, no injection, no clinic, no gym, no lifestyle, no wellness claims, no nicknames. Scene: Mood lighting study: practical small LED panels visible in frame as set dressing. Product is precision research pen, captured with subtle handheld micro-movement.. Quality: hyper-detailed, crystal clear, hyperrealistic, ultra realistic, ambient occlusion, medium format look. creation motif 150/500 · scene 396. Keep product identity and any on-screen research typography sharp and unchanged. For laboratory research use only. Not for human use or consumption.",Active,0,
PBVita-Reel-151,151,154,Molecular & Chemical Structure Visuals,"Large-scale molecular landscape the camera flies through of a peptide chain, dissolving into particles then reforming, cool overhead fluorescent lab feel, with soft shadow only, extreme high angle looking straight down. [catalog angle 151]","hyper-detailed, crystal clear, cinematic lighting, rim lighting, HDR, high fidelity",9:16,8,1080p,grok-imagine-image-quality,grok-imagine-video-1.5,"Photoreal vertical 9:16 Palm Beach Vitality laboratory research catalog film, chemical research material only, premium American research aesthetic, no people, no faces, no hands, no needles, no injection, no clinic, no gym, no lifestyle, no wellness claims, no nicknames. Scene: Large-scale molecular landscape the camera flies through of a peptide chain, dissolving into particles then reforming, cool overhead fluorescent lab feel, with soft shadow only, extreme high angle looking straight down. [catalog angle 151]. Quality: hyper-detailed, crystal clear, cinematic lighting, rim lighting, HDR, high fidelity. creation motif 151/500 · scene 154. Keep product identity and any on-screen research typography sharp and unchanged. For laboratory research use only. Not for human use or consumption.",Active,0,
PBVita-Reel-152,152,619,Multi-Product & Collection Arrangements,"Collection arrangement: staggered depth arrangement of several products with soft focus falloff, cool clinical blue-white LED, in clean negative space, low angle tracking slide.","hyper-detailed, crystal clear, soft diffused lighting, HDR, elegant framing, realistic reflections",9:16,8,1080p,grok-imagine-image-quality,grok-imagine-video-1.5,"Photoreal vertical 9:16 Palm Beach Vitality laboratory research catalog film, chemical research material only, premium American research aesthetic, no people, no faces, no hands, no needles, no injection, no clinic, no gym, no lifestyle, no wellness claims, no nicknames. Scene: Collection arrangement: staggered depth arrangement of several products with soft focus falloff, cool clinical blue-white LED, in clean negative space, low angle tracking slide.. Quality: hyper-detailed, crystal clear, soft diffused lighting, HDR, elegant framing, realistic reflections. creation motif 152/500 · scene 619. Keep product identity and any on-screen research typography sharp and unchanged. For laboratory research use only. Not for human use or consumption.",Active,0,
PBVita-Reel-153,153,52,Product Hero & Macro,"Clear glass research vial with a single drop forming at the tip on clean acrylic riser, with soft volumetric atmosphere, spiral orbit combined with slow push.","hyper-detailed, crystal clear, HDR, detailed surface texture, soft shadows, professional photography",9:16,8,1080p,grok-imagine-image-quality,grok-imagine-video-1.5,"Photoreal vertical 9:16 Palm Beach Vitality laboratory research catalog film, chemical research material only, premium American research aesthetic, no people, no faces, no hands, no needles, no injection, no clinic, no gym, no lifestyle, no wellness claims, no nicknames. Scene: Clear glass research vial with a single drop forming at the tip on clean acrylic riser, with soft volumetric atmosphere, spiral orbit combined with slow push.. Quality: hyper-detailed, crystal clear, HDR, detailed surface texture, soft shadows, professional photography. creation motif 153/500 · scene 052. Keep product identity and any on-screen research typography sharp and unchanged. For laboratory research use only. Not for human use or consumption.",Active,0,
PBVita-Reel-154,154,247,"Production, Process & Manufacturing","Stylized research process: soft color shift inside a reaction flask under controlled light, split complementary teal and amber, with soft volumetric atmosphere, spiral orbit combined with slow push.","hyper-detailed, ultra sharp, 8k resolution, cinematic lighting, soft diffused lighting, creamy bokeh",9:16,8,1080p,grok-imagine-image-quality,grok-imagine-video-1.5,"Photoreal vertical 9:16 Palm Beach Vitality laboratory research catalog film, chemical research material only, premium American research aesthetic, no people, no faces, no hands, no needles, no injection, no clinic, no gym, no lifestyle, no wellness claims, no nicknames. Scene: Stylized research process: soft color shift inside a reaction flask under controlled light, split complementary teal and amber, with soft volumetric atmosphere, spiral orbit combined with slow push.. Quality: hyper-detailed, ultra sharp, 8k resolution, cinematic lighting, soft diffused lighting, creamy bokeh. creation motif 154/500 · scene 247. Keep product identity and any on-screen research typography sharp and unchanged. For laboratory research use only. Not for human use or consumption.",Active,0,
PBVita-Reel-155,155,361,Signature Camera Moves & Dynamic Angles,"Camera focused: organic handheld micro-movement while staying clean and controlled. Subject is precision research pen, volumetric god rays through haze, with abstract geometric light patterns.","hyper-detailed, ultra sharp, hyperrealistic, cinematic lighting, high dynamic range, medium format look",9:16,8,1080p,grok-imagine-image-quality,grok-imagine-video-1.5,"Photoreal vertical 9:16 Palm Beach Vitality laboratory research catalog film, chemical research material only, premium American research aesthetic, no people, no faces, no hands, no needles, no injection, no clinic, no gym, no lifestyle, no wellness claims, no nicknames. Scene: Camera focused: organic handheld micro-movement while staying clean and controlled. Subject is precision research pen, volumetric god rays through haze, with abstract geometric light patterns.. Quality: hyper-detailed, ultra sharp, hyperrealistic, cinematic lighting, high dynamic range, medium format look. creation motif 155/500 · scene 361. Keep product identity and any on-screen research typography sharp and unchanged. For laboratory research use only. Not for human use or consumption.",Active,0,
PBVita-Reel-156,156,444,"Text, Kinetic & Overlay-Friendly Scenes","Overlay-optimized composition: clean lower-third safe composition designed for caption-heavy reels. Subject single research pen standing upright, soft bounce from below.","hyper-detailed, ultra sharp, cinematic lighting, rim lighting, refined details, ambient occlusion",9:16,8,1080p,grok-imagine-image-quality,grok-imagine-video-1.5,"Photoreal vertical 9:16 Palm Beach Vitality laboratory research catalog film, chemical research material only, premium American research aesthetic, no people, no faces, no hands, no needles, no injection, no clinic, no gym, no lifestyle, no wellness claims, no nicknames. Scene: Overlay-optimized composition: clean lower-third safe composition designed for caption-heavy reels. Subject single research pen standing upright, soft bounce from below.. Quality: hyper-detailed, ultra sharp, cinematic lighting, rim lighting, refined details, ambient occlusion. creation motif 156/500 · scene 444. Keep product identity and any on-screen research typography sharp and unchanged. For laboratory research use only. Not for human use or consumption.",Active,0,
PBVita-Reel-157,157,291,"Abstract, Artistic & Cinematic Science","Soft organic flowing forms interacting with product, featuring precision research pen, volumetric god rays through haze, fast resolve into locked hero frame.","hyper-detailed, ultra sharp, soft diffused lighting, rich contrast, shallow depth of field, medium format look",9:16,8,1080p,grok-imagine-image-quality,grok-imagine-video-1.5,"Photoreal vertical 9:16 Palm Beach Vitality laboratory research catalog film, chemical research material only, premium American research aesthetic, no people, no faces, no hands, no needles, no injection, no clinic, no gym, no lifestyle, no wellness claims, no nicknames. Scene: Soft organic flowing forms interacting with product, featuring precision research pen, volumetric god rays through haze, fast resolve into locked hero frame.. Quality: hyper-detailed, ultra sharp, soft diffused lighting, rich contrast, shallow depth of field, medium format look. creation motif 157/500 · scene 291. Keep product identity and any on-screen research typography sharp and unchanged. For laboratory research use only. Not for human use or consumption.",Active,0,
PBVita-Reel-158,158,591,Extreme Detail & Texture Studies,"Texture / detail study: detail of measurement markings or scale on the barrel if present, soft rim light from behind, slow 360° orbit at eye level.","hyper-detailed, ultra sharp, rich contrast, perfect exposure, premium aesthetic, detailed surface texture",9:16,8,1080p,grok-imagine-image-quality,grok-imagine-video-1.5,"Photoreal vertical 9:16 Palm Beach Vitality laboratory research catalog film, chemical research material only, premium American research aesthetic, no people, no faces, no hands, no needles, no injection, no clinic, no gym, no lifestyle, no wellness claims, no nicknames. Scene: Texture / detail study: detail of measurement markings or scale on the barrel if present, soft rim light from behind, slow 360° orbit at eye level.. Quality: hyper-detailed, ultra sharp, rich contrast, perfect exposure, premium aesthetic, detailed surface texture. creation motif 158/500 · scene 591. Keep product identity and any on-screen research typography sharp and unchanged. For laboratory research use only. Not for human use or consumption.",Active,0,
PBVita-Reel-159,159,543,"Hybrid, Transition & Special Shots","Special / hybrid shot: product and its perfect reflection creating symmetry that slowly breaks. Centered on dual research pens side by side, practical small LED panel visible in frame, over-the-shoulder gloved perspective.","hyper-detailed, 8k resolution, photorealistic, dramatic lighting, high fidelity, medium format look",9:16,8,1080p,grok-imagine-image-quality,grok-imagine-video-1.5,"Photoreal vertical 9:16 Palm Beach Vitality laboratory research catalog film, chemical research material only, premium American research aesthetic, no people, no faces, no hands, no needles, no injection, no clinic, no gym, no lifestyle, no wellness claims, no nicknames. Scene: Special / hybrid shot: product and its perfect reflection creating symmetry that slowly breaks. Centered on dual research pens side by side, practical small LED panel visible in frame, over-the-shoulder gloved perspective.. Quality: hyper-detailed, 8k resolution, photorealistic, dramatic lighting, high fidelity, medium format look. creation motif 159/500 · scene 543. Keep product identity and any on-screen research typography sharp and unchanged. For laboratory research use only. Not for human use or consumption.",Active,0,
PBVita-Reel-160,160,89,Laboratory & Scientific Environments,"Single research pen standing upright under soft blue-white cleanroom lighting, cool clinical blue-white LED, in clean negative space, low angle tracking slide.","hyper-detailed, 8k resolution, ultra realistic, studio lighting, high fidelity, editorial photography style",9:16,8,1080p,grok-imagine-image-quality,grok-imagine-video-1.5,"Photoreal vertical 9:16 Palm Beach Vitality laboratory research catalog film, chemical research material only, premium American research aesthetic, no people, no faces, no hands, no needles, no injection, no clinic, no gym, no lifestyle, no wellness claims, no nicknames. Scene: Single research pen standing upright under soft blue-white cleanroom lighting, cool clinical blue-white LED, in clean negative space, low angle tracking slide.. Quality: hyper-detailed, 8k resolution, ultra realistic, studio lighting, high fidelity, editorial photography style. creation motif 160/500 · scene 089. Keep product identity and any on-screen research typography sharp and unchanged. For laboratory research use only. Not for human use or consumption.",Active,0,
PBVita-Reel-161,161,502,Lifestyle & Context (Research-Forward),"Context still life: travel-ready feel: product in a clean high-end closed case or pouch. Featuring amber-tinted research vial, soft window light with gentle falloff, circular arc that never fully completes.","hyper-detailed, 8k resolution, volumetric lighting, soft diffused lighting, perfect exposure, premium aesthetic",9:16,8,1080p,grok-imagine-image-quality,grok-imagine-video-1.5,"Photoreal vertical 9:16 Palm Beach Vitality laboratory research catalog film, chemical research material only, premium American research aesthetic, no people, no faces, no hands, no needles, no injection, no clinic, no gym, no lifestyle, no wellness claims, no nicknames. Scene: Context still life: travel-ready feel: product in a clean high-end closed case or pouch. Featuring amber-tinted research vial, soft window light with gentle falloff, circular arc that never fully completes.. Quality: hyper-detailed, 8k resolution, volumetric lighting, soft diffused lighting, perfect exposure, premium aesthetic. creation motif 161/500 · scene 502. Keep product identity and any on-screen research typography sharp and unchanged. For laboratory research use only. Not for human use or consumption.",Active,0,
PBVita-Reel-162,162,393,Lighting & Mood Variations,"Mood lighting study: dramatic single hard light creating long defined shadows. Product is sealed peptide vial with rubber stopper, captured with gentle top-down descending crane.","hyper-detailed, 8k resolution, rim lighting, polished look, realistic reflections, editorial photography style",9:16,8,1080p,grok-imagine-image-quality,grok-imagine-video-1.5,"Photoreal vertical 9:16 Palm Beach Vitality laboratory research catalog film, chemical research material only, premium American research aesthetic, no people, no faces, no hands, no needles, no injection, no clinic, no gym, no lifestyle, no wellness claims, no nicknames. Scene: Mood lighting study: dramatic single hard light creating long defined shadows. Product is sealed peptide vial with rubber stopper, captured with gentle top-down descending crane.. Quality: hyper-detailed, 8k resolution, rim lighting, polished look, realistic reflections, editorial photography style. creation motif 162/500 · scene 393. Keep product identity and any on-screen research typography sharp and unchanged. For laboratory research use only. Not for human use or consumption.",Active,0,
PBVita-Reel-163,163,166,Molecular & Chemical Structure Visuals,"Abstract particle-based structure of a peptide chain, against pure black void, volumetric god rays through haze, with abstract geometric light patterns, fast resolve into locked hero frame. [catalog angle 163]","hyper-detailed, 8k resolution, elegant framing, high fidelity, realistic reflections, professional photography",9:16,8,1080p,grok-imagine-image-quality,grok-imagine-video-1.5,"Photoreal vertical 9:16 Palm Beach Vitality laboratory research catalog film, chemical research material only, premium American research aesthetic, no people, no faces, no hands, no needles, no injection, no clinic, no gym, no lifestyle, no wellness claims, no nicknames. Scene: Abstract particle-based structure of a peptide chain, against pure black void, volumetric god rays through haze, with abstract geometric light patterns, fast resolve into locked hero frame. [catalog angle 163]. Quality: hyper-detailed, 8k resolution, elegant framing, high fidelity, realistic reflections, professional photography. creation motif 163/500 · scene 166. Keep product identity and any on-screen research typography sharp and unchanged. For laboratory research use only. Not for human use or consumption.",Active,0,
PBVita-Reel-164,164,605,Multi-Product & Collection Arrangements,"Collection arrangement: circular arrangement of products around a central soft light source, warm golden hour side light, with soft bokeh circles drifting past, locked-off static with internal motion only.","hyper-detailed, photorealistic, ultra realistic, rich contrast, soft shadows, medium format look",9:16,8,1080p,grok-imagine-image-quality,grok-imagine-video-1.5,"Photoreal vertical 9:16 Palm Beach Vitality laboratory research catalog film, chemical research material only, premium American research aesthetic, no people, no faces, no hands, no needles, no injection, no clinic, no gym, no lifestyle, no wellness claims, no nicknames. Scene: Collection arrangement: circular arrangement of products around a central soft light source, warm golden hour side light, with soft bokeh circles drifting past, locked-off static with internal motion only.. Quality: hyper-detailed, photorealistic, ultra realistic, rich contrast, soft shadows, medium format look. creation motif 164/500 · scene 605. Keep product identity and any on-screen research typography sharp and unchanged. For laboratory research use only. Not for human use or consumption.",Active,0,
PBVita-Reel-165,165,11,Product Hero & Macro,"Extreme macro of pre-filled research pen on textured slate, volumetric god rays through haze, fast resolve into locked hero frame.","hyper-detailed, photorealistic, volumetric lighting, high dynamic range, soft shadows, professional photography",9:16,8,1080p,grok-imagine-image-quality,grok-imagine-video-1.5,"Photoreal vertical 9:16 Palm Beach Vitality laboratory research catalog film, chemical research material only, premium American research aesthetic, no people, no faces, no hands, no needles, no injection, no clinic, no gym, no lifestyle, no wellness claims, no nicknames. Scene: Extreme macro of pre-filled research pen on textured slate, volumetric god rays through haze, fast resolve into locked hero frame.. Quality: hyper-detailed, photorealistic, volumetric lighting, high dynamic range, soft shadows, professional photography. creation motif 165/500 · scene 011. Keep product identity and any on-screen research typography sharp and unchanged. For laboratory research use only. Not for human use or consumption.",Active,0,
PBVita-Reel-166,166,240,"Production, Process & Manufacturing","Stylized research process: abstract purification stages becoming progressively clearer, warm under-light glow, with almost no shadow, pure beauty light, slow pull-out revealing environment. [catalog angle 166]","hyper-detailed, photorealistic, high dynamic range, perfect exposure, intricate textures, realistic reflections",9:16,8,1080p,grok-imagine-image-quality,grok-imagine-video-1.5,"Photoreal vertical 9:16 Palm Beach Vitality laboratory research catalog film, chemical research material only, premium American research aesthetic, no people, no faces, no hands, no needles, no injection, no clinic, no gym, no lifestyle, no wellness claims, no nicknames. Scene: Stylized research process: abstract purification stages becoming progressively clearer, warm under-light glow, with almost no shadow, pure beauty light, slow pull-out revealing environment. [catalog angle 166]. Quality: hyper-detailed, photorealistic, high dynamic range, perfect exposure, intricate textures, realistic reflections. creation motif 166/500 · scene 240. Keep product identity and any on-screen research typography sharp and unchanged. For laboratory research use only. Not for human use or consumption.",Active,0,
PBVita-Reel-167,167,372,Signature Camera Moves & Dynamic Angles,"Camera focused: match-cut ready rotation that can sync with molecular model. Subject is amber-tinted research vial, split complementary teal and amber, with soft volumetric atmosphere.","hyper-detailed, photorealistic, polished look, intricate textures, realistic reflections, editorial photography style",9:16,8,1080p,grok-imagine-image-quality,grok-imagine-video-1.5,"Photoreal vertical 9:16 Palm Beach Vitality laboratory research catalog film, chemical research material only, premium American research aesthetic, no people, no faces, no hands, no needles, no injection, no clinic, no gym, no lifestyle, no wellness claims, no nicknames. Scene: Camera focused: match-cut ready rotation that can sync with molecular model. Subject is amber-tinted research vial, split complementary teal and amber, with soft volumetric atmosphere.. Quality: hyper-detailed, photorealistic, polished look, intricate textures, realistic reflections, editorial photography style. creation motif 167/500 · scene 372. Keep product identity and any on-screen research typography sharp and unchanged. For laboratory research use only. Not for human use or consumption.",Active,0,
PBVita-Reel-168,168,472,"Text, Kinetic & Overlay-Friendly Scenes","Overlay-optimized composition: abstract soft motion background with product small and type dominant. Subject amber-tinted research vial, split complementary teal and amber.","hyper-detailed, hyperrealistic, dramatic lighting, soft diffused lighting, HDR, perfect exposure",9:16,8,1080p,grok-imagine-image-quality,grok-imagine-video-1.5,"Photoreal vertical 9:16 Palm Beach Vitality laboratory research catalog film, chemical research material only, premium American research aesthetic, no people, no faces, no hands, no needles, no injection, no clinic, no gym, no lifestyle, no wellness claims, no nicknames. Scene: Overlay-optimized composition: abstract soft motion background with product small and type dominant. Subject amber-tinted research vial, split complementary teal and amber.. Quality: hyper-detailed, hyperrealistic, dramatic lighting, soft diffused lighting, HDR, perfect exposure. creation motif 168/500 · scene 472. Keep product identity and any on-screen research typography sharp and unchanged. For laboratory research use only. Not for human use or consumption.",Active,0,
PBVita-Reel-169,169,314,"Abstract, Artistic & Cinematic Science","Infinite mirror reflection tunnel of the product, featuring single research pen standing upright, cool clinical blue-white LED, low angle tracking slide.","hyper-detailed, hyperrealistic, studio lighting, perfect exposure, perfect composition, detailed surface texture",9:16,8,1080p,grok-imagine-image-quality,grok-imagine-video-1.5,"Photoreal vertical 9:16 Palm Beach Vitality laboratory research catalog film, chemical research material only, premium American research aesthetic, no people, no faces, no hands, no needles, no injection, no clinic, no gym, no lifestyle, no wellness claims, no nicknames. Scene: Infinite mirror reflection tunnel of the product, featuring single research pen standing upright, cool clinical blue-white LED, low angle tracking slide.. Quality: hyper-detailed, hyperrealistic, studio lighting, perfect exposure, perfect composition, detailed surface texture. creation motif 169/500 · scene 314. Keep product identity and any on-screen research typography sharp and unchanged. For laboratory research use only. Not for human use or consumption.",Active,0,
PBVita-Reel-170,170,588,Extreme Detail & Texture Studies,"Texture / detail study: micro texture of frosted or matte areas on the packaging, practical small LED panel visible in frame, over-the-shoulder gloved perspective.","hyper-detailed, hyperrealistic, shallow depth of field, creamy bokeh, premium aesthetic, professional photography",9:16,8,1080p,grok-imagine-image-quality,grok-imagine-video-1.5,"Photoreal vertical 9:16 Palm Beach Vitality laboratory research catalog film, chemical research material only, premium American research aesthetic, no people, no faces, no hands, no needles, no injection, no clinic, no gym, no lifestyle, no wellness claims, no nicknames. Scene: Texture / detail study: micro texture of frosted or matte areas on the packaging, practical small LED panel visible in frame, over-the-shoulder gloved perspective.. Quality: hyper-detailed, hyperrealistic, shallow depth of field, creamy bokeh, premium aesthetic, professional photography. creation motif 170/500 · scene 588. Keep product identity and any on-screen research typography sharp and unchanged. For laboratory research use only. Not for human use or consumption.",Active,0,
PBVita-Reel-171,171,519,"Hybrid, Transition & Special Shots","Special / hybrid shot: extreme macro of pure liquid surface tension and light play only. Centered on research pen with visible liquid barrel, cool clinical blue-white LED, low angle tracking slide.","hyper-detailed, ultra realistic, dramatic lighting, soft diffused lighting, perfect exposure, realistic reflections",9:16,8,1080p,grok-imagine-image-quality,grok-imagine-video-1.5,"Photoreal vertical 9:16 Palm Beach Vitality laboratory research catalog film, chemical research material only, premium American research aesthetic, no people, no faces, no hands, no needles, no injection, no clinic, no gym, no lifestyle, no wellness claims, no nicknames. Scene: Special / hybrid shot: extreme macro of pure liquid surface tension and light play only. Centered on research pen with visible liquid barrel, cool clinical blue-white LED, low angle tracking slide.. Quality: hyper-detailed, ultra realistic, dramatic lighting, soft diffused lighting, perfect exposure, realistic reflections. creation motif 171/500 · scene 519. Keep product identity and any on-screen research typography sharp and unchanged. For laboratory research use only. Not for human use or consumption.",Active,0,
PBVita-Reel-172,172,113,Laboratory & Scientific Environments,"Sealed peptide vial with rubber stopper in a bright modern laboratory environment, practical small LED panel visible in frame, with perfect mirror reflection below, over-the-shoulder gloved perspective.","hyper-detailed, ultra realistic, studio lighting, perfect exposure, clean and crisp, high fidelity",9:16,8,1080p,grok-imagine-image-quality,grok-imagine-video-1.5,"Photoreal vertical 9:16 Palm Beach Vitality laboratory research catalog film, chemical research material only, premium American research aesthetic, no people, no faces, no hands, no needles, no injection, no clinic, no gym, no lifestyle, no wellness claims, no nicknames. Scene: Sealed peptide vial with rubber stopper in a bright modern laboratory environment, practical small LED panel visible in frame, with perfect mirror reflection below, over-the-shoulder gloved perspective.. Quality: hyper-detailed, ultra realistic, studio lighting, perfect exposure, clean and crisp, high fidelity. creation motif 172/500 · scene 113. Keep product identity and any on-screen research typography sharp and unchanged. For laboratory research use only. Not for human use or consumption.",Active,0,
PBVita-Reel-173,173,493,Lifestyle & Context (Research-Forward),"Context still life: elevated product on a simple pedestal in an otherwise empty refined room. Featuring dual research pens side by side, dramatic single hard key light, gentle top-down descending crane.","hyper-detailed, ultra realistic, shallow depth of field, creamy bokeh, realistic textures, soft shadows",9:16,8,1080p,grok-imagine-image-quality,grok-imagine-video-1.5,"Photoreal vertical 9:16 Palm Beach Vitality laboratory research catalog film, chemical research material only, premium American research aesthetic, no people, no faces, no hands, no needles, no injection, no clinic, no gym, no lifestyle, no wellness claims, no nicknames. Scene: Context still life: elevated product on a simple pedestal in an otherwise empty refined room. Featuring dual research pens side by side, dramatic single hard key light, gentle top-down descending crane.. Quality: hyper-detailed, ultra realistic, shallow depth of field, creamy bokeh, realistic textures, soft shadows. creation motif 173/500 · scene 493. Keep product identity and any on-screen research typography sharp and unchanged. For laboratory research use only. Not for human use or consumption.",Active,0,
PBVita-Reel-174,174,416,Lighting & Mood Variations,"Mood lighting study: practical small LED panels visible in frame as set dressing. Product is precision research pen, captured with fast resolve into locked hero frame.","hyper-detailed, cinematic lighting, volumetric lighting, high dynamic range, HDR, shallow depth of field",9:16,8,1080p,grok-imagine-image-quality,grok-imagine-video-1.5,"Photoreal vertical 9:16 Palm Beach Vitality laboratory research catalog film, chemical research material only, premium American research aesthetic, no people, no faces, no hands, no needles, no injection, no clinic, no gym, no lifestyle, no wellness claims, no nicknames. Scene: Mood lighting study: practical small LED panels visible in frame as set dressing. Product is precision research pen, captured with fast resolve into locked hero frame.. Quality: hyper-detailed, cinematic lighting, volumetric lighting, high dynamic range, HDR, shallow depth of field. creation motif 174/500 · scene 416. Keep product identity and any on-screen research typography sharp and unchanged. For laboratory research use only. Not for human use or consumption.",Active,0,
PBVita-Reel-175,175,163,Molecular & Chemical Structure Visuals,"Dark dramatic molecular model with rim light of a peptide chain, assembling bond by bond, low-key selective highlight only, in pure clinical emptiness, lateral motion-control track.","hyper-detailed, cinematic lighting, high dynamic range, rich contrast, clean and crisp, ambient occlusion",9:16,8,1080p,grok-imagine-image-quality,grok-imagine-video-1.5,"Photoreal vertical 9:16 Palm Beach Vitality laboratory research catalog film, chemical research material only, premium American research aesthetic, no people, no faces, no hands, no needles, no injection, no clinic, no gym, no lifestyle, no wellness claims, no nicknames. Scene: Dark dramatic molecular model with rim light of a peptide chain, assembling bond by bond, low-key selective highlight only, in pure clinical emptiness, lateral motion-control track.. Quality: hyper-detailed, cinematic lighting, high dynamic range, rich contrast, clean and crisp, ambient occlusion. creation motif 175/500 · scene 163. Keep product identity and any on-screen research typography sharp and unchanged. For laboratory research use only. Not for human use or consumption.",Active,0,
PBVita-Reel-176,176,612,Multi-Product & Collection Arrangements,"Collection arrangement: clean white tray holding organized research units in soft light, soft window light with gentle falloff, with gentle liquid swirl inside the container, circular arc that never fully completes. [catalog angle 176]","hyper-detailed, cinematic lighting, polished look, clean and crisp, ambient occlusion, soft shadows",9:16,8,1080p,grok-imagine-image-quality,grok-imagine-video-1.5,"Photoreal vertical 9:16 Palm Beach Vitality laboratory research catalog film, chemical research material only, premium American research aesthetic, no people, no faces, no hands, no needles, no injection, no clinic, no gym, no lifestyle, no wellness claims, no nicknames. Scene: Collection arrangement: clean white tray holding organized research units in soft light, soft window light with gentle falloff, with gentle liquid swirl inside the container, circular arc that never fully completes. [catalog angle 176]. Quality: hyper-detailed, cinematic lighting, polished look, clean and crisp, ambient occlusion, soft shadows. creation motif 176/500 · scene 612. Keep product identity and any on-screen research typography sharp and unchanged. For laboratory research use only. Not for human use or consumption.",Active,0,
PBVita-Reel-177,177,27,Product Hero & Macro,Macro texture study of amber-tinted research vial label and glass under soft window light with gentle falloff.,"hyper-detailed, dramatic lighting, studio lighting, ambient occlusion, realistic reflections, high-end commercial look",9:16,8,1080p,grok-imagine-image-quality,grok-imagine-video-1.5,"Photoreal vertical 9:16 Palm Beach Vitality laboratory research catalog film, chemical research material only, premium American research aesthetic, no people, no faces, no hands, no needles, no injection, no clinic, no gym, no lifestyle, no wellness claims, no nicknames. Scene: Macro texture study of amber-tinted research vial label and glass under soft window light with gentle falloff.. Quality: hyper-detailed, dramatic lighting, studio lighting, ambient occlusion, realistic reflections, high-end commercial look. creation motif 177/500 · scene 027. Keep product identity and any on-screen research typography sharp and unchanged. For laboratory research use only. Not for human use or consumption.",Active,0,
PBVita-Reel-178,178,244,"Production, Process & Manufacturing","Stylized research process: sterile filling of pen barrels with rhythmic precision, cool clinical blue-white LED, in clean negative space, low angle tracking slide.","hyper-detailed, dramatic lighting, creamy bokeh, premium aesthetic, realistic textures, professional photography",9:16,8,1080p,grok-imagine-image-quality,grok-imagine-video-1.5,"Photoreal vertical 9:16 Palm Beach Vitality laboratory research catalog film, chemical research material only, premium American research aesthetic, no people, no faces, no hands, no needles, no injection, no clinic, no gym, no lifestyle, no wellness claims, no nicknames. Scene: Stylized research process: sterile filling of pen barrels with rhythmic precision, cool clinical blue-white LED, in clean negative space, low angle tracking slide.. Quality: hyper-detailed, dramatic lighting, creamy bokeh, premium aesthetic, realistic textures, professional photography. creation motif 178/500 · scene 244. Keep product identity and any on-screen research typography sharp and unchanged. For laboratory research use only. Not for human use or consumption.",Active,0,
PBVita-Reel-179,179,383,Signature Camera Moves & Dynamic Angles,"Camera focused: vertical elevator rise from base of product to top of label. Subject is dual research pens side by side, dramatic single hard key light, with subtle floating dust motes in light beams.","hyper-detailed, volumetric lighting, rim lighting, HDR, detailed surface texture, DSLR sharpness",9:16,8,1080p,grok-imagine-image-quality,grok-imagine-video-1.5,"Photoreal vertical 9:16 Palm Beach Vitality laboratory research catalog film, chemical research material only, premium American research aesthetic, no people, no faces, no hands, no needles, no injection, no clinic, no gym, no lifestyle, no wellness claims, no nicknames. Scene: Camera focused: vertical elevator rise from base of product to top of label. Subject is dual research pens side by side, dramatic single hard key light, with subtle floating dust motes in light beams.. Quality: hyper-detailed, volumetric lighting, rim lighting, HDR, detailed surface texture, DSLR sharpness. creation motif 179/500 · scene 383. Keep product identity and any on-screen research typography sharp and unchanged. For laboratory research use only. Not for human use or consumption.",Active,0,
PBVita-Reel-180,180,460,"Text, Kinetic & Overlay-Friendly Scenes","Overlay-optimized composition: minimal product placed in corner with full-frame soft abstract motion behind. Subject sterile research vial, hard specular edge light.","hyper-detailed, volumetric lighting, creamy bokeh, global illumination, soft shadows, editorial photography style",9:16,8,1080p,grok-imagine-image-quality,grok-imagine-video-1.5,"Photoreal vertical 9:16 Palm Beach Vitality laboratory research catalog film, chemical research material only, premium American research aesthetic, no people, no faces, no hands, no needles, no injection, no clinic, no gym, no lifestyle, no wellness claims, no nicknames. Scene: Overlay-optimized composition: minimal product placed in corner with full-frame soft abstract motion behind. Subject sterile research vial, hard specular edge light.. Quality: hyper-detailed, volumetric lighting, creamy bokeh, global illumination, soft shadows, editorial photography style. creation motif 180/500 · scene 460. Keep product identity and any on-screen research typography sharp and unchanged. For laboratory research use only. Not for human use or consumption.",Active,0,
PBVita-Reel-181,181,317,"Abstract, Artistic & Cinematic Science","Elegant light traveling across product over time, featuring clear glass research vial, split complementary teal and amber, spiral orbit combined with slow push.","hyper-detailed, soft diffused lighting, high dynamic range, clean and crisp, medium format look, DSLR sharpness",9:16,8,1080p,grok-imagine-image-quality,grok-imagine-video-1.5,"Photoreal vertical 9:16 Palm Beach Vitality laboratory research catalog film, chemical research material only, premium American research aesthetic, no people, no faces, no hands, no needles, no injection, no clinic, no gym, no lifestyle, no wellness claims, no nicknames. Scene: Elegant light traveling across product over time, featuring clear glass research vial, split complementary teal and amber, spiral orbit combined with slow push.. Quality: hyper-detailed, soft diffused lighting, high dynamic range, clean and crisp, medium format look, DSLR sharpness. creation motif 181/500 · scene 317. Keep product identity and any on-screen research typography sharp and unchanged. For laboratory research use only. Not for human use or consumption.",Active,0,
PBVita-Reel-182,182,566,Extreme Detail & Texture Studies,"Texture / detail study: liquid droplet surface tension and highlight play in extreme macro, soft diffused overhead, subtle handheld micro-movement.","hyper-detailed, soft diffused lighting, realistic textures, intricate textures, global illumination, soft shadows",9:16,8,1080p,grok-imagine-image-quality,grok-imagine-video-1.5,"Photoreal vertical 9:16 Palm Beach Vitality laboratory research catalog film, chemical research material only, premium American research aesthetic, no people, no faces, no hands, no needles, no injection, no clinic, no gym, no lifestyle, no wellness claims, no nicknames. Scene: Texture / detail study: liquid droplet surface tension and highlight play in extreme macro, soft diffused overhead, subtle handheld micro-movement.. Quality: hyper-detailed, soft diffused lighting, realistic textures, intricate textures, global illumination, soft shadows. creation motif 182/500 · scene 566. Keep product identity and any on-screen research typography sharp and unchanged. For laboratory research use only. Not for human use or consumption.",Active,0,
PBVita-Reel-183,183,550,"Hybrid, Transition & Special Shots","Special / hybrid shot: time-slice style multiple angles of the same product in one elegant frame. Centered on sterile research vial, warm golden hour side light, locked-off static with internal motion only.","hyper-detailed, studio lighting, shallow depth of field, global illumination, ambient occlusion, high-end commercial look",9:16,8,1080p,grok-imagine-image-quality,grok-imagine-video-1.5,"Photoreal vertical 9:16 Palm Beach Vitality laboratory research catalog film, chemical research material only, premium American research aesthetic, no people, no faces, no hands, no needles, no injection, no clinic, no gym, no lifestyle, no wellness claims, no nicknames. Scene: Special / hybrid shot: time-slice style multiple angles of the same product in one elegant frame. Centered on sterile research vial, warm golden hour side light, locked-off static with internal motion only.. Quality: hyper-detailed, studio lighting, shallow depth of field, global illumination, ambient occlusion, high-end commercial look. creation motif 183/500 · scene 550. Keep product identity and any on-screen research typography sharp and unchanged. For laboratory research use only. Not for human use or consumption.",Active,0,
PBVita-Reel-184,184,104,Laboratory & Scientific Environments,"Research pen with visible liquid barrel under soft blue-white cleanroom lighting, cool clinical blue-white LED, in clean negative space, low angle tracking slide. [catalog angle 184]","hyper-detailed, rim lighting, perfect exposure, creamy bokeh, polished look, detailed surface texture",9:16,8,1080p,grok-imagine-image-quality,grok-imagine-video-1.5,"Photoreal vertical 9:16 Palm Beach Vitality laboratory research catalog film, chemical research material only, premium American research aesthetic, no people, no faces, no hands, no needles, no injection, no clinic, no gym, no lifestyle, no wellness claims, no nicknames. Scene: Research pen with visible liquid barrel under soft blue-white cleanroom lighting, cool clinical blue-white LED, in clean negative space, low angle tracking slide. [catalog angle 184]. Quality: hyper-detailed, rim lighting, perfect exposure, creamy bokeh, polished look, detailed surface texture. creation motif 184/500 · scene 104. Keep product identity and any on-screen research typography sharp and unchanged. For laboratory research use only. Not for human use or consumption.",Active,0,
PBVita-Reel-185,185,484,Lifestyle & Context (Research-Forward),"Context still life: high-end kitchen or lab-kitchen hybrid surface, product as only branded item. Featuring single research pen standing upright, soft bounce from below, vertical rise from base to top.","hyper-detailed, high dynamic range, perfect exposure, shallow depth of field, realistic textures, soft shadows",9:16,8,1080p,grok-imagine-image-quality,grok-imagine-video-1.5,"Photoreal vertical 9:16 Palm Beach Vitality laboratory research catalog film, chemical research material only, premium American research aesthetic, no people, no faces, no hands, no needles, no injection, no clinic, no gym, no lifestyle, no wellness claims, no nicknames. Scene: Context still life: high-end kitchen or lab-kitchen hybrid surface, product as only branded item. Featuring single research pen standing upright, soft bounce from below, vertical rise from base to top.. Quality: hyper-detailed, high dynamic range, perfect exposure, shallow depth of field, realistic textures, soft shadows. creation motif 185/500 · scene 484. Keep product identity and any on-screen research typography sharp and unchanged. For laboratory research use only. Not for human use or consumption.",Active,0,
PBVita-Reel-186,186,397,Lighting & Mood Variations,"Mood lighting study: subtle teal and amber gel accents for modern technical feel. Product is amber-tinted research vial, captured with spiral orbit combined with slow push.","hyper-detailed, HDR, shallow depth of field, elegant framing, high-end commercial look, medium format look",9:16,8,1080p,grok-imagine-image-quality,grok-imagine-video-1.5,"Photoreal vertical 9:16 Palm Beach Vitality laboratory research catalog film, chemical research material only, premium American research aesthetic, no people, no faces, no hands, no needles, no injection, no clinic, no gym, no lifestyle, no wellness claims, no nicknames. Scene: Mood lighting study: subtle teal and amber gel accents for modern technical feel. Product is amber-tinted research vial, captured with spiral orbit combined with slow push.. Quality: hyper-detailed, HDR, shallow depth of field, elegant framing, high-end commercial look, medium format look. creation motif 186/500 · scene 397. Keep product identity and any on-screen research typography sharp and unchanged. For laboratory research use only. Not for human use or consumption.",Active,0,
PBVita-Reel-187,187,148,Molecular & Chemical Structure Visuals,"Dark dramatic molecular model with rim light of a peptide chain, as camera flies through the structure, low-key selective highlight only, in pure clinical emptiness, lateral motion-control track.","hyper-detailed, rich contrast, premium aesthetic, polished look, realistic textures, intricate textures",9:16,8,1080p,grok-imagine-image-quality,grok-imagine-video-1.5,"Photoreal vertical 9:16 Palm Beach Vitality laboratory research catalog film, chemical research material only, premium American research aesthetic, no people, no faces, no hands, no needles, no injection, no clinic, no gym, no lifestyle, no wellness claims, no nicknames. Scene: Dark dramatic molecular model with rim light of a peptide chain, as camera flies through the structure, low-key selective highlight only, in pure clinical emptiness, lateral motion-control track.. Quality: hyper-detailed, rich contrast, premium aesthetic, polished look, realistic textures, intricate textures. creation motif 187/500 · scene 148. Keep product identity and any on-screen research typography sharp and unchanged. For laboratory research use only. Not for human use or consumption.",Active,0,
PBVita-Reel-188,188,607,Multi-Product & Collection Arrangements,"Collection arrangement: tight cluster of products with one hero unit pulled slightly forward, split complementary teal and amber, with soft volumetric atmosphere, spiral orbit combined with slow push. [catalog angle 188]","hyper-detailed, shallow depth of field, elegant framing, high fidelity, realistic textures, ambient occlusion",9:16,8,1080p,grok-imagine-image-quality,grok-imagine-video-1.5,"Photoreal vertical 9:16 Palm Beach Vitality laboratory research catalog film, chemical research material only, premium American research aesthetic, no people, no faces, no hands, no needles, no injection, no clinic, no gym, no lifestyle, no wellness claims, no nicknames. Scene: Collection arrangement: tight cluster of products with one hero unit pulled slightly forward, split complementary teal and amber, with soft volumetric atmosphere, spiral orbit combined with slow push. [catalog angle 188]. Quality: hyper-detailed, shallow depth of field, elegant framing, high fidelity, realistic textures, ambient occlusion. creation motif 188/500 · scene 607. Keep product identity and any on-screen research typography sharp and unchanged. For laboratory research use only. Not for human use or consumption.",Active,0,
PBVita-Reel-189,189,65,Product Hero & Macro,"Sterile research vial revealed with precise mechanical placement, warm golden hour side light on dark charcoal concrete.","hyper-detailed, elegant framing, polished look, detailed surface texture, ambient occlusion, professional photography",9:16,8,1080p,grok-imagine-image-quality,grok-imagine-video-1.5,"Photoreal vertical 9:16 Palm Beach Vitality laboratory research catalog film, chemical research material only, premium American research aesthetic, no people, no faces, no hands, no needles, no injection, no clinic, no gym, no lifestyle, no wellness claims, no nicknames. Scene: Sterile research vial revealed with precise mechanical placement, warm golden hour side light on dark charcoal concrete.. Quality: hyper-detailed, elegant framing, polished look, detailed surface texture, ambient occlusion, professional photography. creation motif 189/500 · scene 065. Keep product identity and any on-screen research typography sharp and unchanged. For laboratory research use only. Not for human use or consumption.",Active,0,
PBVita-Reel-190,190,214,"Production, Process & Manufacturing","Stylized research process: sterile filling of pen barrels with rhythmic precision, cool clinical blue-white LED, in clean negative space, low angle tracking slide. [catalog angle 190]","razor sharp focus, tack sharp, crystal clear, cinematic lighting, perfect exposure, shallow depth of field",9:16,8,1080p,grok-imagine-image-quality,grok-imagine-video-1.5,"Photoreal vertical 9:16 Palm Beach Vitality laboratory research catalog film, chemical research material only, premium American research aesthetic, no people, no faces, no hands, no needles, no injection, no clinic, no gym, no lifestyle, no wellness claims, no nicknames. Scene: Stylized research process: sterile filling of pen barrels with rhythmic precision, cool clinical blue-white LED, in clean negative space, low angle tracking slide. [catalog angle 190]. Quality: razor sharp focus, tack sharp, crystal clear, cinematic lighting, perfect exposure, shallow depth of field. creation motif 190/500 · scene 214. Keep product identity and any on-screen research typography sharp and unchanged. For laboratory research use only. Not for human use or consumption.",Active,0,
PBVita-Reel-191,191,382,Signature Camera Moves & Dynamic Angles,"Camera focused: fast whip that resolves into a perfectly locked hero frame. Subject is amber-tinted research vial, clean high-key beauty lighting, with gentle dry-ice style fog drifting.","razor sharp focus, tack sharp, ultra sharp, refined details, detailed surface texture, realistic reflections",9:16,8,1080p,grok-imagine-image-quality,grok-imagine-video-1.5,"Photoreal vertical 9:16 Palm Beach Vitality laboratory research catalog film, chemical research material only, premium American research aesthetic, no people, no faces, no hands, no needles, no injection, no clinic, no gym, no lifestyle, no wellness claims, no nicknames. Scene: Camera focused: fast whip that resolves into a perfectly locked hero frame. Subject is amber-tinted research vial, clean high-key beauty lighting, with gentle dry-ice style fog drifting.. Quality: razor sharp focus, tack sharp, ultra sharp, refined details, detailed surface texture, realistic reflections. creation motif 191/500 · scene 382. Keep product identity and any on-screen research typography sharp and unchanged. For laboratory research use only. Not for human use or consumption.",Active,0,
PBVita-Reel-192,192,440,"Text, Kinetic & Overlay-Friendly Scenes","Overlay-optimized composition: minimal product placed in corner with full-frame soft abstract motion behind. Subject sterile research vial, warm golden hour side light.","razor sharp focus, tack sharp, photorealistic, shallow depth of field, polished look, clean and crisp",9:16,8,1080p,grok-imagine-image-quality,grok-imagine-video-1.5,"Photoreal vertical 9:16 Palm Beach Vitality laboratory research catalog film, chemical research material only, premium American research aesthetic, no people, no faces, no hands, no needles, no injection, no clinic, no gym, no lifestyle, no wellness claims, no nicknames. Scene: Overlay-optimized composition: minimal product placed in corner with full-frame soft abstract motion behind. Subject sterile research vial, warm golden hour side light.. Quality: razor sharp focus, tack sharp, photorealistic, shallow depth of field, polished look, clean and crisp. creation motif 192/500 · scene 440. Keep product identity and any on-screen research typography sharp and unchanged. For laboratory research use only. Not for human use or consumption.",Active,0,
PBVita-Reel-193,193,295,"Abstract, Artistic & Cinematic Science","Soft bokeh light circles drifting past sharp product, featuring research vial lying on its side, warm under-light glow, slow pull-out revealing environment.","razor sharp focus, tack sharp, ultra realistic, realistic textures, detailed surface texture, realistic reflections",9:16,8,1080p,grok-imagine-image-quality,grok-imagine-video-1.5,"Photoreal vertical 9:16 Palm Beach Vitality laboratory research catalog film, chemical research material only, premium American research aesthetic, no people, no faces, no hands, no needles, no injection, no clinic, no gym, no lifestyle, no wellness claims, no nicknames. Scene: Soft bokeh light circles drifting past sharp product, featuring research vial lying on its side, warm under-light glow, slow pull-out revealing environment.. Quality: razor sharp focus, tack sharp, ultra realistic, realistic textures, detailed surface texture, realistic reflections. creation motif 193/500 · scene 295. Keep product identity and any on-screen research typography sharp and unchanged. For laboratory research use only. Not for human use or consumption.",Active,0,
PBVita-Reel-194,194,575,Extreme Detail & Texture Studies,"Texture / detail study: surface reflection study showing distorted environment in the glass, warm under-light glow, slow pull-out revealing environment.","razor sharp focus, tack sharp, volumetric lighting, elegant framing, high-end commercial look, medium format look",9:16,8,1080p,grok-imagine-image-quality,grok-imagine-video-1.5,"Photoreal vertical 9:16 Palm Beach Vitality laboratory research catalog film, chemical research material only, premium American research aesthetic, no people, no faces, no hands, no needles, no injection, no clinic, no gym, no lifestyle, no wellness claims, no nicknames. Scene: Texture / detail study: surface reflection study showing distorted environment in the glass, warm under-light glow, slow pull-out revealing environment.. Quality: razor sharp focus, tack sharp, volumetric lighting, elegant framing, high-end commercial look, medium format look. creation motif 194/500 · scene 575. Keep product identity and any on-screen research typography sharp and unchanged. For laboratory research use only. Not for human use or consumption.",Active,0,
PBVita-Reel-195,195,559,"Hybrid, Transition & Special Shots","Special / hybrid shot: extreme macro of pure liquid surface tension and light play only. Centered on research pen with visible liquid barrel, cool overhead fluorescent lab feel, extreme high angle looking straight down.","razor sharp focus, tack sharp, high dynamic range, soft shadows, high-end commercial look, editorial photography style",9:16,8,1080p,grok-imagine-image-quality,grok-imagine-video-1.5,"Photoreal vertical 9:16 Palm Beach Vitality laboratory research catalog film, chemical research material only, premium American research aesthetic, no people, no faces, no hands, no needles, no injection, no clinic, no gym, no lifestyle, no wellness claims, no nicknames. Scene: Special / hybrid shot: extreme macro of pure liquid surface tension and light play only. Centered on research pen with visible liquid barrel, cool overhead fluorescent lab feel, extreme high angle looking straight down.. Quality: razor sharp focus, tack sharp, high dynamic range, soft shadows, high-end commercial look, editorial photography style. creation motif 195/500 · scene 559. Keep product identity and any on-screen research typography sharp and unchanged. For laboratory research use only. Not for human use or consumption.",Active,0,
PBVita-Reel-196,196,83,Laboratory & Scientific Environments,"Sealed peptide vial with rubber stopper in a bright modern laboratory environment, practical small LED panel visible in frame, with perfect mirror reflection below, over-the-shoulder gloved perspective. [catalog angle 196]","razor sharp focus, tack sharp, detailed surface texture, soft shadows, medium format look, professional photography",9:16,8,1080p,grok-imagine-image-quality,grok-imagine-video-1.5,"Photoreal vertical 9:16 Palm Beach Vitality laboratory research catalog film, chemical research material only, premium American research aesthetic, no people, no faces, no hands, no needles, no injection, no clinic, no gym, no lifestyle, no wellness claims, no nicknames. Scene: Sealed peptide vial with rubber stopper in a bright modern laboratory environment, practical small LED panel visible in frame, with perfect mirror reflection below, over-the-shoulder gloved perspective. [catalog angle 196]. Quality: razor sharp focus, tack sharp, detailed surface texture, soft shadows, medium format look, professional photography. creation motif 196/500 · scene 083. Keep product identity and any on-screen research typography sharp and unchanged. For laboratory research use only. Not for human use or consumption.",Active,0,
PBVita-Reel-197,197,495,Lifestyle & Context (Research-Forward),"Context still life: quiet corner composition with product, soft shadow, and calm atmosphere. Featuring research vial lying on its side, warm golden hour side light, locked-off static with internal motion only.","razor sharp focus, crystal clear, 8k resolution, high dynamic range, elegant framing, global illumination",9:16,8,1080p,grok-imagine-image-quality,grok-imagine-video-1.5,"Photoreal vertical 9:16 Palm Beach Vitality laboratory research catalog film, chemical research material only, premium American research aesthetic, no people, no faces, no hands, no needles, no injection, no clinic, no gym, no lifestyle, no wellness claims, no nicknames. Scene: Context still life: quiet corner composition with product, soft shadow, and calm atmosphere. Featuring research vial lying on its side, warm golden hour side light, locked-off static with internal motion only.. Quality: razor sharp focus, crystal clear, 8k resolution, high dynamic range, elegant framing, global illumination. creation motif 197/500 · scene 495. Keep product identity and any on-screen research typography sharp and unchanged. For laboratory research use only. Not for human use or consumption.",Active,0,
PBVita-Reel-198,198,425,Lighting & Mood Variations,"Mood lighting study: soft volumetric haze with god rays cutting through the frame. Product is sterile research vial, captured with locked-off static with internal motion only.","razor sharp focus, crystal clear, hyperrealistic, high dynamic range, intricate textures, ambient occlusion",9:16,8,1080p,grok-imagine-image-quality,grok-imagine-video-1.5,"Photoreal vertical 9:16 Palm Beach Vitality laboratory research catalog film, chemical research material only, premium American research aesthetic, no people, no faces, no hands, no needles, no injection, no clinic, no gym, no lifestyle, no wellness claims, no nicknames. Scene: Mood lighting study: soft volumetric haze with god rays cutting through the frame. Product is sterile research vial, captured with locked-off static with internal motion only.. Quality: razor sharp focus, crystal clear, hyperrealistic, high dynamic range, intricate textures, ambient occlusion. creation motif 198/500 · scene 425. Keep product identity and any on-screen research typography sharp and unchanged. For laboratory research use only. Not for human use or consumption.",Active,0,
PBVita-Reel-199,199,203,Molecular & Chemical Structure Visuals,"Elegant glowing node-and-bond network of a peptide chain, assembling bond by bond, dramatic single hard key light, with subtle floating dust motes in light beams, gentle top-down descending crane.","razor sharp focus, crystal clear, cinematic lighting, intricate textures, editorial photography style, professional photography",9:16,8,1080p,grok-imagine-image-quality,grok-imagine-video-1.5,"Photoreal vertical 9:16 Palm Beach Vitality laboratory research catalog film, chemical research material only, premium American research aesthetic, no people, no faces, no hands, no needles, no injection, no clinic, no gym, no lifestyle, no wellness claims, no nicknames. Scene: Elegant glowing node-and-bond network of a peptide chain, assembling bond by bond, dramatic single hard key light, with subtle floating dust motes in light beams, gentle top-down descending crane.. Quality: razor sharp focus, crystal clear, cinematic lighting, intricate textures, editorial photography style, professional photography. creation motif 199/500 · scene 203. Keep product identity and any on-screen research typography sharp and unchanged. For laboratory research use only. Not for human use or consumption.",Active,0,
PBVita-Reel-200,200,624,Multi-Product & Collection Arrangements,"Collection arrangement: mirrored pair creating perfect left-right symmetry, soft bounce from below, with delicate condensation on glass, vertical rise from base to top.","razor sharp focus, crystal clear, studio lighting, high dynamic range, intricate textures, DSLR sharpness",9:16,8,1080p,grok-imagine-image-quality,grok-imagine-video-1.5,"Photoreal vertical 9:16 Palm Beach Vitality laboratory research catalog film, chemical research material only, premium American research aesthetic, no people, no faces, no hands, no needles, no injection, no clinic, no gym, no lifestyle, no wellness claims, no nicknames. Scene: Collection arrangement: mirrored pair creating perfect left-right symmetry, soft bounce from below, with delicate condensation on glass, vertical rise from base to top.. Quality: razor sharp focus, crystal clear, studio lighting, high dynamic range, intricate textures, DSLR sharpness. creation motif 200/500 · scene 624. Keep product identity and any on-screen research typography sharp and unchanged. For laboratory research use only. Not for human use or consumption.",Active,0,
PBVita-Reel-201,201,69,Product Hero & Macro,"Side profile of single research pen standing upright showing liquid refraction, soft bounce from below, vertical rise from base to top.","razor sharp focus, crystal clear, perfect exposure, polished look, high fidelity, soft shadows",9:16,8,1080p,grok-imagine-image-quality,grok-imagine-video-1.5,"Photoreal vertical 9:16 Palm Beach Vitality laboratory research catalog film, chemical research material only, premium American research aesthetic, no people, no faces, no hands, no needles, no injection, no clinic, no gym, no lifestyle, no wellness claims, no nicknames. Scene: Side profile of single research pen standing upright showing liquid refraction, soft bounce from below, vertical rise from base to top.. Quality: razor sharp focus, crystal clear, perfect exposure, polished look, high fidelity, soft shadows. creation motif 201/500 · scene 069. Keep product identity and any on-screen research typography sharp and unchanged. For laboratory research use only. Not for human use or consumption.",Active,0,
PBVita-Reel-202,202,229,"Production, Process & Manufacturing","Stylized research process: sterile filling of pen barrels with rhythmic precision, cool clinical blue-white LED, in clean negative space, low angle tracking slide. [catalog angle 202]","razor sharp focus, ultra sharp, 8k resolution, HDR, perfect exposure, ambient occlusion",9:16,8,1080p,grok-imagine-image-quality,grok-imagine-video-1.5,"Photoreal vertical 9:16 Palm Beach Vitality laboratory research catalog film, chemical research material only, premium American research aesthetic, no people, no faces, no hands, no needles, no injection, no clinic, no gym, no lifestyle, no wellness claims, no nicknames. Scene: Stylized research process: sterile filling of pen barrels with rhythmic precision, cool clinical blue-white LED, in clean negative space, low angle tracking slide. [catalog angle 202]. Quality: razor sharp focus, ultra sharp, 8k resolution, HDR, perfect exposure, ambient occlusion. creation motif 202/500 · scene 229. Keep product identity and any on-screen research typography sharp and unchanged. For laboratory research use only. Not for human use or consumption.",Active,0,
PBVita-Reel-203,203,374,Signature Camera Moves & Dynamic Angles,"Camera focused: continuous incomplete spiral that never finishes a full circle. Subject is single research pen standing upright, soft bounce from below, with delicate condensation on glass.","razor sharp focus, ultra sharp, hyperrealistic, HDR, premium aesthetic, realistic reflections",9:16,8,1080p,grok-imagine-image-quality,grok-imagine-video-1.5,"Photoreal vertical 9:16 Palm Beach Vitality laboratory research catalog film, chemical research material only, premium American research aesthetic, no people, no faces, no hands, no needles, no injection, no clinic, no gym, no lifestyle, no wellness claims, no nicknames. Scene: Camera focused: continuous incomplete spiral that never finishes a full circle. Subject is single research pen standing upright, soft bounce from below, with delicate condensation on glass.. Quality: razor sharp focus, ultra sharp, hyperrealistic, HDR, premium aesthetic, realistic reflections. creation motif 203/500 · scene 374. Keep product identity and any on-screen research typography sharp and unchanged. For laboratory research use only. Not for human use or consumption.",Active,0,
PBVita-Reel-204,204,442,"Text, Kinetic & Overlay-Friendly Scenes","Overlay-optimized composition: soft focus product as background layer with sharp text in foreground plane. Subject amber-tinted research vial, split complementary teal and amber.","razor sharp focus, ultra sharp, dramatic lighting, volumetric lighting, rim lighting, perfect exposure",9:16,8,1080p,grok-imagine-image-quality,grok-imagine-video-1.5,"Photoreal vertical 9:16 Palm Beach Vitality laboratory research catalog film, chemical research material only, premium American research aesthetic, no people, no faces, no hands, no needles, no injection, no clinic, no gym, no lifestyle, no wellness claims, no nicknames. Scene: Overlay-optimized composition: soft focus product as background layer with sharp text in foreground plane. Subject amber-tinted research vial, split complementary teal and amber.. Quality: razor sharp focus, ultra sharp, dramatic lighting, volumetric lighting, rim lighting, perfect exposure. creation motif 204/500 · scene 442. Keep product identity and any on-screen research typography sharp and unchanged. For laboratory research use only. Not for human use or consumption.",Active,0,
PBVita-Reel-205,205,278,"Abstract, Artistic & Cinematic Science","Abstract data-stream particles flowing around product, featuring sealed peptide vial with rubber stopper, practical small LED panel visible in frame, over-the-shoulder gloved perspective.","razor sharp focus, ultra sharp, studio lighting, HDR, polished look, clean and crisp",9:16,8,1080p,grok-imagine-image-quality,grok-imagine-video-1.5,"Photoreal vertical 9:16 Palm Beach Vitality laboratory research catalog film, chemical research material only, premium American research aesthetic, no people, no faces, no hands, no needles, no injection, no clinic, no gym, no lifestyle, no wellness claims, no nicknames. Scene: Abstract data-stream particles flowing around product, featuring sealed peptide vial with rubber stopper, practical small LED panel visible in frame, over-the-shoulder gloved perspective.. Quality: razor sharp focus, ultra sharp, studio lighting, HDR, polished look, clean and crisp. creation motif 205/500 · scene 278. Keep product identity and any on-screen research typography sharp and unchanged. For laboratory research use only. Not for human use or consumption.",Active,0,
PBVita-Reel-206,206,578,Extreme Detail & Texture Studies,"Texture / detail study: detail of sterile packaging seal and clean manufacturing finish, dramatic single hard key light, gentle top-down descending crane.","razor sharp focus, ultra sharp, perfect exposure, refined details, realistic textures, soft shadows",9:16,8,1080p,grok-imagine-image-quality,grok-imagine-video-1.5,"Photoreal vertical 9:16 Palm Beach Vitality laboratory research catalog film, chemical research material only, premium American research aesthetic, no people, no faces, no hands, no needles, no injection, no clinic, no gym, no lifestyle, no wellness claims, no nicknames. Scene: Texture / detail study: detail of sterile packaging seal and clean manufacturing finish, dramatic single hard key light, gentle top-down descending crane.. Quality: razor sharp focus, ultra sharp, perfect exposure, refined details, realistic textures, soft shadows. creation motif 206/500 · scene 578. Keep product identity and any on-screen research typography sharp and unchanged. For laboratory research use only. Not for human use or consumption.",Active,0,
PBVita-Reel-207,207,527,"Hybrid, Transition & Special Shots","Special / hybrid shot: seamless transition from clean lab environment into pure abstract scientific space. Centered on clear glass research vial, soft window light with gentle falloff, circular arc that never fully completes.","razor sharp focus, 8k resolution, photorealistic, shallow depth of field, elegant framing, high-end commercial look",9:16,8,1080p,grok-imagine-image-quality,grok-imagine-video-1.5,"Photoreal vertical 9:16 Palm Beach Vitality laboratory research catalog film, chemical research material only, premium American research aesthetic, no people, no faces, no hands, no needles, no injection, no clinic, no gym, no lifestyle, no wellness claims, no nicknames. Scene: Special / hybrid shot: seamless transition from clean lab environment into pure abstract scientific space. Centered on clear glass research vial, soft window light with gentle falloff, circular arc that never fully completes.. Quality: razor sharp focus, 8k resolution, photorealistic, shallow depth of field, elegant framing, high-end commercial look. creation motif 207/500 · scene 527. Keep product identity and any on-screen research typography sharp and unchanged. For laboratory research use only. Not for human use or consumption.",Active,0,
PBVita-Reel-208,208,115,Laboratory & Scientific Environments,"Sterile research vial during a careful visual inspection against light, warm under-light glow, with almost no shadow, pure beauty light, slow pull-out revealing environment.","razor sharp focus, 8k resolution, ultra realistic, high fidelity, high-end commercial look, DSLR sharpness",9:16,8,1080p,grok-imagine-image-quality,grok-imagine-video-1.5,"Photoreal vertical 9:16 Palm Beach Vitality laboratory research catalog film, chemical research material only, premium American research aesthetic, no people, no faces, no hands, no needles, no injection, no clinic, no gym, no lifestyle, no wellness claims, no nicknames. Scene: Sterile research vial during a careful visual inspection against light, warm under-light glow, with almost no shadow, pure beauty light, slow pull-out revealing environment.. Quality: razor sharp focus, 8k resolution, ultra realistic, high fidelity, high-end commercial look, DSLR sharpness. creation motif 208/500 · scene 115. Keep product identity and any on-screen research typography sharp and unchanged. For laboratory research use only. Not for human use or consumption.",Active,0,
PBVita-Reel-209,209,487,Lifestyle & Context (Research-Forward),"Context still life: calm neutral interior with product resting on a simple elevated surface. Featuring clear glass research vial, soft window light with gentle falloff, circular arc that never fully completes.","razor sharp focus, 8k resolution, volumetric lighting, elegant framing, global illumination, DSLR sharpness",9:16,8,1080p,grok-imagine-image-quality,grok-imagine-video-1.5,"Photoreal vertical 9:16 Palm Beach Vitality laboratory research catalog film, chemical research material only, premium American research aesthetic, no people, no faces, no hands, no needles, no injection, no clinic, no gym, no lifestyle, no wellness claims, no nicknames. Scene: Context still life: calm neutral interior with product resting on a simple elevated surface. Featuring clear glass research vial, soft window light with gentle falloff, circular arc that never fully completes.. Quality: razor sharp focus, 8k resolution, volumetric lighting, elegant framing, global illumination, DSLR sharpness. creation motif 209/500 · scene 487. Keep product identity and any on-screen research typography sharp and unchanged. For laboratory research use only. Not for human use or consumption.",Active,0,
PBVita-Reel-210,210,432,Lighting & Mood Variations,"Mood lighting study: cool clinical blue-white LED lighting, high-key and precise. Product is clear glass research vial, captured with circular arc that never fully completes.","razor sharp focus, 8k resolution, high dynamic range, ambient occlusion, soft shadows, professional photography",9:16,8,1080p,grok-imagine-image-quality,grok-imagine-video-1.5,"Photoreal vertical 9:16 Palm Beach Vitality laboratory research catalog film, chemical research material only, premium American research aesthetic, no people, no faces, no hands, no needles, no injection, no clinic, no gym, no lifestyle, no wellness claims, no nicknames. Scene: Mood lighting study: cool clinical blue-white LED lighting, high-key and precise. Product is clear glass research vial, captured with circular arc that never fully completes.. Quality: razor sharp focus, 8k resolution, high dynamic range, ambient occlusion, soft shadows, professional photography. creation motif 210/500 · scene 432. Keep product identity and any on-screen research typography sharp and unchanged. For laboratory research use only. Not for human use or consumption.",Active,0,
PBVita-Reel-211,211,205,Molecular & Chemical Structure Visuals,"Minimal line-art molecular diagram of a peptide chain, with soft internal volumetric light, warm golden hour side light, with soft bokeh circles drifting past, locked-off static with internal motion only. [catalog angle 211]","razor sharp focus, 8k resolution, detailed surface texture, ambient occlusion, high-end commercial look, DSLR sharpness",9:16,8,1080p,grok-imagine-image-quality,grok-imagine-video-1.5,"Photoreal vertical 9:16 Palm Beach Vitality laboratory research catalog film, chemical research material only, premium American research aesthetic, no people, no faces, no hands, no needles, no injection, no clinic, no gym, no lifestyle, no wellness claims, no nicknames. Scene: Minimal line-art molecular diagram of a peptide chain, with soft internal volumetric light, warm golden hour side light, with soft bokeh circles drifting past, locked-off static with internal motion only. [catalog angle 211]. Quality: razor sharp focus, 8k resolution, detailed surface texture, ambient occlusion, high-end commercial look, DSLR sharpness. creation motif 211/500 · scene 205. Keep product identity and any on-screen research typography sharp and unchanged. For laboratory research use only. Not for human use or consumption.",Active,0,
PBVita-Reel-212,212,601,Multi-Product & Collection Arrangements,"Collection arrangement: perfectly aligned row of identical research pens with slow lateral track, soft rim light from behind, with soft particle haze, slow 360° orbit at eye level. [catalog angle 212]","razor sharp focus, photorealistic, cinematic lighting, soft diffused lighting, rich contrast, creamy bokeh",9:16,8,1080p,grok-imagine-image-quality,grok-imagine-video-1.5,"Photoreal vertical 9:16 Palm Beach Vitality laboratory research catalog film, chemical research material only, premium American research aesthetic, no people, no faces, no hands, no needles, no injection, no clinic, no gym, no lifestyle, no wellness claims, no nicknames. Scene: Collection arrangement: perfectly aligned row of identical research pens with slow lateral track, soft rim light from behind, with soft particle haze, slow 360° orbit at eye level. [catalog angle 212]. Quality: razor sharp focus, photorealistic, cinematic lighting, soft diffused lighting, rich contrast, creamy bokeh. creation motif 212/500 · scene 601. Keep product identity and any on-screen research typography sharp and unchanged. For laboratory research use only. Not for human use or consumption.",Active,0,
PBVita-Reel-213,213,33,Product Hero & Macro,"Hero shot of sealed peptide vial with rubber stopper with dramatic single hard key light, with subtle floating dust motes in light beams, captured with gentle top-down descending crane.","razor sharp focus, photorealistic, soft diffused lighting, rim lighting, perfect exposure, high fidelity",9:16,8,1080p,grok-imagine-image-quality,grok-imagine-video-1.5,"Photoreal vertical 9:16 Palm Beach Vitality laboratory research catalog film, chemical research material only, premium American research aesthetic, no people, no faces, no hands, no needles, no injection, no clinic, no gym, no lifestyle, no wellness claims, no nicknames. Scene: Hero shot of sealed peptide vial with rubber stopper with dramatic single hard key light, with subtle floating dust motes in light beams, captured with gentle top-down descending crane.. Quality: razor sharp focus, photorealistic, soft diffused lighting, rim lighting, perfect exposure, high fidelity. creation motif 213/500 · scene 033. Keep product identity and any on-screen research typography sharp and unchanged. For laboratory research use only. Not for human use or consumption.",Active,0,
PBVita-Reel-214,214,256,"Production, Process & Manufacturing","Stylized research process: clear liquid being gently transferred between sterile vessels, soft rim light from behind, with soft particle haze, slow 360° orbit at eye level. [catalog angle 214]","razor sharp focus, photorealistic, HDR, elegant framing, global illumination, DSLR sharpness",9:16,8,1080p,grok-imagine-image-quality,grok-imagine-video-1.5,"Photoreal vertical 9:16 Palm Beach Vitality laboratory research catalog film, chemical research material only, premium American research aesthetic, no people, no faces, no hands, no needles, no injection, no clinic, no gym, no lifestyle, no wellness claims, no nicknames. Scene: Stylized research process: clear liquid being gently transferred between sterile vessels, soft rim light from behind, with soft particle haze, slow 360° orbit at eye level. [catalog angle 214]. Quality: razor sharp focus, photorealistic, HDR, elegant framing, global illumination, DSLR sharpness. creation motif 214/500 · scene 256. Keep product identity and any on-screen research typography sharp and unchanged. For laboratory research use only. Not for human use or consumption.",Active,0,
PBVita-Reel-215,215,336,Signature Camera Moves & Dynamic Angles,"Camera focused: slow elegant 360° orbit around the product at eye level. Subject is pre-filled research pen, soft rim light from behind, with soft particle haze.","razor sharp focus, hyperrealistic, ultra realistic, volumetric lighting, HDR, rich contrast",9:16,8,1080p,grok-imagine-image-quality,grok-imagine-video-1.5,"Photoreal vertical 9:16 Palm Beach Vitality laboratory research catalog film, chemical research material only, premium American research aesthetic, no people, no faces, no hands, no needles, no injection, no clinic, no gym, no lifestyle, no wellness claims, no nicknames. Scene: Camera focused: slow elegant 360° orbit around the product at eye level. Subject is pre-filled research pen, soft rim light from behind, with soft particle haze.. Quality: razor sharp focus, hyperrealistic, ultra realistic, volumetric lighting, HDR, rich contrast. creation motif 215/500 · scene 336. Keep product identity and any on-screen research typography sharp and unchanged. For laboratory research use only. Not for human use or consumption.",Active,0,
PBVita-Reel-216,216,439,"Text, Kinetic & Overlay-Friendly Scenes","Overlay-optimized composition: product slowly scaling while large type animates around its silhouette. Subject research pen with visible liquid barrel, cool clinical blue-white LED.","razor sharp focus, hyperrealistic, dramatic lighting, elegant framing, high fidelity, realistic textures",9:16,8,1080p,grok-imagine-image-quality,grok-imagine-video-1.5,"Photoreal vertical 9:16 Palm Beach Vitality laboratory research catalog film, chemical research material only, premium American research aesthetic, no people, no faces, no hands, no needles, no injection, no clinic, no gym, no lifestyle, no wellness claims, no nicknames. Scene: Overlay-optimized composition: product slowly scaling while large type animates around its silhouette. Subject research pen with visible liquid barrel, cool clinical blue-white LED.. Quality: razor sharp focus, hyperrealistic, dramatic lighting, elegant framing, high fidelity, realistic textures. creation motif 216/500 · scene 439. Keep product identity and any on-screen research typography sharp and unchanged. For laboratory research use only. Not for human use or consumption.",Active,0,
PBVita-Reel-217,217,323,"Abstract, Artistic & Cinematic Science","Minimalist single-color field with product as sole element, featuring dual research pens side by side, practical small LED panel visible in frame, over-the-shoulder gloved perspective.","razor sharp focus, hyperrealistic, rim lighting, perfect exposure, soft shadows, realistic reflections",9:16,8,1080p,grok-imagine-image-quality,grok-imagine-video-1.5,"Photoreal vertical 9:16 Palm Beach Vitality laboratory research catalog film, chemical research material only, premium American research aesthetic, no people, no faces, no hands, no needles, no injection, no clinic, no gym, no lifestyle, no wellness claims, no nicknames. Scene: Minimalist single-color field with product as sole element, featuring dual research pens side by side, practical small LED panel visible in frame, over-the-shoulder gloved perspective.. Quality: razor sharp focus, hyperrealistic, rim lighting, perfect exposure, soft shadows, realistic reflections. creation motif 217/500 · scene 323. Keep product identity and any on-screen research typography sharp and unchanged. For laboratory research use only. Not for human use or consumption.",Active,0,
PBVita-Reel-218,218,590,Extreme Detail & Texture Studies,"Texture / detail study: slow exploration of the product’s silhouette against pure light, warm under-light glow, slow pull-out revealing environment.","razor sharp focus, hyperrealistic, perfect composition, clean and crisp, high fidelity, medium format look",9:16,8,1080p,grok-imagine-image-quality,grok-imagine-video-1.5,"Photoreal vertical 9:16 Palm Beach Vitality laboratory research catalog film, chemical research material only, premium American research aesthetic, no people, no faces, no hands, no needles, no injection, no clinic, no gym, no lifestyle, no wellness claims, no nicknames. Scene: Texture / detail study: slow exploration of the product’s silhouette against pure light, warm under-light glow, slow pull-out revealing environment.. Quality: razor sharp focus, hyperrealistic, perfect composition, clean and crisp, high fidelity, medium format look. creation motif 218/500 · scene 590. Keep product identity and any on-screen research typography sharp and unchanged. For laboratory research use only. Not for human use or consumption.",Active,0,
PBVita-Reel-219,219,537,"Hybrid, Transition & Special Shots","Special / hybrid shot: continuous morph from physical product into abstract molecular structure and back. Centered on clear glass research vial, split complementary teal and amber, spiral orbit combined with slow push.","razor sharp focus, ultra realistic, dramatic lighting, elegant framing, soft shadows, editorial photography style",9:16,8,1080p,grok-imagine-image-quality,grok-imagine-video-1.5,"Photoreal vertical 9:16 Palm Beach Vitality laboratory research catalog film, chemical research material only, premium American research aesthetic, no people, no faces, no hands, no needles, no injection, no clinic, no gym, no lifestyle, no wellness claims, no nicknames. Scene: Special / hybrid shot: continuous morph from physical product into abstract molecular structure and back. Centered on clear glass research vial, split complementary teal and amber, spiral orbit combined with slow push.. Quality: razor sharp focus, ultra realistic, dramatic lighting, elegant framing, soft shadows, editorial photography style. creation motif 219/500 · scene 537. Keep product identity and any on-screen research typography sharp and unchanged. For laboratory research use only. Not for human use or consumption.",Active,0,
PBVita-Reel-220,220,100,Laboratory & Scientific Environments,"Research vial lying on its side during a careful visual inspection against light, warm under-light glow, with almost no shadow, pure beauty light, slow pull-out revealing environment.","razor sharp focus, ultra realistic, rim lighting, shallow depth of field, elegant framing, polished look",9:16,8,1080p,grok-imagine-image-quality,grok-imagine-video-1.5,"Photoreal vertical 9:16 Palm Beach Vitality laboratory research catalog film, chemical research material only, premium American research aesthetic, no people, no faces, no hands, no needles, no injection, no clinic, no gym, no lifestyle, no wellness claims, no nicknames. Scene: Research vial lying on its side during a careful visual inspection against light, warm under-light glow, with almost no shadow, pure beauty light, slow pull-out revealing environment.. Quality: razor sharp focus, ultra realistic, rim lighting, shallow depth of field, elegant framing, polished look. creation motif 220/500 · scene 100. Keep product identity and any on-screen research typography sharp and unchanged. For laboratory research use only. Not for human use or consumption.",Active,0,
PBVita-Reel-221,221,504,Lifestyle & Context (Research-Forward),"Context still life: high-end kitchen or lab-kitchen hybrid surface, product as only branded item. Featuring single research pen standing upright, cool overhead fluorescent lab feel, extreme high angle looking straight down.","razor sharp focus, ultra realistic, perfect composition, clean and crisp, high-end commercial look, editorial photography style",9:16,8,1080p,grok-imagine-image-quality,grok-imagine-video-1.5,"Photoreal vertical 9:16 Palm Beach Vitality laboratory research catalog film, chemical research material only, premium American research aesthetic, no people, no faces, no hands, no needles, no injection, no clinic, no gym, no lifestyle, no wellness claims, no nicknames. Scene: Context still life: high-end kitchen or lab-kitchen hybrid surface, product as only branded item. Featuring single research pen standing upright, cool overhead fluorescent lab feel, extreme high angle looking straight down.. Quality: razor sharp focus, ultra realistic, perfect composition, clean and crisp, high-end commercial look, editorial photography style. creation motif 221/500 · scene 504. Keep product identity and any on-screen research typography sharp and unchanged. For laboratory research use only. Not for human use or consumption.",Active,0,
PBVita-Reel-222,222,435,Lighting & Mood Variations,"Mood lighting study: rim light only, product outline glowing against deep black. Product is sterile research vial, captured with slow pull-out revealing environment.","razor sharp focus, cinematic lighting, soft diffused lighting, studio lighting, creamy bokeh, detailed surface texture",9:16,8,1080p,grok-imagine-image-quality,grok-imagine-video-1.5,"Photoreal vertical 9:16 Palm Beach Vitality laboratory research catalog film, chemical research material only, premium American research aesthetic, no people, no faces, no hands, no needles, no injection, no clinic, no gym, no lifestyle, no wellness claims, no nicknames. Scene: Mood lighting study: rim light only, product outline glowing against deep black. Product is sterile research vial, captured with slow pull-out revealing environment.. Quality: razor sharp focus, cinematic lighting, soft diffused lighting, studio lighting, creamy bokeh, detailed surface texture. creation motif 222/500 · scene 435. Keep product identity and any on-screen research typography sharp and unchanged. For laboratory research use only. Not for human use or consumption.",Active,0,
PBVita-Reel-223,223,171,Molecular & Chemical Structure Visuals,"Clean 3d ball-and-stick model of a peptide chain, slowly rotating in dark space, soft rim light from behind, with soft particle haze, slow 360° orbit at eye level. [catalog angle 223]","razor sharp focus, cinematic lighting, HDR, perfect composition, elegant framing, polished look",9:16,8,1080p,grok-imagine-image-quality,grok-imagine-video-1.5,"Photoreal vertical 9:16 Palm Beach Vitality laboratory research catalog film, chemical research material only, premium American research aesthetic, no people, no faces, no hands, no needles, no injection, no clinic, no gym, no lifestyle, no wellness claims, no nicknames. Scene: Clean 3d ball-and-stick model of a peptide chain, slowly rotating in dark space, soft rim light from behind, with soft particle haze, slow 360° orbit at eye level. [catalog angle 223]. Quality: razor sharp focus, cinematic lighting, HDR, perfect composition, elegant framing, polished look. creation motif 223/500 · scene 171. Keep product identity and any on-screen research typography sharp and unchanged. For laboratory research use only. Not for human use or consumption.",Active,0,
PBVita-Reel-224,224,620,Multi-Product & Collection Arrangements,"Collection arrangement: circular arrangement of products around a central soft light source, warm golden hour side light, with soft bokeh circles drifting past, locked-off static with internal motion only. [catalog angle 224]","razor sharp focus, dramatic lighting, volumetric lighting, rim lighting, high dynamic range, clean and crisp",9:16,8,1080p,grok-imagine-image-quality,grok-imagine-video-1.5,"Photoreal vertical 9:16 Palm Beach Vitality laboratory research catalog film, chemical research material only, premium American research aesthetic, no people, no faces, no hands, no needles, no injection, no clinic, no gym, no lifestyle, no wellness claims, no nicknames. Scene: Collection arrangement: circular arrangement of products around a central soft light source, warm golden hour side light, with soft bokeh circles drifting past, locked-off static with internal motion only. [catalog angle 224]. Quality: razor sharp focus, dramatic lighting, volumetric lighting, rim lighting, high dynamic range, clean and crisp. creation motif 224/500 · scene 620. Keep product identity and any on-screen research typography sharp and unchanged. For laboratory research use only. Not for human use or consumption.",Active,0,
PBVita-Reel-225,225,60,Product Hero & Macro,"Top-down composition of research vial lying on its side on translucent frosted panel, warm under-light glow, minimal and precise.","razor sharp focus, dramatic lighting, high dynamic range, HDR, perfect composition, ambient occlusion",9:16,8,1080p,grok-imagine-image-quality,grok-imagine-video-1.5,"Photoreal vertical 9:16 Palm Beach Vitality laboratory research catalog film, chemical research material only, premium American research aesthetic, no people, no faces, no hands, no needles, no injection, no clinic, no gym, no lifestyle, no wellness claims, no nicknames. Scene: Top-down composition of research vial lying on its side on translucent frosted panel, warm under-light glow, minimal and precise.. Quality: razor sharp focus, dramatic lighting, high dynamic range, HDR, perfect composition, ambient occlusion. creation motif 225/500 · scene 060. Keep product identity and any on-screen research typography sharp and unchanged. For laboratory research use only. Not for human use or consumption.",Active,0,
PBVita-Reel-226,226,230,"Production, Process & Manufacturing","Stylized research process: careful visual clarity inspection under bright light, warm golden hour side light, with soft bokeh circles drifting past, locked-off static with internal motion only.","razor sharp focus, dramatic lighting, premium aesthetic, high fidelity, high-end commercial look, editorial photography style",9:16,8,1080p,grok-imagine-image-quality,grok-imagine-video-1.5,"Photoreal vertical 9:16 Palm Beach Vitality laboratory research catalog film, chemical research material only, premium American research aesthetic, no people, no faces, no hands, no needles, no injection, no clinic, no gym, no lifestyle, no wellness claims, no nicknames. Scene: Stylized research process: careful visual clarity inspection under bright light, warm golden hour side light, with soft bokeh circles drifting past, locked-off static with internal motion only.. Quality: razor sharp focus, dramatic lighting, premium aesthetic, high fidelity, high-end commercial look, editorial photography style. creation motif 226/500 · scene 230. Keep product identity and any on-screen research typography sharp and unchanged. For laboratory research use only. Not for human use or consumption.",Active,0,
PBVita-Reel-227,227,355,Signature Camera Moves & Dynamic Angles,"Camera focused: locked product with layered parallax background drift. Subject is research vial lying on its side, warm golden hour side light, with soft bokeh circles drifting past.","razor sharp focus, volumetric lighting, high dynamic range, perfect exposure, realistic textures, realistic reflections",9:16,8,1080p,grok-imagine-image-quality,grok-imagine-video-1.5,"Photoreal vertical 9:16 Palm Beach Vitality laboratory research catalog film, chemical research material only, premium American research aesthetic, no people, no faces, no hands, no needles, no injection, no clinic, no gym, no lifestyle, no wellness claims, no nicknames. Scene: Camera focused: locked product with layered parallax background drift. Subject is research vial lying on its side, warm golden hour side light, with soft bokeh circles drifting past.. Quality: razor sharp focus, volumetric lighting, high dynamic range, perfect exposure, realistic textures, realistic reflections. creation motif 227/500 · scene 355. Keep product identity and any on-screen research typography sharp and unchanged. For laboratory research use only. Not for human use or consumption.",Active,0,
PBVita-Reel-228,228,459,"Text, Kinetic & Overlay-Friendly Scenes","Overlay-optimized composition: product slowly scaling while large type animates around its silhouette. Subject research pen with visible liquid barrel, soft bounce from below.","razor sharp focus, volumetric lighting, polished look, intricate textures, ambient occlusion, medium format look",9:16,8,1080p,grok-imagine-image-quality,grok-imagine-video-1.5,"Photoreal vertical 9:16 Palm Beach Vitality laboratory research catalog film, chemical research material only, premium American research aesthetic, no people, no faces, no hands, no needles, no injection, no clinic, no gym, no lifestyle, no wellness claims, no nicknames. Scene: Overlay-optimized composition: product slowly scaling while large type animates around its silhouette. Subject research pen with visible liquid barrel, soft bounce from below.. Quality: razor sharp focus, volumetric lighting, polished look, intricate textures, ambient occlusion, medium format look. creation motif 228/500 · scene 459. Keep product identity and any on-screen research typography sharp and unchanged. For laboratory research use only. Not for human use or consumption.",Active,0,
PBVita-Reel-229,229,268,"Abstract, Artistic & Cinematic Science","Clean geometric light beams framing the product, featuring sealed peptide vial with rubber stopper, dramatic single hard key light, gentle top-down descending crane.","razor sharp focus, soft diffused lighting, rich contrast, shallow depth of field, clean and crisp, high-end commercial look",9:16,8,1080p,grok-imagine-image-quality,grok-imagine-video-1.5,"Photoreal vertical 9:16 Palm Beach Vitality laboratory research catalog film, chemical research material only, premium American research aesthetic, no people, no faces, no hands, no needles, no injection, no clinic, no gym, no lifestyle, no wellness claims, no nicknames. Scene: Clean geometric light beams framing the product, featuring sealed peptide vial with rubber stopper, dramatic single hard key light, gentle top-down descending crane.. Quality: razor sharp focus, soft diffused lighting, rich contrast, shallow depth of field, clean and crisp, high-end commercial look. creation motif 229/500 · scene 268. Keep product identity and any on-screen research typography sharp and unchanged. For laboratory research use only. Not for human use or consumption.",Active,0,
PBVita-Reel-230,230,597,Extreme Detail & Texture Studies,"Texture / detail study: slow pan across the product’s surface revealing continuous texture, split complementary teal and amber, spiral orbit combined with slow push.","razor sharp focus, studio lighting, rim lighting, refined details, realistic textures, DSLR sharpness",9:16,8,1080p,grok-imagine-image-quality,grok-imagine-video-1.5,"Photoreal vertical 9:16 Palm Beach Vitality laboratory research catalog film, chemical research material only, premium American research aesthetic, no people, no faces, no hands, no needles, no injection, no clinic, no gym, no lifestyle, no wellness claims, no nicknames. Scene: Texture / detail study: slow pan across the product’s surface revealing continuous texture, split complementary teal and amber, spiral orbit combined with slow push.. Quality: razor sharp focus, studio lighting, rim lighting, refined details, realistic textures, DSLR sharpness. creation motif 230/500 · scene 597. Keep product identity and any on-screen research typography sharp and unchanged. For laboratory research use only. Not for human use or consumption.",Active,0,
PBVita-Reel-231,231,533,"Hybrid, Transition & Special Shots","Special / hybrid shot: from darkness, light reveals first the structure then the physical product. Centered on dual research pens side by side, dramatic single hard key light, gentle top-down descending crane.","razor sharp focus, studio lighting, elegant framing, detailed surface texture, soft shadows, realistic reflections",9:16,8,1080p,grok-imagine-image-quality,grok-imagine-video-1.5,"Photoreal vertical 9:16 Palm Beach Vitality laboratory research catalog film, chemical research material only, premium American research aesthetic, no people, no faces, no hands, no needles, no injection, no clinic, no gym, no lifestyle, no wellness claims, no nicknames. Scene: Special / hybrid shot: from darkness, light reveals first the structure then the physical product. Centered on dual research pens side by side, dramatic single hard key light, gentle top-down descending crane.. Quality: razor sharp focus, studio lighting, elegant framing, detailed surface texture, soft shadows, realistic reflections. creation motif 231/500 · scene 533. Keep product identity and any on-screen research typography sharp and unchanged. For laboratory research use only. Not for human use or consumption.",Active,0,
PBVita-Reel-232,232,135,Laboratory & Scientific Environments,"Sterile research vial with precision lab apparatus carefully handling it, warm golden hour side light, with soft bokeh circles drifting past, locked-off static with internal motion only. [catalog angle 232]","razor sharp focus, rim lighting, creamy bokeh, elegant framing, high fidelity, high-end commercial look",9:16,8,1080p,grok-imagine-image-quality,grok-imagine-video-1.5,"Photoreal vertical 9:16 Palm Beach Vitality laboratory research catalog film, chemical research material only, premium American research aesthetic, no people, no faces, no hands, no needles, no injection, no clinic, no gym, no lifestyle, no wellness claims, no nicknames. Scene: Sterile research vial with precision lab apparatus carefully handling it, warm golden hour side light, with soft bokeh circles drifting past, locked-off static with internal motion only. [catalog angle 232]. Quality: razor sharp focus, rim lighting, creamy bokeh, elegant framing, high fidelity, high-end commercial look. creation motif 232/500 · scene 135. Keep product identity and any on-screen research typography sharp and unchanged. For laboratory research use only. Not for human use or consumption.",Active,0,
PBVita-Reel-233,233,515,Lifestyle & Context (Research-Forward),"Context still life: quiet corner composition with product, soft shadow, and calm atmosphere. Featuring research vial lying on its side, hard specular edge light, soft focus rack from background to product.","razor sharp focus, high dynamic range, creamy bokeh, perfect composition, intricate textures, ambient occlusion",9:16,8,1080p,grok-imagine-image-quality,grok-imagine-video-1.5,"Photoreal vertical 9:16 Palm Beach Vitality laboratory research catalog film, chemical research material only, premium American research aesthetic, no people, no faces, no hands, no needles, no injection, no clinic, no gym, no lifestyle, no wellness claims, no nicknames. Scene: Context still life: quiet corner composition with product, soft shadow, and calm atmosphere. Featuring research vial lying on its side, hard specular edge light, soft focus rack from background to product.. Quality: razor sharp focus, high dynamic range, creamy bokeh, perfect composition, intricate textures, ambient occlusion. creation motif 233/500 · scene 515. Keep product identity and any on-screen research typography sharp and unchanged. For laboratory research use only. Not for human use or consumption.",Active,0,
PBVita-Reel-234,234,434,Lighting & Mood Variations,"Mood lighting study: almost shadowless beauty dish style premium lighting. Product is research pen with visible liquid barrel, captured with extreme high angle looking straight down.","razor sharp focus, HDR, perfect composition, soft shadows, realistic reflections, DSLR sharpness",9:16,8,1080p,grok-imagine-image-quality,grok-imagine-video-1.5,"Photoreal vertical 9:16 Palm Beach Vitality laboratory research catalog film, chemical research material only, premium American research aesthetic, no people, no faces, no hands, no needles, no injection, no clinic, no gym, no lifestyle, no wellness claims, no nicknames. Scene: Mood lighting study: almost shadowless beauty dish style premium lighting. Product is research pen with visible liquid barrel, captured with extreme high angle looking straight down.. Quality: razor sharp focus, HDR, perfect composition, soft shadows, realistic reflections, DSLR sharpness. creation motif 234/500 · scene 434. Keep product identity and any on-screen research typography sharp and unchanged. For laboratory research use only. Not for human use or consumption.",Active,0,
PBVita-Reel-235,235,185,Molecular & Chemical Structure Visuals,"Structure slowly assembling bond by bond of a peptide chain, with soft internal volumetric light, warm under-light glow, with almost no shadow, pure beauty light, slow pull-out revealing environment.","razor sharp focus, perfect exposure, shallow depth of field, creamy bokeh, high fidelity, editorial photography style",9:16,8,1080p,grok-imagine-image-quality,grok-imagine-video-1.5,"Photoreal vertical 9:16 Palm Beach Vitality laboratory research catalog film, chemical research material only, premium American research aesthetic, no people, no faces, no hands, no needles, no injection, no clinic, no gym, no lifestyle, no wellness claims, no nicknames. Scene: Structure slowly assembling bond by bond of a peptide chain, with soft internal volumetric light, warm under-light glow, with almost no shadow, pure beauty light, slow pull-out revealing environment.. Quality: razor sharp focus, perfect exposure, shallow depth of field, creamy bokeh, high fidelity, editorial photography style. creation motif 235/500 · scene 185. Keep product identity and any on-screen research typography sharp and unchanged. For laboratory research use only. Not for human use or consumption.",Active,0,
PBVita-Reel-236,236,623,Multi-Product & Collection Arrangements,"Collection arrangement: long perspective line of products disappearing into soft bokeh, low-key selective highlight only, in pure clinical emptiness, lateral motion-control track. [catalog angle 236]","razor sharp focus, shallow depth of field, intricate textures, realistic reflections, DSLR sharpness, professional photography",9:16,8,1080p,grok-imagine-image-quality,grok-imagine-video-1.5,"Photoreal vertical 9:16 Palm Beach Vitality laboratory research catalog film, chemical research material only, premium American research aesthetic, no people, no faces, no hands, no needles, no injection, no clinic, no gym, no lifestyle, no wellness claims, no nicknames. Scene: Collection arrangement: long perspective line of products disappearing into soft bokeh, low-key selective highlight only, in pure clinical emptiness, lateral motion-control track. [catalog angle 236]. Quality: razor sharp focus, shallow depth of field, intricate textures, realistic reflections, DSLR sharpness, professional photography. creation motif 236/500 · scene 623. Keep product identity and any on-screen research typography sharp and unchanged. For laboratory research use only. Not for human use or consumption.",Active,0,
PBVita-Reel-237,237,51,Product Hero & Macro,"Extreme macro of pre-filled research pen on frosted glass platform, soft diffused overhead, subtle handheld micro-movement.","razor sharp focus, premium aesthetic, refined details, intricate textures, realistic reflections, editorial photography style",9:16,8,1080p,grok-imagine-image-quality,grok-imagine-video-1.5,"Photoreal vertical 9:16 Palm Beach Vitality laboratory research catalog film, chemical research material only, premium American research aesthetic, no people, no faces, no hands, no needles, no injection, no clinic, no gym, no lifestyle, no wellness claims, no nicknames. Scene: Extreme macro of pre-filled research pen on frosted glass platform, soft diffused overhead, subtle handheld micro-movement.. Quality: razor sharp focus, premium aesthetic, refined details, intricate textures, realistic reflections, editorial photography style. creation motif 237/500 · scene 051. Keep product identity and any on-screen research typography sharp and unchanged. For laboratory research use only. Not for human use or consumption.",Active,0,
PBVita-Reel-238,238,231,"Production, Process & Manufacturing","Stylized research process: product being sealed into clean protective packaging, soft diffused overhead, with light caustics refracting across the surface, subtle handheld micro-movement. [catalog angle 238]","tack sharp, crystal clear, ultra sharp, shallow depth of field, polished look, global illumination",9:16,8,1080p,grok-imagine-image-quality,grok-imagine-video-1.5,"Photoreal vertical 9:16 Palm Beach Vitality laboratory research catalog film, chemical research material only, premium American research aesthetic, no people, no faces, no hands, no needles, no injection, no clinic, no gym, no lifestyle, no wellness claims, no nicknames. Scene: Stylized research process: product being sealed into clean protective packaging, soft diffused overhead, with light caustics refracting across the surface, subtle handheld micro-movement. [catalog angle 238]. Quality: tack sharp, crystal clear, ultra sharp, shallow depth of field, polished look, global illumination. creation motif 238/500 · scene 231. Keep product identity and any on-screen research typography sharp and unchanged. For laboratory research use only. Not for human use or consumption.",Active,0,
PBVita-Reel-239,239,346,Signature Camera Moves & Dynamic Angles,"Camera focused: lateral motion-control track keeping product perfectly centered. Subject is pre-filled research pen, volumetric god rays through haze, with abstract geometric light patterns.","tack sharp, crystal clear, photorealistic, high dynamic range, perfect composition, global illumination",9:16,8,1080p,grok-imagine-image-quality,grok-imagine-video-1.5,"Photoreal vertical 9:16 Palm Beach Vitality laboratory research catalog film, chemical research material only, premium American research aesthetic, no people, no faces, no hands, no needles, no injection, no clinic, no gym, no lifestyle, no wellness claims, no nicknames. Scene: Camera focused: lateral motion-control track keeping product perfectly centered. Subject is pre-filled research pen, volumetric god rays through haze, with abstract geometric light patterns.. Quality: tack sharp, crystal clear, photorealistic, high dynamic range, perfect composition, global illumination. creation motif 239/500 · scene 346. Keep product identity and any on-screen research typography sharp and unchanged. For laboratory research use only. Not for human use or consumption.",Active,0,
PBVita-Reel-240,240,454,"Text, Kinetic & Overlay-Friendly Scenes","Overlay-optimized composition: vertical story format with product in lower half and type stacked above. Subject single research pen standing upright, cool clinical blue-white LED.","tack sharp, crystal clear, ultra realistic, creamy bokeh, perfect composition, intricate textures",9:16,8,1080p,grok-imagine-image-quality,grok-imagine-video-1.5,"Photoreal vertical 9:16 Palm Beach Vitality laboratory research catalog film, chemical research material only, premium American research aesthetic, no people, no faces, no hands, no needles, no injection, no clinic, no gym, no lifestyle, no wellness claims, no nicknames. Scene: Overlay-optimized composition: vertical story format with product in lower half and type stacked above. Subject single research pen standing upright, cool clinical blue-white LED.. Quality: tack sharp, crystal clear, ultra realistic, creamy bokeh, perfect composition, intricate textures. creation motif 240/500 · scene 454. Keep product identity and any on-screen research typography sharp and unchanged. For laboratory research use only. Not for human use or consumption.",Active,0,
PBVita-Reel-241,241,324,"Abstract, Artistic & Cinematic Science","Controlled soft glow emanating from the product, featuring single research pen standing upright, cool overhead fluorescent lab feel, extreme high angle looking straight down.","tack sharp, crystal clear, volumetric lighting, rich contrast, high fidelity, global illumination",9:16,8,1080p,grok-imagine-image-quality,grok-imagine-video-1.5,"Photoreal vertical 9:16 Palm Beach Vitality laboratory research catalog film, chemical research material only, premium American research aesthetic, no people, no faces, no hands, no needles, no injection, no clinic, no gym, no lifestyle, no wellness claims, no nicknames. Scene: Controlled soft glow emanating from the product, featuring single research pen standing upright, cool overhead fluorescent lab feel, extreme high angle looking straight down.. Quality: tack sharp, crystal clear, volumetric lighting, rich contrast, high fidelity, global illumination. creation motif 241/500 · scene 324. Keep product identity and any on-screen research typography sharp and unchanged. For laboratory research use only. Not for human use or consumption.",Active,0,
PBVita-Reel-242,242,587,Extreme Detail & Texture Studies,"Texture / detail study: glass-to-liquid interface with soft caustic patterns, soft window light with gentle falloff, circular arc that never fully completes.","tack sharp, crystal clear, high dynamic range, perfect composition, elegant framing, editorial photography style",9:16,8,1080p,grok-imagine-image-quality,grok-imagine-video-1.5,"Photoreal vertical 9:16 Palm Beach Vitality laboratory research catalog film, chemical research material only, premium American research aesthetic, no people, no faces, no hands, no needles, no injection, no clinic, no gym, no lifestyle, no wellness claims, no nicknames. Scene: Texture / detail study: glass-to-liquid interface with soft caustic patterns, soft window light with gentle falloff, circular arc that never fully completes.. Quality: tack sharp, crystal clear, high dynamic range, perfect composition, elegant framing, editorial photography style. creation motif 242/500 · scene 587. Keep product identity and any on-screen research typography sharp and unchanged. For laboratory research use only. Not for human use or consumption.",Active,0,
PBVita-Reel-243,243,534,"Hybrid, Transition & Special Shots","Special / hybrid shot: product orbit that transitions mid-move into a molecular orbit. Centered on single research pen standing upright, cool clinical blue-white LED, low angle tracking slide.","tack sharp, crystal clear, clean and crisp, global illumination, soft shadows, DSLR sharpness",9:16,8,1080p,grok-imagine-image-quality,grok-imagine-video-1.5,"Photoreal vertical 9:16 Palm Beach Vitality laboratory research catalog film, chemical research material only, premium American research aesthetic, no people, no faces, no hands, no needles, no injection, no clinic, no gym, no lifestyle, no wellness claims, no nicknames. Scene: Special / hybrid shot: product orbit that transitions mid-move into a molecular orbit. Centered on single research pen standing upright, cool clinical blue-white LED, low angle tracking slide.. Quality: tack sharp, crystal clear, clean and crisp, global illumination, soft shadows, DSLR sharpness. creation motif 243/500 · scene 534. Keep product identity and any on-screen research typography sharp and unchanged. For laboratory research use only. Not for human use or consumption.",Active,0,
PBVita-Reel-244,244,96,Laboratory & Scientific Environments,"Precision research pen through the glass of a fume hood, volumetric god rays through haze, with abstract geometric light patterns, fast resolve into locked hero frame.","tack sharp, ultra sharp, photorealistic, HDR, rich contrast, editorial photography style",9:16,8,1080p,grok-imagine-image-quality,grok-imagine-video-1.5,"Photoreal vertical 9:16 Palm Beach Vitality laboratory research catalog film, chemical research material only, premium American research aesthetic, no people, no faces, no hands, no needles, no injection, no clinic, no gym, no lifestyle, no wellness claims, no nicknames. Scene: Precision research pen through the glass of a fume hood, volumetric god rays through haze, with abstract geometric light patterns, fast resolve into locked hero frame.. Quality: tack sharp, ultra sharp, photorealistic, HDR, rich contrast, editorial photography style. creation motif 244/500 · scene 096. Keep product identity and any on-screen research typography sharp and unchanged. For laboratory research use only. Not for human use or consumption.",Active,0,
PBVita-Reel-245,245,510,Lifestyle & Context (Research-Forward),"Context still life: minimal dark interior where the product is the single point of light. Featuring sterile research vial, warm golden hour side light, locked-off static with internal motion only.","tack sharp, ultra sharp, ultra realistic, perfect composition, elegant framing, professional photography",9:16,8,1080p,grok-imagine-image-quality,grok-imagine-video-1.5,"Photoreal vertical 9:16 Palm Beach Vitality laboratory research catalog film, chemical research material only, premium American research aesthetic, no people, no faces, no hands, no needles, no injection, no clinic, no gym, no lifestyle, no wellness claims, no nicknames. Scene: Context still life: minimal dark interior where the product is the single point of light. Featuring sterile research vial, warm golden hour side light, locked-off static with internal motion only.. Quality: tack sharp, ultra sharp, ultra realistic, perfect composition, elegant framing, professional photography. creation motif 245/500 · scene 510. Keep product identity and any on-screen research typography sharp and unchanged. For laboratory research use only. Not for human use or consumption.",Active,0,
PBVita-Reel-246,246,430,Lighting & Mood Variations,"Mood lighting study: pure black void with single controlled spotlight. Product is research vial lying on its side, captured with soft focus rack from background to product.","tack sharp, ultra sharp, volumetric lighting, perfect exposure, clean and crisp, refined details",9:16,8,1080p,grok-imagine-image-quality,grok-imagine-video-1.5,"Photoreal vertical 9:16 Palm Beach Vitality laboratory research catalog film, chemical research material only, premium American research aesthetic, no people, no faces, no hands, no needles, no injection, no clinic, no gym, no lifestyle, no wellness claims, no nicknames. Scene: Mood lighting study: pure black void with single controlled spotlight. Product is research vial lying on its side, captured with soft focus rack from background to product.. Quality: tack sharp, ultra sharp, volumetric lighting, perfect exposure, clean and crisp, refined details. creation motif 246/500 · scene 430. Keep product identity and any on-screen research typography sharp and unchanged. For laboratory research use only. Not for human use or consumption.",Active,0,
PBVita-Reel-247,247,174,Molecular & Chemical Structure Visuals,"Translucent electron density cloud of a peptide chain, dissolving into particles then reforming, cool clinical blue-white LED, in clean negative space, low angle tracking slide. [catalog angle 247]","tack sharp, ultra sharp, high dynamic range, elegant framing, clean and crisp, high-end commercial look",9:16,8,1080p,grok-imagine-image-quality,grok-imagine-video-1.5,"Photoreal vertical 9:16 Palm Beach Vitality laboratory research catalog film, chemical research material only, premium American research aesthetic, no people, no faces, no hands, no needles, no injection, no clinic, no gym, no lifestyle, no wellness claims, no nicknames. Scene: Translucent electron density cloud of a peptide chain, dissolving into particles then reforming, cool clinical blue-white LED, in clean negative space, low angle tracking slide. [catalog angle 247]. Quality: tack sharp, ultra sharp, high dynamic range, elegant framing, clean and crisp, high-end commercial look. creation motif 247/500 · scene 174. Keep product identity and any on-screen research typography sharp and unchanged. For laboratory research use only. Not for human use or consumption.",Active,0,
PBVita-Reel-248,248,625,Multi-Product & Collection Arrangements,"Collection arrangement: products arranged to form an abstract larger shape or letter, hard specular edge light, with soft fabric movement in background, soft focus rack from background to product.","tack sharp, ultra sharp, refined details, realistic textures, realistic reflections, editorial photography style",9:16,8,1080p,grok-imagine-image-quality,grok-imagine-video-1.5,"Photoreal vertical 9:16 Palm Beach Vitality laboratory research catalog film, chemical research material only, premium American research aesthetic, no people, no faces, no hands, no needles, no injection, no clinic, no gym, no lifestyle, no wellness claims, no nicknames. Scene: Collection arrangement: products arranged to form an abstract larger shape or letter, hard specular edge light, with soft fabric movement in background, soft focus rack from background to product.. Quality: tack sharp, ultra sharp, refined details, realistic textures, realistic reflections, editorial photography style. creation motif 248/500 · scene 625. Keep product identity and any on-screen research typography sharp and unchanged. For laboratory research use only. Not for human use or consumption.",Active,0,
PBVita-Reel-249,249,25,Product Hero & Macro,"Sterile research vial revealed with reflected perfectly in the surface below, hard specular edge light on mirrored chrome surface. [catalog angle 249]","tack sharp, 8k resolution, hyperrealistic, elegant framing, premium aesthetic, DSLR sharpness",9:16,8,1080p,grok-imagine-image-quality,grok-imagine-video-1.5,"Photoreal vertical 9:16 Palm Beach Vitality laboratory research catalog film, chemical research material only, premium American research aesthetic, no people, no faces, no hands, no needles, no injection, no clinic, no gym, no lifestyle, no wellness claims, no nicknames. Scene: Sterile research vial revealed with reflected perfectly in the surface below, hard specular edge light on mirrored chrome surface. [catalog angle 249]. Quality: tack sharp, 8k resolution, hyperrealistic, elegant framing, premium aesthetic, DSLR sharpness. creation motif 249/500 · scene 025. Keep product identity and any on-screen research typography sharp and unchanged. For laboratory research use only. Not for human use or consumption.",Active,0,
PBVita-Reel-250,250,237,"Production, Process & Manufacturing","Stylized research process: gentle mixing or swirling of clear research liquid, soft window light with gentle falloff, with gentle liquid swirl inside the container, circular arc that never fully completes. [catalog angle 250]","tack sharp, 8k resolution, dramatic lighting, rim lighting, shallow depth of field, high fidelity",9:16,8,1080p,grok-imagine-image-quality,grok-imagine-video-1.5,"Photoreal vertical 9:16 Palm Beach Vitality laboratory research catalog film, chemical research material only, premium American research aesthetic, no people, no faces, no hands, no needles, no injection, no clinic, no gym, no lifestyle, no wellness claims, no nicknames. Scene: Stylized research process: gentle mixing or swirling of clear research liquid, soft window light with gentle falloff, with gentle liquid swirl inside the container, circular arc that never fully completes. [catalog angle 250]. Quality: tack sharp, 8k resolution, dramatic lighting, rim lighting, shallow depth of field, high fidelity. creation motif 250/500 · scene 237. Keep product identity and any on-screen research typography sharp and unchanged. For laboratory research use only. Not for human use or consumption.",Active,0,
PBVita-Reel-251,251,373,Signature Camera Moves & Dynamic Angles,"Camera focused: soft rack focus from background lab elements onto sharp product. Subject is dual research pens side by side, low-key selective highlight only, in pure clinical emptiness.","tack sharp, 8k resolution, studio lighting, elegant framing, polished look, intricate textures",9:16,8,1080p,grok-imagine-image-quality,grok-imagine-video-1.5,"Photoreal vertical 9:16 Palm Beach Vitality laboratory research catalog film, chemical research material only, premium American research aesthetic, no people, no faces, no hands, no needles, no injection, no clinic, no gym, no lifestyle, no wellness claims, no nicknames. Scene: Camera focused: soft rack focus from background lab elements onto sharp product. Subject is dual research pens side by side, low-key selective highlight only, in pure clinical emptiness.. Quality: tack sharp, 8k resolution, studio lighting, elegant framing, polished look, intricate textures. creation motif 251/500 · scene 373. Keep product identity and any on-screen research typography sharp and unchanged. For laboratory research use only. Not for human use or consumption.",Active,0,
PBVita-Reel-252,252,443,"Text, Kinetic & Overlay-Friendly Scenes","Overlay-optimized composition: text appearing to interact with or cut through the product silhouette. Subject dual research pens side by side, low-key selective highlight only.","tack sharp, 8k resolution, shallow depth of field, clean and crisp, global illumination, professional photography",9:16,8,1080p,grok-imagine-image-quality,grok-imagine-video-1.5,"Photoreal vertical 9:16 Palm Beach Vitality laboratory research catalog film, chemical research material only, premium American research aesthetic, no people, no faces, no hands, no needles, no injection, no clinic, no gym, no lifestyle, no wellness claims, no nicknames. Scene: Overlay-optimized composition: text appearing to interact with or cut through the product silhouette. Subject dual research pens side by side, low-key selective highlight only.. Quality: tack sharp, 8k resolution, shallow depth of field, clean and crisp, global illumination, professional photography. creation motif 252/500 · scene 443. Keep product identity and any on-screen research typography sharp and unchanged. For laboratory research use only. Not for human use or consumption.",Active,0,
PBVita-Reel-253,253,311,"Abstract, Artistic & Cinematic Science","Soft organic flowing forms interacting with product, featuring precision research pen, soft rim light from behind, slow 360° orbit at eye level.","tack sharp, photorealistic, ultra realistic, cinematic lighting, premium aesthetic, high-end commercial look",9:16,8,1080p,grok-imagine-image-quality,grok-imagine-video-1.5,"Photoreal vertical 9:16 Palm Beach Vitality laboratory research catalog film, chemical research material only, premium American research aesthetic, no people, no faces, no hands, no needles, no injection, no clinic, no gym, no lifestyle, no wellness claims, no nicknames. Scene: Soft organic flowing forms interacting with product, featuring precision research pen, soft rim light from behind, slow 360° orbit at eye level.. Quality: tack sharp, photorealistic, ultra realistic, cinematic lighting, premium aesthetic, high-end commercial look. creation motif 253/500 · scene 311. Keep product identity and any on-screen research typography sharp and unchanged. For laboratory research use only. Not for human use or consumption.",Active,0,
PBVita-Reel-254,254,600,Extreme Detail & Texture Studies,"Texture / detail study: pure abstract close-up where the product becomes almost unrecognizable texture, hard specular edge light, soft focus rack from background to product.","tack sharp, photorealistic, dramatic lighting, perfect exposure, realistic textures, realistic reflections",9:16,8,1080p,grok-imagine-image-quality,grok-imagine-video-1.5,"Photoreal vertical 9:16 Palm Beach Vitality laboratory research catalog film, chemical research material only, premium American research aesthetic, no people, no faces, no hands, no needles, no injection, no clinic, no gym, no lifestyle, no wellness claims, no nicknames. Scene: Texture / detail study: pure abstract close-up where the product becomes almost unrecognizable texture, hard specular edge light, soft focus rack from background to product.. Quality: tack sharp, photorealistic, dramatic lighting, perfect exposure, realistic textures, realistic reflections. creation motif 254/500 · scene 600. Keep product identity and any on-screen research typography sharp and unchanged. For laboratory research use only. Not for human use or consumption.",Active,0,
PBVita-Reel-255,255,541,"Hybrid, Transition & Special Shots","Special / hybrid shot: soft-to-sharp rack focus traveling across a row of identical research units. Centered on precision research pen, volumetric god rays through haze, fast resolve into locked hero frame.","tack sharp, photorealistic, rim lighting, HDR, perfect exposure, medium format look",9:16,8,1080p,grok-imagine-image-quality,grok-imagine-video-1.5,"Photoreal vertical 9:16 Palm Beach Vitality laboratory research catalog film, chemical research material only, premium American research aesthetic, no people, no faces, no hands, no needles, no injection, no clinic, no gym, no lifestyle, no wellness claims, no nicknames. Scene: Special / hybrid shot: soft-to-sharp rack focus traveling across a row of identical research units. Centered on precision research pen, volumetric god rays through haze, fast resolve into locked hero frame.. Quality: tack sharp, photorealistic, rim lighting, HDR, perfect exposure, medium format look. creation motif 255/500 · scene 541. Keep product identity and any on-screen research typography sharp and unchanged. For laboratory research use only. Not for human use or consumption.",Active,0,
PBVita-Reel-256,256,126,Laboratory & Scientific Environments,"Precision research pen through the glass of a fume hood, volumetric god rays through haze, with abstract geometric light patterns, fast resolve into locked hero frame. [catalog angle 256]","tack sharp, photorealistic, creamy bokeh, high fidelity, global illumination, DSLR sharpness",9:16,8,1080p,grok-imagine-image-quality,grok-imagine-video-1.5,"Photoreal vertical 9:16 Palm Beach Vitality laboratory research catalog film, chemical research material only, premium American research aesthetic, no people, no faces, no hands, no needles, no injection, no clinic, no gym, no lifestyle, no wellness claims, no nicknames. Scene: Precision research pen through the glass of a fume hood, volumetric god rays through haze, with abstract geometric light patterns, fast resolve into locked hero frame. [catalog angle 256]. Quality: tack sharp, photorealistic, creamy bokeh, high fidelity, global illumination, DSLR sharpness. creation motif 256/500 · scene 126. Keep product identity and any on-screen research typography sharp and unchanged. For laboratory research use only. Not for human use or consumption.",Active,0,
PBVita-Reel-257,257,480,Lifestyle & Context (Research-Forward),"Context still life: soft outdoor natural light on a clean table with simple greenery, no people. Featuring sterile research vial, warm golden hour side light, locked-off static with internal motion only.","tack sharp, hyperrealistic, cinematic lighting, high dynamic range, elegant framing, high fidelity",9:16,8,1080p,grok-imagine-image-quality,grok-imagine-video-1.5,"Photoreal vertical 9:16 Palm Beach Vitality laboratory research catalog film, chemical research material only, premium American research aesthetic, no people, no faces, no hands, no needles, no injection, no clinic, no gym, no lifestyle, no wellness claims, no nicknames. Scene: Context still life: soft outdoor natural light on a clean table with simple greenery, no people. Featuring sterile research vial, warm golden hour side light, locked-off static with internal motion only.. Quality: tack sharp, hyperrealistic, cinematic lighting, high dynamic range, elegant framing, high fidelity. creation motif 257/500 · scene 480. Keep product identity and any on-screen research typography sharp and unchanged. For laboratory research use only. Not for human use or consumption.",Active,0,
PBVita-Reel-258,258,410,Lighting & Mood Variations,"Mood lighting study: pure black void with single controlled spotlight. Product is research vial lying on its side, captured with locked-off static with internal motion only.","tack sharp, hyperrealistic, soft diffused lighting, perfect exposure, creamy bokeh, perfect composition",9:16,8,1080p,grok-imagine-image-quality,grok-imagine-video-1.5,"Photoreal vertical 9:16 Palm Beach Vitality laboratory research catalog film, chemical research material only, premium American research aesthetic, no people, no faces, no hands, no needles, no injection, no clinic, no gym, no lifestyle, no wellness claims, no nicknames. Scene: Mood lighting study: pure black void with single controlled spotlight. Product is research vial lying on its side, captured with locked-off static with internal motion only.. Quality: tack sharp, hyperrealistic, soft diffused lighting, perfect exposure, creamy bokeh, perfect composition. creation motif 258/500 · scene 410. Keep product identity and any on-screen research typography sharp and unchanged. For laboratory research use only. Not for human use or consumption.",Active,0,
PBVita-Reel-259,259,177,Molecular & Chemical Structure Visuals,"Soft pastel scientific rendering of a peptide chain, with elegant orbital motion, split complementary teal and amber, with soft volumetric atmosphere, spiral orbit combined with slow push.","tack sharp, hyperrealistic, rich contrast, shallow depth of field, polished look, DSLR sharpness",9:16,8,1080p,grok-imagine-image-quality,grok-imagine-video-1.5,"Photoreal vertical 9:16 Palm Beach Vitality laboratory research catalog film, chemical research material only, premium American research aesthetic, no people, no faces, no hands, no needles, no injection, no clinic, no gym, no lifestyle, no wellness claims, no nicknames. Scene: Soft pastel scientific rendering of a peptide chain, with elegant orbital motion, split complementary teal and amber, with soft volumetric atmosphere, spiral orbit combined with slow push.. Quality: tack sharp, hyperrealistic, rich contrast, shallow depth of field, polished look, DSLR sharpness. creation motif 259/500 · scene 177. Keep product identity and any on-screen research typography sharp and unchanged. For laboratory research use only. Not for human use or consumption.",Active,0,
PBVita-Reel-260,260,626,Multi-Product & Collection Arrangements,"Collection arrangement: varying distances creating strong depth with product family, volumetric god rays through haze, with abstract geometric light patterns, fast resolve into locked hero frame.","tack sharp, ultra realistic, cinematic lighting, high dynamic range, refined details, realistic textures",9:16,8,1080p,grok-imagine-image-quality,grok-imagine-video-1.5,"Photoreal vertical 9:16 Palm Beach Vitality laboratory research catalog film, chemical research material only, premium American research aesthetic, no people, no faces, no hands, no needles, no injection, no clinic, no gym, no lifestyle, no wellness claims, no nicknames. Scene: Collection arrangement: varying distances creating strong depth with product family, volumetric god rays through haze, with abstract geometric light patterns, fast resolve into locked hero frame.. Quality: tack sharp, ultra realistic, cinematic lighting, high dynamic range, refined details, realistic textures. creation motif 260/500 · scene 626. Keep product identity and any on-screen research typography sharp and unchanged. For laboratory research use only. Not for human use or consumption.",Active,0,
PBVita-Reel-261,261,59,Product Hero & Macro,"Side profile of single research pen standing upright showing liquid refraction, cool overhead fluorescent lab feel, extreme high angle looking straight down. [catalog angle 261]","tack sharp, ultra realistic, soft diffused lighting, perfect exposure, premium aesthetic, intricate textures",9:16,8,1080p,grok-imagine-image-quality,grok-imagine-video-1.5,"Photoreal vertical 9:16 Palm Beach Vitality laboratory research catalog film, chemical research material only, premium American research aesthetic, no people, no faces, no hands, no needles, no injection, no clinic, no gym, no lifestyle, no wellness claims, no nicknames. Scene: Side profile of single research pen standing upright showing liquid refraction, cool overhead fluorescent lab feel, extreme high angle looking straight down. [catalog angle 261]. Quality: tack sharp, ultra realistic, soft diffused lighting, perfect exposure, premium aesthetic, intricate textures. creation motif 261/500 · scene 059. Keep product identity and any on-screen research typography sharp and unchanged. For laboratory research use only. Not for human use or consumption.",Active,0,
PBVita-Reel-262,262,251,"Production, Process & Manufacturing","Stylized research process: product emerging from protective outer packaging, volumetric god rays through haze, with abstract geometric light patterns, fast resolve into locked hero frame. [catalog angle 262]","tack sharp, ultra realistic, rich contrast, shallow depth of field, intricate textures, medium format look",9:16,8,1080p,grok-imagine-image-quality,grok-imagine-video-1.5,"Photoreal vertical 9:16 Palm Beach Vitality laboratory research catalog film, chemical research material only, premium American research aesthetic, no people, no faces, no hands, no needles, no injection, no clinic, no gym, no lifestyle, no wellness claims, no nicknames. Scene: Stylized research process: product emerging from protective outer packaging, volumetric god rays through haze, with abstract geometric light patterns, fast resolve into locked hero frame. [catalog angle 262]. Quality: tack sharp, ultra realistic, rich contrast, shallow depth of field, intricate textures, medium format look. creation motif 262/500 · scene 251. Keep product identity and any on-screen research typography sharp and unchanged. For laboratory research use only. Not for human use or consumption.",Active,0,
PBVita-Reel-263,263,375,Signature Camera Moves & Dynamic Angles,"Camera focused: locked product with layered parallax background drift. Subject is research vial lying on its side, hard specular edge light, with soft fabric movement in background.","tack sharp, cinematic lighting, dramatic lighting, rich contrast, polished look, editorial photography style",9:16,8,1080p,grok-imagine-image-quality,grok-imagine-video-1.5,"Photoreal vertical 9:16 Palm Beach Vitality laboratory research catalog film, chemical research material only, premium American research aesthetic, no people, no faces, no hands, no needles, no injection, no clinic, no gym, no lifestyle, no wellness claims, no nicknames. Scene: Camera focused: locked product with layered parallax background drift. Subject is research vial lying on its side, hard specular edge light, with soft fabric movement in background.. Quality: tack sharp, cinematic lighting, dramatic lighting, rich contrast, polished look, editorial photography style. creation motif 263/500 · scene 375. Keep product identity and any on-screen research typography sharp and unchanged. For laboratory research use only. Not for human use or consumption.",Active,0,
PBVita-Reel-264,264,438,"Text, Kinetic & Overlay-Friendly Scenes","Overlay-optimized composition: slow vertical text reveal over soft moving molecular background. Subject sealed peptide vial with rubber stopper, dramatic single hard key light.","tack sharp, cinematic lighting, rim lighting, high dynamic range, perfect exposure, ambient occlusion",9:16,8,1080p,grok-imagine-image-quality,grok-imagine-video-1.5,"Photoreal vertical 9:16 Palm Beach Vitality laboratory research catalog film, chemical research material only, premium American research aesthetic, no people, no faces, no hands, no needles, no injection, no clinic, no gym, no lifestyle, no wellness claims, no nicknames. Scene: Overlay-optimized composition: slow vertical text reveal over soft moving molecular background. Subject sealed peptide vial with rubber stopper, dramatic single hard key light.. Quality: tack sharp, cinematic lighting, rim lighting, high dynamic range, perfect exposure, ambient occlusion. creation motif 264/500 · scene 438. Keep product identity and any on-screen research typography sharp and unchanged. For laboratory research use only. Not for human use or consumption.",Active,0,
PBVita-Reel-265,265,272,"Abstract, Artistic & Cinematic Science","High-contrast black and white with selective color on liquid, featuring amber-tinted research vial, split complementary teal and amber, spiral orbit combined with slow push.","tack sharp, cinematic lighting, creamy bokeh, polished look, intricate textures, ambient occlusion",9:16,8,1080p,grok-imagine-image-quality,grok-imagine-video-1.5,"Photoreal vertical 9:16 Palm Beach Vitality laboratory research catalog film, chemical research material only, premium American research aesthetic, no people, no faces, no hands, no needles, no injection, no clinic, no gym, no lifestyle, no wellness claims, no nicknames. Scene: High-contrast black and white with selective color on liquid, featuring amber-tinted research vial, split complementary teal and amber, spiral orbit combined with slow push.. Quality: tack sharp, cinematic lighting, creamy bokeh, polished look, intricate textures, ambient occlusion. creation motif 265/500 · scene 272. Keep product identity and any on-screen research typography sharp and unchanged. For laboratory research use only. Not for human use or consumption.",Active,0,
PBVita-Reel-266,266,592,Extreme Detail & Texture Studies,"Texture / detail study: close-up of the protective cap texture and precise fit, clean high-key beauty lighting, extreme macro push-in.","tack sharp, dramatic lighting, soft diffused lighting, global illumination, soft shadows, realistic reflections",9:16,8,1080p,grok-imagine-image-quality,grok-imagine-video-1.5,"Photoreal vertical 9:16 Palm Beach Vitality laboratory research catalog film, chemical research material only, premium American research aesthetic, no people, no faces, no hands, no needles, no injection, no clinic, no gym, no lifestyle, no wellness claims, no nicknames. Scene: Texture / detail study: close-up of the protective cap texture and precise fit, clean high-key beauty lighting, extreme macro push-in.. Quality: tack sharp, dramatic lighting, soft diffused lighting, global illumination, soft shadows, realistic reflections. creation motif 266/500 · scene 592. Keep product identity and any on-screen research typography sharp and unchanged. For laboratory research use only. Not for human use or consumption.",Active,0,
PBVita-Reel-267,267,546,"Hybrid, Transition & Special Shots","Special / hybrid shot: product dissolving into soft light particles that reform as molecular model. Centered on pre-filled research pen, soft rim light from behind, slow 360° orbit at eye level.","tack sharp, dramatic lighting, perfect exposure, creamy bokeh, perfect composition, realistic textures",9:16,8,1080p,grok-imagine-image-quality,grok-imagine-video-1.5,"Photoreal vertical 9:16 Palm Beach Vitality laboratory research catalog film, chemical research material only, premium American research aesthetic, no people, no faces, no hands, no needles, no injection, no clinic, no gym, no lifestyle, no wellness claims, no nicknames. Scene: Special / hybrid shot: product dissolving into soft light particles that reform as molecular model. Centered on pre-filled research pen, soft rim light from behind, slow 360° orbit at eye level.. Quality: tack sharp, dramatic lighting, perfect exposure, creamy bokeh, perfect composition, realistic textures. creation motif 267/500 · scene 546. Keep product identity and any on-screen research typography sharp and unchanged. For laboratory research use only. Not for human use or consumption.",Active,0,
PBVita-Reel-268,268,94,Laboratory & Scientific Environments,"Research pen with visible liquid barrel in a cold storage rack with soft fog, soft bounce from below, with delicate condensation on glass, vertical rise from base to top.","tack sharp, volumetric lighting, studio lighting, high dynamic range, polished look, soft shadows",9:16,8,1080p,grok-imagine-image-quality,grok-imagine-video-1.5,"Photoreal vertical 9:16 Palm Beach Vitality laboratory research catalog film, chemical research material only, premium American research aesthetic, no people, no faces, no hands, no needles, no injection, no clinic, no gym, no lifestyle, no wellness claims, no nicknames. Scene: Research pen with visible liquid barrel in a cold storage rack with soft fog, soft bounce from below, with delicate condensation on glass, vertical rise from base to top.. Quality: tack sharp, volumetric lighting, studio lighting, high dynamic range, polished look, soft shadows. creation motif 268/500 · scene 094. Keep product identity and any on-screen research typography sharp and unchanged. For laboratory research use only. Not for human use or consumption.",Active,0,
PBVita-Reel-269,269,490,Lifestyle & Context (Research-Forward),"Context still life: minimal dark interior where the product is the single point of light. Featuring sterile research vial, warm under-light glow, slow pull-out revealing environment.","tack sharp, volumetric lighting, perfect exposure, premium aesthetic, global illumination, high-end commercial look",9:16,8,1080p,grok-imagine-image-quality,grok-imagine-video-1.5,"Photoreal vertical 9:16 Palm Beach Vitality laboratory research catalog film, chemical research material only, premium American research aesthetic, no people, no faces, no hands, no needles, no injection, no clinic, no gym, no lifestyle, no wellness claims, no nicknames. Scene: Context still life: minimal dark interior where the product is the single point of light. Featuring sterile research vial, warm under-light glow, slow pull-out revealing environment.. Quality: tack sharp, volumetric lighting, perfect exposure, premium aesthetic, global illumination, high-end commercial look. creation motif 269/500 · scene 490. Keep product identity and any on-screen research typography sharp and unchanged. For laboratory research use only. Not for human use or consumption.",Active,0,
PBVita-Reel-270,270,427,Lighting & Mood Variations,"Mood lighting study: warm practical desk lamp style motivated lighting. Product is amber-tinted research vial, captured with spiral orbit combined with slow push.","tack sharp, soft diffused lighting, rim lighting, creamy bokeh, DSLR sharpness, professional photography",9:16,8,1080p,grok-imagine-image-quality,grok-imagine-video-1.5,"Photoreal vertical 9:16 Palm Beach Vitality laboratory research catalog film, chemical research material only, premium American research aesthetic, no people, no faces, no hands, no needles, no injection, no clinic, no gym, no lifestyle, no wellness claims, no nicknames. Scene: Mood lighting study: warm practical desk lamp style motivated lighting. Product is amber-tinted research vial, captured with spiral orbit combined with slow push.. Quality: tack sharp, soft diffused lighting, rim lighting, creamy bokeh, DSLR sharpness, professional photography. creation motif 270/500 · scene 427. Keep product identity and any on-screen research typography sharp and unchanged. For laboratory research use only. Not for human use or consumption.",Active,0,
PBVita-Reel-271,271,201,Molecular & Chemical Structure Visuals,"Clean 3d ball-and-stick model of a peptide chain, slowly rotating in dark space, soft rim light from behind, with soft particle haze, slow 360° orbit at eye level. [catalog angle 271]","tack sharp, soft diffused lighting, perfect composition, ambient occlusion, soft shadows, DSLR sharpness",9:16,8,1080p,grok-imagine-image-quality,grok-imagine-video-1.5,"Photoreal vertical 9:16 Palm Beach Vitality laboratory research catalog film, chemical research material only, premium American research aesthetic, no people, no faces, no hands, no needles, no injection, no clinic, no gym, no lifestyle, no wellness claims, no nicknames. Scene: Clean 3d ball-and-stick model of a peptide chain, slowly rotating in dark space, soft rim light from behind, with soft particle haze, slow 360° orbit at eye level. [catalog angle 271]. Quality: tack sharp, soft diffused lighting, perfect composition, ambient occlusion, soft shadows, DSLR sharpness. creation motif 271/500 · scene 201. Keep product identity and any on-screen research typography sharp and unchanged. For laboratory research use only. Not for human use or consumption.",Active,0,
PBVita-Reel-272,272,617,Multi-Product & Collection Arrangements,"Collection arrangement: symmetric pair of vial and pen in balanced composition, clean high-key beauty lighting, with gentle dry-ice style fog drifting, extreme macro push-in. [catalog angle 272]","tack sharp, studio lighting, rich contrast, high fidelity, soft shadows, editorial photography style",9:16,8,1080p,grok-imagine-image-quality,grok-imagine-video-1.5,"Photoreal vertical 9:16 Palm Beach Vitality laboratory research catalog film, chemical research material only, premium American research aesthetic, no people, no faces, no hands, no needles, no injection, no clinic, no gym, no lifestyle, no wellness claims, no nicknames. Scene: Collection arrangement: symmetric pair of vial and pen in balanced composition, clean high-key beauty lighting, with gentle dry-ice style fog drifting, extreme macro push-in. [catalog angle 272]. Quality: tack sharp, studio lighting, rich contrast, high fidelity, soft shadows, editorial photography style. creation motif 272/500 · scene 617. Keep product identity and any on-screen research typography sharp and unchanged. For laboratory research use only. Not for human use or consumption.",Active,0,
PBVita-Reel-273,273,31,Product Hero & Macro,"Extreme macro of pre-filled research pen on polished black reflective surface, soft rim light from behind, slow 360° orbit at eye level. [catalog angle 273]","tack sharp, rim lighting, HDR, perfect composition, ambient occlusion, editorial photography style",9:16,8,1080p,grok-imagine-image-quality,grok-imagine-video-1.5,"Photoreal vertical 9:16 Palm Beach Vitality laboratory research catalog film, chemical research material only, premium American research aesthetic, no people, no faces, no hands, no needles, no injection, no clinic, no gym, no lifestyle, no wellness claims, no nicknames. Scene: Extreme macro of pre-filled research pen on polished black reflective surface, soft rim light from behind, slow 360° orbit at eye level. [catalog angle 273]. Quality: tack sharp, rim lighting, HDR, perfect composition, ambient occlusion, editorial photography style. creation motif 273/500 · scene 031. Keep product identity and any on-screen research typography sharp and unchanged. For laboratory research use only. Not for human use or consumption.",Active,0,
PBVita-Reel-274,274,234,"Production, Process & Manufacturing","Stylized research process: final labeling and sealing with mechanical elegance, soft bounce from below, with delicate condensation on glass, vertical rise from base to top.","tack sharp, high dynamic range, HDR, perfect composition, elegant framing, soft shadows",9:16,8,1080p,grok-imagine-image-quality,grok-imagine-video-1.5,"Photoreal vertical 9:16 Palm Beach Vitality laboratory research catalog film, chemical research material only, premium American research aesthetic, no people, no faces, no hands, no needles, no injection, no clinic, no gym, no lifestyle, no wellness claims, no nicknames. Scene: Stylized research process: final labeling and sealing with mechanical elegance, soft bounce from below, with delicate condensation on glass, vertical rise from base to top.. Quality: tack sharp, high dynamic range, HDR, perfect composition, elegant framing, soft shadows. creation motif 274/500 · scene 234. Keep product identity and any on-screen research typography sharp and unchanged. For laboratory research use only. Not for human use or consumption.",Active,0,
PBVita-Reel-275,275,353,Signature Camera Moves & Dynamic Angles,"Camera focused: soft rack focus from background lab elements onto sharp product. Subject is dual research pens side by side, dramatic single hard key light, with subtle floating dust motes in light beams.","tack sharp, HDR, rich contrast, perfect composition, global illumination, DSLR sharpness",9:16,8,1080p,grok-imagine-image-quality,grok-imagine-video-1.5,"Photoreal vertical 9:16 Palm Beach Vitality laboratory research catalog film, chemical research material only, premium American research aesthetic, no people, no faces, no hands, no needles, no injection, no clinic, no gym, no lifestyle, no wellness claims, no nicknames. Scene: Camera focused: soft rack focus from background lab elements onto sharp product. Subject is dual research pens side by side, dramatic single hard key light, with subtle floating dust motes in light beams.. Quality: tack sharp, HDR, rich contrast, perfect composition, global illumination, DSLR sharpness. creation motif 275/500 · scene 353. Keep product identity and any on-screen research typography sharp and unchanged. For laboratory research use only. Not for human use or consumption.",Active,0,
PBVita-Reel-276,276,457,"Text, Kinetic & Overlay-Friendly Scenes","Overlay-optimized composition: product locked on the right third, left two-thirds open for bold typography. Subject clear glass research vial, split complementary teal and amber.","tack sharp, rich contrast, shallow depth of field, intricate textures, medium format look, DSLR sharpness",9:16,8,1080p,grok-imagine-image-quality,grok-imagine-video-1.5,"Photoreal vertical 9:16 Palm Beach Vitality laboratory research catalog film, chemical research material only, premium American research aesthetic, no people, no faces, no hands, no needles, no injection, no clinic, no gym, no lifestyle, no wellness claims, no nicknames. Scene: Overlay-optimized composition: product locked on the right third, left two-thirds open for bold typography. Subject clear glass research vial, split complementary teal and amber.. Quality: tack sharp, rich contrast, shallow depth of field, intricate textures, medium format look, DSLR sharpness. creation motif 276/500 · scene 457. Keep product identity and any on-screen research typography sharp and unchanged. For laboratory research use only. Not for human use or consumption.",Active,0,
PBVita-Reel-277,277,322,"Abstract, Artistic & Cinematic Science","Crystal refractive elements creating rainbow caustics, featuring amber-tinted research vial, soft window light with gentle falloff, circular arc that never fully completes.","tack sharp, perfect exposure, realistic textures, detailed surface texture, global illumination, medium format look",9:16,8,1080p,grok-imagine-image-quality,grok-imagine-video-1.5,"Photoreal vertical 9:16 Palm Beach Vitality laboratory research catalog film, chemical research material only, premium American research aesthetic, no people, no faces, no hands, no needles, no injection, no clinic, no gym, no lifestyle, no wellness claims, no nicknames. Scene: Crystal refractive elements creating rainbow caustics, featuring amber-tinted research vial, soft window light with gentle falloff, circular arc that never fully completes.. Quality: tack sharp, perfect exposure, realistic textures, detailed surface texture, global illumination, medium format look. creation motif 277/500 · scene 322. Keep product identity and any on-screen research typography sharp and unchanged. For laboratory research use only. Not for human use or consumption.",Active,0,
PBVita-Reel-278,278,577,Extreme Detail & Texture Studies,"Texture / detail study: slow pan across the product’s surface revealing continuous texture, clean high-key beauty lighting, extreme macro push-in.","tack sharp, perfect composition, polished look, refined details, high fidelity, professional photography",9:16,8,1080p,grok-imagine-image-quality,grok-imagine-video-1.5,"Photoreal vertical 9:16 Palm Beach Vitality laboratory research catalog film, chemical research material only, premium American research aesthetic, no people, no faces, no hands, no needles, no injection, no clinic, no gym, no lifestyle, no wellness claims, no nicknames. Scene: Texture / detail study: slow pan across the product’s surface revealing continuous texture, clean high-key beauty lighting, extreme macro push-in.. Quality: tack sharp, perfect composition, polished look, refined details, high fidelity, professional photography. creation motif 278/500 · scene 577. Keep product identity and any on-screen research typography sharp and unchanged. For laboratory research use only. Not for human use or consumption.",Active,0,
PBVita-Reel-279,279,560,"Hybrid, Transition & Special Shots","Special / hybrid shot: product revealed by slowly pulling away a clean white cloth or card. Centered on sterile research vial, warm under-light glow, slow pull-out revealing environment.","crystal clear, ultra sharp, 8k resolution, photorealistic, rim lighting, realistic reflections",9:16,8,1080p,grok-imagine-image-quality,grok-imagine-video-1.5,"Photoreal vertical 9:16 Palm Beach Vitality laboratory research catalog film, chemical research material only, premium American research aesthetic, no people, no faces, no hands, no needles, no injection, no clinic, no gym, no lifestyle, no wellness claims, no nicknames. Scene: Special / hybrid shot: product revealed by slowly pulling away a clean white cloth or card. Centered on sterile research vial, warm under-light glow, slow pull-out revealing environment.. Quality: crystal clear, ultra sharp, 8k resolution, photorealistic, rim lighting, realistic reflections. creation motif 279/500 · scene 560. Keep product identity and any on-screen research typography sharp and unchanged. For laboratory research use only. Not for human use or consumption.",Active,0,
PBVita-Reel-280,280,95,Laboratory & Scientific Environments,"Sterile research vial on an organized research bench with minimal tools, hard specular edge light, with soft fabric movement in background, soft focus rack from background to product.","crystal clear, ultra sharp, photorealistic, elegant framing, global illumination, DSLR sharpness",9:16,8,1080p,grok-imagine-image-quality,grok-imagine-video-1.5,"Photoreal vertical 9:16 Palm Beach Vitality laboratory research catalog film, chemical research material only, premium American research aesthetic, no people, no faces, no hands, no needles, no injection, no clinic, no gym, no lifestyle, no wellness claims, no nicknames. Scene: Sterile research vial on an organized research bench with minimal tools, hard specular edge light, with soft fabric movement in background, soft focus rack from background to product.. Quality: crystal clear, ultra sharp, photorealistic, elegant framing, global illumination, DSLR sharpness. creation motif 280/500 · scene 095. Keep product identity and any on-screen research typography sharp and unchanged. For laboratory research use only. Not for human use or consumption.",Active,0,
PBVita-Reel-281,281,505,Lifestyle & Context (Research-Forward),"Context still life: soft window light and sheer curtains creating gentle movement behind product. Featuring research vial lying on its side, warm under-light glow, slow pull-out revealing environment.","crystal clear, ultra sharp, cinematic lighting, dramatic lighting, realistic textures, ambient occlusion",9:16,8,1080p,grok-imagine-image-quality,grok-imagine-video-1.5,"Photoreal vertical 9:16 Palm Beach Vitality laboratory research catalog film, chemical research material only, premium American research aesthetic, no people, no faces, no hands, no needles, no injection, no clinic, no gym, no lifestyle, no wellness claims, no nicknames. Scene: Context still life: soft window light and sheer curtains creating gentle movement behind product. Featuring research vial lying on its side, warm under-light glow, slow pull-out revealing environment.. Quality: crystal clear, ultra sharp, cinematic lighting, dramatic lighting, realistic textures, ambient occlusion. creation motif 281/500 · scene 505. Keep product identity and any on-screen research typography sharp and unchanged. For laboratory research use only. Not for human use or consumption.",Active,0,
PBVita-Reel-282,282,394,Lighting & Mood Variations,"Mood lighting study: almost shadowless beauty dish style premium lighting. Product is research pen with visible liquid barrel, captured with low angle tracking slide.","crystal clear, ultra sharp, volumetric lighting, intricate textures, soft shadows, editorial photography style",9:16,8,1080p,grok-imagine-image-quality,grok-imagine-video-1.5,"Photoreal vertical 9:16 Palm Beach Vitality laboratory research catalog film, chemical research material only, premium American research aesthetic, no people, no faces, no hands, no needles, no injection, no clinic, no gym, no lifestyle, no wellness claims, no nicknames. Scene: Mood lighting study: almost shadowless beauty dish style premium lighting. Product is research pen with visible liquid barrel, captured with low angle tracking slide.. Quality: crystal clear, ultra sharp, volumetric lighting, intricate textures, soft shadows, editorial photography style. creation motif 282/500 · scene 394. Keep product identity and any on-screen research typography sharp and unchanged. For laboratory research use only. Not for human use or consumption.",Active,0,
PBVita-Reel-283,283,146,Molecular & Chemical Structure Visuals,"High-end holographic projection style of a peptide chain, against pure black void, soft diffused overhead, with light caustics refracting across the surface, subtle handheld micro-movement.","crystal clear, ultra sharp, HDR, shallow depth of field, polished look, realistic reflections",9:16,8,1080p,grok-imagine-image-quality,grok-imagine-video-1.5,"Photoreal vertical 9:16 Palm Beach Vitality laboratory research catalog film, chemical research material only, premium American research aesthetic, no people, no faces, no hands, no needles, no injection, no clinic, no gym, no lifestyle, no wellness claims, no nicknames. Scene: High-end holographic projection style of a peptide chain, against pure black void, soft diffused overhead, with light caustics refracting across the surface, subtle handheld micro-movement.. Quality: crystal clear, ultra sharp, HDR, shallow depth of field, polished look, realistic reflections. creation motif 283/500 · scene 146. Keep product identity and any on-screen research typography sharp and unchanged. For laboratory research use only. Not for human use or consumption.",Active,0,
PBVita-Reel-284,284,629,Multi-Product & Collection Arrangements,"Collection arrangement: products at different rotation angles creating rhythmic visual pattern, cool overhead fluorescent lab feel, with soft shadow only, extreme high angle looking straight down. [catalog angle 284]","crystal clear, 8k resolution, photorealistic, hyperrealistic, clean and crisp, medium format look",9:16,8,1080p,grok-imagine-image-quality,grok-imagine-video-1.5,"Photoreal vertical 9:16 Palm Beach Vitality laboratory research catalog film, chemical research material only, premium American research aesthetic, no people, no faces, no hands, no needles, no injection, no clinic, no gym, no lifestyle, no wellness claims, no nicknames. Scene: Collection arrangement: products at different rotation angles creating rhythmic visual pattern, cool overhead fluorescent lab feel, with soft shadow only, extreme high angle looking straight down. [catalog angle 284]. Quality: crystal clear, 8k resolution, photorealistic, hyperrealistic, clean and crisp, medium format look. creation motif 284/500 · scene 629. Keep product identity and any on-screen research typography sharp and unchanged. For laboratory research use only. Not for human use or consumption.",Active,0,
PBVita-Reel-285,285,44,Product Hero & Macro,"Detail study of research pen with visible liquid barrel focusing on liquid and glass, cool overhead fluorescent lab feel, extreme high angle looking straight down. [catalog angle 285]","crystal clear, 8k resolution, ultra realistic, dramatic lighting, studio lighting, perfect exposure",9:16,8,1080p,grok-imagine-image-quality,grok-imagine-video-1.5,"Photoreal vertical 9:16 Palm Beach Vitality laboratory research catalog film, chemical research material only, premium American research aesthetic, no people, no faces, no hands, no needles, no injection, no clinic, no gym, no lifestyle, no wellness claims, no nicknames. Scene: Detail study of research pen with visible liquid barrel focusing on liquid and glass, cool overhead fluorescent lab feel, extreme high angle looking straight down. [catalog angle 285]. Quality: crystal clear, 8k resolution, ultra realistic, dramatic lighting, studio lighting, perfect exposure. creation motif 285/500 · scene 044. Keep product identity and any on-screen research typography sharp and unchanged. For laboratory research use only. Not for human use or consumption.",Active,0,
PBVita-Reel-286,286,243,"Production, Process & Manufacturing","Stylized research process: liquid passing through a clean filtration membrane, dramatic single hard key light, with subtle floating dust motes in light beams, gentle top-down descending crane.","crystal clear, 8k resolution, dramatic lighting, shallow depth of field, high fidelity, professional photography",9:16,8,1080p,grok-imagine-image-quality,grok-imagine-video-1.5,"Photoreal vertical 9:16 Palm Beach Vitality laboratory research catalog film, chemical research material only, premium American research aesthetic, no people, no faces, no hands, no needles, no injection, no clinic, no gym, no lifestyle, no wellness claims, no nicknames. Scene: Stylized research process: liquid passing through a clean filtration membrane, dramatic single hard key light, with subtle floating dust motes in light beams, gentle top-down descending crane.. Quality: crystal clear, 8k resolution, dramatic lighting, shallow depth of field, high fidelity, professional photography. creation motif 286/500 · scene 243. Keep product identity and any on-screen research typography sharp and unchanged. For laboratory research use only. Not for human use or consumption.",Active,0,
PBVita-Reel-287,287,385,Signature Camera Moves & Dynamic Angles,"Camera focused: static locked-off frame where only internal liquid moves. Subject is research vial lying on its side, warm golden hour side light, with soft bokeh circles drifting past.","crystal clear, 8k resolution, rim lighting, HDR, global illumination, professional photography",9:16,8,1080p,grok-imagine-image-quality,grok-imagine-video-1.5,"Photoreal vertical 9:16 Palm Beach Vitality laboratory research catalog film, chemical research material only, premium American research aesthetic, no people, no faces, no hands, no needles, no injection, no clinic, no gym, no lifestyle, no wellness claims, no nicknames. Scene: Camera focused: static locked-off frame where only internal liquid moves. Subject is research vial lying on its side, warm golden hour side light, with soft bokeh circles drifting past.. Quality: crystal clear, 8k resolution, rim lighting, HDR, global illumination, professional photography. creation motif 287/500 · scene 385. Keep product identity and any on-screen research typography sharp and unchanged. For laboratory research use only. Not for human use or consumption.",Active,0,
PBVita-Reel-288,288,469,"Text, Kinetic & Overlay-Friendly Scenes","Overlay-optimized composition: circular negative space around centered product for surrounding type. Subject research pen with visible liquid barrel, cool clinical blue-white LED.","crystal clear, 8k resolution, creamy bokeh, global illumination, high-end commercial look, editorial photography style",9:16,8,1080p,grok-imagine-image-quality,grok-imagine-video-1.5,"Photoreal vertical 9:16 Palm Beach Vitality laboratory research catalog film, chemical research material only, premium American research aesthetic, no people, no faces, no hands, no needles, no injection, no clinic, no gym, no lifestyle, no wellness claims, no nicknames. Scene: Overlay-optimized composition: circular negative space around centered product for surrounding type. Subject research pen with visible liquid barrel, cool clinical blue-white LED.. Quality: crystal clear, 8k resolution, creamy bokeh, global illumination, high-end commercial look, editorial photography style. creation motif 288/500 · scene 469. Keep product identity and any on-screen research typography sharp and unchanged. For laboratory research use only. Not for human use or consumption.",Active,0,
PBVita-Reel-289,289,282,"Abstract, Artistic & Cinematic Science","Crystal refractive elements creating rainbow caustics, featuring amber-tinted research vial, clean high-key beauty lighting, extreme macro push-in.","crystal clear, photorealistic, ultra realistic, studio lighting, high dynamic range, high fidelity",9:16,8,1080p,grok-imagine-image-quality,grok-imagine-video-1.5,"Photoreal vertical 9:16 Palm Beach Vitality laboratory research catalog film, chemical research material only, premium American research aesthetic, no people, no faces, no hands, no needles, no injection, no clinic, no gym, no lifestyle, no wellness claims, no nicknames. Scene: Crystal refractive elements creating rainbow caustics, featuring amber-tinted research vial, clean high-key beauty lighting, extreme macro push-in.. Quality: crystal clear, photorealistic, ultra realistic, studio lighting, high dynamic range, high fidelity. creation motif 289/500 · scene 282. Keep product identity and any on-screen research typography sharp and unchanged. For laboratory research use only. Not for human use or consumption.",Active,0,
PBVita-Reel-290,290,583,Extreme Detail & Texture Studies,"Texture / detail study: tight detail of rubber stopper texture and seal integrity, low-key selective highlight only, lateral motion-control track.","crystal clear, photorealistic, dramatic lighting, detailed surface texture, realistic reflections, professional photography",9:16,8,1080p,grok-imagine-image-quality,grok-imagine-video-1.5,"Photoreal vertical 9:16 Palm Beach Vitality laboratory research catalog film, chemical research material only, premium American research aesthetic, no people, no faces, no hands, no needles, no injection, no clinic, no gym, no lifestyle, no wellness claims, no nicknames. Scene: Texture / detail study: tight detail of rubber stopper texture and seal integrity, low-key selective highlight only, lateral motion-control track.. Quality: crystal clear, photorealistic, dramatic lighting, detailed surface texture, realistic reflections, professional photography. creation motif 290/500 · scene 583. Keep product identity and any on-screen research typography sharp and unchanged. For laboratory research use only. Not for human use or consumption.",Active,0,
PBVita-Reel-291,291,532,"Hybrid, Transition & Special Shots","Special / hybrid shot: clean product shot that slowly fills with soft scientific particle atmosphere. Centered on amber-tinted research vial, clean high-key beauty lighting, extreme macro push-in.","crystal clear, photorealistic, rim lighting, elegant framing, high-end commercial look, DSLR sharpness",9:16,8,1080p,grok-imagine-image-quality,grok-imagine-video-1.5,"Photoreal vertical 9:16 Palm Beach Vitality laboratory research catalog film, chemical research material only, premium American research aesthetic, no people, no faces, no hands, no needles, no injection, no clinic, no gym, no lifestyle, no wellness claims, no nicknames. Scene: Special / hybrid shot: clean product shot that slowly fills with soft scientific particle atmosphere. Centered on amber-tinted research vial, clean high-key beauty lighting, extreme macro push-in.. Quality: crystal clear, photorealistic, rim lighting, elegant framing, high-end commercial look, DSLR sharpness. creation motif 291/500 · scene 532. Keep product identity and any on-screen research typography sharp and unchanged. For laboratory research use only. Not for human use or consumption.",Active,0,
PBVita-Reel-292,292,125,Laboratory & Scientific Environments,"Sterile research vial on an organized research bench with minimal tools, hard specular edge light, with soft fabric movement in background, soft focus rack from background to product. [catalog angle 292]","crystal clear, photorealistic, elegant framing, clean and crisp, refined details, ambient occlusion",9:16,8,1080p,grok-imagine-image-quality,grok-imagine-video-1.5,"Photoreal vertical 9:16 Palm Beach Vitality laboratory research catalog film, chemical research material only, premium American research aesthetic, no people, no faces, no hands, no needles, no injection, no clinic, no gym, no lifestyle, no wellness claims, no nicknames. Scene: Sterile research vial on an organized research bench with minimal tools, hard specular edge light, with soft fabric movement in background, soft focus rack from background to product. [catalog angle 292]. Quality: crystal clear, photorealistic, elegant framing, clean and crisp, refined details, ambient occlusion. creation motif 292/500 · scene 125. Keep product identity and any on-screen research typography sharp and unchanged. For laboratory research use only. Not for human use or consumption.",Active,0,
PBVita-Reel-293,293,497,Lifestyle & Context (Research-Forward),"Context still life: soft morning light on a tidy surface with the product as quiet focal point. Featuring clear glass research vial, split complementary teal and amber, spiral orbit combined with slow push.","crystal clear, hyperrealistic, cinematic lighting, perfect composition, realistic textures, realistic reflections",9:16,8,1080p,grok-imagine-image-quality,grok-imagine-video-1.5,"Photoreal vertical 9:16 Palm Beach Vitality laboratory research catalog film, chemical research material only, premium American research aesthetic, no people, no faces, no hands, no needles, no injection, no clinic, no gym, no lifestyle, no wellness claims, no nicknames. Scene: Context still life: soft morning light on a tidy surface with the product as quiet focal point. Featuring clear glass research vial, split complementary teal and amber, spiral orbit combined with slow push.. Quality: crystal clear, hyperrealistic, cinematic lighting, perfect composition, realistic textures, realistic reflections. creation motif 293/500 · scene 497. Keep product identity and any on-screen research typography sharp and unchanged. For laboratory research use only. Not for human use or consumption.",Active,0,
PBVita-Reel-294,294,426,Lighting & Mood Variations,"Mood lighting study: hard specular edge light catching every glass and liquid detail. Product is precision research pen, captured with subtle handheld micro-movement.","crystal clear, hyperrealistic, soft diffused lighting, high fidelity, editorial photography style, professional photography",9:16,8,1080p,grok-imagine-image-quality,grok-imagine-video-1.5,"Photoreal vertical 9:16 Palm Beach Vitality laboratory research catalog film, chemical research material only, premium American research aesthetic, no people, no faces, no hands, no needles, no injection, no clinic, no gym, no lifestyle, no wellness claims, no nicknames. Scene: Mood lighting study: hard specular edge light catching every glass and liquid detail. Product is precision research pen, captured with subtle handheld micro-movement.. Quality: crystal clear, hyperrealistic, soft diffused lighting, high fidelity, editorial photography style, professional photography. creation motif 294/500 · scene 426. Keep product identity and any on-screen research typography sharp and unchanged. For laboratory research use only. Not for human use or consumption.",Active,0,
PBVita-Reel-295,295,159,Molecular & Chemical Structure Visuals,"Translucent electron density cloud of a peptide chain, with dual warm and cool lighting, cool clinical blue-white LED, in clean negative space, low angle tracking slide.","crystal clear, hyperrealistic, perfect exposure, shallow depth of field, elegant framing, high-end commercial look",9:16,8,1080p,grok-imagine-image-quality,grok-imagine-video-1.5,"Photoreal vertical 9:16 Palm Beach Vitality laboratory research catalog film, chemical research material only, premium American research aesthetic, no people, no faces, no hands, no needles, no injection, no clinic, no gym, no lifestyle, no wellness claims, no nicknames. Scene: Translucent electron density cloud of a peptide chain, with dual warm and cool lighting, cool clinical blue-white LED, in clean negative space, low angle tracking slide.. Quality: crystal clear, hyperrealistic, perfect exposure, shallow depth of field, elegant framing, high-end commercial look. creation motif 295/500 · scene 159. Keep product identity and any on-screen research typography sharp and unchanged. For laboratory research use only. Not for human use or consumption.",Active,0,
PBVita-Reel-296,296,611,Multi-Product & Collection Arrangements,"Collection arrangement: varying distances creating strong depth with product family, volumetric god rays through haze, with abstract geometric light patterns, fast resolve into locked hero frame. [catalog angle 296]","crystal clear, ultra realistic, cinematic lighting, perfect composition, medium format look, professional photography",9:16,8,1080p,grok-imagine-image-quality,grok-imagine-video-1.5,"Photoreal vertical 9:16 Palm Beach Vitality laboratory research catalog film, chemical research material only, premium American research aesthetic, no people, no faces, no hands, no needles, no injection, no clinic, no gym, no lifestyle, no wellness claims, no nicknames. Scene: Collection arrangement: varying distances creating strong depth with product family, volumetric god rays through haze, with abstract geometric light patterns, fast resolve into locked hero frame. [catalog angle 296]. Quality: crystal clear, ultra realistic, cinematic lighting, perfect composition, medium format look, professional photography. creation motif 296/500 · scene 611. Keep product identity and any on-screen research typography sharp and unchanged. For laboratory research use only. Not for human use or consumption.",Active,0,
PBVita-Reel-297,297,62,Product Hero & Macro,"Clear glass research vial gently floating and turning on matte pure white infinity surface, with gentle dry-ice style fog drifting, extreme macro push-in.","crystal clear, ultra realistic, soft diffused lighting, intricate textures, detailed surface texture, global illumination",9:16,8,1080p,grok-imagine-image-quality,grok-imagine-video-1.5,"Photoreal vertical 9:16 Palm Beach Vitality laboratory research catalog film, chemical research material only, premium American research aesthetic, no people, no faces, no hands, no needles, no injection, no clinic, no gym, no lifestyle, no wellness claims, no nicknames. Scene: Clear glass research vial gently floating and turning on matte pure white infinity surface, with gentle dry-ice style fog drifting, extreme macro push-in.. Quality: crystal clear, ultra realistic, soft diffused lighting, intricate textures, detailed surface texture, global illumination. creation motif 297/500 · scene 062. Keep product identity and any on-screen research typography sharp and unchanged. For laboratory research use only. Not for human use or consumption.",Active,0,
PBVita-Reel-298,298,264,"Production, Process & Manufacturing","Stylized research process: final labeling and sealing with mechanical elegance, soft bounce from below, with delicate condensation on glass, vertical rise from base to top. [catalog angle 298]","crystal clear, ultra realistic, perfect exposure, shallow depth of field, refined details, editorial photography style",9:16,8,1080p,grok-imagine-image-quality,grok-imagine-video-1.5,"Photoreal vertical 9:16 Palm Beach Vitality laboratory research catalog film, chemical research material only, premium American research aesthetic, no people, no faces, no hands, no needles, no injection, no clinic, no gym, no lifestyle, no wellness claims, no nicknames. Scene: Stylized research process: final labeling and sealing with mechanical elegance, soft bounce from below, with delicate condensation on glass, vertical rise from base to top. [catalog angle 298]. Quality: crystal clear, ultra realistic, perfect exposure, shallow depth of field, refined details, editorial photography style. creation motif 298/500 · scene 264. Keep product identity and any on-screen research typography sharp and unchanged. For laboratory research use only. Not for human use or consumption.",Active,0,
PBVita-Reel-299,299,360,Signature Camera Moves & Dynamic Angles,"Camera focused: subtle dutch angle that gently corrects to level. Subject is sterile research vial, hard specular edge light, with soft fabric movement in background.","crystal clear, cinematic lighting, dramatic lighting, refined details, high fidelity, professional photography",9:16,8,1080p,grok-imagine-image-quality,grok-imagine-video-1.5,"Photoreal vertical 9:16 Palm Beach Vitality laboratory research catalog film, chemical research material only, premium American research aesthetic, no people, no faces, no hands, no needles, no injection, no clinic, no gym, no lifestyle, no wellness claims, no nicknames. Scene: Camera focused: subtle dutch angle that gently corrects to level. Subject is sterile research vial, hard specular edge light, with soft fabric movement in background.. Quality: crystal clear, cinematic lighting, dramatic lighting, refined details, high fidelity, professional photography. creation motif 299/500 · scene 360. Keep product identity and any on-screen research typography sharp and unchanged. For laboratory research use only. Not for human use or consumption.",Active,0,
PBVita-Reel-300,300,461,"Text, Kinetic & Overlay-Friendly Scenes","Overlay-optimized composition: dark background with single product and high-contrast white kinetic lettering. Subject precision research pen, volumetric god rays through haze.","crystal clear, cinematic lighting, rim lighting, perfect composition, premium aesthetic, detailed surface texture",9:16,8,1080p,grok-imagine-image-quality,grok-imagine-video-1.5,"Photoreal vertical 9:16 Palm Beach Vitality laboratory research catalog film, chemical research material only, premium American research aesthetic, no people, no faces, no hands, no needles, no injection, no clinic, no gym, no lifestyle, no wellness claims, no nicknames. Scene: Overlay-optimized composition: dark background with single product and high-contrast white kinetic lettering. Subject precision research pen, volumetric god rays through haze.. Quality: crystal clear, cinematic lighting, rim lighting, perfect composition, premium aesthetic, detailed surface texture. creation motif 300/500 · scene 461. Keep product identity and any on-screen research typography sharp and unchanged. For laboratory research use only. Not for human use or consumption.",Active,0,
PBVita-Reel-301,301,319,"Abstract, Artistic & Cinematic Science","Product resting in field of soft floating geometric shapes, featuring research pen with visible liquid barrel, soft bounce from below, vertical rise from base to top.","crystal clear, cinematic lighting, perfect composition, soft shadows, high-end commercial look, DSLR sharpness",9:16,8,1080p,grok-imagine-image-quality,grok-imagine-video-1.5,"Photoreal vertical 9:16 Palm Beach Vitality laboratory research catalog film, chemical research material only, premium American research aesthetic, no people, no faces, no hands, no needles, no injection, no clinic, no gym, no lifestyle, no wellness claims, no nicknames. Scene: Product resting in field of soft floating geometric shapes, featuring research pen with visible liquid barrel, soft bounce from below, vertical rise from base to top.. Quality: crystal clear, cinematic lighting, perfect composition, soft shadows, high-end commercial look, DSLR sharpness. creation motif 301/500 · scene 319. Keep product identity and any on-screen research typography sharp and unchanged. For laboratory research use only. Not for human use or consumption.",Active,0,
PBVita-Reel-302,302,565,Extreme Detail & Texture Studies,"Texture / detail study: close study of the pen plunger mechanism and internal components, warm golden hour side light, locked-off static with internal motion only.","crystal clear, dramatic lighting, studio lighting, perfect exposure, intricate textures, realistic reflections",9:16,8,1080p,grok-imagine-image-quality,grok-imagine-video-1.5,"Photoreal vertical 9:16 Palm Beach Vitality laboratory research catalog film, chemical research material only, premium American research aesthetic, no people, no faces, no hands, no needles, no injection, no clinic, no gym, no lifestyle, no wellness claims, no nicknames. Scene: Texture / detail study: close study of the pen plunger mechanism and internal components, warm golden hour side light, locked-off static with internal motion only.. Quality: crystal clear, dramatic lighting, studio lighting, perfect exposure, intricate textures, realistic reflections. creation motif 302/500 · scene 565. Keep product identity and any on-screen research typography sharp and unchanged. For laboratory research use only. Not for human use or consumption.",Active,0,
PBVita-Reel-303,303,516,"Hybrid, Transition & Special Shots","Special / hybrid shot: match-cut ready product rotation perfectly synchronized for molecular model cut. Centered on pre-filled research pen, soft rim light from behind, slow 360° orbit at eye level.","crystal clear, dramatic lighting, shallow depth of field, creamy bokeh, high-end commercial look, medium format look",9:16,8,1080p,grok-imagine-image-quality,grok-imagine-video-1.5,"Photoreal vertical 9:16 Palm Beach Vitality laboratory research catalog film, chemical research material only, premium American research aesthetic, no people, no faces, no hands, no needles, no injection, no clinic, no gym, no lifestyle, no wellness claims, no nicknames. Scene: Special / hybrid shot: match-cut ready product rotation perfectly synchronized for molecular model cut. Centered on pre-filled research pen, soft rim light from behind, slow 360° orbit at eye level.. Quality: crystal clear, dramatic lighting, shallow depth of field, creamy bokeh, high-end commercial look, medium format look. creation motif 303/500 · scene 516. Keep product identity and any on-screen research typography sharp and unchanged. For laboratory research use only. Not for human use or consumption.",Active,0,
PBVita-Reel-304,304,130,Laboratory & Scientific Environments,"Research vial lying on its side during a careful visual inspection against light, warm under-light glow, with almost no shadow, pure beauty light, slow pull-out revealing environment. [catalog angle 304]","crystal clear, volumetric lighting, studio lighting, perfect composition, ambient occlusion, medium format look",9:16,8,1080p,grok-imagine-image-quality,grok-imagine-video-1.5,"Photoreal vertical 9:16 Palm Beach Vitality laboratory research catalog film, chemical research material only, premium American research aesthetic, no people, no faces, no hands, no needles, no injection, no clinic, no gym, no lifestyle, no wellness claims, no nicknames. Scene: Research vial lying on its side during a careful visual inspection against light, warm under-light glow, with almost no shadow, pure beauty light, slow pull-out revealing environment. [catalog angle 304]. Quality: crystal clear, volumetric lighting, studio lighting, perfect composition, ambient occlusion, medium format look. creation motif 304/500 · scene 130. Keep product identity and any on-screen research typography sharp and unchanged. For laboratory research use only. Not for human use or consumption.",Active,0,
PBVita-Reel-305,305,489,Lifestyle & Context (Research-Forward),"Context still life: bright airy interior with product catching soft directional daylight. Featuring research pen with visible liquid barrel, cool overhead fluorescent lab feel, extreme high angle looking straight down.","crystal clear, volumetric lighting, shallow depth of field, clean and crisp, high fidelity, soft shadows",9:16,8,1080p,grok-imagine-image-quality,grok-imagine-video-1.5,"Photoreal vertical 9:16 Palm Beach Vitality laboratory research catalog film, chemical research material only, premium American research aesthetic, no people, no faces, no hands, no needles, no injection, no clinic, no gym, no lifestyle, no wellness claims, no nicknames. Scene: Context still life: bright airy interior with product catching soft directional daylight. Featuring research pen with visible liquid barrel, cool overhead fluorescent lab feel, extreme high angle looking straight down.. Quality: crystal clear, volumetric lighting, shallow depth of field, clean and crisp, high fidelity, soft shadows. creation motif 305/500 · scene 489. Keep product identity and any on-screen research typography sharp and unchanged. For laboratory research use only. Not for human use or consumption.",Active,0,
PBVita-Reel-306,306,406,Lighting & Mood Variations,"Mood lighting study: hard specular edge light catching every glass and liquid detail. Product is precision research pen, captured with slow 360° orbit at eye level.","crystal clear, soft diffused lighting, high dynamic range, rich contrast, perfect composition, high-end commercial look",9:16,8,1080p,grok-imagine-image-quality,grok-imagine-video-1.5,"Photoreal vertical 9:16 Palm Beach Vitality laboratory research catalog film, chemical research material only, premium American research aesthetic, no people, no faces, no hands, no needles, no injection, no clinic, no gym, no lifestyle, no wellness claims, no nicknames. Scene: Mood lighting study: hard specular edge light catching every glass and liquid detail. Product is precision research pen, captured with slow 360° orbit at eye level.. Quality: crystal clear, soft diffused lighting, high dynamic range, rich contrast, perfect composition, high-end commercial look. creation motif 306/500 · scene 406. Keep product identity and any on-screen research typography sharp and unchanged. For laboratory research use only. Not for human use or consumption.",Active,0,
PBVita-Reel-307,307,149,Molecular & Chemical Structure Visuals,"Wireframe structure with glowing edges of a peptide chain, with dual warm and cool lighting, soft bounce from below, with delicate condensation on glass, vertical rise from base to top.","crystal clear, soft diffused lighting, polished look, clean and crisp, refined details, global illumination",9:16,8,1080p,grok-imagine-image-quality,grok-imagine-video-1.5,"Photoreal vertical 9:16 Palm Beach Vitality laboratory research catalog film, chemical research material only, premium American research aesthetic, no people, no faces, no hands, no needles, no injection, no clinic, no gym, no lifestyle, no wellness claims, no nicknames. Scene: Wireframe structure with glowing edges of a peptide chain, with dual warm and cool lighting, soft bounce from below, with delicate condensation on glass, vertical rise from base to top.. Quality: crystal clear, soft diffused lighting, polished look, clean and crisp, refined details, global illumination. creation motif 307/500 · scene 149. Keep product identity and any on-screen research typography sharp and unchanged. For laboratory research use only. Not for human use or consumption.",Active,0,
PBVita-Reel-308,308,603,Multi-Product & Collection Arrangements,"Collection arrangement: geometric grid of multiple research units on clean surface, dramatic single hard key light, with subtle floating dust motes in light beams, gentle top-down descending crane.","crystal clear, studio lighting, perfect exposure, high fidelity, intricate textures, ambient occlusion",9:16,8,1080p,grok-imagine-image-quality,grok-imagine-video-1.5,"Photoreal vertical 9:16 Palm Beach Vitality laboratory research catalog film, chemical research material only, premium American research aesthetic, no people, no faces, no hands, no needles, no injection, no clinic, no gym, no lifestyle, no wellness claims, no nicknames. Scene: Collection arrangement: geometric grid of multiple research units on clean surface, dramatic single hard key light, with subtle floating dust motes in light beams, gentle top-down descending crane.. Quality: crystal clear, studio lighting, perfect exposure, high fidelity, intricate textures, ambient occlusion. creation motif 308/500 · scene 603. Keep product identity and any on-screen research typography sharp and unchanged. For laboratory research use only. Not for human use or consumption.",Active,0,
PBVita-Reel-309,309,41,Product Hero & Macro,"Extreme macro of pre-filled research pen on textured slate, volumetric god rays through haze, fast resolve into locked hero frame. [catalog angle 309]","crystal clear, rim lighting, rich contrast, creamy bokeh, polished look, intricate textures",9:16,8,1080p,grok-imagine-image-quality,grok-imagine-video-1.5,"Photoreal vertical 9:16 Palm Beach Vitality laboratory research catalog film, chemical research material only, premium American research aesthetic, no people, no faces, no hands, no needles, no injection, no clinic, no gym, no lifestyle, no wellness claims, no nicknames. Scene: Extreme macro of pre-filled research pen on textured slate, volumetric god rays through haze, fast resolve into locked hero frame. [catalog angle 309]. Quality: crystal clear, rim lighting, rich contrast, creamy bokeh, polished look, intricate textures. creation motif 309/500 · scene 041. Keep product identity and any on-screen research typography sharp and unchanged. For laboratory research use only. Not for human use or consumption.",Active,0,
PBVita-Reel-310,310,235,"Production, Process & Manufacturing","Stylized research process: rhythmic montage of clean process steps, hard specular edge light, with soft fabric movement in background, soft focus rack from background to product. [catalog angle 310]","crystal clear, high dynamic range, rich contrast, shallow depth of field, realistic textures, ambient occlusion",9:16,8,1080p,grok-imagine-image-quality,grok-imagine-video-1.5,"Photoreal vertical 9:16 Palm Beach Vitality laboratory research catalog film, chemical research material only, premium American research aesthetic, no people, no faces, no hands, no needles, no injection, no clinic, no gym, no lifestyle, no wellness claims, no nicknames. Scene: Stylized research process: rhythmic montage of clean process steps, hard specular edge light, with soft fabric movement in background, soft focus rack from background to product. [catalog angle 310]. Quality: crystal clear, high dynamic range, rich contrast, shallow depth of field, realistic textures, ambient occlusion. creation motif 310/500 · scene 235. Keep product identity and any on-screen research typography sharp and unchanged. For laboratory research use only. Not for human use or consumption.",Active,0,
PBVita-Reel-311,311,338,Signature Camera Moves & Dynamic Angles,"Camera focused: top-down crane descending slowly onto a precise flat-lay. Subject is sealed peptide vial with rubber stopper, dramatic single hard key light, with subtle floating dust motes in light beams.","crystal clear, HDR, perfect exposure, perfect composition, realistic textures, global illumination",9:16,8,1080p,grok-imagine-image-quality,grok-imagine-video-1.5,"Photoreal vertical 9:16 Palm Beach Vitality laboratory research catalog film, chemical research material only, premium American research aesthetic, no people, no faces, no hands, no needles, no injection, no clinic, no gym, no lifestyle, no wellness claims, no nicknames. Scene: Camera focused: top-down crane descending slowly onto a precise flat-lay. Subject is sealed peptide vial with rubber stopper, dramatic single hard key light, with subtle floating dust motes in light beams.. Quality: crystal clear, HDR, perfect exposure, perfect composition, realistic textures, global illumination. creation motif 311/500 · scene 338. Keep product identity and any on-screen research typography sharp and unchanged. For laboratory research use only. Not for human use or consumption.",Active,0,
PBVita-Reel-312,312,448,"Text, Kinetic & Overlay-Friendly Scenes","Overlay-optimized composition: side-by-side layout ready: product left, kinetic text area right. Subject sealed peptide vial with rubber stopper, practical small LED panel visible in frame.","crystal clear, rich contrast, perfect composition, premium aesthetic, intricate textures, soft shadows",9:16,8,1080p,grok-imagine-image-quality,grok-imagine-video-1.5,"Photoreal vertical 9:16 Palm Beach Vitality laboratory research catalog film, chemical research material only, premium American research aesthetic, no people, no faces, no hands, no needles, no injection, no clinic, no gym, no lifestyle, no wellness claims, no nicknames. Scene: Overlay-optimized composition: side-by-side layout ready: product left, kinetic text area right. Subject sealed peptide vial with rubber stopper, practical small LED panel visible in frame.. Quality: crystal clear, rich contrast, perfect composition, premium aesthetic, intricate textures, soft shadows. creation motif 312/500 · scene 448. Keep product identity and any on-screen research typography sharp and unchanged. For laboratory research use only. Not for human use or consumption.",Active,0,
PBVita-Reel-313,313,275,"Abstract, Artistic & Cinematic Science","Soft bokeh light circles drifting past sharp product, featuring research vial lying on its side, hard specular edge light, soft focus rack from background to product.","crystal clear, shallow depth of field, creamy bokeh, detailed surface texture, global illumination, realistic reflections",9:16,8,1080p,grok-imagine-image-quality,grok-imagine-video-1.5,"Photoreal vertical 9:16 Palm Beach Vitality laboratory research catalog film, chemical research material only, premium American research aesthetic, no people, no faces, no hands, no needles, no injection, no clinic, no gym, no lifestyle, no wellness claims, no nicknames. Scene: Soft bokeh light circles drifting past sharp product, featuring research vial lying on its side, hard specular edge light, soft focus rack from background to product.. Quality: crystal clear, shallow depth of field, creamy bokeh, detailed surface texture, global illumination, realistic reflections. creation motif 313/500 · scene 275. Keep product identity and any on-screen research typography sharp and unchanged. For laboratory research use only. Not for human use or consumption.",Active,0,
PBVita-Reel-314,314,584,Extreme Detail & Texture Studies,"Texture / detail study: macro of printed label ink and paper fiber under soft light, soft bounce from below, vertical rise from base to top.","crystal clear, perfect composition, realistic textures, detailed surface texture, high-end commercial look, DSLR sharpness",9:16,8,1080p,grok-imagine-image-quality,grok-imagine-video-1.5,"Photoreal vertical 9:16 Palm Beach Vitality laboratory research catalog film, chemical research material only, premium American research aesthetic, no people, no faces, no hands, no needles, no injection, no clinic, no gym, no lifestyle, no wellness claims, no nicknames. Scene: Texture / detail study: macro of printed label ink and paper fiber under soft light, soft bounce from below, vertical rise from base to top.. Quality: crystal clear, perfect composition, realistic textures, detailed surface texture, high-end commercial look, DSLR sharpness. creation motif 314/500 · scene 584. Keep product identity and any on-screen research typography sharp and unchanged. For laboratory research use only. Not for human use or consumption.",Active,0,
PBVita-Reel-315,315,538,"Hybrid, Transition & Special Shots","Special / hybrid shot: multi-product lineup in perfect geometric formation with slow lateral track. Centered on sealed peptide vial with rubber stopper, low-key selective highlight only, lateral motion-control track.","ultra sharp, 8k resolution, photorealistic, dramatic lighting, high dynamic range, ambient occlusion",9:16,8,1080p,grok-imagine-image-quality,grok-imagine-video-1.5,"Photoreal vertical 9:16 Palm Beach Vitality laboratory research catalog film, chemical research material only, premium American research aesthetic, no people, no faces, no hands, no needles, no injection, no clinic, no gym, no lifestyle, no wellness claims, no nicknames. Scene: Special / hybrid shot: multi-product lineup in perfect geometric formation with slow lateral track. Centered on sealed peptide vial with rubber stopper, low-key selective highlight only, lateral motion-control track.. Quality: ultra sharp, 8k resolution, photorealistic, dramatic lighting, high dynamic range, ambient occlusion. creation motif 315/500 · scene 538. Keep product identity and any on-screen research typography sharp and unchanged. For laboratory research use only. Not for human use or consumption.",Active,0,
PBVita-Reel-316,316,112,Laboratory & Scientific Environments,"Clear glass research vial next to clean pipettes and tips, soft window light with gentle falloff, with gentle liquid swirl inside the container, circular arc that never fully completes.","ultra sharp, 8k resolution, ultra realistic, studio lighting, high dynamic range, global illumination",9:16,8,1080p,grok-imagine-image-quality,grok-imagine-video-1.5,"Photoreal vertical 9:16 Palm Beach Vitality laboratory research catalog film, chemical research material only, premium American research aesthetic, no people, no faces, no hands, no needles, no injection, no clinic, no gym, no lifestyle, no wellness claims, no nicknames. Scene: Clear glass research vial next to clean pipettes and tips, soft window light with gentle falloff, with gentle liquid swirl inside the container, circular arc that never fully completes.. Quality: ultra sharp, 8k resolution, ultra realistic, studio lighting, high dynamic range, global illumination. creation motif 316/500 · scene 112. Keep product identity and any on-screen research typography sharp and unchanged. For laboratory research use only. Not for human use or consumption.",Active,0,
PBVita-Reel-317,317,509,Lifestyle & Context (Research-Forward),"Context still life: bright airy interior with product catching soft directional daylight. Featuring research pen with visible liquid barrel, cool clinical blue-white LED, low angle tracking slide.","ultra sharp, 8k resolution, dramatic lighting, detailed surface texture, high-end commercial look, professional photography",9:16,8,1080p,grok-imagine-image-quality,grok-imagine-video-1.5,"Photoreal vertical 9:16 Palm Beach Vitality laboratory research catalog film, chemical research material only, premium American research aesthetic, no people, no faces, no hands, no needles, no injection, no clinic, no gym, no lifestyle, no wellness claims, no nicknames. Scene: Context still life: bright airy interior with product catching soft directional daylight. Featuring research pen with visible liquid barrel, cool clinical blue-white LED, low angle tracking slide.. Quality: ultra sharp, 8k resolution, dramatic lighting, detailed surface texture, high-end commercial look, professional photography. creation motif 317/500 · scene 509. Keep product identity and any on-screen research typography sharp and unchanged. For laboratory research use only. Not for human use or consumption.",Active,0,
PBVita-Reel-318,318,418,Lighting & Mood Variations,"Mood lighting study: overcast soft daylight through heavy diffusion, calm and clear. Product is dual research pens side by side, captured with over-the-shoulder gloved perspective.","ultra sharp, 8k resolution, rim lighting, elegant framing, editorial photography style, professional photography",9:16,8,1080p,grok-imagine-image-quality,grok-imagine-video-1.5,"Photoreal vertical 9:16 Palm Beach Vitality laboratory research catalog film, chemical research material only, premium American research aesthetic, no people, no faces, no hands, no needles, no injection, no clinic, no gym, no lifestyle, no wellness claims, no nicknames. Scene: Mood lighting study: overcast soft daylight through heavy diffusion, calm and clear. Product is dual research pens side by side, captured with over-the-shoulder gloved perspective.. Quality: ultra sharp, 8k resolution, rim lighting, elegant framing, editorial photography style, professional photography. creation motif 318/500 · scene 418. Keep product identity and any on-screen research typography sharp and unchanged. For laboratory research use only. Not for human use or consumption.",Active,0,
PBVita-Reel-319,319,198,Molecular & Chemical Structure Visuals,"Molecular model dissolving into atoms of a peptide chain, as camera flies through the structure, practical small LED panel visible in frame, with perfect mirror reflection below, over-the-shoulder gloved perspective. [catalog angle 319]","ultra sharp, 8k resolution, elegant framing, clean and crisp, refined details, editorial photography style",9:16,8,1080p,grok-imagine-image-quality,grok-imagine-video-1.5,"Photoreal vertical 9:16 Palm Beach Vitality laboratory research catalog film, chemical research material only, premium American research aesthetic, no people, no faces, no hands, no needles, no injection, no clinic, no gym, no lifestyle, no wellness claims, no nicknames. Scene: Molecular model dissolving into atoms of a peptide chain, as camera flies through the structure, practical small LED panel visible in frame, with perfect mirror reflection below, over-the-shoulder gloved perspective. [catalog angle 319]. Quality: ultra sharp, 8k resolution, elegant framing, clean and crisp, refined details, editorial photography style. creation motif 319/500 · scene 198. Keep product identity and any on-screen research typography sharp and unchanged. For laboratory research use only. Not for human use or consumption.",Active,0,
PBVita-Reel-320,320,610,Multi-Product & Collection Arrangements,"Collection arrangement: products arranged to form an abstract larger shape or letter, hard specular edge light, with soft fabric movement in background, soft focus rack from background to product. [catalog angle 320]","ultra sharp, photorealistic, ultra realistic, HDR, medium format look, professional photography",9:16,8,1080p,grok-imagine-image-quality,grok-imagine-video-1.5,"Photoreal vertical 9:16 Palm Beach Vitality laboratory research catalog film, chemical research material only, premium American research aesthetic, no people, no faces, no hands, no needles, no injection, no clinic, no gym, no lifestyle, no wellness claims, no nicknames. Scene: Collection arrangement: products arranged to form an abstract larger shape or letter, hard specular edge light, with soft fabric movement in background, soft focus rack from background to product. [catalog angle 320]. Quality: ultra sharp, photorealistic, ultra realistic, HDR, medium format look, professional photography. creation motif 320/500 · scene 610. Keep product identity and any on-screen research typography sharp and unchanged. For laboratory research use only. Not for human use or consumption.",Active,0,
PBVita-Reel-321,321,48,Product Hero & Macro,"Dual research pens side by side with perfect with subtle floating dust motes in light beams, dramatic single hard key light, slow elegant movement.","ultra sharp, photorealistic, volumetric lighting, high dynamic range, perfect exposure, shallow depth of field",9:16,8,1080p,grok-imagine-image-quality,grok-imagine-video-1.5,"Photoreal vertical 9:16 Palm Beach Vitality laboratory research catalog film, chemical research material only, premium American research aesthetic, no people, no faces, no hands, no needles, no injection, no clinic, no gym, no lifestyle, no wellness claims, no nicknames. Scene: Dual research pens side by side with perfect with subtle floating dust motes in light beams, dramatic single hard key light, slow elegant movement.. Quality: ultra sharp, photorealistic, volumetric lighting, high dynamic range, perfect exposure, shallow depth of field. creation motif 321/500 · scene 048. Keep product identity and any on-screen research typography sharp and unchanged. For laboratory research use only. Not for human use or consumption.",Active,0,
PBVita-Reel-322,322,215,"Production, Process & Manufacturing","Stylized research process: careful visual clarity inspection under bright light, warm golden hour side light, with soft bokeh circles drifting past, locked-off static with internal motion only. [catalog angle 322]","ultra sharp, photorealistic, high dynamic range, rich contrast, realistic textures, professional photography",9:16,8,1080p,grok-imagine-image-quality,grok-imagine-video-1.5,"Photoreal vertical 9:16 Palm Beach Vitality laboratory research catalog film, chemical research material only, premium American research aesthetic, no people, no faces, no hands, no needles, no injection, no clinic, no gym, no lifestyle, no wellness claims, no nicknames. Scene: Stylized research process: careful visual clarity inspection under bright light, warm golden hour side light, with soft bokeh circles drifting past, locked-off static with internal motion only. [catalog angle 322]. Quality: ultra sharp, photorealistic, high dynamic range, rich contrast, realistic textures, professional photography. creation motif 322/500 · scene 215. Keep product identity and any on-screen research typography sharp and unchanged. For laboratory research use only. Not for human use or consumption.",Active,0,
PBVita-Reel-323,323,358,Signature Camera Moves & Dynamic Angles,"Camera focused: top-down crane descending slowly onto a precise flat-lay. Subject is sealed peptide vial with rubber stopper, low-key selective highlight only, in pure clinical emptiness.","ultra sharp, photorealistic, polished look, refined details, realistic textures, ambient occlusion",9:16,8,1080p,grok-imagine-image-quality,grok-imagine-video-1.5,"Photoreal vertical 9:16 Palm Beach Vitality laboratory research catalog film, chemical research material only, premium American research aesthetic, no people, no faces, no hands, no needles, no injection, no clinic, no gym, no lifestyle, no wellness claims, no nicknames. Scene: Camera focused: top-down crane descending slowly onto a precise flat-lay. Subject is sealed peptide vial with rubber stopper, low-key selective highlight only, in pure clinical emptiness.. Quality: ultra sharp, photorealistic, polished look, refined details, realistic textures, ambient occlusion. creation motif 323/500 · scene 358. Keep product identity and any on-screen research typography sharp and unchanged. For laboratory research use only. Not for human use or consumption.",Active,0,
PBVita-Reel-324,324,446,"Text, Kinetic & Overlay-Friendly Scenes","Overlay-optimized composition: wide open negative space above the product for large centered headlines. Subject pre-filled research pen, volumetric god rays through haze.","ultra sharp, hyperrealistic, dramatic lighting, volumetric lighting, elegant framing, medium format look",9:16,8,1080p,grok-imagine-image-quality,grok-imagine-video-1.5,"Photoreal vertical 9:16 Palm Beach Vitality laboratory research catalog film, chemical research material only, premium American research aesthetic, no people, no faces, no hands, no needles, no injection, no clinic, no gym, no lifestyle, no wellness claims, no nicknames. Scene: Overlay-optimized composition: wide open negative space above the product for large centered headlines. Subject pre-filled research pen, volumetric god rays through haze.. Quality: ultra sharp, hyperrealistic, dramatic lighting, volumetric lighting, elegant framing, medium format look. creation motif 324/500 · scene 446. Keep product identity and any on-screen research typography sharp and unchanged. For laboratory research use only. Not for human use or consumption.",Active,0,
PBVita-Reel-325,325,309,"Abstract, Artistic & Cinematic Science","Abstract cellular texture soft background, featuring research pen with visible liquid barrel, cool overhead fluorescent lab feel, extreme high angle looking straight down.","ultra sharp, hyperrealistic, studio lighting, rich contrast, perfect composition, clean and crisp",9:16,8,1080p,grok-imagine-image-quality,grok-imagine-video-1.5,"Photoreal vertical 9:16 Palm Beach Vitality laboratory research catalog film, chemical research material only, premium American research aesthetic, no people, no faces, no hands, no needles, no injection, no clinic, no gym, no lifestyle, no wellness claims, no nicknames. Scene: Abstract cellular texture soft background, featuring research pen with visible liquid barrel, cool overhead fluorescent lab feel, extreme high angle looking straight down.. Quality: ultra sharp, hyperrealistic, studio lighting, rich contrast, perfect composition, clean and crisp. creation motif 325/500 · scene 309. Keep product identity and any on-screen research typography sharp and unchanged. For laboratory research use only. Not for human use or consumption.",Active,0,
PBVita-Reel-326,326,579,Extreme Detail & Texture Studies,"Texture / detail study: light traveling along the curved glass form in continuous motion, cool clinical blue-white LED, low angle tracking slide.","ultra sharp, hyperrealistic, perfect exposure, intricate textures, detailed surface texture, global illumination",9:16,8,1080p,grok-imagine-image-quality,grok-imagine-video-1.5,"Photoreal vertical 9:16 Palm Beach Vitality laboratory research catalog film, chemical research material only, premium American research aesthetic, no people, no faces, no hands, no needles, no injection, no clinic, no gym, no lifestyle, no wellness claims, no nicknames. Scene: Texture / detail study: light traveling along the curved glass form in continuous motion, cool clinical blue-white LED, low angle tracking slide.. Quality: ultra sharp, hyperrealistic, perfect exposure, intricate textures, detailed surface texture, global illumination. creation motif 326/500 · scene 579. Keep product identity and any on-screen research typography sharp and unchanged. For laboratory research use only. Not for human use or consumption.",Active,0,
PBVita-Reel-327,327,524,"Hybrid, Transition & Special Shots","Special / hybrid shot: abstract origin sequence: particles → structure → finished product in three stages. Centered on single research pen standing upright, soft bounce from below, vertical rise from base to top.","ultra sharp, ultra realistic, dramatic lighting, volumetric lighting, refined details, DSLR sharpness",9:16,8,1080p,grok-imagine-image-quality,grok-imagine-video-1.5,"Photoreal vertical 9:16 Palm Beach Vitality laboratory research catalog film, chemical research material only, premium American research aesthetic, no people, no faces, no hands, no needles, no injection, no clinic, no gym, no lifestyle, no wellness claims, no nicknames. Scene: Special / hybrid shot: abstract origin sequence: particles → structure → finished product in three stages. Centered on single research pen standing upright, soft bounce from below, vertical rise from base to top.. Quality: ultra sharp, ultra realistic, dramatic lighting, volumetric lighting, refined details, DSLR sharpness. creation motif 327/500 · scene 524. Keep product identity and any on-screen research typography sharp and unchanged. For laboratory research use only. Not for human use or consumption.",Active,0,
PBVita-Reel-328,328,102,Laboratory & Scientific Environments,"Clear glass research vial on a sterile stainless work surface, clean high-key beauty lighting, with gentle dry-ice style fog drifting, extreme macro push-in. [catalog angle 328]","ultra sharp, ultra realistic, studio lighting, rich contrast, polished look, editorial photography style",9:16,8,1080p,grok-imagine-image-quality,grok-imagine-video-1.5,"Photoreal vertical 9:16 Palm Beach Vitality laboratory research catalog film, chemical research material only, premium American research aesthetic, no people, no faces, no hands, no needles, no injection, no clinic, no gym, no lifestyle, no wellness claims, no nicknames. Scene: Clear glass research vial on a sterile stainless work surface, clean high-key beauty lighting, with gentle dry-ice style fog drifting, extreme macro push-in. [catalog angle 328]. Quality: ultra sharp, ultra realistic, studio lighting, rich contrast, polished look, editorial photography style. creation motif 328/500 · scene 102. Keep product identity and any on-screen research typography sharp and unchanged. For laboratory research use only. Not for human use or consumption.",Active,0,
PBVita-Reel-329,329,508,Lifestyle & Context (Research-Forward),"Context still life: soft natural materials (stone, wood, linen) framing the product quietly. Featuring sealed peptide vial with rubber stopper, dramatic single hard key light, gentle top-down descending crane.","ultra sharp, ultra realistic, perfect exposure, detailed surface texture, ambient occlusion, professional photography",9:16,8,1080p,grok-imagine-image-quality,grok-imagine-video-1.5,"Photoreal vertical 9:16 Palm Beach Vitality laboratory research catalog film, chemical research material only, premium American research aesthetic, no people, no faces, no hands, no needles, no injection, no clinic, no gym, no lifestyle, no wellness claims, no nicknames. Scene: Context still life: soft natural materials (stone, wood, linen) framing the product quietly. Featuring sealed peptide vial with rubber stopper, dramatic single hard key light, gentle top-down descending crane.. Quality: ultra sharp, ultra realistic, perfect exposure, detailed surface texture, ambient occlusion, professional photography. creation motif 329/500 · scene 508. Keep product identity and any on-screen research typography sharp and unchanged. For laboratory research use only. Not for human use or consumption.",Active,0,
PBVita-Reel-330,330,391,Lighting & Mood Variations,"Mood lighting study: soft golden hour window light falling across the product on a clean surface. Product is pre-filled research pen, captured with slow 360° orbit at eye level.","ultra sharp, cinematic lighting, volumetric lighting, rim lighting, perfect exposure, medium format look",9:16,8,1080p,grok-imagine-image-quality,grok-imagine-video-1.5,"Photoreal vertical 9:16 Palm Beach Vitality laboratory research catalog film, chemical research material only, premium American research aesthetic, no people, no faces, no hands, no needles, no injection, no clinic, no gym, no lifestyle, no wellness claims, no nicknames. Scene: Mood lighting study: soft golden hour window light falling across the product on a clean surface. Product is pre-filled research pen, captured with slow 360° orbit at eye level.. Quality: ultra sharp, cinematic lighting, volumetric lighting, rim lighting, perfect exposure, medium format look. creation motif 330/500 · scene 391. Keep product identity and any on-screen research typography sharp and unchanged. For laboratory research use only. Not for human use or consumption.",Active,0,
PBVita-Reel-331,331,164,Molecular & Chemical Structure Visuals,"Wireframe structure with glowing edges of a peptide chain, dissolving into particles then reforming, soft bounce from below, with delicate condensation on glass, vertical rise from base to top.","ultra sharp, cinematic lighting, high dynamic range, HDR, refined details, high-end commercial look",9:16,8,1080p,grok-imagine-image-quality,grok-imagine-video-1.5,"Photoreal vertical 9:16 Palm Beach Vitality laboratory research catalog film, chemical research material only, premium American research aesthetic, no people, no faces, no hands, no needles, no injection, no clinic, no gym, no lifestyle, no wellness claims, no nicknames. Scene: Wireframe structure with glowing edges of a peptide chain, dissolving into particles then reforming, soft bounce from below, with delicate condensation on glass, vertical rise from base to top.. Quality: ultra sharp, cinematic lighting, high dynamic range, HDR, refined details, high-end commercial look. creation motif 331/500 · scene 164. Keep product identity and any on-screen research typography sharp and unchanged. For laboratory research use only. Not for human use or consumption.",Active,0,
PBVita-Reel-332,332,609,Multi-Product & Collection Arrangements,"Collection arrangement: mirrored pair creating perfect left-right symmetry, soft bounce from below, with delicate condensation on glass, vertical rise from base to top. [catalog angle 332]","ultra sharp, cinematic lighting, premium aesthetic, intricate textures, global illumination, editorial photography style",9:16,8,1080p,grok-imagine-image-quality,grok-imagine-video-1.5,"Photoreal vertical 9:16 Palm Beach Vitality laboratory research catalog film, chemical research material only, premium American research aesthetic, no people, no faces, no hands, no needles, no injection, no clinic, no gym, no lifestyle, no wellness claims, no nicknames. Scene: Collection arrangement: mirrored pair creating perfect left-right symmetry, soft bounce from below, with delicate condensation on glass, vertical rise from base to top. [catalog angle 332]. Quality: ultra sharp, cinematic lighting, premium aesthetic, intricate textures, global illumination, editorial photography style. creation motif 332/500 · scene 609. Keep product identity and any on-screen research typography sharp and unchanged. For laboratory research use only. Not for human use or consumption.",Active,0,
PBVita-Reel-333,333,56,Product Hero & Macro,"Clean product portrait of precision research pen, with abstract geometric light patterns, fast resolve into locked hero frame.","ultra sharp, dramatic lighting, studio lighting, high fidelity, detailed surface texture, global illumination",9:16,8,1080p,grok-imagine-image-quality,grok-imagine-video-1.5,"Photoreal vertical 9:16 Palm Beach Vitality laboratory research catalog film, chemical research material only, premium American research aesthetic, no people, no faces, no hands, no needles, no injection, no clinic, no gym, no lifestyle, no wellness claims, no nicknames. Scene: Clean product portrait of precision research pen, with abstract geometric light patterns, fast resolve into locked hero frame.. Quality: ultra sharp, dramatic lighting, studio lighting, high fidelity, detailed surface texture, global illumination. creation motif 333/500 · scene 056. Keep product identity and any on-screen research typography sharp and unchanged. For laboratory research use only. Not for human use or consumption.",Active,0,
PBVita-Reel-334,334,249,"Production, Process & Manufacturing","Stylized research process: final labeling and sealing with mechanical elegance, soft bounce from below, with delicate condensation on glass, vertical rise from base to top. [catalog angle 334]","ultra sharp, dramatic lighting, creamy bokeh, perfect composition, realistic reflections, high-end commercial look",9:16,8,1080p,grok-imagine-image-quality,grok-imagine-video-1.5,"Photoreal vertical 9:16 Palm Beach Vitality laboratory research catalog film, chemical research material only, premium American research aesthetic, no people, no faces, no hands, no needles, no injection, no clinic, no gym, no lifestyle, no wellness claims, no nicknames. Scene: Stylized research process: final labeling and sealing with mechanical elegance, soft bounce from below, with delicate condensation on glass, vertical rise from base to top. [catalog angle 334]. Quality: ultra sharp, dramatic lighting, creamy bokeh, perfect composition, realistic reflections, high-end commercial look. creation motif 334/500 · scene 249. Keep product identity and any on-screen research typography sharp and unchanged. For laboratory research use only. Not for human use or consumption.",Active,0,
PBVita-Reel-335,335,371,Signature Camera Moves & Dynamic Angles,"Camera focused: reverse orbit starting tight and pulling out to full environment. Subject is precision research pen, soft diffused overhead, with light caustics refracting across the surface.","ultra sharp, volumetric lighting, rim lighting, HDR, rich contrast, perfect exposure",9:16,8,1080p,grok-imagine-image-quality,grok-imagine-video-1.5,"Photoreal vertical 9:16 Palm Beach Vitality laboratory research catalog film, chemical research material only, premium American research aesthetic, no people, no faces, no hands, no needles, no injection, no clinic, no gym, no lifestyle, no wellness claims, no nicknames. Scene: Camera focused: reverse orbit starting tight and pulling out to full environment. Subject is precision research pen, soft diffused overhead, with light caustics refracting across the surface.. Quality: ultra sharp, volumetric lighting, rim lighting, HDR, rich contrast, perfect exposure. creation motif 335/500 · scene 371. Keep product identity and any on-screen research typography sharp and unchanged. For laboratory research use only. Not for human use or consumption.",Active,0,
PBVita-Reel-336,336,451,"Text, Kinetic & Overlay-Friendly Scenes","Overlay-optimized composition: locked hero frame with generous margin on all sides for safe text overlay. Subject precision research pen, soft rim light from behind.","ultra sharp, volumetric lighting, creamy bokeh, refined details, editorial photography style, professional photography",9:16,8,1080p,grok-imagine-image-quality,grok-imagine-video-1.5,"Photoreal vertical 9:16 Palm Beach Vitality laboratory research catalog film, chemical research material only, premium American research aesthetic, no people, no faces, no hands, no needles, no injection, no clinic, no gym, no lifestyle, no wellness claims, no nicknames. Scene: Overlay-optimized composition: locked hero frame with generous margin on all sides for safe text overlay. Subject precision research pen, soft rim light from behind.. Quality: ultra sharp, volumetric lighting, creamy bokeh, refined details, editorial photography style, professional photography. creation motif 336/500 · scene 451. Keep product identity and any on-screen research typography sharp and unchanged. For laboratory research use only. Not for human use or consumption.",Active,0,
PBVita-Reel-337,337,332,"Abstract, Artistic & Cinematic Science","High-contrast black and white with selective color on liquid, featuring amber-tinted research vial, split complementary teal and amber, spiral orbit combined with slow push. [catalog angle 337]","ultra sharp, soft diffused lighting, high dynamic range, premium aesthetic, ambient occlusion, professional photography",9:16,8,1080p,grok-imagine-image-quality,grok-imagine-video-1.5,"Photoreal vertical 9:16 Palm Beach Vitality laboratory research catalog film, chemical research material only, premium American research aesthetic, no people, no faces, no hands, no needles, no injection, no clinic, no gym, no lifestyle, no wellness claims, no nicknames. Scene: High-contrast black and white with selective color on liquid, featuring amber-tinted research vial, split complementary teal and amber, spiral orbit combined with slow push. [catalog angle 337]. Quality: ultra sharp, soft diffused lighting, high dynamic range, premium aesthetic, ambient occlusion, professional photography. creation motif 337/500 · scene 332. Keep product identity and any on-screen research typography sharp and unchanged. For laboratory research use only. Not for human use or consumption.",Active,0,
PBVita-Reel-338,338,561,Extreme Detail & Texture Studies,"Texture / detail study: extreme close-up of liquid meniscus inside the vial under controlled light, soft rim light from behind, slow 360° orbit at eye level.","ultra sharp, soft diffused lighting, high fidelity, realistic textures, detailed surface texture, editorial photography style",9:16,8,1080p,grok-imagine-image-quality,grok-imagine-video-1.5,"Photoreal vertical 9:16 Palm Beach Vitality laboratory research catalog film, chemical research material only, premium American research aesthetic, no people, no faces, no hands, no needles, no injection, no clinic, no gym, no lifestyle, no wellness claims, no nicknames. Scene: Texture / detail study: extreme close-up of liquid meniscus inside the vial under controlled light, soft rim light from behind, slow 360° orbit at eye level.. Quality: ultra sharp, soft diffused lighting, high fidelity, realistic textures, detailed surface texture, editorial photography style. creation motif 338/500 · scene 561. Keep product identity and any on-screen research typography sharp and unchanged. For laboratory research use only. Not for human use or consumption.",Active,0,
PBVita-Reel-339,339,544,"Hybrid, Transition & Special Shots","Special / hybrid shot: abstract origin sequence: particles → structure → finished product in three stages. Centered on single research pen standing upright, cool overhead fluorescent lab feel, extreme high angle looking straight down.","ultra sharp, studio lighting, shallow depth of field, refined details, realistic reflections, professional photography",9:16,8,1080p,grok-imagine-image-quality,grok-imagine-video-1.5,"Photoreal vertical 9:16 Palm Beach Vitality laboratory research catalog film, chemical research material only, premium American research aesthetic, no people, no faces, no hands, no needles, no injection, no clinic, no gym, no lifestyle, no wellness claims, no nicknames. Scene: Special / hybrid shot: abstract origin sequence: particles → structure → finished product in three stages. Centered on single research pen standing upright, cool overhead fluorescent lab feel, extreme high angle looking straight down.. Quality: ultra sharp, studio lighting, shallow depth of field, refined details, realistic reflections, professional photography. creation motif 339/500 · scene 544. Keep product identity and any on-screen research typography sharp and unchanged. For laboratory research use only. Not for human use or consumption.",Active,0,
PBVita-Reel-340,340,138,Laboratory & Scientific Environments,"Dual research pens side by side near a sterile packaging station, low-key selective highlight only, in pure clinical emptiness, lateral motion-control track.","ultra sharp, rim lighting, perfect exposure, shallow depth of field, perfect composition, realistic reflections",9:16,8,1080p,grok-imagine-image-quality,grok-imagine-video-1.5,"Photoreal vertical 9:16 Palm Beach Vitality laboratory research catalog film, chemical research material only, premium American research aesthetic, no people, no faces, no hands, no needles, no injection, no clinic, no gym, no lifestyle, no wellness claims, no nicknames. Scene: Dual research pens side by side near a sterile packaging station, low-key selective highlight only, in pure clinical emptiness, lateral motion-control track.. Quality: ultra sharp, rim lighting, perfect exposure, shallow depth of field, perfect composition, realistic reflections. creation motif 340/500 · scene 138. Keep product identity and any on-screen research typography sharp and unchanged. For laboratory research use only. Not for human use or consumption.",Active,0,
PBVita-Reel-341,341,513,Lifestyle & Context (Research-Forward),"Context still life: elevated product on a simple pedestal in an otherwise empty refined room. Featuring dual research pens side by side, low-key selective highlight only, lateral motion-control track.","ultra sharp, high dynamic range, rich contrast, detailed surface texture, medium format look, DSLR sharpness",9:16,8,1080p,grok-imagine-image-quality,grok-imagine-video-1.5,"Photoreal vertical 9:16 Palm Beach Vitality laboratory research catalog film, chemical research material only, premium American research aesthetic, no people, no faces, no hands, no needles, no injection, no clinic, no gym, no lifestyle, no wellness claims, no nicknames. Scene: Context still life: elevated product on a simple pedestal in an otherwise empty refined room. Featuring dual research pens side by side, low-key selective highlight only, lateral motion-control track.. Quality: ultra sharp, high dynamic range, rich contrast, detailed surface texture, medium format look, DSLR sharpness. creation motif 341/500 · scene 513. Keep product identity and any on-screen research typography sharp and unchanged. For laboratory research use only. Not for human use or consumption.",Active,0,
PBVita-Reel-342,342,398,Lighting & Mood Variations,"Mood lighting study: overcast soft daylight through heavy diffusion, calm and clear. Product is dual research pens side by side, captured with lateral motion-control track.","ultra sharp, HDR, shallow depth of field, perfect composition, refined details, detailed surface texture",9:16,8,1080p,grok-imagine-image-quality,grok-imagine-video-1.5,"Photoreal vertical 9:16 Palm Beach Vitality laboratory research catalog film, chemical research material only, premium American research aesthetic, no people, no faces, no hands, no needles, no injection, no clinic, no gym, no lifestyle, no wellness claims, no nicknames. Scene: Mood lighting study: overcast soft daylight through heavy diffusion, calm and clear. Product is dual research pens side by side, captured with lateral motion-control track.. Quality: ultra sharp, HDR, shallow depth of field, perfect composition, refined details, detailed surface texture. creation motif 342/500 · scene 398. Keep product identity and any on-screen research typography sharp and unchanged. For laboratory research use only. Not for human use or consumption.",Active,0,
PBVita-Reel-343,343,206,Molecular & Chemical Structure Visuals,"High-end holographic projection style of a peptide chain, against pure black void, soft diffused overhead, with light caustics refracting across the surface, subtle handheld micro-movement. [catalog angle 343]","ultra sharp, rich contrast, elegant framing, realistic textures, realistic reflections, professional photography",9:16,8,1080p,grok-imagine-image-quality,grok-imagine-video-1.5,"Photoreal vertical 9:16 Palm Beach Vitality laboratory research catalog film, chemical research material only, premium American research aesthetic, no people, no faces, no hands, no needles, no injection, no clinic, no gym, no lifestyle, no wellness claims, no nicknames. Scene: High-end holographic projection style of a peptide chain, against pure black void, soft diffused overhead, with light caustics refracting across the surface, subtle handheld micro-movement. [catalog angle 343]. Quality: ultra sharp, rich contrast, elegant framing, realistic textures, realistic reflections, professional photography. creation motif 343/500 · scene 206. Keep product identity and any on-screen research typography sharp and unchanged. For laboratory research use only. Not for human use or consumption.",Active,0,
PBVita-Reel-344,344,604,Multi-Product & Collection Arrangements,"Collection arrangement: staggered depth arrangement of several products with soft focus falloff, cool clinical blue-white LED, in clean negative space, low angle tracking slide. [catalog angle 344]","ultra sharp, shallow depth of field, elegant framing, polished look, detailed surface texture, soft shadows",9:16,8,1080p,grok-imagine-image-quality,grok-imagine-video-1.5,"Photoreal vertical 9:16 Palm Beach Vitality laboratory research catalog film, chemical research material only, premium American research aesthetic, no people, no faces, no hands, no needles, no injection, no clinic, no gym, no lifestyle, no wellness claims, no nicknames. Scene: Collection arrangement: staggered depth arrangement of several products with soft focus falloff, cool clinical blue-white LED, in clean negative space, low angle tracking slide. [catalog angle 344]. Quality: ultra sharp, shallow depth of field, elegant framing, polished look, detailed surface texture, soft shadows. creation motif 344/500 · scene 604. Keep product identity and any on-screen research typography sharp and unchanged. For laboratory research use only. Not for human use or consumption.",Active,0,
PBVita-Reel-345,345,22,Product Hero & Macro,"Clear glass research vial with a single drop forming at the tip on clean acrylic riser, with soft volumetric atmosphere, spiral orbit combined with slow push. [catalog angle 345]","ultra sharp, elegant framing, polished look, refined details, global illumination, soft shadows",9:16,8,1080p,grok-imagine-image-quality,grok-imagine-video-1.5,"Photoreal vertical 9:16 Palm Beach Vitality laboratory research catalog film, chemical research material only, premium American research aesthetic, no people, no faces, no hands, no needles, no injection, no clinic, no gym, no lifestyle, no wellness claims, no nicknames. Scene: Clear glass research vial with a single drop forming at the tip on clean acrylic riser, with soft volumetric atmosphere, spiral orbit combined with slow push. [catalog angle 345]. Quality: ultra sharp, elegant framing, polished look, refined details, global illumination, soft shadows. creation motif 345/500 · scene 022. Keep product identity and any on-screen research typography sharp and unchanged. For laboratory research use only. Not for human use or consumption.",Active,0,
PBVita-Reel-346,346,265,"Production, Process & Manufacturing","Stylized research process: rhythmic montage of clean process steps, hard specular edge light, with soft fabric movement in background, soft focus rack from background to product. [catalog angle 346]","8k resolution, photorealistic, hyperrealistic, rim lighting, ambient occlusion, high-end commercial look",9:16,8,1080p,grok-imagine-image-quality,grok-imagine-video-1.5,"Photoreal vertical 9:16 Palm Beach Vitality laboratory research catalog film, chemical research material only, premium American research aesthetic, no people, no faces, no hands, no needles, no injection, no clinic, no gym, no lifestyle, no wellness claims, no nicknames. Scene: Stylized research process: rhythmic montage of clean process steps, hard specular edge light, with soft fabric movement in background, soft focus rack from background to product. [catalog angle 346]. Quality: 8k resolution, photorealistic, hyperrealistic, rim lighting, ambient occlusion, high-end commercial look. creation motif 346/500 · scene 265. Keep product identity and any on-screen research typography sharp and unchanged. For laboratory research use only. Not for human use or consumption.",Active,0,
PBVita-Reel-347,347,349,Signature Camera Moves & Dynamic Angles,"Camera focused: crash zoom into a critical detail then holding steady. Subject is research pen with visible liquid barrel, cool overhead fluorescent lab feel, with soft shadow only.","8k resolution, photorealistic, cinematic lighting, clean and crisp, high-end commercial look, medium format look",9:16,8,1080p,grok-imagine-image-quality,grok-imagine-video-1.5,"Photoreal vertical 9:16 Palm Beach Vitality laboratory research catalog film, chemical research material only, premium American research aesthetic, no people, no faces, no hands, no needles, no injection, no clinic, no gym, no lifestyle, no wellness claims, no nicknames. Scene: Camera focused: crash zoom into a critical detail then holding steady. Subject is research pen with visible liquid barrel, cool overhead fluorescent lab feel, with soft shadow only.. Quality: 8k resolution, photorealistic, cinematic lighting, clean and crisp, high-end commercial look, medium format look. creation motif 347/500 · scene 349. Keep product identity and any on-screen research typography sharp and unchanged. For laboratory research use only. Not for human use or consumption.",Active,0,
PBVita-Reel-348,348,436,"Text, Kinetic & Overlay-Friendly Scenes","Overlay-optimized composition: clean negative space held on one side of frame specifically for kinetic type. Subject pre-filled research pen, soft rim light from behind.","8k resolution, photorealistic, studio lighting, rim lighting, soft shadows, high-end commercial look",9:16,8,1080p,grok-imagine-image-quality,grok-imagine-video-1.5,"Photoreal vertical 9:16 Palm Beach Vitality laboratory research catalog film, chemical research material only, premium American research aesthetic, no people, no faces, no hands, no needles, no injection, no clinic, no gym, no lifestyle, no wellness claims, no nicknames. Scene: Overlay-optimized composition: clean negative space held on one side of frame specifically for kinetic type. Subject pre-filled research pen, soft rim light from behind.. Quality: 8k resolution, photorealistic, studio lighting, rim lighting, soft shadows, high-end commercial look. creation motif 348/500 · scene 436. Keep product identity and any on-screen research typography sharp and unchanged. For laboratory research use only. Not for human use or consumption.",Active,0,
PBVita-Reel-349,349,318,"Abstract, Artistic & Cinematic Science","Abstract data-stream particles flowing around product, featuring sealed peptide vial with rubber stopper, low-key selective highlight only, lateral motion-control track.","8k resolution, photorealistic, perfect exposure, elegant framing, clean and crisp, realistic reflections",9:16,8,1080p,grok-imagine-image-quality,grok-imagine-video-1.5,"Photoreal vertical 9:16 Palm Beach Vitality laboratory research catalog film, chemical research material only, premium American research aesthetic, no people, no faces, no hands, no needles, no injection, no clinic, no gym, no lifestyle, no wellness claims, no nicknames. Scene: Abstract data-stream particles flowing around product, featuring sealed peptide vial with rubber stopper, low-key selective highlight only, lateral motion-control track.. Quality: 8k resolution, photorealistic, perfect exposure, elegant framing, clean and crisp, realistic reflections. creation motif 349/500 · scene 318. Keep product identity and any on-screen research typography sharp and unchanged. For laboratory research use only. Not for human use or consumption.",Active,0,
PBVita-Reel-350,350,568,Extreme Detail & Texture Studies,"Texture / detail study: micro texture of frosted or matte areas on the packaging, low-key selective highlight only, lateral motion-control track.","8k resolution, hyperrealistic, ultra realistic, elegant framing, high fidelity, medium format look",9:16,8,1080p,grok-imagine-image-quality,grok-imagine-video-1.5,"Photoreal vertical 9:16 Palm Beach Vitality laboratory research catalog film, chemical research material only, premium American research aesthetic, no people, no faces, no hands, no needles, no injection, no clinic, no gym, no lifestyle, no wellness claims, no nicknames. Scene: Texture / detail study: micro texture of frosted or matte areas on the packaging, low-key selective highlight only, lateral motion-control track.. Quality: 8k resolution, hyperrealistic, ultra realistic, elegant framing, high fidelity, medium format look. creation motif 350/500 · scene 568. Keep product identity and any on-screen research typography sharp and unchanged. For laboratory research use only. Not for human use or consumption.",Active,0,
PBVita-Reel-351,351,535,"Hybrid, Transition & Special Shots","Special / hybrid shot: final wide shot that pulls back to reveal the product as part of a larger clean set. Centered on research vial lying on its side, warm golden hour side light, locked-off static with internal motion only.","8k resolution, hyperrealistic, volumetric lighting, shallow depth of field, refined details, high fidelity",9:16,8,1080p,grok-imagine-image-quality,grok-imagine-video-1.5,"Photoreal vertical 9:16 Palm Beach Vitality laboratory research catalog film, chemical research material only, premium American research aesthetic, no people, no faces, no hands, no needles, no injection, no clinic, no gym, no lifestyle, no wellness claims, no nicknames. Scene: Special / hybrid shot: final wide shot that pulls back to reveal the product as part of a larger clean set. Centered on research vial lying on its side, warm golden hour side light, locked-off static with internal motion only.. Quality: 8k resolution, hyperrealistic, volumetric lighting, shallow depth of field, refined details, high fidelity. creation motif 351/500 · scene 535. Keep product identity and any on-screen research typography sharp and unchanged. For laboratory research use only. Not for human use or consumption.",Active,0,
PBVita-Reel-352,352,129,Laboratory & Scientific Environments,"Single research pen standing upright with soft reflection on polished lab surfaces, cool overhead fluorescent lab feel, with soft shadow only, extreme high angle looking straight down.","8k resolution, hyperrealistic, high dynamic range, premium aesthetic, realistic reflections, DSLR sharpness",9:16,8,1080p,grok-imagine-image-quality,grok-imagine-video-1.5,"Photoreal vertical 9:16 Palm Beach Vitality laboratory research catalog film, chemical research material only, premium American research aesthetic, no people, no faces, no hands, no needles, no injection, no clinic, no gym, no lifestyle, no wellness claims, no nicknames. Scene: Single research pen standing upright with soft reflection on polished lab surfaces, cool overhead fluorescent lab feel, with soft shadow only, extreme high angle looking straight down.. Quality: 8k resolution, hyperrealistic, high dynamic range, premium aesthetic, realistic reflections, DSLR sharpness. creation motif 352/500 · scene 129. Keep product identity and any on-screen research typography sharp and unchanged. For laboratory research use only. Not for human use or consumption.",Active,0,
PBVita-Reel-353,353,486,Lifestyle & Context (Research-Forward),"Context still life: organized research-oriented workspace with product and clean tools only. Featuring pre-filled research pen, volumetric god rays through haze, fast resolve into locked hero frame.","8k resolution, hyperrealistic, high fidelity, realistic textures, global illumination, DSLR sharpness",9:16,8,1080p,grok-imagine-image-quality,grok-imagine-video-1.5,"Photoreal vertical 9:16 Palm Beach Vitality laboratory research catalog film, chemical research material only, premium American research aesthetic, no people, no faces, no hands, no needles, no injection, no clinic, no gym, no lifestyle, no wellness claims, no nicknames. Scene: Context still life: organized research-oriented workspace with product and clean tools only. Featuring pre-filled research pen, volumetric god rays through haze, fast resolve into locked hero frame.. Quality: 8k resolution, hyperrealistic, high fidelity, realistic textures, global illumination, DSLR sharpness. creation motif 353/500 · scene 486. Keep product identity and any on-screen research typography sharp and unchanged. For laboratory research use only. Not for human use or consumption.",Active,0,
PBVita-Reel-354,354,400,Lighting & Mood Variations,"Mood lighting study: pure high-key white environment with barely visible shadows. Product is research vial lying on its side, captured with soft focus rack from background to product.","8k resolution, ultra realistic, volumetric lighting, shallow depth of field, global illumination, editorial photography style",9:16,8,1080p,grok-imagine-image-quality,grok-imagine-video-1.5,"Photoreal vertical 9:16 Palm Beach Vitality laboratory research catalog film, chemical research material only, premium American research aesthetic, no people, no faces, no hands, no needles, no injection, no clinic, no gym, no lifestyle, no wellness claims, no nicknames. Scene: Mood lighting study: pure high-key white environment with barely visible shadows. Product is research vial lying on its side, captured with soft focus rack from background to product.. Quality: 8k resolution, ultra realistic, volumetric lighting, shallow depth of field, global illumination, editorial photography style. creation motif 354/500 · scene 400. Keep product identity and any on-screen research typography sharp and unchanged. For laboratory research use only. Not for human use or consumption.",Active,0,
PBVita-Reel-355,355,172,Molecular & Chemical Structure Visuals,"Soft ribbon cartoon representation of a peptide chain, gently undulating and turning, clean high-key beauty lighting, with gentle dry-ice style fog drifting, extreme macro push-in. [catalog angle 355]","8k resolution, ultra realistic, high dynamic range, polished look, realistic textures, medium format look",9:16,8,1080p,grok-imagine-image-quality,grok-imagine-video-1.5,"Photoreal vertical 9:16 Palm Beach Vitality laboratory research catalog film, chemical research material only, premium American research aesthetic, no people, no faces, no hands, no needles, no injection, no clinic, no gym, no lifestyle, no wellness claims, no nicknames. Scene: Soft ribbon cartoon representation of a peptide chain, gently undulating and turning, clean high-key beauty lighting, with gentle dry-ice style fog drifting, extreme macro push-in. [catalog angle 355]. Quality: 8k resolution, ultra realistic, high dynamic range, polished look, realistic textures, medium format look. creation motif 355/500 · scene 172. Keep product identity and any on-screen research typography sharp and unchanged. For laboratory research use only. Not for human use or consumption.",Active,0,
PBVita-Reel-356,356,618,Multi-Product & Collection Arrangements,"Collection arrangement: geometric grid of multiple research units on clean surface, dramatic single hard key light, with subtle floating dust motes in light beams, gentle top-down descending crane. [catalog angle 356]","8k resolution, ultra realistic, high fidelity, intricate textures, soft shadows, professional photography",9:16,8,1080p,grok-imagine-image-quality,grok-imagine-video-1.5,"Photoreal vertical 9:16 Palm Beach Vitality laboratory research catalog film, chemical research material only, premium American research aesthetic, no people, no faces, no hands, no needles, no injection, no clinic, no gym, no lifestyle, no wellness claims, no nicknames. Scene: Collection arrangement: geometric grid of multiple research units on clean surface, dramatic single hard key light, with subtle floating dust motes in light beams, gentle top-down descending crane. [catalog angle 356]. Quality: 8k resolution, ultra realistic, high fidelity, intricate textures, soft shadows, professional photography. creation motif 356/500 · scene 618. Keep product identity and any on-screen research typography sharp and unchanged. For laboratory research use only. Not for human use or consumption.",Active,0,
PBVita-Reel-357,357,19,Product Hero & Macro,"Side profile of single research pen standing upright showing liquid refraction, cool clinical blue-white LED, low angle tracking slide.","8k resolution, cinematic lighting, studio lighting, rim lighting, high dynamic range, DSLR sharpness",9:16,8,1080p,grok-imagine-image-quality,grok-imagine-video-1.5,"Photoreal vertical 9:16 Palm Beach Vitality laboratory research catalog film, chemical research material only, premium American research aesthetic, no people, no faces, no hands, no needles, no injection, no clinic, no gym, no lifestyle, no wellness claims, no nicknames. Scene: Side profile of single research pen standing upright showing liquid refraction, cool clinical blue-white LED, low angle tracking slide.. Quality: 8k resolution, cinematic lighting, studio lighting, rim lighting, high dynamic range, DSLR sharpness. creation motif 357/500 · scene 019. Keep product identity and any on-screen research typography sharp and unchanged. For laboratory research use only. Not for human use or consumption.",Active,0,
PBVita-Reel-358,358,219,"Production, Process & Manufacturing","Stylized research process: final labeling and sealing with mechanical elegance, soft bounce from below, with delicate condensation on glass, vertical rise from base to top. [catalog angle 358]","8k resolution, cinematic lighting, perfect exposure, creamy bokeh, realistic textures, intricate textures",9:16,8,1080p,grok-imagine-image-quality,grok-imagine-video-1.5,"Photoreal vertical 9:16 Palm Beach Vitality laboratory research catalog film, chemical research material only, premium American research aesthetic, no people, no faces, no hands, no needles, no injection, no clinic, no gym, no lifestyle, no wellness claims, no nicknames. Scene: Stylized research process: final labeling and sealing with mechanical elegance, soft bounce from below, with delicate condensation on glass, vertical rise from base to top. [catalog angle 358]. Quality: 8k resolution, cinematic lighting, perfect exposure, creamy bokeh, realistic textures, intricate textures. creation motif 358/500 · scene 219. Keep product identity and any on-screen research typography sharp and unchanged. For laboratory research use only. Not for human use or consumption.",Active,0,
PBVita-Reel-359,359,370,Signature Camera Moves & Dynamic Angles,"Camera focused: high floating angle looking down as product is revealed. Subject is sterile research vial, warm golden hour side light, with soft bokeh circles drifting past.","8k resolution, dramatic lighting, soft diffused lighting, studio lighting, polished look, ambient occlusion",9:16,8,1080p,grok-imagine-image-quality,grok-imagine-video-1.5,"Photoreal vertical 9:16 Palm Beach Vitality laboratory research catalog film, chemical research material only, premium American research aesthetic, no people, no faces, no hands, no needles, no injection, no clinic, no gym, no lifestyle, no wellness claims, no nicknames. Scene: Camera focused: high floating angle looking down as product is revealed. Subject is sterile research vial, warm golden hour side light, with soft bokeh circles drifting past.. Quality: 8k resolution, dramatic lighting, soft diffused lighting, studio lighting, polished look, ambient occlusion. creation motif 359/500 · scene 370. Keep product identity and any on-screen research typography sharp and unchanged. For laboratory research use only. Not for human use or consumption.",Active,0,
PBVita-Reel-360,360,473,"Text, Kinetic & Overlay-Friendly Scenes","Overlay-optimized composition: product and type sharing the same focal plane in elegant balance. Subject dual research pens side by side, low-key selective highlight only.","8k resolution, dramatic lighting, HDR, perfect composition, refined details, realistic reflections",9:16,8,1080p,grok-imagine-image-quality,grok-imagine-video-1.5,"Photoreal vertical 9:16 Palm Beach Vitality laboratory research catalog film, chemical research material only, premium American research aesthetic, no people, no faces, no hands, no needles, no injection, no clinic, no gym, no lifestyle, no wellness claims, no nicknames. Scene: Overlay-optimized composition: product and type sharing the same focal plane in elegant balance. Subject dual research pens side by side, low-key selective highlight only.. Quality: 8k resolution, dramatic lighting, HDR, perfect composition, refined details, realistic reflections. creation motif 360/500 · scene 473. Keep product identity and any on-screen research typography sharp and unchanged. For laboratory research use only. Not for human use or consumption.",Active,0,
PBVita-Reel-361,361,313,"Abstract, Artistic & Cinematic Science","Ink dispersing in clear water in elegant slow motion, featuring dual research pens side by side, dramatic single hard key light, gentle top-down descending crane.","8k resolution, volumetric lighting, soft diffused lighting, high dynamic range, elegant framing, realistic textures",9:16,8,1080p,grok-imagine-image-quality,grok-imagine-video-1.5,"Photoreal vertical 9:16 Palm Beach Vitality laboratory research catalog film, chemical research material only, premium American research aesthetic, no people, no faces, no hands, no needles, no injection, no clinic, no gym, no lifestyle, no wellness claims, no nicknames. Scene: Ink dispersing in clear water in elegant slow motion, featuring dual research pens side by side, dramatic single hard key light, gentle top-down descending crane.. Quality: 8k resolution, volumetric lighting, soft diffused lighting, high dynamic range, elegant framing, realistic textures. creation motif 361/500 · scene 313. Keep product identity and any on-screen research typography sharp and unchanged. For laboratory research use only. Not for human use or consumption.",Active,0,
PBVita-Reel-362,362,580,Extreme Detail & Texture Studies,"Texture / detail study: pure abstract close-up where the product becomes almost unrecognizable texture, warm golden hour side light, locked-off static with internal motion only.","8k resolution, volumetric lighting, HDR, refined details, high fidelity, soft shadows",9:16,8,1080p,grok-imagine-image-quality,grok-imagine-video-1.5,"Photoreal vertical 9:16 Palm Beach Vitality laboratory research catalog film, chemical research material only, premium American research aesthetic, no people, no faces, no hands, no needles, no injection, no clinic, no gym, no lifestyle, no wellness claims, no nicknames. Scene: Texture / detail study: pure abstract close-up where the product becomes almost unrecognizable texture, warm golden hour side light, locked-off static with internal motion only.. Quality: 8k resolution, volumetric lighting, HDR, refined details, high fidelity, soft shadows. creation motif 362/500 · scene 580. Keep product identity and any on-screen research typography sharp and unchanged. For laboratory research use only. Not for human use or consumption.",Active,0,
PBVita-Reel-363,363,554,"Hybrid, Transition & Special Shots","Special / hybrid shot: product orbit that transitions mid-move into a molecular orbit. Centered on single research pen standing upright, soft bounce from below, vertical rise from base to top.","8k resolution, soft diffused lighting, studio lighting, shallow depth of field, perfect composition, high fidelity",9:16,8,1080p,grok-imagine-image-quality,grok-imagine-video-1.5,"Photoreal vertical 9:16 Palm Beach Vitality laboratory research catalog film, chemical research material only, premium American research aesthetic, no people, no faces, no hands, no needles, no injection, no clinic, no gym, no lifestyle, no wellness claims, no nicknames. Scene: Special / hybrid shot: product orbit that transitions mid-move into a molecular orbit. Centered on single research pen standing upright, soft bounce from below, vertical rise from base to top.. Quality: 8k resolution, soft diffused lighting, studio lighting, shallow depth of field, perfect composition, high fidelity. creation motif 363/500 · scene 554. Keep product identity and any on-screen research typography sharp and unchanged. For laboratory research use only. Not for human use or consumption.",Active,0,
PBVita-Reel-364,364,140,Laboratory & Scientific Environments,"Research vial lying on its side on an organized research bench with minimal tools, hard specular edge light, with soft fabric movement in background, soft focus rack from background to product.","8k resolution, soft diffused lighting, shallow depth of field, perfect composition, refined details, global illumination",9:16,8,1080p,grok-imagine-image-quality,grok-imagine-video-1.5,"Photoreal vertical 9:16 Palm Beach Vitality laboratory research catalog film, chemical research material only, premium American research aesthetic, no people, no faces, no hands, no needles, no injection, no clinic, no gym, no lifestyle, no wellness claims, no nicknames. Scene: Research vial lying on its side on an organized research bench with minimal tools, hard specular edge light, with soft fabric movement in background, soft focus rack from background to product.. Quality: 8k resolution, soft diffused lighting, shallow depth of field, perfect composition, refined details, global illumination. creation motif 364/500 · scene 140. Keep product identity and any on-screen research typography sharp and unchanged. For laboratory research use only. Not for human use or consumption.",Active,0,
PBVita-Reel-365,365,476,Lifestyle & Context (Research-Forward),"Context still life: clean modern desk with product among notebooks and a simple glass of water. Featuring pre-filled research pen, soft rim light from behind, slow 360° orbit at eye level.","8k resolution, studio lighting, HDR, perfect exposure, editorial photography style, DSLR sharpness",9:16,8,1080p,grok-imagine-image-quality,grok-imagine-video-1.5,"Photoreal vertical 9:16 Palm Beach Vitality laboratory research catalog film, chemical research material only, premium American research aesthetic, no people, no faces, no hands, no needles, no injection, no clinic, no gym, no lifestyle, no wellness claims, no nicknames. Scene: Context still life: clean modern desk with product among notebooks and a simple glass of water. Featuring pre-filled research pen, soft rim light from behind, slow 360° orbit at eye level.. Quality: 8k resolution, studio lighting, HDR, perfect exposure, editorial photography style, DSLR sharpness. creation motif 365/500 · scene 476. Keep product identity and any on-screen research typography sharp and unchanged. For laboratory research use only. Not for human use or consumption.",Active,0,
PBVita-Reel-366,366,392,Lighting & Mood Variations,"Mood lighting study: cool clinical blue-white LED lighting, high-key and precise. Product is clear glass research vial, captured with extreme macro push-in.","8k resolution, rim lighting, high dynamic range, rich contrast, perfect composition, high fidelity",9:16,8,1080p,grok-imagine-image-quality,grok-imagine-video-1.5,"Photoreal vertical 9:16 Palm Beach Vitality laboratory research catalog film, chemical research material only, premium American research aesthetic, no people, no faces, no hands, no needles, no injection, no clinic, no gym, no lifestyle, no wellness claims, no nicknames. Scene: Mood lighting study: cool clinical blue-white LED lighting, high-key and precise. Product is clear glass research vial, captured with extreme macro push-in.. Quality: 8k resolution, rim lighting, high dynamic range, rich contrast, perfect composition, high fidelity. creation motif 366/500 · scene 392. Keep product identity and any on-screen research typography sharp and unchanged. For laboratory research use only. Not for human use or consumption.",Active,0,
PBVita-Reel-367,367,189,Molecular & Chemical Structure Visuals,"Translucent electron density cloud of a peptide chain, with dual warm and cool lighting, cool clinical blue-white LED, in clean negative space, low angle tracking slide. [catalog angle 367]","8k resolution, rim lighting, premium aesthetic, editorial photography style, medium format look, DSLR sharpness",9:16,8,1080p,grok-imagine-image-quality,grok-imagine-video-1.5,"Photoreal vertical 9:16 Palm Beach Vitality laboratory research catalog film, chemical research material only, premium American research aesthetic, no people, no faces, no hands, no needles, no injection, no clinic, no gym, no lifestyle, no wellness claims, no nicknames. Scene: Translucent electron density cloud of a peptide chain, with dual warm and cool lighting, cool clinical blue-white LED, in clean negative space, low angle tracking slide. [catalog angle 367]. Quality: 8k resolution, rim lighting, premium aesthetic, editorial photography style, medium format look, DSLR sharpness. creation motif 367/500 · scene 189. Keep product identity and any on-screen research typography sharp and unchanged. For laboratory research use only. Not for human use or consumption.",Active,0,
PBVita-Reel-368,368,47,Product Hero & Macro,Macro texture study of amber-tinted research vial label and glass under clean high-key beauty lighting.,"8k resolution, high dynamic range, premium aesthetic, intricate textures, medium format look, professional photography",9:16,8,1080p,grok-imagine-image-quality,grok-imagine-video-1.5,"Photoreal vertical 9:16 Palm Beach Vitality laboratory research catalog film, chemical research material only, premium American research aesthetic, no people, no faces, no hands, no needles, no injection, no clinic, no gym, no lifestyle, no wellness claims, no nicknames. Scene: Macro texture study of amber-tinted research vial label and glass under clean high-key beauty lighting.. Quality: 8k resolution, high dynamic range, premium aesthetic, intricate textures, medium format look, professional photography. creation motif 368/500 · scene 047. Keep product identity and any on-screen research typography sharp and unchanged. For laboratory research use only. Not for human use or consumption.",Active,0,
PBVita-Reel-369,369,250,"Production, Process & Manufacturing","Stylized research process: rhythmic montage of clean process steps, hard specular edge light, with soft fabric movement in background, soft focus rack from background to product. [catalog angle 369]","8k resolution, HDR, intricate textures, global illumination, ambient occlusion, DSLR sharpness",9:16,8,1080p,grok-imagine-image-quality,grok-imagine-video-1.5,"Photoreal vertical 9:16 Palm Beach Vitality laboratory research catalog film, chemical research material only, premium American research aesthetic, no people, no faces, no hands, no needles, no injection, no clinic, no gym, no lifestyle, no wellness claims, no nicknames. Scene: Stylized research process: rhythmic montage of clean process steps, hard specular edge light, with soft fabric movement in background, soft focus rack from background to product. [catalog angle 369]. Quality: 8k resolution, HDR, intricate textures, global illumination, ambient occlusion, DSLR sharpness. creation motif 369/500 · scene 250. Keep product identity and any on-screen research typography sharp and unchanged. For laboratory research use only. Not for human use or consumption.",Active,0,
PBVita-Reel-370,370,379,Signature Camera Moves & Dynamic Angles,"Camera focused: low-angle tracking shot sliding past the product with parallax. Subject is research pen with visible liquid barrel, cool overhead fluorescent lab feel, with soft shadow only.","8k resolution, perfect exposure, perfect composition, soft shadows, DSLR sharpness, professional photography",9:16,8,1080p,grok-imagine-image-quality,grok-imagine-video-1.5,"Photoreal vertical 9:16 Palm Beach Vitality laboratory research catalog film, chemical research material only, premium American research aesthetic, no people, no faces, no hands, no needles, no injection, no clinic, no gym, no lifestyle, no wellness claims, no nicknames. Scene: Camera focused: low-angle tracking shot sliding past the product with parallax. Subject is research pen with visible liquid barrel, cool overhead fluorescent lab feel, with soft shadow only.. Quality: 8k resolution, perfect exposure, perfect composition, soft shadows, DSLR sharpness, professional photography. creation motif 370/500 · scene 379. Keep product identity and any on-screen research typography sharp and unchanged. For laboratory research use only. Not for human use or consumption.",Active,0,
PBVita-Reel-371,371,452,"Text, Kinetic & Overlay-Friendly Scenes","Overlay-optimized composition: abstract soft motion background with product small and type dominant. Subject amber-tinted research vial, clean high-key beauty lighting.","8k resolution, creamy bokeh, clean and crisp, refined details, high-end commercial look, professional photography",9:16,8,1080p,grok-imagine-image-quality,grok-imagine-video-1.5,"Photoreal vertical 9:16 Palm Beach Vitality laboratory research catalog film, chemical research material only, premium American research aesthetic, no people, no faces, no hands, no needles, no injection, no clinic, no gym, no lifestyle, no wellness claims, no nicknames. Scene: Overlay-optimized composition: abstract soft motion background with product small and type dominant. Subject amber-tinted research vial, clean high-key beauty lighting.. Quality: 8k resolution, creamy bokeh, clean and crisp, refined details, high-end commercial look, professional photography. creation motif 371/500 · scene 452. Keep product identity and any on-screen research typography sharp and unchanged. For laboratory research use only. Not for human use or consumption.",Active,0,
PBVita-Reel-372,372,305,"Abstract, Artistic & Cinematic Science","Split warm/cool lighting creating visual tension across form, featuring research vial lying on its side, hard specular edge light, soft focus rack from background to product.","8k resolution, clean and crisp, realistic textures, global illumination, ambient occlusion, high-end commercial look",9:16,8,1080p,grok-imagine-image-quality,grok-imagine-video-1.5,"Photoreal vertical 9:16 Palm Beach Vitality laboratory research catalog film, chemical research material only, premium American research aesthetic, no people, no faces, no hands, no needles, no injection, no clinic, no gym, no lifestyle, no wellness claims, no nicknames. Scene: Split warm/cool lighting creating visual tension across form, featuring research vial lying on its side, hard specular edge light, soft focus rack from background to product.. Quality: 8k resolution, clean and crisp, realistic textures, global illumination, ambient occlusion, high-end commercial look. creation motif 372/500 · scene 305. Keep product identity and any on-screen research typography sharp and unchanged. For laboratory research use only. Not for human use or consumption.",Active,0,
PBVita-Reel-373,373,564,Extreme Detail & Texture Studies,"Texture / detail study: macro of printed label ink and paper fiber under soft light, cool clinical blue-white LED, low angle tracking slide.","photorealistic, hyperrealistic, cinematic lighting, polished look, editorial photography style, medium format look",9:16,8,1080p,grok-imagine-image-quality,grok-imagine-video-1.5,"Photoreal vertical 9:16 Palm Beach Vitality laboratory research catalog film, chemical research material only, premium American research aesthetic, no people, no faces, no hands, no needles, no injection, no clinic, no gym, no lifestyle, no wellness claims, no nicknames. Scene: Texture / detail study: macro of printed label ink and paper fiber under soft light, cool clinical blue-white LED, low angle tracking slide.. Quality: photorealistic, hyperrealistic, cinematic lighting, polished look, editorial photography style, medium format look. creation motif 373/500 · scene 564. Keep product identity and any on-screen research typography sharp and unchanged. For laboratory research use only. Not for human use or consumption.",Active,0,
PBVita-Reel-374,374,549,"Hybrid, Transition & Special Shots","Special / hybrid shot: product emerging from within its own molecular structure visualization. Centered on research pen with visible liquid barrel, cool clinical blue-white LED, low angle tracking slide.","photorealistic, hyperrealistic, studio lighting, rim lighting, polished look, medium format look",9:16,8,1080p,grok-imagine-image-quality,grok-imagine-video-1.5,"Photoreal vertical 9:16 Palm Beach Vitality laboratory research catalog film, chemical research material only, premium American research aesthetic, no people, no faces, no hands, no needles, no injection, no clinic, no gym, no lifestyle, no wellness claims, no nicknames. Scene: Special / hybrid shot: product emerging from within its own molecular structure visualization. Centered on research pen with visible liquid barrel, cool clinical blue-white LED, low angle tracking slide.. Quality: photorealistic, hyperrealistic, studio lighting, rim lighting, polished look, medium format look. creation motif 374/500 · scene 549. Keep product identity and any on-screen research typography sharp and unchanged. For laboratory research use only. Not for human use or consumption.",Active,0,
PBVita-Reel-375,375,88,Laboratory & Scientific Environments,"Dual research pens side by side next to precise volumetric glassware, dramatic single hard key light, with subtle floating dust motes in light beams, gentle top-down descending crane.","photorealistic, hyperrealistic, perfect exposure, perfect composition, intricate textures, editorial photography style",9:16,8,1080p,grok-imagine-image-quality,grok-imagine-video-1.5,"Photoreal vertical 9:16 Palm Beach Vitality laboratory research catalog film, chemical research material only, premium American research aesthetic, no people, no faces, no hands, no needles, no injection, no clinic, no gym, no lifestyle, no wellness claims, no nicknames. Scene: Dual research pens side by side next to precise volumetric glassware, dramatic single hard key light, with subtle floating dust motes in light beams, gentle top-down descending crane.. Quality: photorealistic, hyperrealistic, perfect exposure, perfect composition, intricate textures, editorial photography style. creation motif 375/500 · scene 088. Keep product identity and any on-screen research typography sharp and unchanged. For laboratory research use only. Not for human use or consumption.",Active,0,
PBVita-Reel-376,376,511,Lifestyle & Context (Research-Forward),"Context still life: clean architectural surface with strong geometric lines and the product. Featuring precision research pen, soft diffused overhead, subtle handheld micro-movement.","photorealistic, ultra realistic, cinematic lighting, clean and crisp, detailed surface texture, DSLR sharpness",9:16,8,1080p,grok-imagine-image-quality,grok-imagine-video-1.5,"Photoreal vertical 9:16 Palm Beach Vitality laboratory research catalog film, chemical research material only, premium American research aesthetic, no people, no faces, no hands, no needles, no injection, no clinic, no gym, no lifestyle, no wellness claims, no nicknames. Scene: Context still life: clean architectural surface with strong geometric lines and the product. Featuring precision research pen, soft diffused overhead, subtle handheld micro-movement.. Quality: photorealistic, ultra realistic, cinematic lighting, clean and crisp, detailed surface texture, DSLR sharpness. creation motif 376/500 · scene 511. Keep product identity and any on-screen research typography sharp and unchanged. For laboratory research use only. Not for human use or consumption.",Active,0,
PBVita-Reel-377,377,395,Lighting & Mood Variations,"Mood lighting study: rim light only, product outline glowing against deep black. Product is sterile research vial, captured with locked-off static with internal motion only.","photorealistic, ultra realistic, studio lighting, rim lighting, intricate textures, editorial photography style",9:16,8,1080p,grok-imagine-image-quality,grok-imagine-video-1.5,"Photoreal vertical 9:16 Palm Beach Vitality laboratory research catalog film, chemical research material only, premium American research aesthetic, no people, no faces, no hands, no needles, no injection, no clinic, no gym, no lifestyle, no wellness claims, no nicknames. Scene: Mood lighting study: rim light only, product outline glowing against deep black. Product is sterile research vial, captured with locked-off static with internal motion only.. Quality: photorealistic, ultra realistic, studio lighting, rim lighting, intricate textures, editorial photography style. creation motif 377/500 · scene 395. Keep product identity and any on-screen research typography sharp and unchanged. For laboratory research use only. Not for human use or consumption.",Active,0,
PBVita-Reel-378,378,170,Molecular & Chemical Structure Visuals,"Structure slowly assembling bond by bond of a peptide chain, transitioning from structure into product silhouette, warm under-light glow, with almost no shadow, pure beauty light, slow pull-out revealing environment.","photorealistic, ultra realistic, perfect exposure, elegant framing, premium aesthetic, realistic reflections",9:16,8,1080p,grok-imagine-image-quality,grok-imagine-video-1.5,"Photoreal vertical 9:16 Palm Beach Vitality laboratory research catalog film, chemical research material only, premium American research aesthetic, no people, no faces, no hands, no needles, no injection, no clinic, no gym, no lifestyle, no wellness claims, no nicknames. Scene: Structure slowly assembling bond by bond of a peptide chain, transitioning from structure into product silhouette, warm under-light glow, with almost no shadow, pure beauty light, slow pull-out revealing environment.. Quality: photorealistic, ultra realistic, perfect exposure, elegant framing, premium aesthetic, realistic reflections. creation motif 378/500 · scene 170. Keep product identity and any on-screen research typography sharp and unchanged. For laboratory research use only. Not for human use or consumption.",Active,0,
PBVita-Reel-379,379,64,Product Hero & Macro,"Detail study of research pen with visible liquid barrel focusing on liquid and glass, cool clinical blue-white LED, low angle tracking slide.","photorealistic, cinematic lighting, volumetric lighting, soft diffused lighting, high dynamic range, realistic textures",9:16,8,1080p,grok-imagine-image-quality,grok-imagine-video-1.5,"Photoreal vertical 9:16 Palm Beach Vitality laboratory research catalog film, chemical research material only, premium American research aesthetic, no people, no faces, no hands, no needles, no injection, no clinic, no gym, no lifestyle, no wellness claims, no nicknames. Scene: Detail study of research pen with visible liquid barrel focusing on liquid and glass, cool clinical blue-white LED, low angle tracking slide.. Quality: photorealistic, cinematic lighting, volumetric lighting, soft diffused lighting, high dynamic range, realistic textures. creation motif 379/500 · scene 064. Keep product identity and any on-screen research typography sharp and unchanged. For laboratory research use only. Not for human use or consumption.",Active,0,
PBVita-Reel-380,380,241,"Production, Process & Manufacturing","Stylized research process: clear liquid being gently transferred between sterile vessels, soft rim light from behind, with soft particle haze, slow 360° orbit at eye level. [catalog angle 380]","photorealistic, cinematic lighting, rim lighting, polished look, high fidelity, global illumination",9:16,8,1080p,grok-imagine-image-quality,grok-imagine-video-1.5,"Photoreal vertical 9:16 Palm Beach Vitality laboratory research catalog film, chemical research material only, premium American research aesthetic, no people, no faces, no hands, no needles, no injection, no clinic, no gym, no lifestyle, no wellness claims, no nicknames. Scene: Stylized research process: clear liquid being gently transferred between sterile vessels, soft rim light from behind, with soft particle haze, slow 360° orbit at eye level. [catalog angle 380]. Quality: photorealistic, cinematic lighting, rim lighting, polished look, high fidelity, global illumination. creation motif 380/500 · scene 241. Keep product identity and any on-screen research typography sharp and unchanged. For laboratory research use only. Not for human use or consumption.",Active,0,
PBVita-Reel-381,381,378,Signature Camera Moves & Dynamic Angles,"Camera focused: top-down crane descending slowly onto a precise flat-lay. Subject is sealed peptide vial with rubber stopper, practical small LED panel visible in frame, with perfect mirror reflection below.","photorealistic, cinematic lighting, elegant framing, refined details, editorial photography style, medium format look",9:16,8,1080p,grok-imagine-image-quality,grok-imagine-video-1.5,"Photoreal vertical 9:16 Palm Beach Vitality laboratory research catalog film, chemical research material only, premium American research aesthetic, no people, no faces, no hands, no needles, no injection, no clinic, no gym, no lifestyle, no wellness claims, no nicknames. Scene: Camera focused: top-down crane descending slowly onto a precise flat-lay. Subject is sealed peptide vial with rubber stopper, practical small LED panel visible in frame, with perfect mirror reflection below.. Quality: photorealistic, cinematic lighting, elegant framing, refined details, editorial photography style, medium format look. creation motif 381/500 · scene 378. Keep product identity and any on-screen research typography sharp and unchanged. For laboratory research use only. Not for human use or consumption.",Active,0,
PBVita-Reel-382,382,450,"Text, Kinetic & Overlay-Friendly Scenes","Overlay-optimized composition: product emerging from soft fog while type fades in cleanly above it. Subject sterile research vial, warm under-light glow.","photorealistic, dramatic lighting, studio lighting, perfect composition, elegant framing, high fidelity",9:16,8,1080p,grok-imagine-image-quality,grok-imagine-video-1.5,"Photoreal vertical 9:16 Palm Beach Vitality laboratory research catalog film, chemical research material only, premium American research aesthetic, no people, no faces, no hands, no needles, no injection, no clinic, no gym, no lifestyle, no wellness claims, no nicknames. Scene: Overlay-optimized composition: product emerging from soft fog while type fades in cleanly above it. Subject sterile research vial, warm under-light glow.. Quality: photorealistic, dramatic lighting, studio lighting, perfect composition, elegant framing, high fidelity. creation motif 382/500 · scene 450. Keep product identity and any on-screen research typography sharp and unchanged. For laboratory research use only. Not for human use or consumption.",Active,0,
PBVita-Reel-383,383,286,"Abstract, Artistic & Cinematic Science","Soft particle field slowly forming the product shape, featuring pre-filled research pen, soft diffused overhead, subtle handheld micro-movement.","photorealistic, dramatic lighting, shallow depth of field, premium aesthetic, medium format look, professional photography",9:16,8,1080p,grok-imagine-image-quality,grok-imagine-video-1.5,"Photoreal vertical 9:16 Palm Beach Vitality laboratory research catalog film, chemical research material only, premium American research aesthetic, no people, no faces, no hands, no needles, no injection, no clinic, no gym, no lifestyle, no wellness claims, no nicknames. Scene: Soft particle field slowly forming the product shape, featuring pre-filled research pen, soft diffused overhead, subtle handheld micro-movement.. Quality: photorealistic, dramatic lighting, shallow depth of field, premium aesthetic, medium format look, professional photography. creation motif 383/500 · scene 286. Keep product identity and any on-screen research typography sharp and unchanged. For laboratory research use only. Not for human use or consumption.",Active,0,
PBVita-Reel-384,384,598,Extreme Detail & Texture Studies,"Texture / detail study: detail of sterile packaging seal and clean manufacturing finish, low-key selective highlight only, lateral motion-control track.","photorealistic, volumetric lighting, studio lighting, clean and crisp, realistic textures, high-end commercial look",9:16,8,1080p,grok-imagine-image-quality,grok-imagine-video-1.5,"Photoreal vertical 9:16 Palm Beach Vitality laboratory research catalog film, chemical research material only, premium American research aesthetic, no people, no faces, no hands, no needles, no injection, no clinic, no gym, no lifestyle, no wellness claims, no nicknames. Scene: Texture / detail study: detail of sterile packaging seal and clean manufacturing finish, low-key selective highlight only, lateral motion-control track.. Quality: photorealistic, volumetric lighting, studio lighting, clean and crisp, realistic textures, high-end commercial look. creation motif 384/500 · scene 598. Keep product identity and any on-screen research typography sharp and unchanged. For laboratory research use only. Not for human use or consumption.",Active,0,
PBVita-Reel-385,385,555,"Hybrid, Transition & Special Shots","Special / hybrid shot: final wide shot that pulls back to reveal the product as part of a larger clean set. Centered on research vial lying on its side, hard specular edge light, soft focus rack from background to product.","photorealistic, volumetric lighting, shallow depth of field, soft shadows, DSLR sharpness, professional photography",9:16,8,1080p,grok-imagine-image-quality,grok-imagine-video-1.5,"Photoreal vertical 9:16 Palm Beach Vitality laboratory research catalog film, chemical research material only, premium American research aesthetic, no people, no faces, no hands, no needles, no injection, no clinic, no gym, no lifestyle, no wellness claims, no nicknames. Scene: Special / hybrid shot: final wide shot that pulls back to reveal the product as part of a larger clean set. Centered on research vial lying on its side, hard specular edge light, soft focus rack from background to product.. Quality: photorealistic, volumetric lighting, shallow depth of field, soft shadows, DSLR sharpness, professional photography. creation motif 385/500 · scene 555. Keep product identity and any on-screen research typography sharp and unchanged. For laboratory research use only. Not for human use or consumption.",Active,0,
PBVita-Reel-386,386,124,Laboratory & Scientific Environments,"Research pen with visible liquid barrel in a cold storage rack with soft fog, soft bounce from below, with delicate condensation on glass, vertical rise from base to top. [catalog angle 386]","photorealistic, soft diffused lighting, high dynamic range, shallow depth of field, elegant framing, realistic reflections",9:16,8,1080p,grok-imagine-image-quality,grok-imagine-video-1.5,"Photoreal vertical 9:16 Palm Beach Vitality laboratory research catalog film, chemical research material only, premium American research aesthetic, no people, no faces, no hands, no needles, no injection, no clinic, no gym, no lifestyle, no wellness claims, no nicknames. Scene: Research pen with visible liquid barrel in a cold storage rack with soft fog, soft bounce from below, with delicate condensation on glass, vertical rise from base to top. [catalog angle 386]. Quality: photorealistic, soft diffused lighting, high dynamic range, shallow depth of field, elegant framing, realistic reflections. creation motif 386/500 · scene 124. Keep product identity and any on-screen research typography sharp and unchanged. For laboratory research use only. Not for human use or consumption.",Active,0,
PBVita-Reel-387,387,499,Lifestyle & Context (Research-Forward),"Context still life: minimalist shelf styling with the product as the clear hero object. Featuring research pen with visible liquid barrel, soft bounce from below, vertical rise from base to top.","photorealistic, soft diffused lighting, polished look, soft shadows, realistic reflections, high-end commercial look",9:16,8,1080p,grok-imagine-image-quality,grok-imagine-video-1.5,"Photoreal vertical 9:16 Palm Beach Vitality laboratory research catalog film, chemical research material only, premium American research aesthetic, no people, no faces, no hands, no needles, no injection, no clinic, no gym, no lifestyle, no wellness claims, no nicknames. Scene: Context still life: minimalist shelf styling with the product as the clear hero object. Featuring research pen with visible liquid barrel, soft bounce from below, vertical rise from base to top.. Quality: photorealistic, soft diffused lighting, polished look, soft shadows, realistic reflections, high-end commercial look. creation motif 387/500 · scene 499. Keep product identity and any on-screen research typography sharp and unchanged. For laboratory research use only. Not for human use or consumption.",Active,0,
PBVita-Reel-388,388,407,Lighting & Mood Variations,"Mood lighting study: warm practical desk lamp style motivated lighting. Product is amber-tinted research vial, captured with extreme macro push-in.","photorealistic, studio lighting, shallow depth of field, creamy bokeh, ambient occlusion, soft shadows",9:16,8,1080p,grok-imagine-image-quality,grok-imagine-video-1.5,"Photoreal vertical 9:16 Palm Beach Vitality laboratory research catalog film, chemical research material only, premium American research aesthetic, no people, no faces, no hands, no needles, no injection, no clinic, no gym, no lifestyle, no wellness claims, no nicknames. Scene: Mood lighting study: warm practical desk lamp style motivated lighting. Product is amber-tinted research vial, captured with extreme macro push-in.. Quality: photorealistic, studio lighting, shallow depth of field, creamy bokeh, ambient occlusion, soft shadows. creation motif 388/500 · scene 407. Keep product identity and any on-screen research typography sharp and unchanged. For laboratory research use only. Not for human use or consumption.",Active,0,
PBVita-Reel-389,389,191,Molecular & Chemical Structure Visuals,"High-end holographic projection style of a peptide chain, slowly rotating in dark space, soft diffused overhead, with light caustics refracting across the surface, subtle handheld micro-movement.","photorealistic, rim lighting, rich contrast, premium aesthetic, polished look, editorial photography style",9:16,8,1080p,grok-imagine-image-quality,grok-imagine-video-1.5,"Photoreal vertical 9:16 Palm Beach Vitality laboratory research catalog film, chemical research material only, premium American research aesthetic, no people, no faces, no hands, no needles, no injection, no clinic, no gym, no lifestyle, no wellness claims, no nicknames. Scene: High-end holographic projection style of a peptide chain, slowly rotating in dark space, soft diffused overhead, with light caustics refracting across the surface, subtle handheld micro-movement.. Quality: photorealistic, rim lighting, rich contrast, premium aesthetic, polished look, editorial photography style. creation motif 389/500 · scene 191. Keep product identity and any on-screen research typography sharp and unchanged. For laboratory research use only. Not for human use or consumption.",Active,0,
PBVita-Reel-390,390,21,Product Hero & Macro,"Extreme macro of pre-filled research pen on frosted glass platform, soft diffused overhead, subtle handheld micro-movement. [catalog angle 390]","photorealistic, high dynamic range, rich contrast, elegant framing, polished look, DSLR sharpness",9:16,8,1080p,grok-imagine-image-quality,grok-imagine-video-1.5,"Photoreal vertical 9:16 Palm Beach Vitality laboratory research catalog film, chemical research material only, premium American research aesthetic, no people, no faces, no hands, no needles, no injection, no clinic, no gym, no lifestyle, no wellness claims, no nicknames. Scene: Extreme macro of pre-filled research pen on frosted glass platform, soft diffused overhead, subtle handheld micro-movement. [catalog angle 390]. Quality: photorealistic, high dynamic range, rich contrast, elegant framing, polished look, DSLR sharpness. creation motif 390/500 · scene 021. Keep product identity and any on-screen research typography sharp and unchanged. For laboratory research use only. Not for human use or consumption.",Active,0,
PBVita-Reel-391,391,257,"Production, Process & Manufacturing","Stylized research process: precise pipetting sequence in slow motion, clean high-key beauty lighting, with gentle dry-ice style fog drifting, extreme macro push-in.","photorealistic, HDR, perfect exposure, polished look, high-end commercial look, medium format look",9:16,8,1080p,grok-imagine-image-quality,grok-imagine-video-1.5,"Photoreal vertical 9:16 Palm Beach Vitality laboratory research catalog film, chemical research material only, premium American research aesthetic, no people, no faces, no hands, no needles, no injection, no clinic, no gym, no lifestyle, no wellness claims, no nicknames. Scene: Stylized research process: precise pipetting sequence in slow motion, clean high-key beauty lighting, with gentle dry-ice style fog drifting, extreme macro push-in.. Quality: photorealistic, HDR, perfect exposure, polished look, high-end commercial look, medium format look. creation motif 391/500 · scene 257. Keep product identity and any on-screen research typography sharp and unchanged. For laboratory research use only. Not for human use or consumption.",Active,0,
PBVita-Reel-392,392,341,Signature Camera Moves & Dynamic Angles,"Camera focused: organic handheld micro-movement while staying clean and controlled. Subject is precision research pen, soft diffused overhead, with light caustics refracting across the surface.","photorealistic, rich contrast, perfect composition, realistic textures, global illumination, medium format look",9:16,8,1080p,grok-imagine-image-quality,grok-imagine-video-1.5,"Photoreal vertical 9:16 Palm Beach Vitality laboratory research catalog film, chemical research material only, premium American research aesthetic, no people, no faces, no hands, no needles, no injection, no clinic, no gym, no lifestyle, no wellness claims, no nicknames. Scene: Camera focused: organic handheld micro-movement while staying clean and controlled. Subject is precision research pen, soft diffused overhead, with light caustics refracting across the surface.. Quality: photorealistic, rich contrast, perfect composition, realistic textures, global illumination, medium format look. creation motif 392/500 · scene 341. Keep product identity and any on-screen research typography sharp and unchanged. For laboratory research use only. Not for human use or consumption.",Active,0,
PBVita-Reel-393,393,466,"Text, Kinetic & Overlay-Friendly Scenes","Overlay-optimized composition: wide open negative space above the product for large centered headlines. Subject pre-filled research pen, soft rim light from behind.","photorealistic, shallow depth of field, perfect composition, polished look, realistic textures, ambient occlusion",9:16,8,1080p,grok-imagine-image-quality,grok-imagine-video-1.5,"Photoreal vertical 9:16 Palm Beach Vitality laboratory research catalog film, chemical research material only, premium American research aesthetic, no people, no faces, no hands, no needles, no injection, no clinic, no gym, no lifestyle, no wellness claims, no nicknames. Scene: Overlay-optimized composition: wide open negative space above the product for large centered headlines. Subject pre-filled research pen, soft rim light from behind.. Quality: photorealistic, shallow depth of field, perfect composition, polished look, realistic textures, ambient occlusion. creation motif 393/500 · scene 466. Keep product identity and any on-screen research typography sharp and unchanged. For laboratory research use only. Not for human use or consumption.",Active,0,
PBVita-Reel-394,394,330,"Abstract, Artistic & Cinematic Science","Dark cinematic void with single spotlight, featuring sterile research vial, warm golden hour side light, locked-off static with internal motion only.","photorealistic, perfect composition, realistic reflections, medium format look, DSLR sharpness, professional photography",9:16,8,1080p,grok-imagine-image-quality,grok-imagine-video-1.5,"Photoreal vertical 9:16 Palm Beach Vitality laboratory research catalog film, chemical research material only, premium American research aesthetic, no people, no faces, no hands, no needles, no injection, no clinic, no gym, no lifestyle, no wellness claims, no nicknames. Scene: Dark cinematic void with single spotlight, featuring sterile research vial, warm golden hour side light, locked-off static with internal motion only.. Quality: photorealistic, perfect composition, realistic reflections, medium format look, DSLR sharpness, professional photography. creation motif 394/500 · scene 330. Keep product identity and any on-screen research typography sharp and unchanged. For laboratory research use only. Not for human use or consumption.",Active,0,
PBVita-Reel-395,395,589,Extreme Detail & Texture Studies,"Texture / detail study: edge light catching every microscopic dust-free surface, cool overhead fluorescent lab feel, extreme high angle looking straight down.","hyperrealistic, ultra realistic, cinematic lighting, high dynamic range, clean and crisp, intricate textures",9:16,8,1080p,grok-imagine-image-quality,grok-imagine-video-1.5,"Photoreal vertical 9:16 Palm Beach Vitality laboratory research catalog film, chemical research material only, premium American research aesthetic, no people, no faces, no hands, no needles, no injection, no clinic, no gym, no lifestyle, no wellness claims, no nicknames. Scene: Texture / detail study: edge light catching every microscopic dust-free surface, cool overhead fluorescent lab feel, extreme high angle looking straight down.. Quality: hyperrealistic, ultra realistic, cinematic lighting, high dynamic range, clean and crisp, intricate textures. creation motif 395/500 · scene 589. Keep product identity and any on-screen research typography sharp and unchanged. For laboratory research use only. Not for human use or consumption.",Active,0,
PBVita-Reel-396,396,558,"Hybrid, Transition & Special Shots","Special / hybrid shot: multi-product lineup in perfect geometric formation with slow lateral track. Centered on sealed peptide vial with rubber stopper, practical small LED panel visible in frame, over-the-shoulder gloved perspective.","hyperrealistic, ultra realistic, soft diffused lighting, perfect exposure, elegant framing, soft shadows",9:16,8,1080p,grok-imagine-image-quality,grok-imagine-video-1.5,"Photoreal vertical 9:16 Palm Beach Vitality laboratory research catalog film, chemical research material only, premium American research aesthetic, no people, no faces, no hands, no needles, no injection, no clinic, no gym, no lifestyle, no wellness claims, no nicknames. Scene: Special / hybrid shot: multi-product lineup in perfect geometric formation with slow lateral track. Centered on sealed peptide vial with rubber stopper, practical small LED panel visible in frame, over-the-shoulder gloved perspective.. Quality: hyperrealistic, ultra realistic, soft diffused lighting, perfect exposure, elegant framing, soft shadows. creation motif 396/500 · scene 558. Keep product identity and any on-screen research typography sharp and unchanged. For laboratory research use only. Not for human use or consumption.",Active,0,
PBVita-Reel-397,397,99,Laboratory & Scientific Environments,"Single research pen standing upright with soft reflection on polished lab surfaces, cool overhead fluorescent lab feel, with soft shadow only, extreme high angle looking straight down. [catalog angle 397]","hyperrealistic, ultra realistic, rich contrast, shallow depth of field, realistic textures, high-end commercial look",9:16,8,1080p,grok-imagine-image-quality,grok-imagine-video-1.5,"Photoreal vertical 9:16 Palm Beach Vitality laboratory research catalog film, chemical research material only, premium American research aesthetic, no people, no faces, no hands, no needles, no injection, no clinic, no gym, no lifestyle, no wellness claims, no nicknames. Scene: Single research pen standing upright with soft reflection on polished lab surfaces, cool overhead fluorescent lab feel, with soft shadow only, extreme high angle looking straight down. [catalog angle 397]. Quality: hyperrealistic, ultra realistic, rich contrast, shallow depth of field, realistic textures, high-end commercial look. creation motif 397/500 · scene 099. Keep product identity and any on-screen research typography sharp and unchanged. For laboratory research use only. Not for human use or consumption.",Active,0,
PBVita-Reel-398,398,496,Lifestyle & Context (Research-Forward),"Context still life: clean modern desk with product among notebooks and a simple glass of water. Featuring pre-filled research pen, soft diffused overhead, subtle handheld micro-movement.","hyperrealistic, cinematic lighting, dramatic lighting, rich contrast, premium aesthetic, professional photography",9:16,8,1080p,grok-imagine-image-quality,grok-imagine-video-1.5,"Photoreal vertical 9:16 Palm Beach Vitality laboratory research catalog film, chemical research material only, premium American research aesthetic, no people, no faces, no hands, no needles, no injection, no clinic, no gym, no lifestyle, no wellness claims, no nicknames. Scene: Context still life: clean modern desk with product among notebooks and a simple glass of water. Featuring pre-filled research pen, soft diffused overhead, subtle handheld micro-movement.. Quality: hyperrealistic, cinematic lighting, dramatic lighting, rich contrast, premium aesthetic, professional photography. creation motif 398/500 · scene 496. Keep product identity and any on-screen research typography sharp and unchanged. For laboratory research use only. Not for human use or consumption.",Active,0,
PBVita-Reel-399,399,424,Lighting & Mood Variations,"Mood lighting study: moving light source slowly traveling across the product surface. Product is research pen with visible liquid barrel, captured with low angle tracking slide.","hyperrealistic, cinematic lighting, rim lighting, high dynamic range, perfect exposure, creamy bokeh",9:16,8,1080p,grok-imagine-image-quality,grok-imagine-video-1.5,"Photoreal vertical 9:16 Palm Beach Vitality laboratory research catalog film, chemical research material only, premium American research aesthetic, no people, no faces, no hands, no needles, no injection, no clinic, no gym, no lifestyle, no wellness claims, no nicknames. Scene: Mood lighting study: moving light source slowly traveling across the product surface. Product is research pen with visible liquid barrel, captured with low angle tracking slide.. Quality: hyperrealistic, cinematic lighting, rim lighting, high dynamic range, perfect exposure, creamy bokeh. creation motif 399/500 · scene 424. Keep product identity and any on-screen research typography sharp and unchanged. For laboratory research use only. Not for human use or consumption.",Active,0,
PBVita-Reel-400,400,169,Molecular & Chemical Structure Visuals,"Large-scale molecular landscape the camera flies through of a peptide chain, with dual warm and cool lighting, cool overhead fluorescent lab feel, with soft shadow only, extreme high angle looking straight down.","hyperrealistic, cinematic lighting, creamy bokeh, polished look, realistic textures, detailed surface texture",9:16,8,1080p,grok-imagine-image-quality,grok-imagine-video-1.5,"Photoreal vertical 9:16 Palm Beach Vitality laboratory research catalog film, chemical research material only, premium American research aesthetic, no people, no faces, no hands, no needles, no injection, no clinic, no gym, no lifestyle, no wellness claims, no nicknames. Scene: Large-scale molecular landscape the camera flies through of a peptide chain, with dual warm and cool lighting, cool overhead fluorescent lab feel, with soft shadow only, extreme high angle looking straight down.. Quality: hyperrealistic, cinematic lighting, creamy bokeh, polished look, realistic textures, detailed surface texture. creation motif 400/500 · scene 169. Keep product identity and any on-screen research typography sharp and unchanged. For laboratory research use only. Not for human use or consumption.",Active,0,
PBVita-Reel-401,401,32,Product Hero & Macro,"Clear glass research vial gently floating and turning on matte pure white infinity surface, with gentle dry-ice style fog drifting, extreme macro push-in. [catalog angle 401]","hyperrealistic, dramatic lighting, soft diffused lighting, detailed surface texture, editorial photography style, DSLR sharpness",9:16,8,1080p,grok-imagine-image-quality,grok-imagine-video-1.5,"Photoreal vertical 9:16 Palm Beach Vitality laboratory research catalog film, chemical research material only, premium American research aesthetic, no people, no faces, no hands, no needles, no injection, no clinic, no gym, no lifestyle, no wellness claims, no nicknames. Scene: Clear glass research vial gently floating and turning on matte pure white infinity surface, with gentle dry-ice style fog drifting, extreme macro push-in. [catalog angle 401]. Quality: hyperrealistic, dramatic lighting, soft diffused lighting, detailed surface texture, editorial photography style, DSLR sharpness. creation motif 401/500 · scene 032. Keep product identity and any on-screen research typography sharp and unchanged. For laboratory research use only. Not for human use or consumption.",Active,0,
PBVita-Reel-402,402,227,"Production, Process & Manufacturing","Stylized research process: precise pipetting sequence in slow motion, clean high-key beauty lighting, with gentle dry-ice style fog drifting, extreme macro push-in. [catalog angle 402]","hyperrealistic, dramatic lighting, perfect exposure, shallow depth of field, editorial photography style, medium format look",9:16,8,1080p,grok-imagine-image-quality,grok-imagine-video-1.5,"Photoreal vertical 9:16 Palm Beach Vitality laboratory research catalog film, chemical research material only, premium American research aesthetic, no people, no faces, no hands, no needles, no injection, no clinic, no gym, no lifestyle, no wellness claims, no nicknames. Scene: Stylized research process: precise pipetting sequence in slow motion, clean high-key beauty lighting, with gentle dry-ice style fog drifting, extreme macro push-in. [catalog angle 402]. Quality: hyperrealistic, dramatic lighting, perfect exposure, shallow depth of field, editorial photography style, medium format look. creation motif 402/500 · scene 227. Keep product identity and any on-screen research typography sharp and unchanged. For laboratory research use only. Not for human use or consumption.",Active,0,
PBVita-Reel-403,403,340,Signature Camera Moves & Dynamic Angles,"Camera focused: subtle dutch angle that gently corrects to level. Subject is sterile research vial, warm golden hour side light, with soft bokeh circles drifting past.","hyperrealistic, volumetric lighting, studio lighting, high dynamic range, premium aesthetic, editorial photography style",9:16,8,1080p,grok-imagine-image-quality,grok-imagine-video-1.5,"Photoreal vertical 9:16 Palm Beach Vitality laboratory research catalog film, chemical research material only, premium American research aesthetic, no people, no faces, no hands, no needles, no injection, no clinic, no gym, no lifestyle, no wellness claims, no nicknames. Scene: Camera focused: subtle dutch angle that gently corrects to level. Subject is sterile research vial, warm golden hour side light, with soft bokeh circles drifting past.. Quality: hyperrealistic, volumetric lighting, studio lighting, high dynamic range, premium aesthetic, editorial photography style. creation motif 403/500 · scene 340. Keep product identity and any on-screen research typography sharp and unchanged. For laboratory research use only. Not for human use or consumption.",Active,0,
PBVita-Reel-404,404,441,"Text, Kinetic & Overlay-Friendly Scenes","Overlay-optimized composition: dark background with single product and high-contrast white kinetic lettering. Subject precision research pen, soft diffused overhead.","hyperrealistic, volumetric lighting, perfect exposure, premium aesthetic, detailed surface texture, global illumination",9:16,8,1080p,grok-imagine-image-quality,grok-imagine-video-1.5,"Photoreal vertical 9:16 Palm Beach Vitality laboratory research catalog film, chemical research material only, premium American research aesthetic, no people, no faces, no hands, no needles, no injection, no clinic, no gym, no lifestyle, no wellness claims, no nicknames. Scene: Overlay-optimized composition: dark background with single product and high-contrast white kinetic lettering. Subject precision research pen, soft diffused overhead.. Quality: hyperrealistic, volumetric lighting, perfect exposure, premium aesthetic, detailed surface texture, global illumination. creation motif 404/500 · scene 441. Keep product identity and any on-screen research typography sharp and unchanged. For laboratory research use only. Not for human use or consumption.",Active,0,
PBVita-Reel-405,405,327,"Abstract, Artistic & Cinematic Science","Liquid-metal surface morphing into the product silhouette, featuring clear glass research vial, clean high-key beauty lighting, extreme macro push-in.","hyperrealistic, soft diffused lighting, rim lighting, creamy bokeh, realistic reflections, medium format look",9:16,8,1080p,grok-imagine-image-quality,grok-imagine-video-1.5,"Photoreal vertical 9:16 Palm Beach Vitality laboratory research catalog film, chemical research material only, premium American research aesthetic, no people, no faces, no hands, no needles, no injection, no clinic, no gym, no lifestyle, no wellness claims, no nicknames. Scene: Liquid-metal surface morphing into the product silhouette, featuring clear glass research vial, clean high-key beauty lighting, extreme macro push-in.. Quality: hyperrealistic, soft diffused lighting, rim lighting, creamy bokeh, realistic reflections, medium format look. creation motif 405/500 · scene 327. Keep product identity and any on-screen research typography sharp and unchanged. For laboratory research use only. Not for human use or consumption.",Active,0,
PBVita-Reel-406,406,572,Extreme Detail & Texture Studies,"Texture / detail study: close-up of the protective cap texture and precise fit, soft window light with gentle falloff, circular arc that never fully completes.","hyperrealistic, soft diffused lighting, perfect composition, global illumination, high-end commercial look, DSLR sharpness",9:16,8,1080p,grok-imagine-image-quality,grok-imagine-video-1.5,"Photoreal vertical 9:16 Palm Beach Vitality laboratory research catalog film, chemical research material only, premium American research aesthetic, no people, no faces, no hands, no needles, no injection, no clinic, no gym, no lifestyle, no wellness claims, no nicknames. Scene: Texture / detail study: close-up of the protective cap texture and precise fit, soft window light with gentle falloff, circular arc that never fully completes.. Quality: hyperrealistic, soft diffused lighting, perfect composition, global illumination, high-end commercial look, DSLR sharpness. creation motif 406/500 · scene 572. Keep product identity and any on-screen research typography sharp and unchanged. For laboratory research use only. Not for human use or consumption.",Active,0,
PBVita-Reel-407,407,531,"Hybrid, Transition & Special Shots","Special / hybrid shot: product casting a molecular-shaped shadow that slowly animates. Centered on precision research pen, soft rim light from behind, slow 360° orbit at eye level.","hyperrealistic, studio lighting, rich contrast, high fidelity, global illumination, medium format look",9:16,8,1080p,grok-imagine-image-quality,grok-imagine-video-1.5,"Photoreal vertical 9:16 Palm Beach Vitality laboratory research catalog film, chemical research material only, premium American research aesthetic, no people, no faces, no hands, no needles, no injection, no clinic, no gym, no lifestyle, no wellness claims, no nicknames. Scene: Special / hybrid shot: product casting a molecular-shaped shadow that slowly animates. Centered on precision research pen, soft rim light from behind, slow 360° orbit at eye level.. Quality: hyperrealistic, studio lighting, rich contrast, high fidelity, global illumination, medium format look. creation motif 407/500 · scene 531. Keep product identity and any on-screen research typography sharp and unchanged. For laboratory research use only. Not for human use or consumption.",Active,0,
PBVita-Reel-408,408,87,Laboratory & Scientific Environments,"Amber-tinted research vial on a sterile stainless work surface, clean high-key beauty lighting, with gentle dry-ice style fog drifting, extreme macro push-in.","hyperrealistic, rim lighting, HDR, perfect composition, detailed surface texture, professional photography",9:16,8,1080p,grok-imagine-image-quality,grok-imagine-video-1.5,"Photoreal vertical 9:16 Palm Beach Vitality laboratory research catalog film, chemical research material only, premium American research aesthetic, no people, no faces, no hands, no needles, no injection, no clinic, no gym, no lifestyle, no wellness claims, no nicknames. Scene: Amber-tinted research vial on a sterile stainless work surface, clean high-key beauty lighting, with gentle dry-ice style fog drifting, extreme macro push-in.. Quality: hyperrealistic, rim lighting, HDR, perfect composition, detailed surface texture, professional photography. creation motif 408/500 · scene 087. Keep product identity and any on-screen research typography sharp and unchanged. For laboratory research use only. Not for human use or consumption.",Active,0,
PBVita-Reel-409,409,494,Lifestyle & Context (Research-Forward),"Context still life: product placed near a large window with soft exterior bokeh beyond. Featuring single research pen standing upright, cool clinical blue-white LED, low angle tracking slide.","hyperrealistic, high dynamic range, HDR, creamy bokeh, medium format look, professional photography",9:16,8,1080p,grok-imagine-image-quality,grok-imagine-video-1.5,"Photoreal vertical 9:16 Palm Beach Vitality laboratory research catalog film, chemical research material only, premium American research aesthetic, no people, no faces, no hands, no needles, no injection, no clinic, no gym, no lifestyle, no wellness claims, no nicknames. Scene: Context still life: product placed near a large window with soft exterior bokeh beyond. Featuring single research pen standing upright, cool clinical blue-white LED, low angle tracking slide.. Quality: hyperrealistic, high dynamic range, HDR, creamy bokeh, medium format look, professional photography. creation motif 409/500 · scene 494. Keep product identity and any on-screen research typography sharp and unchanged. For laboratory research use only. Not for human use or consumption.",Active,0,
PBVita-Reel-410,410,401,Lighting & Mood Variations,"Mood lighting study: motivated light from nearby analytical equipment screens. Product is pre-filled research pen, captured with fast resolve into locked hero frame.","hyperrealistic, HDR, rich contrast, perfect composition, detailed surface texture, realistic reflections",9:16,8,1080p,grok-imagine-image-quality,grok-imagine-video-1.5,"Photoreal vertical 9:16 Palm Beach Vitality laboratory research catalog film, chemical research material only, premium American research aesthetic, no people, no faces, no hands, no needles, no injection, no clinic, no gym, no lifestyle, no wellness claims, no nicknames. Scene: Mood lighting study: motivated light from nearby analytical equipment screens. Product is pre-filled research pen, captured with fast resolve into locked hero frame.. Quality: hyperrealistic, HDR, rich contrast, perfect composition, detailed surface texture, realistic reflections. creation motif 410/500 · scene 401. Keep product identity and any on-screen research typography sharp and unchanged. For laboratory research use only. Not for human use or consumption.",Active,0,
PBVita-Reel-411,411,178,Molecular & Chemical Structure Visuals,"Dark dramatic molecular model with rim light of a peptide chain, as camera flies through the structure, low-key selective highlight only, in pure clinical emptiness, lateral motion-control track. [catalog angle 411]","hyperrealistic, rich contrast, shallow depth of field, intricate textures, realistic reflections, high-end commercial look",9:16,8,1080p,grok-imagine-image-quality,grok-imagine-video-1.5,"Photoreal vertical 9:16 Palm Beach Vitality laboratory research catalog film, chemical research material only, premium American research aesthetic, no people, no faces, no hands, no needles, no injection, no clinic, no gym, no lifestyle, no wellness claims, no nicknames. Scene: Dark dramatic molecular model with rim light of a peptide chain, as camera flies through the structure, low-key selective highlight only, in pure clinical emptiness, lateral motion-control track. [catalog angle 411]. Quality: hyperrealistic, rich contrast, shallow depth of field, intricate textures, realistic reflections, high-end commercial look. creation motif 411/500 · scene 178. Keep product identity and any on-screen research typography sharp and unchanged. For laboratory research use only. Not for human use or consumption.",Active,0,
PBVita-Reel-412,412,17,Product Hero & Macro,Macro texture study of amber-tinted research vial label and glass under clean high-key beauty lighting. [catalog angle 412],"hyperrealistic, perfect exposure, realistic textures, intricate textures, high-end commercial look, professional photography",9:16,8,1080p,grok-imagine-image-quality,grok-imagine-video-1.5,"Photoreal vertical 9:16 Palm Beach Vitality laboratory research catalog film, chemical research material only, premium American research aesthetic, no people, no faces, no hands, no needles, no injection, no clinic, no gym, no lifestyle, no wellness claims, no nicknames. Scene: Macro texture study of amber-tinted research vial label and glass under clean high-key beauty lighting. [catalog angle 412]. Quality: hyperrealistic, perfect exposure, realistic textures, intricate textures, high-end commercial look, professional photography. creation motif 412/500 · scene 017. Keep product identity and any on-screen research typography sharp and unchanged. For laboratory research use only. Not for human use or consumption.",Active,0,
PBVita-Reel-413,413,232,"Production, Process & Manufacturing","Stylized research process: soft color shift inside a reaction flask under controlled light, split complementary teal and amber, with soft volumetric atmosphere, spiral orbit combined with slow push. [catalog angle 413]","hyperrealistic, perfect composition, polished look, clean and crisp, DSLR sharpness, professional photography",9:16,8,1080p,grok-imagine-image-quality,grok-imagine-video-1.5,"Photoreal vertical 9:16 Palm Beach Vitality laboratory research catalog film, chemical research material only, premium American research aesthetic, no people, no faces, no hands, no needles, no injection, no clinic, no gym, no lifestyle, no wellness claims, no nicknames. Scene: Stylized research process: soft color shift inside a reaction flask under controlled light, split complementary teal and amber, with soft volumetric atmosphere, spiral orbit combined with slow push. [catalog angle 413]. Quality: hyperrealistic, perfect composition, polished look, clean and crisp, DSLR sharpness, professional photography. creation motif 413/500 · scene 232. Keep product identity and any on-screen research typography sharp and unchanged. For laboratory research use only. Not for human use or consumption.",Active,0,
PBVita-Reel-414,414,390,Signature Camera Moves & Dynamic Angles,"Camera focused: high floating angle looking down as product is revealed. Subject is sterile research vial, hard specular edge light, with soft fabric movement in background.","ultra realistic, cinematic lighting, dramatic lighting, volumetric lighting, perfect composition, clean and crisp",9:16,8,1080p,grok-imagine-image-quality,grok-imagine-video-1.5,"Photoreal vertical 9:16 Palm Beach Vitality laboratory research catalog film, chemical research material only, premium American research aesthetic, no people, no faces, no hands, no needles, no injection, no clinic, no gym, no lifestyle, no wellness claims, no nicknames. Scene: Camera focused: high floating angle looking down as product is revealed. Subject is sterile research vial, hard specular edge light, with soft fabric movement in background.. Quality: ultra realistic, cinematic lighting, dramatic lighting, volumetric lighting, perfect composition, clean and crisp. creation motif 414/500 · scene 390. Keep product identity and any on-screen research typography sharp and unchanged. For laboratory research use only. Not for human use or consumption.",Active,0,
PBVita-Reel-415,415,462,"Text, Kinetic & Overlay-Friendly Scenes","Overlay-optimized composition: soft focus product as background layer with sharp text in foreground plane. Subject amber-tinted research vial, soft window light with gentle falloff.","ultra realistic, cinematic lighting, studio lighting, rich contrast, shallow depth of field, soft shadows",9:16,8,1080p,grok-imagine-image-quality,grok-imagine-video-1.5,"Photoreal vertical 9:16 Palm Beach Vitality laboratory research catalog film, chemical research material only, premium American research aesthetic, no people, no faces, no hands, no needles, no injection, no clinic, no gym, no lifestyle, no wellness claims, no nicknames. Scene: Overlay-optimized composition: soft focus product as background layer with sharp text in foreground plane. Subject amber-tinted research vial, soft window light with gentle falloff.. Quality: ultra realistic, cinematic lighting, studio lighting, rich contrast, shallow depth of field, soft shadows. creation motif 415/500 · scene 462. Keep product identity and any on-screen research typography sharp and unchanged. For laboratory research use only. Not for human use or consumption.",Active,0,
PBVita-Reel-416,416,300,"Abstract, Artistic & Cinematic Science","Shallow depth of field with only the tip in critical focus, featuring sterile research vial, warm golden hour side light, locked-off static with internal motion only.","ultra realistic, cinematic lighting, perfect exposure, realistic textures, global illumination, professional photography",9:16,8,1080p,grok-imagine-image-quality,grok-imagine-video-1.5,"Photoreal vertical 9:16 Palm Beach Vitality laboratory research catalog film, chemical research material only, premium American research aesthetic, no people, no faces, no hands, no needles, no injection, no clinic, no gym, no lifestyle, no wellness claims, no nicknames. Scene: Shallow depth of field with only the tip in critical focus, featuring sterile research vial, warm golden hour side light, locked-off static with internal motion only.. Quality: ultra realistic, cinematic lighting, perfect exposure, realistic textures, global illumination, professional photography. creation motif 416/500 · scene 300. Keep product identity and any on-screen research typography sharp and unchanged. For laboratory research use only. Not for human use or consumption.",Active,0,
PBVita-Reel-417,417,593,Extreme Detail & Texture Studies,"Texture / detail study: liquid clarity study — light passing cleanly through the research solution, dramatic single hard key light, gentle top-down descending crane.","ultra realistic, dramatic lighting, soft diffused lighting, HDR, clean and crisp, detailed surface texture",9:16,8,1080p,grok-imagine-image-quality,grok-imagine-video-1.5,"Photoreal vertical 9:16 Palm Beach Vitality laboratory research catalog film, chemical research material only, premium American research aesthetic, no people, no faces, no hands, no needles, no injection, no clinic, no gym, no lifestyle, no wellness claims, no nicknames. Scene: Texture / detail study: liquid clarity study — light passing cleanly through the research solution, dramatic single hard key light, gentle top-down descending crane.. Quality: ultra realistic, dramatic lighting, soft diffused lighting, HDR, clean and crisp, detailed surface texture. creation motif 417/500 · scene 593. Keep product identity and any on-screen research typography sharp and unchanged. For laboratory research use only. Not for human use or consumption.",Active,0,
PBVita-Reel-418,418,542,"Hybrid, Transition & Special Shots","Special / hybrid shot: single continuous move from wide lab establishing shot into extreme product macro. Centered on amber-tinted research vial, soft window light with gentle falloff, circular arc that never fully completes.","ultra realistic, dramatic lighting, HDR, global illumination, medium format look, DSLR sharpness",9:16,8,1080p,grok-imagine-image-quality,grok-imagine-video-1.5,"Photoreal vertical 9:16 Palm Beach Vitality laboratory research catalog film, chemical research material only, premium American research aesthetic, no people, no faces, no hands, no needles, no injection, no clinic, no gym, no lifestyle, no wellness claims, no nicknames. Scene: Special / hybrid shot: single continuous move from wide lab establishing shot into extreme product macro. Centered on amber-tinted research vial, soft window light with gentle falloff, circular arc that never fully completes.. Quality: ultra realistic, dramatic lighting, HDR, global illumination, medium format look, DSLR sharpness. creation motif 418/500 · scene 542. Keep product identity and any on-screen research typography sharp and unchanged. For laboratory research use only. Not for human use or consumption.",Active,0,
PBVita-Reel-419,419,131,Laboratory & Scientific Environments,"Pre-filled research pen inside a clean laminar flow hood, soft rim light from behind, with soft particle haze, slow 360° orbit at eye level. [catalog angle 419]","ultra realistic, volumetric lighting, soft diffused lighting, perfect exposure, DSLR sharpness, professional photography",9:16,8,1080p,grok-imagine-image-quality,grok-imagine-video-1.5,"Photoreal vertical 9:16 Palm Beach Vitality laboratory research catalog film, chemical research material only, premium American research aesthetic, no people, no faces, no hands, no needles, no injection, no clinic, no gym, no lifestyle, no wellness claims, no nicknames. Scene: Pre-filled research pen inside a clean laminar flow hood, soft rim light from behind, with soft particle haze, slow 360° orbit at eye level. [catalog angle 419]. Quality: ultra realistic, volumetric lighting, soft diffused lighting, perfect exposure, DSLR sharpness, professional photography. creation motif 419/500 · scene 131. Keep product identity and any on-screen research typography sharp and unchanged. For laboratory research use only. Not for human use or consumption.",Active,0,
PBVita-Reel-420,420,507,Lifestyle & Context (Research-Forward),"Context still life: calm neutral interior with product resting on a simple elevated surface. Featuring clear glass research vial, clean high-key beauty lighting, extreme macro push-in.","ultra realistic, volumetric lighting, rich contrast, creamy bokeh, refined details, intricate textures",9:16,8,1080p,grok-imagine-image-quality,grok-imagine-video-1.5,"Photoreal vertical 9:16 Palm Beach Vitality laboratory research catalog film, chemical research material only, premium American research aesthetic, no people, no faces, no hands, no needles, no injection, no clinic, no gym, no lifestyle, no wellness claims, no nicknames. Scene: Context still life: calm neutral interior with product resting on a simple elevated surface. Featuring clear glass research vial, clean high-key beauty lighting, extreme macro push-in.. Quality: ultra realistic, volumetric lighting, rich contrast, creamy bokeh, refined details, intricate textures. creation motif 420/500 · scene 507. Keep product identity and any on-screen research typography sharp and unchanged. For laboratory research use only. Not for human use or consumption.",Active,0,
PBVita-Reel-421,421,420,Lighting & Mood Variations,"Mood lighting study: pure high-key white environment with barely visible shadows. Product is research vial lying on its side, captured with slow pull-out revealing environment.","ultra realistic, soft diffused lighting, studio lighting, polished look, high-end commercial look, editorial photography style",9:16,8,1080p,grok-imagine-image-quality,grok-imagine-video-1.5,"Photoreal vertical 9:16 Palm Beach Vitality laboratory research catalog film, chemical research material only, premium American research aesthetic, no people, no faces, no hands, no needles, no injection, no clinic, no gym, no lifestyle, no wellness claims, no nicknames. Scene: Mood lighting study: pure high-key white environment with barely visible shadows. Product is research vial lying on its side, captured with slow pull-out revealing environment.. Quality: ultra realistic, soft diffused lighting, studio lighting, polished look, high-end commercial look, editorial photography style. creation motif 421/500 · scene 420. Keep product identity and any on-screen research typography sharp and unchanged. For laboratory research use only. Not for human use or consumption.",Active,0,
PBVita-Reel-422,422,195,Molecular & Chemical Structure Visuals,"Volumetric molecular form with internal light of a peptide chain, with soft internal volumetric light, hard specular edge light, with soft fabric movement in background, soft focus rack from background to product. [catalog angle 422]","ultra realistic, soft diffused lighting, shallow depth of field, global illumination, editorial photography style, medium format look",9:16,8,1080p,grok-imagine-image-quality,grok-imagine-video-1.5,"Photoreal vertical 9:16 Palm Beach Vitality laboratory research catalog film, chemical research material only, premium American research aesthetic, no people, no faces, no hands, no needles, no injection, no clinic, no gym, no lifestyle, no wellness claims, no nicknames. Scene: Volumetric molecular form with internal light of a peptide chain, with soft internal volumetric light, hard specular edge light, with soft fabric movement in background, soft focus rack from background to product. [catalog angle 422]. Quality: ultra realistic, soft diffused lighting, shallow depth of field, global illumination, editorial photography style, medium format look. creation motif 422/500 · scene 195. Keep product identity and any on-screen research typography sharp and unchanged. For laboratory research use only. Not for human use or consumption.",Active,0,
PBVita-Reel-423,423,35,Product Hero & Macro,"Sterile research vial revealed with precise mechanical placement, warm golden hour side light on dark charcoal concrete. [catalog angle 423]","ultra realistic, studio lighting, HDR, polished look, detailed surface texture, medium format look",9:16,8,1080p,grok-imagine-image-quality,grok-imagine-video-1.5,"Photoreal vertical 9:16 Palm Beach Vitality laboratory research catalog film, chemical research material only, premium American research aesthetic, no people, no faces, no hands, no needles, no injection, no clinic, no gym, no lifestyle, no wellness claims, no nicknames. Scene: Sterile research vial revealed with precise mechanical placement, warm golden hour side light on dark charcoal concrete. [catalog angle 423]. Quality: ultra realistic, studio lighting, HDR, polished look, detailed surface texture, medium format look. creation motif 423/500 · scene 035. Keep product identity and any on-screen research typography sharp and unchanged. For laboratory research use only. Not for human use or consumption.",Active,0,
PBVita-Reel-424,424,213,"Production, Process & Manufacturing","Stylized research process: liquid passing through a clean filtration membrane, dramatic single hard key light, with subtle floating dust motes in light beams, gentle top-down descending crane. [catalog angle 424]","ultra realistic, rim lighting, high dynamic range, perfect composition, intricate textures, editorial photography style",9:16,8,1080p,grok-imagine-image-quality,grok-imagine-video-1.5,"Photoreal vertical 9:16 Palm Beach Vitality laboratory research catalog film, chemical research material only, premium American research aesthetic, no people, no faces, no hands, no needles, no injection, no clinic, no gym, no lifestyle, no wellness claims, no nicknames. Scene: Stylized research process: liquid passing through a clean filtration membrane, dramatic single hard key light, with subtle floating dust motes in light beams, gentle top-down descending crane. [catalog angle 424]. Quality: ultra realistic, rim lighting, high dynamic range, perfect composition, intricate textures, editorial photography style. creation motif 424/500 · scene 213. Keep product identity and any on-screen research typography sharp and unchanged. For laboratory research use only. Not for human use or consumption.",Active,0,
PBVita-Reel-425,425,344,Signature Camera Moves & Dynamic Angles,"Camera focused: spiral orbit combined with continuous slow push-in. Subject is single research pen standing upright, soft bounce from below, with delicate condensation on glass.","ultra realistic, rim lighting, refined details, high fidelity, intricate textures, medium format look",9:16,8,1080p,grok-imagine-image-quality,grok-imagine-video-1.5,"Photoreal vertical 9:16 Palm Beach Vitality laboratory research catalog film, chemical research material only, premium American research aesthetic, no people, no faces, no hands, no needles, no injection, no clinic, no gym, no lifestyle, no wellness claims, no nicknames. Scene: Camera focused: spiral orbit combined with continuous slow push-in. Subject is single research pen standing upright, soft bounce from below, with delicate condensation on glass.. Quality: ultra realistic, rim lighting, refined details, high fidelity, intricate textures, medium format look. creation motif 425/500 · scene 344. Keep product identity and any on-screen research typography sharp and unchanged. For laboratory research use only. Not for human use or consumption.",Active,0,
PBVita-Reel-426,426,464,"Text, Kinetic & Overlay-Friendly Scenes","Overlay-optimized composition: clean lower-third safe composition designed for caption-heavy reels. Subject single research pen standing upright, cool overhead fluorescent lab feel.","ultra realistic, high dynamic range, clean and crisp, detailed surface texture, soft shadows, professional photography",9:16,8,1080p,grok-imagine-image-quality,grok-imagine-video-1.5,"Photoreal vertical 9:16 Palm Beach Vitality laboratory research catalog film, chemical research material only, premium American research aesthetic, no people, no faces, no hands, no needles, no injection, no clinic, no gym, no lifestyle, no wellness claims, no nicknames. Scene: Overlay-optimized composition: clean lower-third safe composition designed for caption-heavy reels. Subject single research pen standing upright, cool overhead fluorescent lab feel.. Quality: ultra realistic, high dynamic range, clean and crisp, detailed surface texture, soft shadows, professional photography. creation motif 426/500 · scene 464. Keep product identity and any on-screen research typography sharp and unchanged. For laboratory research use only. Not for human use or consumption.",Active,0,
PBVita-Reel-427,427,299,"Abstract, Artistic & Cinematic Science","Product resting in field of soft floating geometric shapes, featuring research pen with visible liquid barrel, cool clinical blue-white LED, low angle tracking slide.","ultra realistic, rich contrast, perfect exposure, elegant framing, clean and crisp, soft shadows",9:16,8,1080p,grok-imagine-image-quality,grok-imagine-video-1.5,"Photoreal vertical 9:16 Palm Beach Vitality laboratory research catalog film, chemical research material only, premium American research aesthetic, no people, no faces, no hands, no needles, no injection, no clinic, no gym, no lifestyle, no wellness claims, no nicknames. Scene: Product resting in field of soft floating geometric shapes, featuring research pen with visible liquid barrel, cool clinical blue-white LED, low angle tracking slide.. Quality: ultra realistic, rich contrast, perfect exposure, elegant framing, clean and crisp, soft shadows. creation motif 427/500 · scene 299. Keep product identity and any on-screen research typography sharp and unchanged. For laboratory research use only. Not for human use or consumption.",Active,0,
PBVita-Reel-428,428,573,Extreme Detail & Texture Studies,"Texture / detail study: liquid clarity study — light passing cleanly through the research solution, practical small LED panel visible in frame, over-the-shoulder gloved perspective.","ultra realistic, perfect exposure, premium aesthetic, clean and crisp, realistic textures, professional photography",9:16,8,1080p,grok-imagine-image-quality,grok-imagine-video-1.5,"Photoreal vertical 9:16 Palm Beach Vitality laboratory research catalog film, chemical research material only, premium American research aesthetic, no people, no faces, no hands, no needles, no injection, no clinic, no gym, no lifestyle, no wellness claims, no nicknames. Scene: Texture / detail study: liquid clarity study — light passing cleanly through the research solution, practical small LED panel visible in frame, over-the-shoulder gloved perspective.. Quality: ultra realistic, perfect exposure, premium aesthetic, clean and crisp, realistic textures, professional photography. creation motif 428/500 · scene 573. Keep product identity and any on-screen research typography sharp and unchanged. For laboratory research use only. Not for human use or consumption.",Active,0,
PBVita-Reel-429,429,528,"Hybrid, Transition & Special Shots","Special / hybrid shot: dual reality split: physical product on one side, molecular form on the other. Centered on sealed peptide vial with rubber stopper, practical small LED panel visible in frame, over-the-shoulder gloved perspective.","ultra realistic, creamy bokeh, realistic textures, intricate textures, medium format look, DSLR sharpness",9:16,8,1080p,grok-imagine-image-quality,grok-imagine-video-1.5,"Photoreal vertical 9:16 Palm Beach Vitality laboratory research catalog film, chemical research material only, premium American research aesthetic, no people, no faces, no hands, no needles, no injection, no clinic, no gym, no lifestyle, no wellness claims, no nicknames. Scene: Special / hybrid shot: dual reality split: physical product on one side, molecular form on the other. Centered on sealed peptide vial with rubber stopper, practical small LED panel visible in frame, over-the-shoulder gloved perspective.. Quality: ultra realistic, creamy bokeh, realistic textures, intricate textures, medium format look, DSLR sharpness. creation motif 429/500 · scene 528. Keep product identity and any on-screen research typography sharp and unchanged. For laboratory research use only. Not for human use or consumption.",Active,0,
PBVita-Reel-430,430,103,Laboratory & Scientific Environments,"Sealed peptide vial with rubber stopper next to precise volumetric glassware, dramatic single hard key light, with subtle floating dust motes in light beams, gentle top-down descending crane. [catalog angle 430]","ultra realistic, refined details, intricate textures, global illumination, soft shadows, high-end commercial look",9:16,8,1080p,grok-imagine-image-quality,grok-imagine-video-1.5,"Photoreal vertical 9:16 Palm Beach Vitality laboratory research catalog film, chemical research material only, premium American research aesthetic, no people, no faces, no hands, no needles, no injection, no clinic, no gym, no lifestyle, no wellness claims, no nicknames. Scene: Sealed peptide vial with rubber stopper next to precise volumetric glassware, dramatic single hard key light, with subtle floating dust motes in light beams, gentle top-down descending crane. [catalog angle 430]. Quality: ultra realistic, refined details, intricate textures, global illumination, soft shadows, high-end commercial look. creation motif 430/500 · scene 103. Keep product identity and any on-screen research typography sharp and unchanged. For laboratory research use only. Not for human use or consumption.",Active,0,
PBVita-Reel-431,431,503,Lifestyle & Context (Research-Forward),"Context still life: abstract daily ritual composition — product, clean glass, soft fabric, no action. Featuring dual research pens side by side, practical small LED panel visible in frame, over-the-shoulder gloved perspective.","cinematic lighting, dramatic lighting, rim lighting, high dynamic range, elegant framing, realistic reflections",9:16,8,1080p,grok-imagine-image-quality,grok-imagine-video-1.5,"Photoreal vertical 9:16 Palm Beach Vitality laboratory research catalog film, chemical research material only, premium American research aesthetic, no people, no faces, no hands, no needles, no injection, no clinic, no gym, no lifestyle, no wellness claims, no nicknames. Scene: Context still life: abstract daily ritual composition — product, clean glass, soft fabric, no action. Featuring dual research pens side by side, practical small LED panel visible in frame, over-the-shoulder gloved perspective.. Quality: cinematic lighting, dramatic lighting, rim lighting, high dynamic range, elegant framing, realistic reflections. creation motif 431/500 · scene 503. Keep product identity and any on-screen research typography sharp and unchanged. For laboratory research use only. Not for human use or consumption.",Active,0,
PBVita-Reel-432,432,411,Lighting & Mood Variations,"Mood lighting study: soft golden hour window light falling across the product on a clean surface. Product is pre-filled research pen, captured with subtle handheld micro-movement.","cinematic lighting, dramatic lighting, creamy bokeh, clean and crisp, high fidelity, DSLR sharpness",9:16,8,1080p,grok-imagine-image-quality,grok-imagine-video-1.5,"Photoreal vertical 9:16 Palm Beach Vitality laboratory research catalog film, chemical research material only, premium American research aesthetic, no people, no faces, no hands, no needles, no injection, no clinic, no gym, no lifestyle, no wellness claims, no nicknames. Scene: Mood lighting study: soft golden hour window light falling across the product on a clean surface. Product is pre-filled research pen, captured with subtle handheld micro-movement.. Quality: cinematic lighting, dramatic lighting, creamy bokeh, clean and crisp, high fidelity, DSLR sharpness. creation motif 432/500 · scene 411. Keep product identity and any on-screen research typography sharp and unchanged. For laboratory research use only. Not for human use or consumption.",Active,0,
PBVita-Reel-433,433,199,Molecular & Chemical Structure Visuals,"Large-scale molecular landscape the camera flies through of a peptide chain, with dual warm and cool lighting, cool overhead fluorescent lab feel, with soft shadow only, extreme high angle looking straight down. [catalog angle 433]","cinematic lighting, volumetric lighting, rim lighting, rich contrast, refined details, soft shadows",9:16,8,1080p,grok-imagine-image-quality,grok-imagine-video-1.5,"Photoreal vertical 9:16 Palm Beach Vitality laboratory research catalog film, chemical research material only, premium American research aesthetic, no people, no faces, no hands, no needles, no injection, no clinic, no gym, no lifestyle, no wellness claims, no nicknames. Scene: Large-scale molecular landscape the camera flies through of a peptide chain, with dual warm and cool lighting, cool overhead fluorescent lab feel, with soft shadow only, extreme high angle looking straight down. [catalog angle 433]. Quality: cinematic lighting, volumetric lighting, rim lighting, rich contrast, refined details, soft shadows. creation motif 433/500 · scene 199. Keep product identity and any on-screen research typography sharp and unchanged. For laboratory research use only. Not for human use or consumption.",Active,0,
PBVita-Reel-434,434,37,Product Hero & Macro,Macro texture study of amber-tinted research vial label and glass under split complementary teal and amber. [catalog angle 434],"cinematic lighting, volumetric lighting, perfect composition, elegant framing, ambient occlusion, realistic reflections",9:16,8,1080p,grok-imagine-image-quality,grok-imagine-video-1.5,"Photoreal vertical 9:16 Palm Beach Vitality laboratory research catalog film, chemical research material only, premium American research aesthetic, no people, no faces, no hands, no needles, no injection, no clinic, no gym, no lifestyle, no wellness claims, no nicknames. Scene: Macro texture study of amber-tinted research vial label and glass under split complementary teal and amber. [catalog angle 434]. Quality: cinematic lighting, volumetric lighting, perfect composition, elegant framing, ambient occlusion, realistic reflections. creation motif 434/500 · scene 037. Keep product identity and any on-screen research typography sharp and unchanged. For laboratory research use only. Not for human use or consumption.",Active,0,
PBVita-Reel-435,435,228,"Production, Process & Manufacturing","Stylized research process: liquid passing through a clean filtration membrane, dramatic single hard key light, with subtle floating dust motes in light beams, gentle top-down descending crane. [catalog angle 435]","cinematic lighting, soft diffused lighting, high dynamic range, realistic textures, soft shadows, medium format look",9:16,8,1080p,grok-imagine-image-quality,grok-imagine-video-1.5,"Photoreal vertical 9:16 Palm Beach Vitality laboratory research catalog film, chemical research material only, premium American research aesthetic, no people, no faces, no hands, no needles, no injection, no clinic, no gym, no lifestyle, no wellness claims, no nicknames. Scene: Stylized research process: liquid passing through a clean filtration membrane, dramatic single hard key light, with subtle floating dust motes in light beams, gentle top-down descending crane. [catalog angle 435]. Quality: cinematic lighting, soft diffused lighting, high dynamic range, realistic textures, soft shadows, medium format look. creation motif 435/500 · scene 228. Keep product identity and any on-screen research typography sharp and unchanged. For laboratory research use only. Not for human use or consumption.",Active,0,
PBVita-Reel-436,436,343,Signature Camera Moves & Dynamic Angles,"Camera focused: vertical elevator rise from base of product to top of label. Subject is dual research pens side by side, low-key selective highlight only, in pure clinical emptiness.","cinematic lighting, soft diffused lighting, intricate textures, detailed surface texture, high-end commercial look, professional photography",9:16,8,1080p,grok-imagine-image-quality,grok-imagine-video-1.5,"Photoreal vertical 9:16 Palm Beach Vitality laboratory research catalog film, chemical research material only, premium American research aesthetic, no people, no faces, no hands, no needles, no injection, no clinic, no gym, no lifestyle, no wellness claims, no nicknames. Scene: Camera focused: vertical elevator rise from base of product to top of label. Subject is dual research pens side by side, low-key selective highlight only, in pure clinical emptiness.. Quality: cinematic lighting, soft diffused lighting, intricate textures, detailed surface texture, high-end commercial look, professional photography. creation motif 436/500 · scene 343. Keep product identity and any on-screen research typography sharp and unchanged. For laboratory research use only. Not for human use or consumption.",Active,0,
PBVita-Reel-437,437,467,"Text, Kinetic & Overlay-Friendly Scenes","Overlay-optimized composition: product on bottom third with expansive soft atmosphere above for type. Subject clear glass research vial, clean high-key beauty lighting.","cinematic lighting, studio lighting, creamy bokeh, perfect composition, intricate textures, realistic reflections",9:16,8,1080p,grok-imagine-image-quality,grok-imagine-video-1.5,"Photoreal vertical 9:16 Palm Beach Vitality laboratory research catalog film, chemical research material only, premium American research aesthetic, no people, no faces, no hands, no needles, no injection, no clinic, no gym, no lifestyle, no wellness claims, no nicknames. Scene: Overlay-optimized composition: product on bottom third with expansive soft atmosphere above for type. Subject clear glass research vial, clean high-key beauty lighting.. Quality: cinematic lighting, studio lighting, creamy bokeh, perfect composition, intricate textures, realistic reflections. creation motif 437/500 · scene 467. Keep product identity and any on-screen research typography sharp and unchanged. For laboratory research use only. Not for human use or consumption.",Active,0,
PBVita-Reel-438,438,316,"Abstract, Artistic & Cinematic Science","Camera moving through layers of translucent scientific glass, featuring pre-filled research pen, soft diffused overhead, subtle handheld micro-movement.","cinematic lighting, rim lighting, perfect exposure, perfect composition, refined details, realistic reflections",9:16,8,1080p,grok-imagine-image-quality,grok-imagine-video-1.5,"Photoreal vertical 9:16 Palm Beach Vitality laboratory research catalog film, chemical research material only, premium American research aesthetic, no people, no faces, no hands, no needles, no injection, no clinic, no gym, no lifestyle, no wellness claims, no nicknames. Scene: Camera moving through layers of translucent scientific glass, featuring pre-filled research pen, soft diffused overhead, subtle handheld micro-movement.. Quality: cinematic lighting, rim lighting, perfect exposure, perfect composition, refined details, realistic reflections. creation motif 438/500 · scene 316. Keep product identity and any on-screen research typography sharp and unchanged. For laboratory research use only. Not for human use or consumption.",Active,0,
PBVita-Reel-439,439,570,Extreme Detail & Texture Studies,"Texture / detail study: slow exploration of the product’s silhouette against pure light, hard specular edge light, soft focus rack from background to product.","cinematic lighting, high dynamic range, perfect exposure, creamy bokeh, intricate textures, editorial photography style",9:16,8,1080p,grok-imagine-image-quality,grok-imagine-video-1.5,"Photoreal vertical 9:16 Palm Beach Vitality laboratory research catalog film, chemical research material only, premium American research aesthetic, no people, no faces, no hands, no needles, no injection, no clinic, no gym, no lifestyle, no wellness claims, no nicknames. Scene: Texture / detail study: slow exploration of the product’s silhouette against pure light, hard specular edge light, soft focus rack from background to product.. Quality: cinematic lighting, high dynamic range, perfect exposure, creamy bokeh, intricate textures, editorial photography style. creation motif 439/500 · scene 570. Keep product identity and any on-screen research typography sharp and unchanged. For laboratory research use only. Not for human use or consumption.",Active,0,
PBVita-Reel-440,440,525,"Hybrid, Transition & Special Shots","Special / hybrid shot: final locked hero hold of perfectly lit product ready for logo and CTA. Centered on research vial lying on its side, hard specular edge light, soft focus rack from background to product.","cinematic lighting, HDR, shallow depth of field, polished look, intricate textures, high-end commercial look",9:16,8,1080p,grok-imagine-image-quality,grok-imagine-video-1.5,"Photoreal vertical 9:16 Palm Beach Vitality laboratory research catalog film, chemical research material only, premium American research aesthetic, no people, no faces, no hands, no needles, no injection, no clinic, no gym, no lifestyle, no wellness claims, no nicknames. Scene: Special / hybrid shot: final locked hero hold of perfectly lit product ready for logo and CTA. Centered on research vial lying on its side, hard specular edge light, soft focus rack from background to product.. Quality: cinematic lighting, HDR, shallow depth of field, polished look, intricate textures, high-end commercial look. creation motif 440/500 · scene 525. Keep product identity and any on-screen research typography sharp and unchanged. For laboratory research use only. Not for human use or consumption.",Active,0,
PBVita-Reel-441,441,73,Laboratory & Scientific Environments,"Sealed peptide vial with rubber stopper next to precise volumetric glassware, dramatic single hard key light, with subtle floating dust motes in light beams, gentle top-down descending crane. [catalog angle 441]","cinematic lighting, rich contrast, premium aesthetic, refined details, intricate textures, realistic reflections",9:16,8,1080p,grok-imagine-image-quality,grok-imagine-video-1.5,"Photoreal vertical 9:16 Palm Beach Vitality laboratory research catalog film, chemical research material only, premium American research aesthetic, no people, no faces, no hands, no needles, no injection, no clinic, no gym, no lifestyle, no wellness claims, no nicknames. Scene: Sealed peptide vial with rubber stopper next to precise volumetric glassware, dramatic single hard key light, with subtle floating dust motes in light beams, gentle top-down descending crane. [catalog angle 441]. Quality: cinematic lighting, rich contrast, premium aesthetic, refined details, intricate textures, realistic reflections. creation motif 441/500 · scene 073. Keep product identity and any on-screen research typography sharp and unchanged. For laboratory research use only. Not for human use or consumption.",Active,0,
PBVita-Reel-442,442,500,Lifestyle & Context (Research-Forward),"Context still life: soft outdoor natural light on a clean table with simple greenery, no people. Featuring sterile research vial, hard specular edge light, soft focus rack from background to product.","cinematic lighting, shallow depth of field, elegant framing, detailed surface texture, realistic reflections, high-end commercial look",9:16,8,1080p,grok-imagine-image-quality,grok-imagine-video-1.5,"Photoreal vertical 9:16 Palm Beach Vitality laboratory research catalog film, chemical research material only, premium American research aesthetic, no people, no faces, no hands, no needles, no injection, no clinic, no gym, no lifestyle, no wellness claims, no nicknames. Scene: Context still life: soft outdoor natural light on a clean table with simple greenery, no people. Featuring sterile research vial, hard specular edge light, soft focus rack from background to product.. Quality: cinematic lighting, shallow depth of field, elegant framing, detailed surface texture, realistic reflections, high-end commercial look. creation motif 442/500 · scene 500. Keep product identity and any on-screen research typography sharp and unchanged. For laboratory research use only. Not for human use or consumption.",Active,0,
PBVita-Reel-443,443,405,Lighting & Mood Variations,"Mood lighting study: soft volumetric haze with god rays cutting through the frame. Product is sterile research vial, captured with slow pull-out revealing environment.","cinematic lighting, elegant framing, clean and crisp, high fidelity, realistic textures, intricate textures",9:16,8,1080p,grok-imagine-image-quality,grok-imagine-video-1.5,"Photoreal vertical 9:16 Palm Beach Vitality laboratory research catalog film, chemical research material only, premium American research aesthetic, no people, no faces, no hands, no needles, no injection, no clinic, no gym, no lifestyle, no wellness claims, no nicknames. Scene: Mood lighting study: soft volumetric haze with god rays cutting through the frame. Product is sterile research vial, captured with slow pull-out revealing environment.. Quality: cinematic lighting, elegant framing, clean and crisp, high fidelity, realistic textures, intricate textures. creation motif 443/500 · scene 405. Keep product identity and any on-screen research typography sharp and unchanged. For laboratory research use only. Not for human use or consumption.",Active,0,
PBVita-Reel-444,444,210,Molecular & Chemical Structure Visuals,"Volumetric molecular form with internal light of a peptide chain, transitioning from structure into product silhouette, hard specular edge light, with soft fabric movement in background, soft focus rack from background to product. [catalog angle 444]","dramatic lighting, volumetric lighting, studio lighting, rim lighting, shallow depth of field, DSLR sharpness",9:16,8,1080p,grok-imagine-image-quality,grok-imagine-video-1.5,"Photoreal vertical 9:16 Palm Beach Vitality laboratory research catalog film, chemical research material only, premium American research aesthetic, no people, no faces, no hands, no needles, no injection, no clinic, no gym, no lifestyle, no wellness claims, no nicknames. Scene: Volumetric molecular form with internal light of a peptide chain, transitioning from structure into product silhouette, hard specular edge light, with soft fabric movement in background, soft focus rack from background to product. [catalog angle 444]. Quality: dramatic lighting, volumetric lighting, studio lighting, rim lighting, shallow depth of field, DSLR sharpness. creation motif 444/500 · scene 210. Keep product identity and any on-screen research typography sharp and unchanged. For laboratory research use only. Not for human use or consumption.",Active,0,
PBVita-Reel-445,445,10,Product Hero & Macro,"Top-down composition of research vial lying on its side on mirrored chrome surface, hard specular edge light, minimal and precise.","dramatic lighting, volumetric lighting, perfect exposure, perfect composition, premium aesthetic, high fidelity",9:16,8,1080p,grok-imagine-image-quality,grok-imagine-video-1.5,"Photoreal vertical 9:16 Palm Beach Vitality laboratory research catalog film, chemical research material only, premium American research aesthetic, no people, no faces, no hands, no needles, no injection, no clinic, no gym, no lifestyle, no wellness claims, no nicknames. Scene: Top-down composition of research vial lying on its side on mirrored chrome surface, hard specular edge light, minimal and precise.. Quality: dramatic lighting, volumetric lighting, perfect exposure, perfect composition, premium aesthetic, high fidelity. creation motif 445/500 · scene 010. Keep product identity and any on-screen research typography sharp and unchanged. For laboratory research use only. Not for human use or consumption.",Active,0,
PBVita-Reel-446,446,222,"Production, Process & Manufacturing","Stylized research process: gentle mixing or swirling of clear research liquid, soft window light with gentle falloff, with gentle liquid swirl inside the container, circular arc that never fully completes. [catalog angle 446]","dramatic lighting, soft diffused lighting, rim lighting, shallow depth of field, creamy bokeh, clean and crisp",9:16,8,1080p,grok-imagine-image-quality,grok-imagine-video-1.5,"Photoreal vertical 9:16 Palm Beach Vitality laboratory research catalog film, chemical research material only, premium American research aesthetic, no people, no faces, no hands, no needles, no injection, no clinic, no gym, no lifestyle, no wellness claims, no nicknames. Scene: Stylized research process: gentle mixing or swirling of clear research liquid, soft window light with gentle falloff, with gentle liquid swirl inside the container, circular arc that never fully completes. [catalog angle 446]. Quality: dramatic lighting, soft diffused lighting, rim lighting, shallow depth of field, creamy bokeh, clean and crisp. creation motif 446/500 · scene 222. Keep product identity and any on-screen research typography sharp and unchanged. For laboratory research use only. Not for human use or consumption.",Active,0,
PBVita-Reel-447,447,357,Signature Camera Moves & Dynamic Angles,"Camera focused: extreme macro push-in from wide product view into liquid surface. Subject is clear glass research vial, split complementary teal and amber, with soft volumetric atmosphere.","dramatic lighting, soft diffused lighting, perfect composition, clean and crisp, detailed surface texture, ambient occlusion",9:16,8,1080p,grok-imagine-image-quality,grok-imagine-video-1.5,"Photoreal vertical 9:16 Palm Beach Vitality laboratory research catalog film, chemical research material only, premium American research aesthetic, no people, no faces, no hands, no needles, no injection, no clinic, no gym, no lifestyle, no wellness claims, no nicknames. Scene: Camera focused: extreme macro push-in from wide product view into liquid surface. Subject is clear glass research vial, split complementary teal and amber, with soft volumetric atmosphere.. Quality: dramatic lighting, soft diffused lighting, perfect composition, clean and crisp, detailed surface texture, ambient occlusion. creation motif 447/500 · scene 357. Keep product identity and any on-screen research typography sharp and unchanged. For laboratory research use only. Not for human use or consumption.",Active,0,
PBVita-Reel-448,448,456,"Text, Kinetic & Overlay-Friendly Scenes","Overlay-optimized composition: clean negative space held on one side of frame specifically for kinetic type. Subject pre-filled research pen, soft diffused overhead.","dramatic lighting, studio lighting, rich contrast, premium aesthetic, global illumination, soft shadows",9:16,8,1080p,grok-imagine-image-quality,grok-imagine-video-1.5,"Photoreal vertical 9:16 Palm Beach Vitality laboratory research catalog film, chemical research material only, premium American research aesthetic, no people, no faces, no hands, no needles, no injection, no clinic, no gym, no lifestyle, no wellness claims, no nicknames. Scene: Overlay-optimized composition: clean negative space held on one side of frame specifically for kinetic type. Subject pre-filled research pen, soft diffused overhead.. Quality: dramatic lighting, studio lighting, rich contrast, premium aesthetic, global illumination, soft shadows. creation motif 448/500 · scene 456. Keep product identity and any on-screen research typography sharp and unchanged. For laboratory research use only. Not for human use or consumption.",Active,0,
PBVita-Reel-449,449,285,"Abstract, Artistic & Cinematic Science","Split warm/cool lighting creating visual tension across form, featuring research vial lying on its side, warm golden hour side light, locked-off static with internal motion only.","dramatic lighting, rim lighting, HDR, shallow depth of field, realistic textures, DSLR sharpness",9:16,8,1080p,grok-imagine-image-quality,grok-imagine-video-1.5,"Photoreal vertical 9:16 Palm Beach Vitality laboratory research catalog film, chemical research material only, premium American research aesthetic, no people, no faces, no hands, no needles, no injection, no clinic, no gym, no lifestyle, no wellness claims, no nicknames. Scene: Split warm/cool lighting creating visual tension across form, featuring research vial lying on its side, warm golden hour side light, locked-off static with internal motion only.. Quality: dramatic lighting, rim lighting, HDR, shallow depth of field, realistic textures, DSLR sharpness. creation motif 449/500 · scene 285. Keep product identity and any on-screen research typography sharp and unchanged. For laboratory research use only. Not for human use or consumption.",Active,0,
PBVita-Reel-450,450,574,Extreme Detail & Texture Studies,"Texture / detail study: macro of any embossed or debossed branding elements, cool overhead fluorescent lab feel, extreme high angle looking straight down.","dramatic lighting, high dynamic range, HDR, shallow depth of field, creamy bokeh, editorial photography style",9:16,8,1080p,grok-imagine-image-quality,grok-imagine-video-1.5,"Photoreal vertical 9:16 Palm Beach Vitality laboratory research catalog film, chemical research material only, premium American research aesthetic, no people, no faces, no hands, no needles, no injection, no clinic, no gym, no lifestyle, no wellness claims, no nicknames. Scene: Texture / detail study: macro of any embossed or debossed branding elements, cool overhead fluorescent lab feel, extreme high angle looking straight down.. Quality: dramatic lighting, high dynamic range, HDR, shallow depth of field, creamy bokeh, editorial photography style. creation motif 450/500 · scene 574. Keep product identity and any on-screen research typography sharp and unchanged. For laboratory research use only. Not for human use or consumption.",Active,0,
PBVita-Reel-451,451,520,"Hybrid, Transition & Special Shots","Special / hybrid shot: product revealed by slowly pulling away a clean white cloth or card. Centered on sterile research vial, warm golden hour side light, locked-off static with internal motion only.","dramatic lighting, HDR, rich contrast, shallow depth of field, realistic textures, soft shadows",9:16,8,1080p,grok-imagine-image-quality,grok-imagine-video-1.5,"Photoreal vertical 9:16 Palm Beach Vitality laboratory research catalog film, chemical research material only, premium American research aesthetic, no people, no faces, no hands, no needles, no injection, no clinic, no gym, no lifestyle, no wellness claims, no nicknames. Scene: Special / hybrid shot: product revealed by slowly pulling away a clean white cloth or card. Centered on sterile research vial, warm golden hour side light, locked-off static with internal motion only.. Quality: dramatic lighting, HDR, rich contrast, shallow depth of field, realistic textures, soft shadows. creation motif 451/500 · scene 520. Keep product identity and any on-screen research typography sharp and unchanged. For laboratory research use only. Not for human use or consumption.",Active,0,
PBVita-Reel-452,452,84,Laboratory & Scientific Environments,"Research pen with visible liquid barrel with soft reflection on polished lab surfaces, cool overhead fluorescent lab feel, with soft shadow only, extreme high angle looking straight down.","dramatic lighting, rich contrast, shallow depth of field, polished look, ambient occlusion, medium format look",9:16,8,1080p,grok-imagine-image-quality,grok-imagine-video-1.5,"Photoreal vertical 9:16 Palm Beach Vitality laboratory research catalog film, chemical research material only, premium American research aesthetic, no people, no faces, no hands, no needles, no injection, no clinic, no gym, no lifestyle, no wellness claims, no nicknames. Scene: Research pen with visible liquid barrel with soft reflection on polished lab surfaces, cool overhead fluorescent lab feel, with soft shadow only, extreme high angle looking straight down.. Quality: dramatic lighting, rich contrast, shallow depth of field, polished look, ambient occlusion, medium format look. creation motif 452/500 · scene 084. Keep product identity and any on-screen research typography sharp and unchanged. For laboratory research use only. Not for human use or consumption.",Active,0,
PBVita-Reel-453,453,481,Lifestyle & Context (Research-Forward),"Context still life: premium modern surface (bathroom or grooming style) with product as still life. Featuring precision research pen, soft diffused overhead, subtle handheld micro-movement.","dramatic lighting, perfect exposure, refined details, detailed surface texture, medium format look, professional photography",9:16,8,1080p,grok-imagine-image-quality,grok-imagine-video-1.5,"Photoreal vertical 9:16 Palm Beach Vitality laboratory research catalog film, chemical research material only, premium American research aesthetic, no people, no faces, no hands, no needles, no injection, no clinic, no gym, no lifestyle, no wellness claims, no nicknames. Scene: Context still life: premium modern surface (bathroom or grooming style) with product as still life. Featuring precision research pen, soft diffused overhead, subtle handheld micro-movement.. Quality: dramatic lighting, perfect exposure, refined details, detailed surface texture, medium format look, professional photography. creation motif 453/500 · scene 481. Keep product identity and any on-screen research typography sharp and unchanged. For laboratory research use only. Not for human use or consumption.",Active,0,
PBVita-Reel-454,454,412,Lighting & Mood Variations,"Mood lighting study: cool clinical blue-white LED lighting, high-key and precise. Product is clear glass research vial, captured with spiral orbit combined with slow push.","dramatic lighting, perfect composition, premium aesthetic, high fidelity, global illumination, realistic reflections",9:16,8,1080p,grok-imagine-image-quality,grok-imagine-video-1.5,"Photoreal vertical 9:16 Palm Beach Vitality laboratory research catalog film, chemical research material only, premium American research aesthetic, no people, no faces, no hands, no needles, no injection, no clinic, no gym, no lifestyle, no wellness claims, no nicknames. Scene: Mood lighting study: cool clinical blue-white LED lighting, high-key and precise. Product is clear glass research vial, captured with spiral orbit combined with slow push.. Quality: dramatic lighting, perfect composition, premium aesthetic, high fidelity, global illumination, realistic reflections. creation motif 454/500 · scene 412. Keep product identity and any on-screen research typography sharp and unchanged. For laboratory research use only. Not for human use or consumption.",Active,0,
PBVita-Reel-455,455,197,Molecular & Chemical Structure Visuals,"Dual warm/cool lit molecular form of a peptide chain, with elegant orbital motion, soft window light with gentle falloff, with gentle liquid swirl inside the container, circular arc that never fully completes.","dramatic lighting, detailed surface texture, realistic reflections, editorial photography style, medium format look, professional photography",9:16,8,1080p,grok-imagine-image-quality,grok-imagine-video-1.5,"Photoreal vertical 9:16 Palm Beach Vitality laboratory research catalog film, chemical research material only, premium American research aesthetic, no people, no faces, no hands, no needles, no injection, no clinic, no gym, no lifestyle, no wellness claims, no nicknames. Scene: Dual warm/cool lit molecular form of a peptide chain, with elegant orbital motion, soft window light with gentle falloff, with gentle liquid swirl inside the container, circular arc that never fully completes.. Quality: dramatic lighting, detailed surface texture, realistic reflections, editorial photography style, medium format look, professional photography. creation motif 455/500 · scene 197. Keep product identity and any on-screen research typography sharp and unchanged. For laboratory research use only. Not for human use or consumption.",Active,0,
PBVita-Reel-456,456,63,Product Hero & Macro,"Hero shot of sealed peptide vial with rubber stopper with dramatic single hard key light, with subtle floating dust motes in light beams, captured with gentle top-down descending crane. [catalog angle 456]","volumetric lighting, soft diffused lighting, perfect exposure, shallow depth of field, intricate textures, realistic reflections",9:16,8,1080p,grok-imagine-image-quality,grok-imagine-video-1.5,"Photoreal vertical 9:16 Palm Beach Vitality laboratory research catalog film, chemical research material only, premium American research aesthetic, no people, no faces, no hands, no needles, no injection, no clinic, no gym, no lifestyle, no wellness claims, no nicknames. Scene: Hero shot of sealed peptide vial with rubber stopper with dramatic single hard key light, with subtle floating dust motes in light beams, captured with gentle top-down descending crane. [catalog angle 456]. Quality: volumetric lighting, soft diffused lighting, perfect exposure, shallow depth of field, intricate textures, realistic reflections. creation motif 456/500 · scene 063. Keep product identity and any on-screen research typography sharp and unchanged. For laboratory research use only. Not for human use or consumption.",Active,0,
PBVita-Reel-457,457,245,"Production, Process & Manufacturing","Stylized research process: careful visual clarity inspection under bright light, warm golden hour side light, with soft bokeh circles drifting past, locked-off static with internal motion only. [catalog angle 457]","volumetric lighting, studio lighting, high dynamic range, creamy bokeh, ambient occlusion, DSLR sharpness",9:16,8,1080p,grok-imagine-image-quality,grok-imagine-video-1.5,"Photoreal vertical 9:16 Palm Beach Vitality laboratory research catalog film, chemical research material only, premium American research aesthetic, no people, no faces, no hands, no needles, no injection, no clinic, no gym, no lifestyle, no wellness claims, no nicknames. Scene: Stylized research process: careful visual clarity inspection under bright light, warm golden hour side light, with soft bokeh circles drifting past, locked-off static with internal motion only. [catalog angle 457]. Quality: volumetric lighting, studio lighting, high dynamic range, creamy bokeh, ambient occlusion, DSLR sharpness. creation motif 457/500 · scene 245. Keep product identity and any on-screen research typography sharp and unchanged. For laboratory research use only. Not for human use or consumption.",Active,0,
PBVita-Reel-458,458,352,Signature Camera Moves & Dynamic Angles,"Camera focused: match-cut ready rotation that can sync with molecular model. Subject is amber-tinted research vial, clean high-key beauty lighting, with gentle dry-ice style fog drifting.","volumetric lighting, studio lighting, clean and crisp, detailed surface texture, ambient occlusion, editorial photography style",9:16,8,1080p,grok-imagine-image-quality,grok-imagine-video-1.5,"Photoreal vertical 9:16 Palm Beach Vitality laboratory research catalog film, chemical research material only, premium American research aesthetic, no people, no faces, no hands, no needles, no injection, no clinic, no gym, no lifestyle, no wellness claims, no nicknames. Scene: Camera focused: match-cut ready rotation that can sync with molecular model. Subject is amber-tinted research vial, clean high-key beauty lighting, with gentle dry-ice style fog drifting.. Quality: volumetric lighting, studio lighting, clean and crisp, detailed surface texture, ambient occlusion, editorial photography style. creation motif 458/500 · scene 352. Keep product identity and any on-screen research typography sharp and unchanged. For laboratory research use only. Not for human use or consumption.",Active,0,
PBVita-Reel-459,459,458,"Text, Kinetic & Overlay-Friendly Scenes","Overlay-optimized composition: slow vertical text reveal over soft moving molecular background. Subject sealed peptide vial with rubber stopper, low-key selective highlight only.","volumetric lighting, rim lighting, perfect composition, realistic textures, ambient occlusion, realistic reflections",9:16,8,1080p,grok-imagine-image-quality,grok-imagine-video-1.5,"Photoreal vertical 9:16 Palm Beach Vitality laboratory research catalog film, chemical research material only, premium American research aesthetic, no people, no faces, no hands, no needles, no injection, no clinic, no gym, no lifestyle, no wellness claims, no nicknames. Scene: Overlay-optimized composition: slow vertical text reveal over soft moving molecular background. Subject sealed peptide vial with rubber stopper, low-key selective highlight only.. Quality: volumetric lighting, rim lighting, perfect composition, realistic textures, ambient occlusion, realistic reflections. creation motif 459/500 · scene 458. Keep product identity and any on-screen research typography sharp and unchanged. For laboratory research use only. Not for human use or consumption.",Active,0,
PBVita-Reel-460,460,303,"Abstract, Artistic & Cinematic Science","Minimalist single-color field with product as sole element, featuring dual research pens side by side, low-key selective highlight only, lateral motion-control track.","volumetric lighting, high dynamic range, perfect composition, refined details, ambient occlusion, medium format look",9:16,8,1080p,grok-imagine-image-quality,grok-imagine-video-1.5,"Photoreal vertical 9:16 Palm Beach Vitality laboratory research catalog film, chemical research material only, premium American research aesthetic, no people, no faces, no hands, no needles, no injection, no clinic, no gym, no lifestyle, no wellness claims, no nicknames. Scene: Minimalist single-color field with product as sole element, featuring dual research pens side by side, low-key selective highlight only, lateral motion-control track.. Quality: volumetric lighting, high dynamic range, perfect composition, refined details, ambient occlusion, medium format look. creation motif 460/500 · scene 303. Keep product identity and any on-screen research typography sharp and unchanged. For laboratory research use only. Not for human use or consumption.",Active,0,
PBVita-Reel-461,461,571,Extreme Detail & Texture Studies,"Texture / detail study: detail of measurement markings or scale on the barrel if present, volumetric god rays through haze, fast resolve into locked hero frame.","volumetric lighting, HDR, polished look, refined details, realistic textures, intricate textures",9:16,8,1080p,grok-imagine-image-quality,grok-imagine-video-1.5,"Photoreal vertical 9:16 Palm Beach Vitality laboratory research catalog film, chemical research material only, premium American research aesthetic, no people, no faces, no hands, no needles, no injection, no clinic, no gym, no lifestyle, no wellness claims, no nicknames. Scene: Texture / detail study: detail of measurement markings or scale on the barrel if present, volumetric god rays through haze, fast resolve into locked hero frame.. Quality: volumetric lighting, HDR, polished look, refined details, realistic textures, intricate textures. creation motif 461/500 · scene 571. Keep product identity and any on-screen research typography sharp and unchanged. For laboratory research use only. Not for human use or consumption.",Active,0,
PBVita-Reel-462,462,529,"Hybrid, Transition & Special Shots","Special / hybrid shot: product emerging from within its own molecular structure visualization. Centered on research pen with visible liquid barrel, cool overhead fluorescent lab feel, extreme high angle looking straight down.","volumetric lighting, perfect exposure, creamy bokeh, premium aesthetic, high fidelity, soft shadows",9:16,8,1080p,grok-imagine-image-quality,grok-imagine-video-1.5,"Photoreal vertical 9:16 Palm Beach Vitality laboratory research catalog film, chemical research material only, premium American research aesthetic, no people, no faces, no hands, no needles, no injection, no clinic, no gym, no lifestyle, no wellness claims, no nicknames. Scene: Special / hybrid shot: product emerging from within its own molecular structure visualization. Centered on research pen with visible liquid barrel, cool overhead fluorescent lab feel, extreme high angle looking straight down.. Quality: volumetric lighting, perfect exposure, creamy bokeh, premium aesthetic, high fidelity, soft shadows. creation motif 462/500 · scene 529. Keep product identity and any on-screen research typography sharp and unchanged. For laboratory research use only. Not for human use or consumption.",Active,0,
PBVita-Reel-463,463,85,Laboratory & Scientific Environments,"Sterile research vial during a careful visual inspection against light, warm under-light glow, with almost no shadow, pure beauty light, slow pull-out revealing environment. [catalog angle 463]","volumetric lighting, creamy bokeh, elegant framing, refined details, realistic textures, professional photography",9:16,8,1080p,grok-imagine-image-quality,grok-imagine-video-1.5,"Photoreal vertical 9:16 Palm Beach Vitality laboratory research catalog film, chemical research material only, premium American research aesthetic, no people, no faces, no hands, no needles, no injection, no clinic, no gym, no lifestyle, no wellness claims, no nicknames. Scene: Sterile research vial during a careful visual inspection against light, warm under-light glow, with almost no shadow, pure beauty light, slow pull-out revealing environment. [catalog angle 463]. Quality: volumetric lighting, creamy bokeh, elegant framing, refined details, realistic textures, professional photography. creation motif 463/500 · scene 085. Keep product identity and any on-screen research typography sharp and unchanged. For laboratory research use only. Not for human use or consumption.",Active,0,
PBVita-Reel-464,464,483,Lifestyle & Context (Research-Forward),"Context still life: abstract daily ritual composition — product, clean glass, soft fabric, no action. Featuring dual research pens side by side, low-key selective highlight only, lateral motion-control track.","volumetric lighting, polished look, refined details, intricate textures, editorial photography style, professional photography",9:16,8,1080p,grok-imagine-image-quality,grok-imagine-video-1.5,"Photoreal vertical 9:16 Palm Beach Vitality laboratory research catalog film, chemical research material only, premium American research aesthetic, no people, no faces, no hands, no needles, no injection, no clinic, no gym, no lifestyle, no wellness claims, no nicknames. Scene: Context still life: abstract daily ritual composition — product, clean glass, soft fabric, no action. Featuring dual research pens side by side, low-key selective highlight only, lateral motion-control track.. Quality: volumetric lighting, polished look, refined details, intricate textures, editorial photography style, professional photography. creation motif 464/500 · scene 483. Keep product identity and any on-screen research typography sharp and unchanged. For laboratory research use only. Not for human use or consumption.",Active,0,
PBVita-Reel-465,465,413,Lighting & Mood Variations,"Mood lighting study: dramatic single hard light creating long defined shadows. Product is sealed peptide vial with rubber stopper, captured with lateral motion-control track.","soft diffused lighting, studio lighting, rich contrast, perfect composition, elegant framing, premium aesthetic",9:16,8,1080p,grok-imagine-image-quality,grok-imagine-video-1.5,"Photoreal vertical 9:16 Palm Beach Vitality laboratory research catalog film, chemical research material only, premium American research aesthetic, no people, no faces, no hands, no needles, no injection, no clinic, no gym, no lifestyle, no wellness claims, no nicknames. Scene: Mood lighting study: dramatic single hard light creating long defined shadows. Product is sealed peptide vial with rubber stopper, captured with lateral motion-control track.. Quality: soft diffused lighting, studio lighting, rich contrast, perfect composition, elegant framing, premium aesthetic. creation motif 465/500 · scene 413. Keep product identity and any on-screen research typography sharp and unchanged. For laboratory research use only. Not for human use or consumption.",Active,0,
PBVita-Reel-466,466,193,Molecular & Chemical Structure Visuals,"Dark dramatic molecular model with rim light of a peptide chain, assembling bond by bond, low-key selective highlight only, in pure clinical emptiness, lateral motion-control track. [catalog angle 466]","soft diffused lighting, rim lighting, HDR, rich contrast, global illumination, medium format look",9:16,8,1080p,grok-imagine-image-quality,grok-imagine-video-1.5,"Photoreal vertical 9:16 Palm Beach Vitality laboratory research catalog film, chemical research material only, premium American research aesthetic, no people, no faces, no hands, no needles, no injection, no clinic, no gym, no lifestyle, no wellness claims, no nicknames. Scene: Dark dramatic molecular model with rim light of a peptide chain, assembling bond by bond, low-key selective highlight only, in pure clinical emptiness, lateral motion-control track. [catalog angle 466]. Quality: soft diffused lighting, rim lighting, HDR, rich contrast, global illumination, medium format look. creation motif 466/500 · scene 193. Keep product identity and any on-screen research typography sharp and unchanged. For laboratory research use only. Not for human use or consumption.",Active,0,
PBVita-Reel-467,467,2,Product Hero & Macro,"Clear glass research vial gently floating and turning on matte pure white infinity surface, with gentle dry-ice style fog drifting, extreme macro push-in. [catalog angle 467]","soft diffused lighting, high dynamic range, HDR, rich contrast, elegant framing, high fidelity",9:16,8,1080p,grok-imagine-image-quality,grok-imagine-video-1.5,"Photoreal vertical 9:16 Palm Beach Vitality laboratory research catalog film, chemical research material only, premium American research aesthetic, no people, no faces, no hands, no needles, no injection, no clinic, no gym, no lifestyle, no wellness claims, no nicknames. Scene: Clear glass research vial gently floating and turning on matte pure white infinity surface, with gentle dry-ice style fog drifting, extreme macro push-in. [catalog angle 467]. Quality: soft diffused lighting, high dynamic range, HDR, rich contrast, elegant framing, high fidelity. creation motif 467/500 · scene 002. Keep product identity and any on-screen research typography sharp and unchanged. For laboratory research use only. Not for human use or consumption.",Active,0,
PBVita-Reel-468,468,262,"Production, Process & Manufacturing","Stylized research process: soft color shift inside a reaction flask under controlled light, split complementary teal and amber, with soft volumetric atmosphere, spiral orbit combined with slow push. [catalog angle 468]","soft diffused lighting, high dynamic range, ambient occlusion, medium format look, DSLR sharpness, professional photography",9:16,8,1080p,grok-imagine-image-quality,grok-imagine-video-1.5,"Photoreal vertical 9:16 Palm Beach Vitality laboratory research catalog film, chemical research material only, premium American research aesthetic, no people, no faces, no hands, no needles, no injection, no clinic, no gym, no lifestyle, no wellness claims, no nicknames. Scene: Stylized research process: soft color shift inside a reaction flask under controlled light, split complementary teal and amber, with soft volumetric atmosphere, spiral orbit combined with slow push. [catalog angle 468]. Quality: soft diffused lighting, high dynamic range, ambient occlusion, medium format look, DSLR sharpness, professional photography. creation motif 468/500 · scene 262. Keep product identity and any on-screen research typography sharp and unchanged. For laboratory research use only. Not for human use or consumption.",Active,0,
PBVita-Reel-469,469,389,Signature Camera Moves & Dynamic Angles,"Camera focused: crash zoom into a critical detail then holding steady. Subject is research pen with visible liquid barrel, soft bounce from below, with delicate condensation on glass.","soft diffused lighting, rich contrast, shallow depth of field, perfect composition, detailed surface texture, professional photography",9:16,8,1080p,grok-imagine-image-quality,grok-imagine-video-1.5,"Photoreal vertical 9:16 Palm Beach Vitality laboratory research catalog film, chemical research material only, premium American research aesthetic, no people, no faces, no hands, no needles, no injection, no clinic, no gym, no lifestyle, no wellness claims, no nicknames. Scene: Camera focused: crash zoom into a critical detail then holding steady. Subject is research pen with visible liquid barrel, soft bounce from below, with delicate condensation on glass.. Quality: soft diffused lighting, rich contrast, shallow depth of field, perfect composition, detailed surface texture, professional photography. creation motif 469/500 · scene 389. Keep product identity and any on-screen research typography sharp and unchanged. For laboratory research use only. Not for human use or consumption.",Active,0,
PBVita-Reel-470,470,468,"Text, Kinetic & Overlay-Friendly Scenes","Overlay-optimized composition: side-by-side layout ready: product left, kinetic text area right. Subject sealed peptide vial with rubber stopper, dramatic single hard key light.","soft diffused lighting, perfect exposure, clean and crisp, realistic textures, high-end commercial look, medium format look",9:16,8,1080p,grok-imagine-image-quality,grok-imagine-video-1.5,"Photoreal vertical 9:16 Palm Beach Vitality laboratory research catalog film, chemical research material only, premium American research aesthetic, no people, no faces, no hands, no needles, no injection, no clinic, no gym, no lifestyle, no wellness claims, no nicknames. Scene: Overlay-optimized composition: side-by-side layout ready: product left, kinetic text area right. Subject sealed peptide vial with rubber stopper, dramatic single hard key light.. Quality: soft diffused lighting, perfect exposure, clean and crisp, realistic textures, high-end commercial look, medium format look. creation motif 470/500 · scene 468. Keep product identity and any on-screen research typography sharp and unchanged. For laboratory research use only. Not for human use or consumption.",Active,0,
PBVita-Reel-471,471,326,"Abstract, Artistic & Cinematic Science","Soft particle field slowly forming the product shape, featuring pre-filled research pen, soft rim light from behind, slow 360° orbit at eye level. [catalog angle 471]","soft diffused lighting, perfect composition, elegant framing, global illumination, realistic reflections, DSLR sharpness",9:16,8,1080p,grok-imagine-image-quality,grok-imagine-video-1.5,"Photoreal vertical 9:16 Palm Beach Vitality laboratory research catalog film, chemical research material only, premium American research aesthetic, no people, no faces, no hands, no needles, no injection, no clinic, no gym, no lifestyle, no wellness claims, no nicknames. Scene: Soft particle field slowly forming the product shape, featuring pre-filled research pen, soft rim light from behind, slow 360° orbit at eye level. [catalog angle 471]. Quality: soft diffused lighting, perfect composition, elegant framing, global illumination, realistic reflections, DSLR sharpness. creation motif 471/500 · scene 326. Keep product identity and any on-screen research typography sharp and unchanged. For laboratory research use only. Not for human use or consumption.",Active,0,
PBVita-Reel-472,472,539,"Hybrid, Transition & Special Shots","Special / hybrid shot: extreme macro of pure liquid surface tension and light play only. Centered on research pen with visible liquid barrel, soft bounce from below, vertical rise from base to top.","soft diffused lighting, realistic textures, ambient occlusion, realistic reflections, DSLR sharpness, professional photography",9:16,8,1080p,grok-imagine-image-quality,grok-imagine-video-1.5,"Photoreal vertical 9:16 Palm Beach Vitality laboratory research catalog film, chemical research material only, premium American research aesthetic, no people, no faces, no hands, no needles, no injection, no clinic, no gym, no lifestyle, no wellness claims, no nicknames. Scene: Special / hybrid shot: extreme macro of pure liquid surface tension and light play only. Centered on research pen with visible liquid barrel, soft bounce from below, vertical rise from base to top.. Quality: soft diffused lighting, realistic textures, ambient occlusion, realistic reflections, DSLR sharpness, professional photography. creation motif 472/500 · scene 539. Keep product identity and any on-screen research typography sharp and unchanged. For laboratory research use only. Not for human use or consumption.",Active,0,
PBVita-Reel-473,473,72,Laboratory & Scientific Environments,"Clear glass research vial on a sterile stainless work surface, clean high-key beauty lighting, with gentle dry-ice style fog drifting, extreme macro push-in. [catalog angle 473]","studio lighting, rim lighting, elegant framing, high fidelity, intricate textures, high-end commercial look",9:16,8,1080p,grok-imagine-image-quality,grok-imagine-video-1.5,"Photoreal vertical 9:16 Palm Beach Vitality laboratory research catalog film, chemical research material only, premium American research aesthetic, no people, no faces, no hands, no needles, no injection, no clinic, no gym, no lifestyle, no wellness claims, no nicknames. Scene: Clear glass research vial on a sterile stainless work surface, clean high-key beauty lighting, with gentle dry-ice style fog drifting, extreme macro push-in. [catalog angle 473]. Quality: studio lighting, rim lighting, elegant framing, high fidelity, intricate textures, high-end commercial look. creation motif 473/500 · scene 072. Keep product identity and any on-screen research typography sharp and unchanged. For laboratory research use only. Not for human use or consumption.",Active,0,
PBVita-Reel-474,474,415,Lighting & Mood Variations,"Mood lighting study: rim light only, product outline glowing against deep black. Product is sterile research vial, captured with soft focus rack from background to product.","studio lighting, high dynamic range, elegant framing, clean and crisp, ambient occlusion, medium format look",9:16,8,1080p,grok-imagine-image-quality,grok-imagine-video-1.5,"Photoreal vertical 9:16 Palm Beach Vitality laboratory research catalog film, chemical research material only, premium American research aesthetic, no people, no faces, no hands, no needles, no injection, no clinic, no gym, no lifestyle, no wellness claims, no nicknames. Scene: Mood lighting study: rim light only, product outline glowing against deep black. Product is sterile research vial, captured with soft focus rack from background to product.. Quality: studio lighting, high dynamic range, elegant framing, clean and crisp, ambient occlusion, medium format look. creation motif 474/500 · scene 415. Keep product identity and any on-screen research typography sharp and unchanged. For laboratory research use only. Not for human use or consumption.",Active,0,
PBVita-Reel-475,475,173,Molecular & Chemical Structure Visuals,"Elegant glowing node-and-bond network of a peptide chain, assembling bond by bond, dramatic single hard key light, with subtle floating dust motes in light beams, gentle top-down descending crane. [catalog angle 475]","studio lighting, HDR, clean and crisp, detailed surface texture, global illumination, DSLR sharpness",9:16,8,1080p,grok-imagine-image-quality,grok-imagine-video-1.5,"Photoreal vertical 9:16 Palm Beach Vitality laboratory research catalog film, chemical research material only, premium American research aesthetic, no people, no faces, no hands, no needles, no injection, no clinic, no gym, no lifestyle, no wellness claims, no nicknames. Scene: Elegant glowing node-and-bond network of a peptide chain, assembling bond by bond, dramatic single hard key light, with subtle floating dust motes in light beams, gentle top-down descending crane. [catalog angle 475]. Quality: studio lighting, HDR, clean and crisp, detailed surface texture, global illumination, DSLR sharpness. creation motif 475/500 · scene 173. Keep product identity and any on-screen research typography sharp and unchanged. For laboratory research use only. Not for human use or consumption.",Active,0,
PBVita-Reel-476,476,36,Product Hero & Macro,"Clean product portrait of precision research pen, with light caustics refracting across the surface, subtle handheld micro-movement.","studio lighting, perfect exposure, creamy bokeh, soft shadows, realistic reflections, professional photography",9:16,8,1080p,grok-imagine-image-quality,grok-imagine-video-1.5,"Photoreal vertical 9:16 Palm Beach Vitality laboratory research catalog film, chemical research material only, premium American research aesthetic, no people, no faces, no hands, no needles, no injection, no clinic, no gym, no lifestyle, no wellness claims, no nicknames. Scene: Clean product portrait of precision research pen, with light caustics refracting across the surface, subtle handheld micro-movement.. Quality: studio lighting, perfect exposure, creamy bokeh, soft shadows, realistic reflections, professional photography. creation motif 476/500 · scene 036. Keep product identity and any on-screen research typography sharp and unchanged. For laboratory research use only. Not for human use or consumption.",Active,0,
PBVita-Reel-477,477,254,"Production, Process & Manufacturing","Stylized research process: quality control moment under focused light, cool overhead fluorescent lab feel, with soft shadow only, extreme high angle looking straight down. [catalog angle 477]","studio lighting, creamy bokeh, premium aesthetic, refined details, realistic reflections, editorial photography style",9:16,8,1080p,grok-imagine-image-quality,grok-imagine-video-1.5,"Photoreal vertical 9:16 Palm Beach Vitality laboratory research catalog film, chemical research material only, premium American research aesthetic, no people, no faces, no hands, no needles, no injection, no clinic, no gym, no lifestyle, no wellness claims, no nicknames. Scene: Stylized research process: quality control moment under focused light, cool overhead fluorescent lab feel, with soft shadow only, extreme high angle looking straight down. [catalog angle 477]. Quality: studio lighting, creamy bokeh, premium aesthetic, refined details, realistic reflections, editorial photography style. creation motif 477/500 · scene 254. Keep product identity and any on-screen research typography sharp and unchanged. For laboratory research use only. Not for human use or consumption.",Active,0,
PBVita-Reel-478,478,347,Signature Camera Moves & Dynamic Angles,"Camera focused: over-the-shoulder perspective from precision lab apparatus approaching product. Subject is clear glass research vial, soft window light with gentle falloff, with gentle liquid swirl inside the container.","studio lighting, polished look, intricate textures, soft shadows, high-end commercial look, professional photography",9:16,8,1080p,grok-imagine-image-quality,grok-imagine-video-1.5,"Photoreal vertical 9:16 Palm Beach Vitality laboratory research catalog film, chemical research material only, premium American research aesthetic, no people, no faces, no hands, no needles, no injection, no clinic, no gym, no lifestyle, no wellness claims, no nicknames. Scene: Camera focused: over-the-shoulder perspective from precision lab apparatus approaching product. Subject is clear glass research vial, soft window light with gentle falloff, with gentle liquid swirl inside the container.. Quality: studio lighting, polished look, intricate textures, soft shadows, high-end commercial look, professional photography. creation motif 478/500 · scene 347. Keep product identity and any on-screen research typography sharp and unchanged. For laboratory research use only. Not for human use or consumption.",Active,0,
PBVita-Reel-479,479,292,"Abstract, Artistic & Cinematic Science","High-contrast black and white with selective color on liquid, featuring amber-tinted research vial, soft window light with gentle falloff, circular arc that never fully completes.","rim lighting, high dynamic range, perfect composition, refined details, realistic reflections, DSLR sharpness",9:16,8,1080p,grok-imagine-image-quality,grok-imagine-video-1.5,"Photoreal vertical 9:16 Palm Beach Vitality laboratory research catalog film, chemical research material only, premium American research aesthetic, no people, no faces, no hands, no needles, no injection, no clinic, no gym, no lifestyle, no wellness claims, no nicknames. Scene: High-contrast black and white with selective color on liquid, featuring amber-tinted research vial, soft window light with gentle falloff, circular arc that never fully completes.. Quality: rim lighting, high dynamic range, perfect composition, refined details, realistic reflections, DSLR sharpness. creation motif 479/500 · scene 292. Keep product identity and any on-screen research typography sharp and unchanged. For laboratory research use only. Not for human use or consumption.",Active,0,
PBVita-Reel-480,480,557,"Hybrid, Transition & Special Shots","Special / hybrid shot: continuous morph from physical product into abstract molecular structure and back. Centered on clear glass research vial, soft window light with gentle falloff, circular arc that never fully completes.","rim lighting, HDR, polished look, refined details, intricate textures, global illumination",9:16,8,1080p,grok-imagine-image-quality,grok-imagine-video-1.5,"Photoreal vertical 9:16 Palm Beach Vitality laboratory research catalog film, chemical research material only, premium American research aesthetic, no people, no faces, no hands, no needles, no injection, no clinic, no gym, no lifestyle, no wellness claims, no nicknames. Scene: Special / hybrid shot: continuous morph from physical product into abstract molecular structure and back. Centered on clear glass research vial, soft window light with gentle falloff, circular arc that never fully completes.. Quality: rim lighting, HDR, polished look, refined details, intricate textures, global illumination. creation motif 480/500 · scene 557. Keep product identity and any on-screen research typography sharp and unchanged. For laboratory research use only. Not for human use or consumption.",Active,0,
PBVita-Reel-481,481,101,Laboratory & Scientific Environments,"Pre-filled research pen inside a clean laminar flow hood, soft rim light from behind, with soft particle haze, slow 360° orbit at eye level. [catalog angle 481]","rim lighting, perfect exposure, creamy bokeh, premium aesthetic, realistic textures, realistic reflections",9:16,8,1080p,grok-imagine-image-quality,grok-imagine-video-1.5,"Photoreal vertical 9:16 Palm Beach Vitality laboratory research catalog film, chemical research material only, premium American research aesthetic, no people, no faces, no hands, no needles, no injection, no clinic, no gym, no lifestyle, no wellness claims, no nicknames. Scene: Pre-filled research pen inside a clean laminar flow hood, soft rim light from behind, with soft particle haze, slow 360° orbit at eye level. [catalog angle 481]. Quality: rim lighting, perfect exposure, creamy bokeh, premium aesthetic, realistic textures, realistic reflections. creation motif 481/500 · scene 101. Keep product identity and any on-screen research typography sharp and unchanged. For laboratory research use only. Not for human use or consumption.",Active,0,
PBVita-Reel-482,482,428,Lighting & Mood Variations,"Mood lighting study: cold storage fluorescent feel with soft green-blue cast. Product is dual research pens side by side, captured with lateral motion-control track.","rim lighting, creamy bokeh, elegant framing, refined details, detailed surface texture, ambient occlusion",9:16,8,1080p,grok-imagine-image-quality,grok-imagine-video-1.5,"Photoreal vertical 9:16 Palm Beach Vitality laboratory research catalog film, chemical research material only, premium American research aesthetic, no people, no faces, no hands, no needles, no injection, no clinic, no gym, no lifestyle, no wellness claims, no nicknames. Scene: Mood lighting study: cold storage fluorescent feel with soft green-blue cast. Product is dual research pens side by side, captured with lateral motion-control track.. Quality: rim lighting, creamy bokeh, elegant framing, refined details, detailed surface texture, ambient occlusion. creation motif 482/500 · scene 428. Keep product identity and any on-screen research typography sharp and unchanged. For laboratory research use only. Not for human use or consumption.",Active,0,
PBVita-Reel-483,483,209,Molecular & Chemical Structure Visuals,"Wireframe structure with glowing edges of a peptide chain, with dual warm and cool lighting, soft bounce from below, with delicate condensation on glass, vertical rise from base to top. [catalog angle 483]","rim lighting, polished look, refined details, detailed surface texture, ambient occlusion, soft shadows",9:16,8,1080p,grok-imagine-image-quality,grok-imagine-video-1.5,"Photoreal vertical 9:16 Palm Beach Vitality laboratory research catalog film, chemical research material only, premium American research aesthetic, no people, no faces, no hands, no needles, no injection, no clinic, no gym, no lifestyle, no wellness claims, no nicknames. Scene: Wireframe structure with glowing edges of a peptide chain, with dual warm and cool lighting, soft bounce from below, with delicate condensation on glass, vertical rise from base to top. [catalog angle 483]. Quality: rim lighting, polished look, refined details, detailed surface texture, ambient occlusion, soft shadows. creation motif 483/500 · scene 209. Keep product identity and any on-screen research typography sharp and unchanged. For laboratory research use only. Not for human use or consumption.",Active,0,
PBVita-Reel-484,484,26,Product Hero & Macro,"Clean product portrait of precision research pen, with abstract geometric light patterns, fast resolve into locked hero frame. [catalog angle 484]","high dynamic range, HDR, premium aesthetic, refined details, high fidelity, high-end commercial look",9:16,8,1080p,grok-imagine-image-quality,grok-imagine-video-1.5,"Photoreal vertical 9:16 Palm Beach Vitality laboratory research catalog film, chemical research material only, premium American research aesthetic, no people, no faces, no hands, no needles, no injection, no clinic, no gym, no lifestyle, no wellness claims, no nicknames. Scene: Clean product portrait of precision research pen, with abstract geometric light patterns, fast resolve into locked hero frame. [catalog angle 484]. Quality: high dynamic range, HDR, premium aesthetic, refined details, high fidelity, high-end commercial look. creation motif 484/500 · scene 026. Keep product identity and any on-screen research typography sharp and unchanged. For laboratory research use only. Not for human use or consumption.",Active,0,
PBVita-Reel-485,485,212,"Production, Process & Manufacturing","Stylized research process: precise pipetting sequence in slow motion, clean high-key beauty lighting, with gentle dry-ice style fog drifting, extreme macro push-in. [catalog angle 485]","high dynamic range, perfect exposure, shallow depth of field, intricate textures, editorial photography style, professional photography",9:16,8,1080p,grok-imagine-image-quality,grok-imagine-video-1.5,"Photoreal vertical 9:16 Palm Beach Vitality laboratory research catalog film, chemical research material only, premium American research aesthetic, no people, no faces, no hands, no needles, no injection, no clinic, no gym, no lifestyle, no wellness claims, no nicknames. Scene: Stylized research process: precise pipetting sequence in slow motion, clean high-key beauty lighting, with gentle dry-ice style fog drifting, extreme macro push-in. [catalog angle 485]. Quality: high dynamic range, perfect exposure, shallow depth of field, intricate textures, editorial photography style, professional photography. creation motif 485/500 · scene 212. Keep product identity and any on-screen research typography sharp and unchanged. For laboratory research use only. Not for human use or consumption.",Active,0,
PBVita-Reel-486,486,337,Signature Camera Moves & Dynamic Angles,"Camera focused: extreme macro push-in from wide product view into liquid surface. Subject is clear glass research vial, clean high-key beauty lighting, with gentle dry-ice style fog drifting.","high dynamic range, creamy bokeh, perfect composition, intricate textures, medium format look, professional photography",9:16,8,1080p,grok-imagine-image-quality,grok-imagine-video-1.5,"Photoreal vertical 9:16 Palm Beach Vitality laboratory research catalog film, chemical research material only, premium American research aesthetic, no people, no faces, no hands, no needles, no injection, no clinic, no gym, no lifestyle, no wellness claims, no nicknames. Scene: Camera focused: extreme macro push-in from wide product view into liquid surface. Subject is clear glass research vial, clean high-key beauty lighting, with gentle dry-ice style fog drifting.. Quality: high dynamic range, creamy bokeh, perfect composition, intricate textures, medium format look, professional photography. creation motif 486/500 · scene 337. Keep product identity and any on-screen research typography sharp and unchanged. For laboratory research use only. Not for human use or consumption.",Active,0,
PBVita-Reel-487,487,321,"Abstract, Artistic & Cinematic Science","Soft vapor trails forming abstract patterns, featuring precision research pen, volumetric god rays through haze, fast resolve into locked hero frame.","high dynamic range, polished look, clean and crisp, refined details, realistic reflections, DSLR sharpness",9:16,8,1080p,grok-imagine-image-quality,grok-imagine-video-1.5,"Photoreal vertical 9:16 Palm Beach Vitality laboratory research catalog film, chemical research material only, premium American research aesthetic, no people, no faces, no hands, no needles, no injection, no clinic, no gym, no lifestyle, no wellness claims, no nicknames. Scene: Soft vapor trails forming abstract patterns, featuring precision research pen, volumetric god rays through haze, fast resolve into locked hero frame.. Quality: high dynamic range, polished look, clean and crisp, refined details, realistic reflections, DSLR sharpness. creation motif 487/500 · scene 321. Keep product identity and any on-screen research typography sharp and unchanged. For laboratory research use only. Not for human use or consumption.",Active,0,
PBVita-Reel-488,488,517,"Hybrid, Transition & Special Shots","Special / hybrid shot: continuous morph from physical product into abstract molecular structure and back. Centered on clear glass research vial, clean high-key beauty lighting, extreme macro push-in.","HDR, rich contrast, clean and crisp, detailed surface texture, ambient occlusion, medium format look",9:16,8,1080p,grok-imagine-image-quality,grok-imagine-video-1.5,"Photoreal vertical 9:16 Palm Beach Vitality laboratory research catalog film, chemical research material only, premium American research aesthetic, no people, no faces, no hands, no needles, no injection, no clinic, no gym, no lifestyle, no wellness claims, no nicknames. Scene: Special / hybrid shot: continuous morph from physical product into abstract molecular structure and back. Centered on clear glass research vial, clean high-key beauty lighting, extreme macro push-in.. Quality: HDR, rich contrast, clean and crisp, detailed surface texture, ambient occlusion, medium format look. creation motif 488/500 · scene 517. Keep product identity and any on-screen research typography sharp and unchanged. For laboratory research use only. Not for human use or consumption.",Active,0,
PBVita-Reel-489,489,127,Laboratory & Scientific Environments,"Amber-tinted research vial next to clean pipettes and tips, soft window light with gentle falloff, with gentle liquid swirl inside the container, circular arc that never fully completes. [catalog angle 489]","HDR, shallow depth of field, polished look, global illumination, high-end commercial look, editorial photography style",9:16,8,1080p,grok-imagine-image-quality,grok-imagine-video-1.5,"Photoreal vertical 9:16 Palm Beach Vitality laboratory research catalog film, chemical research material only, premium American research aesthetic, no people, no faces, no hands, no needles, no injection, no clinic, no gym, no lifestyle, no wellness claims, no nicknames. Scene: Amber-tinted research vial next to clean pipettes and tips, soft window light with gentle falloff, with gentle liquid swirl inside the container, circular arc that never fully completes. [catalog angle 489]. Quality: HDR, shallow depth of field, polished look, global illumination, high-end commercial look, editorial photography style. creation motif 489/500 · scene 127. Keep product identity and any on-screen research typography sharp and unchanged. For laboratory research use only. Not for human use or consumption.",Active,0,
PBVita-Reel-490,490,431,Lighting & Mood Variations,"Mood lighting study: soft golden hour window light falling across the product on a clean surface. Product is pre-filled research pen, captured with fast resolve into locked hero frame.","HDR, elegant framing, intricate textures, soft shadows, high-end commercial look, medium format look",9:16,8,1080p,grok-imagine-image-quality,grok-imagine-video-1.5,"Photoreal vertical 9:16 Palm Beach Vitality laboratory research catalog film, chemical research material only, premium American research aesthetic, no people, no faces, no hands, no needles, no injection, no clinic, no gym, no lifestyle, no wellness claims, no nicknames. Scene: Mood lighting study: soft golden hour window light falling across the product on a clean surface. Product is pre-filled research pen, captured with fast resolve into locked hero frame.. Quality: HDR, elegant framing, intricate textures, soft shadows, high-end commercial look, medium format look. creation motif 490/500 · scene 431. Keep product identity and any on-screen research typography sharp and unchanged. For laboratory research use only. Not for human use or consumption.",Active,0,
PBVita-Reel-491,491,208,Molecular & Chemical Structure Visuals,"Dark dramatic molecular model with rim light of a peptide chain, as camera flies through the structure, low-key selective highlight only, in pure clinical emptiness, lateral motion-control track. [catalog angle 491]","rich contrast, perfect exposure, premium aesthetic, global illumination, ambient occlusion, soft shadows",9:16,8,1080p,grok-imagine-image-quality,grok-imagine-video-1.5,"Photoreal vertical 9:16 Palm Beach Vitality laboratory research catalog film, chemical research material only, premium American research aesthetic, no people, no faces, no hands, no needles, no injection, no clinic, no gym, no lifestyle, no wellness claims, no nicknames. Scene: Dark dramatic molecular model with rim light of a peptide chain, as camera flies through the structure, low-key selective highlight only, in pure clinical emptiness, lateral motion-control track. [catalog angle 491]. Quality: rich contrast, perfect exposure, premium aesthetic, global illumination, ambient occlusion, soft shadows. creation motif 491/500 · scene 208. Keep product identity and any on-screen research typography sharp and unchanged. For laboratory research use only. Not for human use or consumption.",Active,0,
PBVita-Reel-492,492,1,Product Hero & Macro,"Extreme macro of pre-filled research pen on polished black reflective surface, soft rim light from behind, slow 360° orbit at eye level. [catalog angle 492]","rich contrast, creamy bokeh, global illumination, ambient occlusion, realistic reflections, DSLR sharpness",9:16,8,1080p,grok-imagine-image-quality,grok-imagine-video-1.5,"Photoreal vertical 9:16 Palm Beach Vitality laboratory research catalog film, chemical research material only, premium American research aesthetic, no people, no faces, no hands, no needles, no injection, no clinic, no gym, no lifestyle, no wellness claims, no nicknames. Scene: Extreme macro of pre-filled research pen on polished black reflective surface, soft rim light from behind, slow 360° orbit at eye level. [catalog angle 492]. Quality: rich contrast, creamy bokeh, global illumination, ambient occlusion, realistic reflections, DSLR sharpness. creation motif 492/500 · scene 001. Keep product identity and any on-screen research typography sharp and unchanged. For laboratory research use only. Not for human use or consumption.",Active,0,
PBVita-Reel-493,493,260,"Production, Process & Manufacturing","Stylized research process: careful visual clarity inspection under bright light, warm golden hour side light, with soft bokeh circles drifting past, locked-off static with internal motion only. [catalog angle 493]","rich contrast, high fidelity, realistic textures, detailed surface texture, global illumination, medium format look",9:16,8,1080p,grok-imagine-image-quality,grok-imagine-video-1.5,"Photoreal vertical 9:16 Palm Beach Vitality laboratory research catalog film, chemical research material only, premium American research aesthetic, no people, no faces, no hands, no needles, no injection, no clinic, no gym, no lifestyle, no wellness claims, no nicknames. Scene: Stylized research process: careful visual clarity inspection under bright light, warm golden hour side light, with soft bokeh circles drifting past, locked-off static with internal motion only. [catalog angle 493]. Quality: rich contrast, high fidelity, realistic textures, detailed surface texture, global illumination, medium format look. creation motif 493/500 · scene 260. Keep product identity and any on-screen research typography sharp and unchanged. For laboratory research use only. Not for human use or consumption.",Active,0,
PBVita-Reel-494,494,351,Signature Camera Moves & Dynamic Angles,"Camera focused: reverse orbit starting tight and pulling out to full environment. Subject is precision research pen, soft rim light from behind, with soft particle haze.","perfect exposure, perfect composition, elegant framing, intricate textures, high-end commercial look, editorial photography style",9:16,8,1080p,grok-imagine-image-quality,grok-imagine-video-1.5,"Photoreal vertical 9:16 Palm Beach Vitality laboratory research catalog film, chemical research material only, premium American research aesthetic, no people, no faces, no hands, no needles, no injection, no clinic, no gym, no lifestyle, no wellness claims, no nicknames. Scene: Camera focused: reverse orbit starting tight and pulling out to full environment. Subject is precision research pen, soft rim light from behind, with soft particle haze.. Quality: perfect exposure, perfect composition, elegant framing, intricate textures, high-end commercial look, editorial photography style. creation motif 494/500 · scene 351. Keep product identity and any on-screen research typography sharp and unchanged. For laboratory research use only. Not for human use or consumption.",Active,0,
PBVita-Reel-495,495,294,"Abstract, Artistic & Cinematic Science","Infinite mirror reflection tunnel of the product, featuring single research pen standing upright, cool overhead fluorescent lab feel, extreme high angle looking straight down.","perfect exposure, realistic textures, global illumination, ambient occlusion, medium format look, DSLR sharpness",9:16,8,1080p,grok-imagine-image-quality,grok-imagine-video-1.5,"Photoreal vertical 9:16 Palm Beach Vitality laboratory research catalog film, chemical research material only, premium American research aesthetic, no people, no faces, no hands, no needles, no injection, no clinic, no gym, no lifestyle, no wellness claims, no nicknames. Scene: Infinite mirror reflection tunnel of the product, featuring single research pen standing upright, cool overhead fluorescent lab feel, extreme high angle looking straight down.. Quality: perfect exposure, realistic textures, global illumination, ambient occlusion, medium format look, DSLR sharpness. creation motif 495/500 · scene 294. Keep product identity and any on-screen research typography sharp and unchanged. For laboratory research use only. Not for human use or consumption.",Active,0,
PBVita-Reel-496,496,540,"Hybrid, Transition & Special Shots","Special / hybrid shot: product revealed by slowly pulling away a clean white cloth or card. Centered on sterile research vial, hard specular edge light, soft focus rack from background to product.","shallow depth of field, premium aesthetic, clean and crisp, realistic textures, global illumination, editorial photography style",9:16,8,1080p,grok-imagine-image-quality,grok-imagine-video-1.5,"Photoreal vertical 9:16 Palm Beach Vitality laboratory research catalog film, chemical research material only, premium American research aesthetic, no people, no faces, no hands, no needles, no injection, no clinic, no gym, no lifestyle, no wellness claims, no nicknames. Scene: Special / hybrid shot: product revealed by slowly pulling away a clean white cloth or card. Centered on sterile research vial, hard specular edge light, soft focus rack from background to product.. Quality: shallow depth of field, premium aesthetic, clean and crisp, realistic textures, global illumination, editorial photography style. creation motif 496/500 · scene 540. Keep product identity and any on-screen research typography sharp and unchanged. For laboratory research use only. Not for human use or consumption.",Active,0,
PBVita-Reel-497,497,86,Laboratory & Scientific Environments,"Precision research pen inside a clean laminar flow hood, soft rim light from behind, with soft particle haze, slow 360° orbit at eye level.","creamy bokeh, elegant framing, high fidelity, editorial photography style, medium format look, professional photography",9:16,8,1080p,grok-imagine-image-quality,grok-imagine-video-1.5,"Photoreal vertical 9:16 Palm Beach Vitality laboratory research catalog film, chemical research material only, premium American research aesthetic, no people, no faces, no hands, no needles, no injection, no clinic, no gym, no lifestyle, no wellness claims, no nicknames. Scene: Precision research pen inside a clean laminar flow hood, soft rim light from behind, with soft particle haze, slow 360° orbit at eye level.. Quality: creamy bokeh, elegant framing, high fidelity, editorial photography style, medium format look, professional photography. creation motif 497/500 · scene 086. Keep product identity and any on-screen research typography sharp and unchanged. For laboratory research use only. Not for human use or consumption.",Active,0,
PBVita-Reel-498,498,417,Lighting & Mood Variations,"Mood lighting study: subtle teal and amber gel accents for modern technical feel. Product is amber-tinted research vial, captured with circular arc that never fully completes.","perfect composition, premium aesthetic, realistic textures, ambient occlusion, realistic reflections, medium format look",9:16,8,1080p,grok-imagine-image-quality,grok-imagine-video-1.5,"Photoreal vertical 9:16 Palm Beach Vitality laboratory research catalog film, chemical research material only, premium American research aesthetic, no people, no faces, no hands, no needles, no injection, no clinic, no gym, no lifestyle, no wellness claims, no nicknames. Scene: Mood lighting study: subtle teal and amber gel accents for modern technical feel. Product is amber-tinted research vial, captured with circular arc that never fully completes.. Quality: perfect composition, premium aesthetic, realistic textures, ambient occlusion, realistic reflections, medium format look. creation motif 498/500 · scene 417. Keep product identity and any on-screen research typography sharp and unchanged. For laboratory research use only. Not for human use or consumption.",Active,0,
PBVita-Reel-499,499,167,Molecular & Chemical Structure Visuals,"Dual warm/cool lit molecular form of a peptide chain, with elegant orbital motion, soft window light with gentle falloff, with gentle liquid swirl inside the container, circular arc that never fully completes. [catalog angle 499]","elegant framing, intricate textures, detailed surface texture, ambient occlusion, realistic reflections, medium format look",9:16,8,1080p,grok-imagine-image-quality,grok-imagine-video-1.5,"Photoreal vertical 9:16 Palm Beach Vitality laboratory research catalog film, chemical research material only, premium American research aesthetic, no people, no faces, no hands, no needles, no injection, no clinic, no gym, no lifestyle, no wellness claims, no nicknames. Scene: Dual warm/cool lit molecular form of a peptide chain, with elegant orbital motion, soft window light with gentle falloff, with gentle liquid swirl inside the container, circular arc that never fully completes. [catalog angle 499]. Quality: elegant framing, intricate textures, detailed surface texture, ambient occlusion, realistic reflections, medium format look. creation motif 499/500 · scene 167. Keep product identity and any on-screen research typography sharp and unchanged. For laboratory research use only. Not for human use or consumption.",Active,0,
PBVita-Reel-500,500,30,Product Hero & Macro,"Top-down composition of research vial lying on its side on translucent frosted panel, warm under-light glow, minimal and precise. [catalog angle 500]","refined details, realistic textures, global illumination, ambient occlusion, realistic reflections, professional photography",9:16,8,1080p,grok-imagine-image-quality,grok-imagine-video-1.5,"Photoreal vertical 9:16 Palm Beach Vitality laboratory research catalog film, chemical research material only, premium American research aesthetic, no people, no faces, no hands, no needles, no injection, no clinic, no gym, no lifestyle, no wellness claims, no nicknames. Scene: Top-down composition of research vial lying on its side on translucent frosted panel, warm under-light glow, minimal and precise. [catalog angle 500]. Quality: refined details, realistic textures, global illumination, ambient occlusion, realistic reflections, professional photography. creation motif 500/500 · scene 030. Keep product identity and any on-screen research typography sharp and unchanged. For laboratory research use only. Not for human use or consumption.",Active,0,
