lab_item_id,rank,category,lab_item,material_detail,surface,lighting,camera_move,status,times_used,last_used_at,color_grade,hero_style,compound_name,shot_family,framing
LAB-206,1,premium_equipment,"The primary subject is a confocal laser scanning microscope, staged alone as a Palm Beach Vitality laboratory research catalog hero. If any label or printed panel appears, it must read exactly '5-Amino-1MQ' for laboratory research use only. Fill the frame with a single high-end lab machine; no operator, no sample mess, no second chassis. Call out: one premium confocal microscope body with objective turret and illuminated stage, no samples loaded; finish with premium studio contrast with soft falloff and crisp speculars.","Materials and construction: one premium confocal microscope body with objective turret and illuminated stage, no samples loaded — one complete premium equipment subject with believable scale, weight, and tactile surface response. Stage it on polished black reflective acrylic with crisp mirror reflection under low-key cinematic spotlight on subject, velvet falloff, with empty negative space so the model cannot invent a second competing object (catalog variant 001).",polished black reflective acrylic with crisp mirror reflection,"low-key cinematic spotlight on subject, velvet falloff","slow overhead descend straight down into top-down composition, then hold",Active,0,,high-contrast black and silver premium grade,editorial science magazine cover energy,5-Amino-1MQ,top_down,"overhead geometric catalog composition, subject centered in plan view"
LAB-001,2,vials_containers,"The primary subject is an amber glass research vial with rubber stopper, staged alone as a Palm Beach Vitality laboratory research catalog hero. If any label or printed panel appears, it must read exactly 'AOD-9604' for laboratory research use only. Macro-honest vial geometry: septum texture, aluminum crimp teeth, and a single upright or posed bottle with no twin beside it. Call out: amber glass, aluminum crimp seal, white rubber stopper, clear fill line; finish with neutral color-true pharmaceutical look with no surreal CGI glow.","Materials and construction: amber glass, aluminum crimp seal, white rubber stopper, clear fill line — one complete vial / container subject with believable scale, weight, and tactile surface response. Stage it on matte pure white cyclorama with soft contact shadow under split complementary lab lighting, teal and amber accents, with empty negative space so the model cannot invent a second competing object (catalog variant 002).",matte pure white cyclorama with soft contact shadow,"split complementary lab lighting, teal and amber accents","soft pedestal up a few centimeters while lighting wrap shifts; no sideways travel, then hold",Active,0,,crisp white clinical high-key grade,museum exhibit spotlight on a single artifact,AOD-9604,pedestal_light,eye-level catalog hero; light wrap changes on metal edges
LAB-397,3,instruments,"The primary subject is a data acquisition module USB, staged alone as a Palm Beach Vitality laboratory research catalog hero. If any label or printed panel appears, it must read exactly 'BPC-157' for laboratory research use only. Premium instrument still: clean geometry, subtle wear only where realism needs it, empty surroundings. Call out: DAQ module; finish with tack-sharp focus on the subject silhouette and key material edges.","Materials and construction: DAQ module — one complete instrument subject with believable scale, weight, and tactile surface response. Stage it on brushed stainless steel lab bench with linear grain highlights under macro ring-light even field for scientific detail, with empty negative space so the model cannot invent a second competing object (catalog variant 003).",brushed stainless steel lab bench with linear grain highlights,macro ring-light even field for scientific detail,"locked offset composition with subtle breathing push-in only, then hold",Active,0,,teal-and-amber cinematic lab grade,luxury watch-ad lighting adapted to lab equipment,BPC-157,offset_hero,"subject placed on left or right third, negative space opposite"
LAB-213,4,sterile_env,"The primary subject is a biosafety cabinet class II interior, staged alone as a Palm Beach Vitality laboratory research catalog hero. If any label or printed panel appears, it must read exactly 'BPC-157/TB-500' for laboratory research use only. Sterile architecture: stainless decks, HEPA grilles, interlocking doors, blue-white cleanroom light — empty and ready. Call out: one BSC work zone empty, HEPA grille, stainless work surface, sterile blue light mood; finish with expensive editorial science-magazine presence without lifestyle props.","Materials and construction: one BSC work zone empty, HEPA grille, stainless work surface, sterile blue light mood — one complete sterile environment subject with believable scale, weight, and tactile surface response. Stage it on dark charcoal epoxy resin countertop with subtle sparkle under cool clinical blue-white LED with specular glass caustics, with empty negative space so the model cannot invent a second competing object (catalog variant 004).",dark charcoal epoxy resin countertop with subtle sparkle,cool clinical blue-white LED with specular glass caustics,"lateral slide left-to-right past the subject, focus locked, straight horizontal path, then hold",Active,0,,warm tungsten accents on cold metal grade,NASA hardware documentary sharpness,BPC-157/TB-500,lateral_slide,subject slightly off-center; specular highlights travel across form
LAB-066,5,glassware,"The primary subject is a borosilicate Erlenmeyer flask with vivid blue copper sulfate solution, staged alone as a Palm Beach Vitality laboratory research catalog hero. If any label or printed panel appears, it must read exactly 'Cagrilinitide' for laboratory research use only. Borosilicate clarity and honest liquid level; the glassware alone owns the frame with premium science-magazine lighting. Call out: one flask, bright blue liquid, sharp meniscus, dramatic side light through glass, no other glassware; finish with deep controlled shadows and bright product highlights for vertical 9:16.","Materials and construction: one flask, bright blue liquid, sharp meniscus, dramatic side light through glass, no other glassware — one complete glassware subject with believable scale, weight, and tactile surface response. Stage it on obsidian glass plate with deep reflection under soft overhead softbox plus razor rim separation, with empty negative space so the model cannot invent a second competing object (catalog variant 005).",obsidian glass plate with deep reflection,soft overhead softbox plus razor rim separation,"slow straight push-out from tight crop to full product, then hold",Active,0,,neutral color-true pharmaceutical catalog grade,Vogue-still life precision for a scientific object,Cagrilinitide,push_out,"starts tight crop on badge/port/edge, ends full product in frame"
LAB-486,6,qc_analytical,"The primary subject is a mass spectrometer inlet detail idle, staged alone as a Palm Beach Vitality laboratory research catalog hero. If any label or printed panel appears, it must read exactly 'CJC (no DAC)' for laboratory research use only. Front-panel or inlet hero with believable engineering detail and clinical color-true lighting. Call out: instrument detail idle; finish with photoreal catalog finish with micro-scratches only where realism needs them.","Materials and construction: instrument detail idle — one complete QC / analytical subject with believable scale, weight, and tactile surface response. Stage it on mirrored chrome instrument deck catching rim light under backlit translucent glow through glass or polymer only when physically real, with empty negative space so the model cannot invent a second competing object (catalog variant 006).",mirrored chrome instrument deck catching rim light,backlit translucent glow through glass or polymer only when physically real,"very slow push-in from wide sterile environment into subject-dominant frame, then hold",Active,0,,cool steel and ice-blue science grade,"Apple-keynote product intensity, still fully laboratory-real",CJC (no DAC),wide_env,wider sterile environment context with subject still dominant
LAB-041,7,research_pens,"The primary subject is a pre-filled research pen on matte black acrylic, staged alone as a Palm Beach Vitality laboratory research catalog hero. If any label or printed panel appears, it must read exactly 'CJC (no DAC)/Ipamorelin' for laboratory research use only. One pen only, tack-sharp barrel graphics zone, soft reflection beneath, zero medical-procedure context. Call out: clear barrel window, dial collar, capped tip cover on; finish with premium studio contrast with soft falloff and crisp speculars.","Materials and construction: clear barrel window, dial collar, capped tip cover on — one complete research pen subject with believable scale, weight, and tactile surface response. Stage it on white melamine cleanroom table with clinical clarity under hard beauty dish key with deep controlled shadows, with empty negative space so the model cannot invent a second competing object (catalog variant 007).",white melamine cleanroom table with clinical clarity,hard beauty dish key with deep controlled shadows,"gentle vertical rise from base to top of subject, path is a straight up-line, then hold",Active,0,,high-contrast black and silver premium grade,editorial science magazine cover energy,CJC (no DAC)/Ipamorelin,vertical_rise,"base of subject at bottom third, rises to top detail"
LAB-101,8,liquid_handling,"The primary subject is a single-channel micropipette upright, staged alone as a Palm Beach Vitality laboratory research catalog hero. If any label or printed panel appears, it must read exactly 'DSIP' for laboratory research use only. Precision liquid-handling hardware: volume window, plunger, tip cone, engineered plastics — tip never touches skin. Call out: adjustable volume pipette, tip ejector, no tip attached; finish with neutral color-true pharmaceutical look with no surreal CGI glow.","Materials and construction: adjustable volume pipette, tip ejector, no tip attached — one complete liquid-handling subject with believable scale, weight, and tactile surface response. Stage it on textured graphite slate sample board under high-gloss catalog cross-light showing material microtexture, with empty negative space so the model cannot invent a second competing object (catalog variant 008).",textured graphite slate sample board,high-gloss catalog cross-light showing material microtexture,"crane-down from high three-quarter to eye-level hero on a straight descending path, then hold",Active,0,,crisp white clinical high-key grade,museum exhibit spotlight on a single artifact,DSIP,crane_settle,"starts high three-quarter, settles to eye-level hero"
LAB-126,9,cold_chain,"The primary subject is an ultra-low temperature freezer door with frost-edged window port, staged alone as a Palm Beach Vitality laboratory research catalog hero. If any label or printed panel appears, it must read exactly 'GHK-Cu' for laboratory research use only. One cold-chain subject with clinical chill cues; never grocery/lifestyle cooler vibes. Call out: one closed ULT freezer door detail, frost texture, clinical cold-chain drama, no vials visible; finish with tack-sharp focus on the subject silhouette and key material edges.","Materials and construction: one closed ULT freezer door detail, frost texture, clinical cold-chain drama, no vials visible — one complete cold-chain subject with believable scale, weight, and tactile surface response. Stage it on anodized navy aluminum deck plate under fiber-optic accent kiss on metal edges, with empty negative space so the model cannot invent a second competing object (catalog variant 009).",anodized navy aluminum deck plate,fiber-optic accent kiss on metal edges,"short vertical lift then lock off on the label plane — straight rise, then hold",Active,0,,teal-and-amber cinematic lab grade,luxury watch-ad lighting adapted to lab equipment,GHK-Cu,label_rise,locked on label/typography plane by the end
LAB-181,10,surfaces_org,"The primary subject is a precision analytical microbalance under glass draft shield, staged alone as a Palm Beach Vitality laboratory research catalog hero. If any label or printed panel appears, it must read exactly 'GLOW' for laboratory research use only. Epoxy/melamine/steel work-surface drama with empty negative space and premium lab realism. Call out: one closed draft-shield balance, brushed steel, glowing blue status LED, ultra sharp hero product shot; finish with expensive editorial science-magazine presence without lifestyle props.","Materials and construction: one closed draft-shield balance, brushed steel, glowing blue status LED, ultra sharp hero product shot — one complete lab surface subject with believable scale, weight, and tactile surface response. Stage it on frosted optical glass riser on black field under dramatic dual rim lights with cool cyan edge and warm key, with empty negative space so the model cannot invent a second competing object (catalog variant 010).",frosted optical glass riser on black field,dramatic dual rim lights with cool cyan edge and warm key,"start on macro texture then straight pull-back to full hero, then hold",Active,0,,warm tungsten accents on cold metal grade,NASA hardware documentary sharpness,GLOW,pull_back,starts extreme close on material texture
LAB-232,11,ppe_sterile,"The primary subject is a single unused nitrile glove laid flat, staged alone as a Palm Beach Vitality laboratory research catalog hero. If any label or printed panel appears, it must read exactly 'KLOW' for laboratory research use only. One sterile accessory hero, brand-new state, photoreal material response, no medical theater. Call out: exactly one glove, flat, unused, no second glove; finish with deep controlled shadows and bright product highlights for vertical 9:16.","Materials and construction: exactly one glove, flat, unused, no second glove — one complete PPE / sterile subject with believable scale, weight, and tactile surface response. Stage it on wet-look black porcelain tile under low-key cinematic spotlight on subject, velvet falloff, with empty negative space so the model cannot invent a second competing object (catalog variant 011).",wet-look black porcelain tile,"low-key cinematic spotlight on subject, velvet falloff","extreme macro with razor shallow depth of field; tiny forward drift only, then hold",Active,0,,neutral color-true pharmaceutical catalog grade,Vogue-still life precision for a scientific object,KLOW,macro_detail,tight crop on engraved/metal/glass microtexture
LAB-231,12,premium_equipment,"The primary subject is an inverted fluorescence microscope, staged alone as a Palm Beach Vitality laboratory research catalog hero. If any label or printed panel appears, it must read exactly 'KPV' for laboratory research use only. Expensive capital equipment presence — painted metal, precision optics, museum-grade silhouette, one instrument only. Call out: one inverted scope, fluorescence illuminator housing, clean stage, museum-grade instrument hero; finish with photoreal catalog finish with micro-scratches only where realism needs them.","Materials and construction: one inverted scope, fluorescence illuminator housing, clean stage, museum-grade instrument hero — one complete premium equipment subject with believable scale, weight, and tactile surface response. Stage it on pearl quartz lab surface under split complementary lab lighting, teal and amber accents, with empty negative space so the model cannot invent a second competing object (catalog variant 012).",pearl quartz lab surface,"split complementary lab lighting, teal and amber accents","handheld-stable micro drift forward only, scientific documentary energy, then hold",Active,0,,cool steel and ice-blue science grade,"Apple-keynote product intensity, still fully laboratory-real",KPV,doc_drift,"documentary mid-shot, slightly imperfect handheld stability"
LAB-002,13,vials_containers,"The primary subject is a clear borosilicate peptide vial upright, staged alone as a Palm Beach Vitality laboratory research catalog hero. If any label or printed panel appears, it must read exactly 'Melanotan 2' for laboratory research use only. Catch warm transmission through the glass wall, a readable shoulder highlight, and a sealed sterile top with empty negative space around the hero. Call out: type I borosilicate, 10ml scale markings, sterile cap; finish with premium studio contrast with soft falloff and crisp speculars.","Materials and construction: type I borosilicate, 10ml scale markings, sterile cap — one complete vial / container subject with believable scale, weight, and tactile surface response. Stage it on polished black reflective acrylic with crisp mirror reflection under macro ring-light even field for scientific detail, with empty negative space so the model cannot invent a second competing object (catalog variant 013).",polished black reflective acrylic with crisp mirror reflection,macro ring-light even field for scientific detail,"slow straight push-in from medium shot to closer detail, then hold",Active,0,,high-contrast black and silver premium grade,editorial science magazine cover energy,Melanotan 2,push_in,"medium hero starting frame, label readable by end"
LAB-398,14,instruments,"The primary subject is a lab computer terminal blank screen cropped, staged alone as a Palm Beach Vitality laboratory research catalog hero. If any label or printed panel appears, it must read exactly 'MOTS-C' for laboratory research use only. Show ports, fasteners, and status UI as quiet detail while the overall form stays the undeniable subject. Call out: terminal only blank; finish with neutral color-true pharmaceutical look with no surreal CGI glow.","Materials and construction: terminal only blank — one complete instrument subject with believable scale, weight, and tactile surface response. Stage it on matte pure white cyclorama with soft contact shadow under cool clinical blue-white LED with specular glass caustics, with empty negative space so the model cannot invent a second competing object (catalog variant 014).",matte pure white cyclorama with soft contact shadow,cool clinical blue-white LED with specular glass caustics,"low-angle tilt-up from underside to eye level, pivot only, no travel around subject, then hold",Active,0,,crisp white clinical high-key grade,museum exhibit spotlight on a single artifact,MOTS-C,tilt_reveal,low-angle power pose looking upward at instrument
LAB-133,15,sterile_env,"The primary subject is a laminar flow hood sterile work zone, staged alone as a Palm Beach Vitality laboratory research catalog hero. If any label or printed panel appears, it must read exactly 'NAD+' for laboratory research use only. Empty BSC/hood/airlock presence as the sole subject — research facility, not a lifestyle interior. Call out: one laminar hood interior, empty stainless deck, vertical airflow grille, sterile catalog; finish with tack-sharp focus on the subject silhouette and key material edges.","Materials and construction: one laminar hood interior, empty stainless deck, vertical airflow grille, sterile catalog — one complete sterile environment subject with believable scale, weight, and tactile surface response. Stage it on brushed stainless steel lab bench with linear grain highlights under soft overhead softbox plus razor rim separation, with empty negative space so the model cannot invent a second competing object (catalog variant 015).",brushed stainless steel lab bench with linear grain highlights,soft overhead softbox plus razor rim separation,"short side-profile track then settle on three-quarter angle — brief lateral only, then hard hold",Active,0,,teal-and-amber cinematic lab grade,luxury watch-ad lighting adapted to lab equipment,NAD+,profile_track,true side profile then settles to three-quarter facing
LAB-067,16,glassware,"The primary subject is an Erlenmeyer flask with clear buffer solution, staged alone as a Palm Beach Vitality laboratory research catalog hero. If any label or printed panel appears, it must read exactly 'PT-141' for laboratory research use only. Catch a sharp meniscus, optical distortion, and studio highlights traveling through one vessel — no crowded flask rack behind it. Call out: liquid to marked line, no foam overflow; finish with expensive editorial science-magazine presence without lifestyle props.","Materials and construction: liquid to marked line, no foam overflow — one complete glassware subject with believable scale, weight, and tactile surface response. Stage it on dark charcoal epoxy resin countertop with subtle sparkle under backlit translucent glow through glass or polymer only when physically real, with empty negative space so the model cannot invent a second competing object (catalog variant 016).",dark charcoal epoxy resin countertop with subtle sparkle,backlit translucent glow through glass or polymer only when physically real,locked tripod hold with micro focus rack only — camera body does not travel,Active,0,,warm tungsten accents on cold metal grade,NASA hardware documentary sharpness,PT-141,static_lock,"centered editorial hero, tripod-locked, subject fills mid-frame"
LAB-487,17,qc_analytical,"The primary subject is a LC column oven door closed, staged alone as a Palm Beach Vitality laboratory research catalog hero. If any label or printed panel appears, it must read exactly 'Retatrutide' for laboratory research use only. Analytical instrument catalog drama with expensive metal/polymer mix and no competing open sample clutter. Finish with deep controlled shadows and bright product highlights for vertical 9:16.","Materials and construction: oven door — one complete QC / analytical subject with believable scale, weight, and tactile surface response. Stage it on obsidian glass plate with deep reflection under hard beauty dish key with deep controlled shadows, with empty negative space so the model cannot invent a second competing object (catalog variant 017).",obsidian glass plate with deep reflection,hard beauty dish key with deep controlled shadows,"slow overhead descend straight down into top-down composition, then hold",Active,0,,neutral color-true pharmaceutical catalog grade,Vogue-still life precision for a scientific object,Retatrutide,top_down,"overhead geometric catalog composition, subject centered in plan view"
LAB-042,18,research_pens,"The primary subject is a research pen with visible liquid barrel macro, staged alone as a Palm Beach Vitality laboratory research catalog hero. If any label or printed panel appears, it must read exactly 'Selank' for laboratory research use only. Read as expensive research hardware: dosage window, clip, and tip cover, isolated on a clean catalog surface. Call out: meniscus and glass barrel detail, cap beside pen; finish with photoreal catalog finish with micro-scratches only where realism needs them.","Materials and construction: meniscus and glass barrel detail, cap beside pen — one complete research pen subject with believable scale, weight, and tactile surface response. Stage it on mirrored chrome instrument deck catching rim light under high-gloss catalog cross-light showing material microtexture, with empty negative space so the model cannot invent a second competing object (catalog variant 018).",mirrored chrome instrument deck catching rim light,high-gloss catalog cross-light showing material microtexture,"soft pedestal up a few centimeters while lighting wrap shifts; no sideways travel, then hold",Active,0,,cool steel and ice-blue science grade,"Apple-keynote product intensity, still fully laboratory-real",Selank,pedestal_light,eye-level catalog hero; light wrap changes on metal edges
LAB-102,19,liquid_handling,"The primary subject is a micropipette with sterile filtered tip attached, staged alone as a Palm Beach Vitality laboratory research catalog hero. If any label or printed panel appears, it must read exactly 'Semaglutide' for laboratory research use only. Clinical product photography of a single liquid-handling instrument, idle and unused, sharp edge detail. Call out: tip on, never touching skin; finish with premium studio contrast with soft falloff and crisp speculars.","Materials and construction: tip on, never touching skin — one complete liquid-handling subject with believable scale, weight, and tactile surface response. Stage it on white melamine cleanroom table with clinical clarity under fiber-optic accent kiss on metal edges, with empty negative space so the model cannot invent a second competing object (catalog variant 019).",white melamine cleanroom table with clinical clarity,fiber-optic accent kiss on metal edges,"locked offset composition with subtle breathing push-in only, then hold",Active,0,,high-contrast black and silver premium grade,editorial science magazine cover energy,Semaglutide,offset_hero,"subject placed on left or right third, negative space opposite"
LAB-130,20,cold_chain,"The primary subject is a mini cooler bag for research samples unzipped, staged alone as a Palm Beach Vitality laboratory research catalog hero. If any label or printed panel appears, it must read exactly 'SEMAX' for laboratory research use only. Cold-chain drama: frost texture, insulation, logger screens, or sealed cold packaging — research context only. Call out: soft cooler, gel pack visible; finish with neutral color-true pharmaceutical look with no surreal CGI glow.","Materials and construction: soft cooler, gel pack visible — one complete cold-chain subject with believable scale, weight, and tactile surface response. Stage it on textured graphite slate sample board under dramatic dual rim lights with cool cyan edge and warm key, with empty negative space so the model cannot invent a second competing object (catalog variant 020).",textured graphite slate sample board,dramatic dual rim lights with cool cyan edge and warm key,"lateral slide left-to-right past the subject, focus locked, straight horizontal path, then hold",Active,0,,crisp white clinical high-key grade,museum exhibit spotlight on a single artifact,SEMAX,lateral_slide,subject slightly off-center; specular highlights travel across form
LAB-183,21,surfaces_org,"The primary subject is a white melamine lab bench section, staged alone as a Palm Beach Vitality laboratory research catalog hero. If any label or printed panel appears, it must read exactly 'Sermorelin' for laboratory research use only. If a prop sits on the surface, keep one primary object so the surface still reads clearly. Call out: clean bench surface, product only; finish with tack-sharp focus on the subject silhouette and key material edges.","Materials and construction: clean bench surface, product only — one complete lab surface subject with believable scale, weight, and tactile surface response. Stage it on anodized navy aluminum deck plate under low-key cinematic spotlight on subject, velvet falloff, with empty negative space so the model cannot invent a second competing object (catalog variant 021).",anodized navy aluminum deck plate,"low-key cinematic spotlight on subject, velvet falloff","slow straight push-out from tight crop to full product, then hold",Active,0,,teal-and-amber cinematic lab grade,luxury watch-ad lighting adapted to lab equipment,Sermorelin,push_out,"starts tight crop on badge/port/edge, ends full product in frame"
LAB-234,22,ppe_sterile,"The primary subject is a bouffant cap package, staged alone as a Palm Beach Vitality laboratory research catalog hero. If any label or printed panel appears, it must read exactly 'SS-31' for laboratory research use only. Show package seals or fabric texture with clinical white/blue light and generous empty space. Call out: hair cover pack; finish with expensive editorial science-magazine presence without lifestyle props.","Materials and construction: hair cover pack — one complete PPE / sterile subject with believable scale, weight, and tactile surface response. Stage it on frosted optical glass riser on black field under split complementary lab lighting, teal and amber accents, with empty negative space so the model cannot invent a second competing object (catalog variant 022).",frosted optical glass riser on black field,"split complementary lab lighting, teal and amber accents","very slow push-in from wide sterile environment into subject-dominant frame, then hold",Active,0,,warm tungsten accents on cold metal grade,NASA hardware documentary sharpness,SS-31,wide_env,wider sterile environment context with subject still dominant
LAB-182,23,premium_equipment,"The primary subject is a research stereo microscope on boom stand, staged alone as a Palm Beach Vitality laboratory research catalog hero. If any label or printed panel appears, it must read exactly 'TA-1' for laboratory research use only. Photoreal research instrument hero with credible cables/ports minimized and the main form unmistakable. Call out: one stereo microscope, dual eyepieces, polished boom arm, black lab field; finish with deep controlled shadows and bright product highlights for vertical 9:16.","Materials and construction: one stereo microscope, dual eyepieces, polished boom arm, black lab field — one complete premium equipment subject with believable scale, weight, and tactile surface response. Stage it on wet-look black porcelain tile under macro ring-light even field for scientific detail, with empty negative space so the model cannot invent a second competing object (catalog variant 023).",wet-look black porcelain tile,macro ring-light even field for scientific detail,"gentle vertical rise from base to top of subject, path is a straight up-line, then hold",Active,0,,neutral color-true pharmaceutical catalog grade,Vogue-still life precision for a scientific object,TA-1,vertical_rise,"base of subject at bottom third, rises to top detail"
LAB-003,24,vials_containers,"The primary subject is a frosted white research vial with matte label panel, staged alone as a Palm Beach Vitality laboratory research catalog hero. If any label or printed panel appears, it must read exactly 'TB-500' for laboratory research use only. Show thick pharmaceutical glass, a crisp crimp or cap edge, and a clean reflection on the vial shoulder — exactly one vial, no tray cluster or cardboard. Call out: opaque white glass, flat label face, sealed top; finish with photoreal catalog finish with micro-scratches only where realism needs them.","Materials and construction: opaque white glass, flat label face, sealed top — one complete vial / container subject with believable scale, weight, and tactile surface response. Stage it on pearl quartz lab surface under cool clinical blue-white LED with specular glass caustics, with empty negative space so the model cannot invent a second competing object (catalog variant 024).",pearl quartz lab surface,cool clinical blue-white LED with specular glass caustics,"crane-down from high three-quarter to eye-level hero on a straight descending path, then hold",Active,0,,cool steel and ice-blue science grade,"Apple-keynote product intensity, still fully laboratory-real",TB-500,crane_settle,"starts high three-quarter, settles to eye-level hero"
LAB-399,25,instruments,"The primary subject is a balance anti-vibration table section, staged alone as a Palm Beach Vitality laboratory research catalog hero. If any label or printed panel appears, it must read exactly 'Tesamorelin' for laboratory research use only. One module or instrument only; no bench chaos, no people, sharp readable silhouette for image-to-video lock. Call out: table surface; finish with premium studio contrast with soft falloff and crisp speculars.","Materials and construction: table surface — one complete instrument subject with believable scale, weight, and tactile surface response. Stage it on polished black reflective acrylic with crisp mirror reflection under soft overhead softbox plus razor rim separation, with empty negative space so the model cannot invent a second competing object (catalog variant 025).",polished black reflective acrylic with crisp mirror reflection,soft overhead softbox plus razor rim separation,"short vertical lift then lock off on the label plane — straight rise, then hold",Active,0,,high-contrast black and silver premium grade,editorial science magazine cover energy,Tesamorelin,label_rise,locked on label/typography plane by the end
LAB-189,26,sterile_env,"The primary subject is a walk-in cleanroom airlock doors, staged alone as a Palm Beach Vitality laboratory research catalog hero. If any label or printed panel appears, it must read exactly 'Tesamorelin/Ipamorelin' for laboratory research use only. Architectural laboratory cleanliness with reflective steel and controlled sterile atmosphere. Call out: one cleanroom airlock with interlocking doors, magnehelic gauge, sterile architecture; finish with neutral color-true pharmaceutical look with no surreal CGI glow.","Materials and construction: one cleanroom airlock with interlocking doors, magnehelic gauge, sterile architecture — one complete sterile environment subject with believable scale, weight, and tactile surface response. Stage it on matte pure white cyclorama with soft contact shadow under backlit translucent glow through glass or polymer only when physically real, with empty negative space so the model cannot invent a second competing object (catalog variant 026).",matte pure white cyclorama with soft contact shadow,backlit translucent glow through glass or polymer only when physically real,"start on macro texture then straight pull-back to full hero, then hold",Active,0,,crisp white clinical high-key grade,museum exhibit spotlight on a single artifact,Tesamorelin/Ipamorelin,pull_back,starts extreme close on material texture
LAB-068,27,glassware,"The primary subject is a volumetric flask with stopper, staged alone as a Palm Beach Vitality laboratory research catalog hero. If any label or printed panel appears, it must read exactly 'Tirzepatide' for laboratory research use only. Museum-grade glassware catalog shot: ground-glass fitment, etched volume marks if present, empty lab field around it. Call out: class A volumetric flask, ground glass stopper; finish with tack-sharp focus on the subject silhouette and key material edges.","Materials and construction: class A volumetric flask, ground glass stopper — one complete glassware subject with believable scale, weight, and tactile surface response. Stage it on brushed stainless steel lab bench with linear grain highlights under hard beauty dish key with deep controlled shadows, with empty negative space so the model cannot invent a second competing object (catalog variant 027).",brushed stainless steel lab bench with linear grain highlights,hard beauty dish key with deep controlled shadows,"extreme macro with razor shallow depth of field; tiny forward drift only, then hold",Active,0,,teal-and-amber cinematic lab grade,luxury watch-ad lighting adapted to lab equipment,Tirzepatide,macro_detail,tight crop on engraved/metal/glass microtexture
LAB-488,28,qc_analytical,"The primary subject is a HPLC system front panel with solvent lines idle, staged alone as a Palm Beach Vitality laboratory research catalog hero. If any label or printed panel appears, it must read exactly '5-Amino-1MQ' for laboratory research use only. Calibrated QC hardware energy: solvent lines, steel faces, status LEDs — one analyzer detail owns the frame. Call out: one instrument face, metal and polymer, status lights, no sample vials in frame; finish with expensive editorial science-magazine presence without lifestyle props.","Materials and construction: one instrument face, metal and polymer, status lights, no sample vials in frame — one complete QC / analytical subject with believable scale, weight, and tactile surface response. Stage it on dark charcoal epoxy resin countertop with subtle sparkle under high-gloss catalog cross-light showing material microtexture, with empty negative space so the model cannot invent a second competing object (catalog variant 028).",dark charcoal epoxy resin countertop with subtle sparkle,high-gloss catalog cross-light showing material microtexture,"handheld-stable micro drift forward only, scientific documentary energy, then hold",Active,0,,warm tungsten accents on cold metal grade,NASA hardware documentary sharpness,5-Amino-1MQ,doc_drift,"documentary mid-shot, slightly imperfect handheld stability"
LAB-043,29,research_pens,"The primary subject is a precision research pen standing upright, staged alone as a Palm Beach Vitality laboratory research catalog hero. If any label or printed panel appears, it must read exactly 'AOD-9604' for laboratory research use only. Keep a capped-pen still-life silhouette with crisp plastic-metal edges; a loose cap may sit beside the barrel but never implies use on a body. Call out: vertical hero, soft reflection, cap on; finish with deep controlled shadows and bright product highlights for vertical 9:16.","Materials and construction: vertical hero, soft reflection, cap on — one complete research pen subject with believable scale, weight, and tactile surface response. Stage it on obsidian glass plate with deep reflection under fiber-optic accent kiss on metal edges, with empty negative space so the model cannot invent a second competing object (catalog variant 029).",obsidian glass plate with deep reflection,fiber-optic accent kiss on metal edges,"slow straight push-in from medium shot to closer detail, then hold",Active,0,,neutral color-true pharmaceutical catalog grade,Vogue-still life precision for a scientific object,AOD-9604,push_in,"medium hero starting frame, label readable by end"
LAB-103,30,liquid_handling,"The primary subject is a multicolor micropipette set in stand, staged alone as a Palm Beach Vitality laboratory research catalog hero. If any label or printed panel appears, it must read exactly 'BPC-157' for laboratory research use only. Show believable scale marks, ejector button, and color-coded accents without a second matching tool in frame. Call out: P20 P200 P1000 in carousel; finish with photoreal catalog finish with micro-scratches only where realism needs them.","Materials and construction: P20 P200 P1000 in carousel — one complete liquid-handling subject with believable scale, weight, and tactile surface response. Stage it on mirrored chrome instrument deck catching rim light under dramatic dual rim lights with cool cyan edge and warm key, with empty negative space so the model cannot invent a second competing object (catalog variant 030).",mirrored chrome instrument deck catching rim light,dramatic dual rim lights with cool cyan edge and warm key,"low-angle tilt-up from underside to eye level, pivot only, no travel around subject, then hold",Active,0,,cool steel and ice-blue science grade,"Apple-keynote product intensity, still fully laboratory-real",BPC-157,tilt_reveal,low-angle power pose looking upward at instrument
LAB-131,31,cold_chain,"The primary subject is a temperature data logger on pack, staged alone as a Palm Beach Vitality laboratory research catalog hero. If any label or printed panel appears, it must read exactly 'BPC-157/TB-500' for laboratory research use only. Temperature-controlled research logistics look: sealed, serious, photoreal, empty of people. Call out: small logger device with display; finish with premium studio contrast with soft falloff and crisp speculars.","Materials and construction: small logger device with display — one complete cold-chain subject with believable scale, weight, and tactile surface response. Stage it on white melamine cleanroom table with clinical clarity under low-key cinematic spotlight on subject, velvet falloff, with empty negative space so the model cannot invent a second competing object (catalog variant 031).",white melamine cleanroom table with clinical clarity,"low-key cinematic spotlight on subject, velvet falloff","short side-profile track then settle on three-quarter angle — brief lateral only, then hard hold",Active,0,,high-contrast black and silver premium grade,editorial science magazine cover energy,BPC-157/TB-500,profile_track,true side profile then settles to three-quarter facing
LAB-184,32,surfaces_org,"The primary subject is an epoxy resin lab countertop swatch with beaker, staged alone as a Palm Beach Vitality laboratory research catalog hero. If any label or printed panel appears, it must read exactly 'Cagrilinitide' for laboratory research use only. Bench/surface hero with chemical-resistant texture, clean edges, and a subtle catalog reflection. Call out: chemical-resistant surface; finish with neutral color-true pharmaceutical look with no surreal CGI glow.","Materials and construction: chemical-resistant surface — one complete lab surface subject with believable scale, weight, and tactile surface response. Stage it on textured graphite slate sample board under split complementary lab lighting, teal and amber accents, with empty negative space so the model cannot invent a second competing object (catalog variant 032).",textured graphite slate sample board,"split complementary lab lighting, teal and amber accents",locked tripod hold with micro focus rack only — camera body does not travel,Active,0,,crisp white clinical high-key grade,museum exhibit spotlight on a single artifact,Cagrilinitide,static_lock,"centered editorial hero, tripod-locked, subject fills mid-frame"
LAB-236,33,ppe_sterile,"The primary subject is a face shield on stand, staged alone as a Palm Beach Vitality laboratory research catalog hero. If any label or printed panel appears, it must read exactly 'CJC (no DAC)' for laboratory research use only. Sterile catalog still of a single PPE piece; no worn gloves, no people, no procedure staging. Call out: shield alone; finish with tack-sharp focus on the subject silhouette and key material edges.","Materials and construction: shield alone — one complete PPE / sterile subject with believable scale, weight, and tactile surface response. Stage it on anodized navy aluminum deck plate under macro ring-light even field for scientific detail, with empty negative space so the model cannot invent a second competing object (catalog variant 033).",anodized navy aluminum deck plate,macro ring-light even field for scientific detail,"slow overhead descend straight down into top-down composition, then hold",Active,0,,teal-and-amber cinematic lab grade,luxury watch-ad lighting adapted to lab equipment,CJC (no DAC),top_down,"overhead geometric catalog composition, subject centered in plan view"
LAB-207,34,premium_equipment,"The primary subject is a scanning electron microscope column, staged alone as a Palm Beach Vitality laboratory research catalog hero. If any label or printed panel appears, it must read exactly 'CJC (no DAC)/Ipamorelin' for laboratory research use only. Editorial science cover energy: polished housings, turret/stage/arm detail, deep controlled falloff. Call out: one SEM column exterior, brushed metal, status LEDs, ultra-premium hardware; finish with expensive editorial science-magazine presence without lifestyle props.","Materials and construction: one SEM column exterior, brushed metal, status LEDs, ultra-premium hardware — one complete premium equipment subject with believable scale, weight, and tactile surface response. Stage it on frosted optical glass riser on black field under cool clinical blue-white LED with specular glass caustics, with empty negative space so the model cannot invent a second competing object (catalog variant 034).",frosted optical glass riser on black field,cool clinical blue-white LED with specular glass caustics,"soft pedestal up a few centimeters while lighting wrap shifts; no sideways travel, then hold",Active,0,,warm tungsten accents on cold metal grade,NASA hardware documentary sharpness,CJC (no DAC)/Ipamorelin,pedestal_light,eye-level catalog hero; light wrap changes on metal edges
LAB-004,35,vials_containers,"The primary subject is a clear liquid-filled research vial with crimp seal, staged alone as a Palm Beach Vitality laboratory research catalog hero. If any label or printed panel appears, it must read exactly 'DSIP' for laboratory research use only. Premium peptide-vial catalog energy — glass weight, fill-line clarity, and clinical side light with zero lifestyle props. Call out: one clear single-chamber vial, liquid fill with sharp meniscus, aluminum crimp, rubber stopper, NOT lyophilized cake, NOT dual-chamber; finish with deep controlled shadows and bright product highlights for vertical 9:16.","Materials and construction: one clear single-chamber vial, liquid fill with sharp meniscus, aluminum crimp, rubber stopper, NOT lyophilized cake, NOT dual-chamber — one complete vial / container subject with believable scale, weight, and tactile surface response. Stage it on wet-look black porcelain tile under soft overhead softbox plus razor rim separation, with empty negative space so the model cannot invent a second competing object (catalog variant 035).",wet-look black porcelain tile,soft overhead softbox plus razor rim separation,"locked offset composition with subtle breathing push-in only, then hold",Active,0,,neutral color-true pharmaceutical catalog grade,Vogue-still life precision for a scientific object,DSIP,offset_hero,"subject placed on left or right third, negative space opposite"
LAB-400,36,instruments,"The primary subject is an ionizer bar over weigh station, staged alone as a Palm Beach Vitality laboratory research catalog hero. If any label or printed panel appears, it must read exactly 'GHK-Cu' for laboratory research use only. Credible lab-instrument materials: brushed metal, polymer housings, ports, displays, tight tolerances — idle catalog state. Finish with photoreal catalog finish with micro-scratches only where realism needs them.","Materials and construction: ionizer — one complete instrument subject with believable scale, weight, and tactile surface response. Stage it on pearl quartz lab surface under backlit translucent glow through glass or polymer only when physically real, with empty negative space so the model cannot invent a second competing object (catalog variant 036).",pearl quartz lab surface,backlit translucent glow through glass or polymer only when physically real,"lateral slide left-to-right past the subject, focus locked, straight horizontal path, then hold",Active,0,,cool steel and ice-blue science grade,"Apple-keynote product intensity, still fully laboratory-real",GHK-Cu,lateral_slide,subject slightly off-center; specular highlights travel across form
LAB-214,37,sterile_env,"The primary subject is an ISO cleanroom sterile anteroom empty, staged alone as a Palm Beach Vitality laboratory research catalog hero. If any label or printed panel appears, it must read exactly 'GLOW' for laboratory research use only. One environmental hero zone with no operators and no clutter; airflow hardware reads clearly. Call out: one sterile anteroom architecture, benches empty, HEPA glow, no garment clutter; finish with premium studio contrast with soft falloff and crisp speculars.","Materials and construction: one sterile anteroom architecture, benches empty, HEPA glow, no garment clutter — one complete sterile environment subject with believable scale, weight, and tactile surface response. Stage it on polished black reflective acrylic with crisp mirror reflection under hard beauty dish key with deep controlled shadows, with empty negative space so the model cannot invent a second competing object (catalog variant 037).",polished black reflective acrylic with crisp mirror reflection,hard beauty dish key with deep controlled shadows,"slow straight push-out from tight crop to full product, then hold",Active,0,,high-contrast black and silver premium grade,editorial science magazine cover energy,GLOW,push_out,"starts tight crop on badge/port/edge, ends full product in frame"
LAB-069,38,glassware,"The primary subject is a graduated cylinder 100ml on stand, staged alone as a Palm Beach Vitality laboratory research catalog hero. If any label or printed panel appears, it must read exactly 'KLOW' for laboratory research use only. Side-lit glass drama with caustics and a stable liquid surface; single piece only, no pipettes stealing the hero role. Call out: clear graduations facing camera; finish with neutral color-true pharmaceutical look with no surreal CGI glow.","Materials and construction: clear graduations facing camera — one complete glassware subject with believable scale, weight, and tactile surface response. Stage it on matte pure white cyclorama with soft contact shadow under high-gloss catalog cross-light showing material microtexture, with empty negative space so the model cannot invent a second competing object (catalog variant 038).",matte pure white cyclorama with soft contact shadow,high-gloss catalog cross-light showing material microtexture,"very slow push-in from wide sterile environment into subject-dominant frame, then hold",Active,0,,crisp white clinical high-key grade,museum exhibit spotlight on a single artifact,KLOW,wide_env,wider sterile environment context with subject still dominant
LAB-490,39,qc_analytical,"The primary subject is a helium cylinder regulator detail, staged alone as a Palm Beach Vitality laboratory research catalog hero. If any label or printed panel appears, it must read exactly 'KPV' for laboratory research use only. Single QC system presence; keep secondary vials out unless they are the named subject itself. Finish with tack-sharp focus on the subject silhouette and key material edges.","Materials and construction: regulator — one complete QC / analytical subject with believable scale, weight, and tactile surface response. Stage it on brushed stainless steel lab bench with linear grain highlights under fiber-optic accent kiss on metal edges, with empty negative space so the model cannot invent a second competing object (catalog variant 039).",brushed stainless steel lab bench with linear grain highlights,fiber-optic accent kiss on metal edges,"gentle vertical rise from base to top of subject, path is a straight up-line, then hold",Active,0,,teal-and-amber cinematic lab grade,luxury watch-ad lighting adapted to lab equipment,KPV,vertical_rise,"base of subject at bottom third, rises to top detail"
LAB-044,40,research_pens,"The primary subject is a single research pen on slate, staged alone as a Palm Beach Vitality laboratory research catalog hero. If any label or printed panel appears, it must read exactly 'Melanotan 2' for laboratory research use only. Emphasize the barrel window, dial collar, and matte/gloss finishes of one premium research pen — no skin, hands, needles, or injection staging. Call out: exactly one capped research pen, centered on slate, no second pen; finish with expensive editorial science-magazine presence without lifestyle props.","Materials and construction: exactly one capped research pen, centered on slate, no second pen — one complete research pen subject with believable scale, weight, and tactile surface response. Stage it on dark charcoal epoxy resin countertop with subtle sparkle under dramatic dual rim lights with cool cyan edge and warm key, with empty negative space so the model cannot invent a second competing object (catalog variant 040).",dark charcoal epoxy resin countertop with subtle sparkle,dramatic dual rim lights with cool cyan edge and warm key,"crane-down from high three-quarter to eye-level hero on a straight descending path, then hold",Active,0,,warm tungsten accents on cold metal grade,NASA hardware documentary sharpness,Melanotan 2,crane_settle,"starts high three-quarter, settles to eye-level hero"
LAB-104,41,liquid_handling,"The primary subject is an electronic pipette on charging stand, staged alone as a Palm Beach Vitality laboratory research catalog hero. If any label or printed panel appears, it must read exactly 'MOTS-C' for laboratory research use only. One micropipette or dispenser hero with sterile unused tip state and clean negative space for a catalog still. Call out: modern electronic pipette docked; finish with deep controlled shadows and bright product highlights for vertical 9:16.","Materials and construction: modern electronic pipette docked — one complete liquid-handling subject with believable scale, weight, and tactile surface response. Stage it on obsidian glass plate with deep reflection under low-key cinematic spotlight on subject, velvet falloff, with empty negative space so the model cannot invent a second competing object (catalog variant 041).",obsidian glass plate with deep reflection,"low-key cinematic spotlight on subject, velvet falloff","short vertical lift then lock off on the label plane — straight rise, then hold",Active,0,,neutral color-true pharmaceutical catalog grade,Vogue-still life precision for a scientific object,MOTS-C,label_rise,locked on label/typography plane by the end
LAB-132,42,cold_chain,"The primary subject is a single cryogenic glove folded, staged alone as a Palm Beach Vitality laboratory research catalog hero. If any label or printed panel appears, it must read exactly 'NAD+' for laboratory research use only. Frost-edge glass, gel packs, or logger pixels as supporting texture around a single hero object. Call out: exactly one cryo glove folded, no cryobox, no second glove; finish with photoreal catalog finish with micro-scratches only where realism needs them.","Materials and construction: exactly one cryo glove folded, no cryobox, no second glove — one complete cold-chain subject with believable scale, weight, and tactile surface response. Stage it on mirrored chrome instrument deck catching rim light under split complementary lab lighting, teal and amber accents, with empty negative space so the model cannot invent a second competing object (catalog variant 042).",mirrored chrome instrument deck catching rim light,"split complementary lab lighting, teal and amber accents","start on macro texture then straight pull-back to full hero, then hold",Active,0,,cool steel and ice-blue science grade,"Apple-keynote product intensity, still fully laboratory-real",NAD+,pull_back,starts extreme close on material texture
LAB-186,43,surfaces_org,"The primary subject is a perforated stainless drying rack with glassware, staged alone as a Palm Beach Vitality laboratory research catalog hero. If any label or printed panel appears, it must read exactly 'PT-141' for laboratory research use only. Organized lab surface as subject: honest material grain, clinical light, no cardboard clutter. Call out: pegs holding flasks; finish with premium studio contrast with soft falloff and crisp speculars.","Materials and construction: pegs holding flasks — one complete lab surface subject with believable scale, weight, and tactile surface response. Stage it on white melamine cleanroom table with clinical clarity under macro ring-light even field for scientific detail, with empty negative space so the model cannot invent a second competing object (catalog variant 043).",white melamine cleanroom table with clinical clarity,macro ring-light even field for scientific detail,"extreme macro with razor shallow depth of field; tiny forward drift only, then hold",Active,0,,high-contrast black and silver premium grade,editorial science magazine cover energy,PT-141,macro_detail,tight crop on engraved/metal/glass microtexture
LAB-237,44,ppe_sterile,"The primary subject is a lab coat on hanger cropped torso-less, staged alone as a Palm Beach Vitality laboratory research catalog hero. If any label or printed panel appears, it must read exactly 'Retatrutide' for laboratory research use only. Unused clean-room PPE: crisp folds, matte nitrile/poly, sealed packs — exactly one primary item. Call out: white coat garment only, no body; finish with neutral color-true pharmaceutical look with no surreal CGI glow.","Materials and construction: white coat garment only, no body — one complete PPE / sterile subject with believable scale, weight, and tactile surface response. Stage it on textured graphite slate sample board under cool clinical blue-white LED with specular glass caustics, with empty negative space so the model cannot invent a second competing object (catalog variant 044).",textured graphite slate sample board,cool clinical blue-white LED with specular glass caustics,"handheld-stable micro drift forward only, scientific documentary energy, then hold",Active,0,,crisp white clinical high-key grade,museum exhibit spotlight on a single artifact,Retatrutide,doc_drift,"documentary mid-shot, slightly imperfect handheld stability"
LAB-127,45,premium_equipment,"The primary subject is a transmission electron microscope console, staged alone as a Palm Beach Vitality laboratory research catalog hero. If any label or printed panel appears, it must read exactly 'Selank' for laboratory research use only. Fill the frame with a single high-end lab machine; no operator, no sample mess, no second chassis. Call out: one TEM instrument console section, high-tech metal panels, cinematic lab; finish with tack-sharp focus on the subject silhouette and key material edges.","Materials and construction: one TEM instrument console section, high-tech metal panels, cinematic lab — one complete premium equipment subject with believable scale, weight, and tactile surface response. Stage it on anodized navy aluminum deck plate under soft overhead softbox plus razor rim separation, with empty negative space so the model cannot invent a second competing object (catalog variant 045).",anodized navy aluminum deck plate,soft overhead softbox plus razor rim separation,"slow straight push-in from medium shot to closer detail, then hold",Active,0,,teal-and-amber cinematic lab grade,luxury watch-ad lighting adapted to lab equipment,Selank,push_in,"medium hero starting frame, label readable by end"
LAB-005,46,vials_containers,"The primary subject is a screw-cap scintillation vial, staged alone as a Palm Beach Vitality laboratory research catalog hero. If any label or printed panel appears, it must read exactly 'Semaglutide' for laboratory research use only. Macro-honest vial geometry: septum texture, aluminum crimp teeth, and a single upright or posed bottle with no twin beside it. Call out: glass body, white screw cap, lab inventory barcode; finish with expensive editorial science-magazine presence without lifestyle props.","Materials and construction: glass body, white screw cap, lab inventory barcode — one complete vial / container subject with believable scale, weight, and tactile surface response. Stage it on frosted optical glass riser on black field under backlit translucent glow through glass or polymer only when physically real, with empty negative space so the model cannot invent a second competing object (catalog variant 046).",frosted optical glass riser on black field,backlit translucent glow through glass or polymer only when physically real,"low-angle tilt-up from underside to eye level, pivot only, no travel around subject, then hold",Active,0,,warm tungsten accents on cold metal grade,NASA hardware documentary sharpness,Semaglutide,tilt_reveal,low-angle power pose looking upward at instrument
LAB-401,47,instruments,"The primary subject is a static gun industrial lab, staged alone as a Palm Beach Vitality laboratory research catalog hero. If any label or printed panel appears, it must read exactly 'SEMAX' for laboratory research use only. Premium instrument still: clean geometry, subtle wear only where realism needs it, empty surroundings. Call out: ionizing gun; finish with deep controlled shadows and bright product highlights for vertical 9:16.","Materials and construction: ionizing gun — one complete instrument subject with believable scale, weight, and tactile surface response. Stage it on wet-look black porcelain tile under hard beauty dish key with deep controlled shadows, with empty negative space so the model cannot invent a second competing object (catalog variant 047).",wet-look black porcelain tile,hard beauty dish key with deep controlled shadows,"short side-profile track then settle on three-quarter angle — brief lateral only, then hard hold",Active,0,,neutral color-true pharmaceutical catalog grade,Vogue-still life precision for a scientific object,SEMAX,profile_track,true side profile then settles to three-quarter facing
LAB-012,48,sterile_env,"The primary subject is a glovebox anaerobic workstation exterior, staged alone as a Palm Beach Vitality laboratory research catalog hero. If any label or printed panel appears, it must read exactly 'Sermorelin' for laboratory research use only. Sterile architecture: stainless decks, HEPA grilles, interlocking doors, blue-white cleanroom light — empty and ready. Call out: one sealed glovebox workstation, viewing window, gas scrubbers, no hands in gloves; finish with photoreal catalog finish with micro-scratches only where realism needs them.","Materials and construction: one sealed glovebox workstation, viewing window, gas scrubbers, no hands in gloves — one complete sterile environment subject with believable scale, weight, and tactile surface response. Stage it on pearl quartz lab surface under high-gloss catalog cross-light showing material microtexture, with empty negative space so the model cannot invent a second competing object (catalog variant 048).",pearl quartz lab surface,high-gloss catalog cross-light showing material microtexture,locked tripod hold with micro focus rack only — camera body does not travel,Active,0,,cool steel and ice-blue science grade,"Apple-keynote product intensity, still fully laboratory-real",Sermorelin,static_lock,"centered editorial hero, tripod-locked, subject fills mid-frame"
LAB-070,49,glassware,"The primary subject is a beaker 600ml with pouring spout, staged alone as a Palm Beach Vitality laboratory research catalog hero. If any label or printed panel appears, it must read exactly 'SS-31' for laboratory research use only. Borosilicate clarity and honest liquid level; the glassware alone owns the frame with premium science-magazine lighting. Call out: heavy wall beaker, spout detail; finish with premium studio contrast with soft falloff and crisp speculars.","Materials and construction: heavy wall beaker, spout detail — one complete glassware subject with believable scale, weight, and tactile surface response. Stage it on polished black reflective acrylic with crisp mirror reflection under fiber-optic accent kiss on metal edges, with empty negative space so the model cannot invent a second competing object (catalog variant 049).",polished black reflective acrylic with crisp mirror reflection,fiber-optic accent kiss on metal edges,"slow overhead descend straight down into top-down composition, then hold",Active,0,,high-contrast black and silver premium grade,editorial science magazine cover energy,SS-31,top_down,"overhead geometric catalog composition, subject centered in plan view"
LAB-491,50,qc_analytical,"The primary subject is a zero air generator compact, staged alone as a Palm Beach Vitality laboratory research catalog hero. If any label or printed panel appears, it must read exactly 'TA-1' for laboratory research use only. Front-panel or inlet hero with believable engineering detail and clinical color-true lighting. Finish with neutral color-true pharmaceutical look with no surreal CGI glow.","Materials and construction: generator — one complete QC / analytical subject with believable scale, weight, and tactile surface response. Stage it on matte pure white cyclorama with soft contact shadow under dramatic dual rim lights with cool cyan edge and warm key, with empty negative space so the model cannot invent a second competing object (catalog variant 050).",matte pure white cyclorama with soft contact shadow,dramatic dual rim lights with cool cyan edge and warm key,"soft pedestal up a few centimeters while lighting wrap shifts; no sideways travel, then hold",Active,0,,crisp white clinical high-key grade,museum exhibit spotlight on a single artifact,TA-1,pedestal_light,eye-level catalog hero; light wrap changes on metal edges
LAB-045,51,research_pens,"The primary subject is a research pen cap removed resting beside barrel, staged alone as a Palm Beach Vitality laboratory research catalog hero. If any label or printed panel appears, it must read exactly 'TB-500' for laboratory research use only. One pen only, tack-sharp barrel graphics zone, soft reflection beneath, zero medical-procedure context. Call out: cap and pen as still life, no skin contact; finish with tack-sharp focus on the subject silhouette and key material edges.","Materials and construction: cap and pen as still life, no skin contact — one complete research pen subject with believable scale, weight, and tactile surface response. Stage it on brushed stainless steel lab bench with linear grain highlights under low-key cinematic spotlight on subject, velvet falloff, with empty negative space so the model cannot invent a second competing object (catalog variant 051).",brushed stainless steel lab bench with linear grain highlights,"low-key cinematic spotlight on subject, velvet falloff","locked offset composition with subtle breathing push-in only, then hold",Active,0,,teal-and-amber cinematic lab grade,luxury watch-ad lighting adapted to lab equipment,TB-500,offset_hero,"subject placed on left or right third, negative space opposite"
LAB-105,52,liquid_handling,"The primary subject is a repeater pipette with tip comb, staged alone as a Palm Beach Vitality laboratory research catalog hero. If any label or printed panel appears, it must read exactly 'Tesamorelin' for laboratory research use only. Precision liquid-handling hardware: volume window, plunger, tip cone, engineered plastics — tip never touches skin. Call out: combitip-style research pipette; finish with expensive editorial science-magazine presence without lifestyle props.","Materials and construction: combitip-style research pipette — one complete liquid-handling subject with believable scale, weight, and tactile surface response. Stage it on dark charcoal epoxy resin countertop with subtle sparkle under split complementary lab lighting, teal and amber accents, with empty negative space so the model cannot invent a second competing object (catalog variant 052).",dark charcoal epoxy resin countertop with subtle sparkle,"split complementary lab lighting, teal and amber accents","lateral slide left-to-right past the subject, focus locked, straight horizontal path, then hold",Active,0,,warm tungsten accents on cold metal grade,NASA hardware documentary sharpness,Tesamorelin,lateral_slide,subject slightly off-center; specular highlights travel across form
LAB-134,53,cold_chain,"The primary subject is a laboratory recirculating chiller unit, staged alone as a Palm Beach Vitality laboratory research catalog hero. If any label or printed panel appears, it must read exactly 'Tesamorelin/Ipamorelin' for laboratory research use only. One cold-chain subject with clinical chill cues; never grocery/lifestyle cooler vibes. Call out: one compact chiller, hose couplings, cool blue indicator light, industrial science aesthetic; finish with deep controlled shadows and bright product highlights for vertical 9:16.","Materials and construction: one compact chiller, hose couplings, cool blue indicator light, industrial science aesthetic — one complete cold-chain subject with believable scale, weight, and tactile surface response. Stage it on obsidian glass plate with deep reflection under macro ring-light even field for scientific detail, with empty negative space so the model cannot invent a second competing object (catalog variant 053).",obsidian glass plate with deep reflection,macro ring-light even field for scientific detail,"slow straight push-out from tight crop to full product, then hold",Active,0,,neutral color-true pharmaceutical catalog grade,Vogue-still life precision for a scientific object,Tesamorelin/Ipamorelin,push_out,"starts tight crop on badge/port/edge, ends full product in frame"
LAB-191,54,surfaces_org,"The primary subject is a cool gray ceramic lab tile sample square, staged alone as a Palm Beach Vitality laboratory research catalog hero. If any label or printed panel appears, it must read exactly 'Tirzepatide' for laboratory research use only. Epoxy/melamine/steel work-surface drama with empty negative space and premium lab realism. Call out: one ceramic tile square only, no vial; finish with photoreal catalog finish with micro-scratches only where realism needs them.","Materials and construction: one ceramic tile square only, no vial — one complete lab surface subject with believable scale, weight, and tactile surface response. Stage it on mirrored chrome instrument deck catching rim light under cool clinical blue-white LED with specular glass caustics, with empty negative space so the model cannot invent a second competing object (catalog variant 054).",mirrored chrome instrument deck catching rim light,cool clinical blue-white LED with specular glass caustics,"very slow push-in from wide sterile environment into subject-dominant frame, then hold",Active,0,,cool steel and ice-blue science grade,"Apple-keynote product intensity, still fully laboratory-real",Tirzepatide,wide_env,wider sterile environment context with subject still dominant
LAB-238,55,ppe_sterile,"The primary subject is a shoe covers packaged, staged alone as a Palm Beach Vitality laboratory research catalog hero. If any label or printed panel appears, it must read exactly '5-Amino-1MQ' for laboratory research use only. One sterile accessory hero, brand-new state, photoreal material response, no medical theater. Call out: disposable covers; finish with premium studio contrast with soft falloff and crisp speculars.","Materials and construction: disposable covers — one complete PPE / sterile subject with believable scale, weight, and tactile surface response. Stage it on white melamine cleanroom table with clinical clarity under soft overhead softbox plus razor rim separation, with empty negative space so the model cannot invent a second competing object (catalog variant 055).",white melamine cleanroom table with clinical clarity,soft overhead softbox plus razor rim separation,"gentle vertical rise from base to top of subject, path is a straight up-line, then hold",Active,0,,high-contrast black and silver premium grade,editorial science magazine cover energy,5-Amino-1MQ,vertical_rise,"base of subject at bottom third, rises to top detail"
LAB-208,56,premium_equipment,"The primary subject is a HPLC chromatography system stack, staged alone as a Palm Beach Vitality laboratory research catalog hero. If any label or printed panel appears, it must read exactly 'AOD-9604' for laboratory research use only. Expensive capital equipment presence — painted metal, precision optics, museum-grade silhouette, one instrument only. Call out: one analytical HPLC stack, solvent bottles seated, illuminated display, no people; finish with neutral color-true pharmaceutical look with no surreal CGI glow.","Materials and construction: one analytical HPLC stack, solvent bottles seated, illuminated display, no people — one complete premium equipment subject with believable scale, weight, and tactile surface response. Stage it on textured graphite slate sample board under backlit translucent glow through glass or polymer only when physically real, with empty negative space so the model cannot invent a second competing object (catalog variant 056).",textured graphite slate sample board,backlit translucent glow through glass or polymer only when physically real,"crane-down from high three-quarter to eye-level hero on a straight descending path, then hold",Active,0,,crisp white clinical high-key grade,museum exhibit spotlight on a single artifact,AOD-9604,crane_settle,"starts high three-quarter, settles to eye-level hero"
LAB-006,57,vials_containers,"The primary subject is a cryovial with silicone gasket cap, staged alone as a Palm Beach Vitality laboratory research catalog hero. If any label or printed panel appears, it must read exactly 'BPC-157' for laboratory research use only. Catch warm transmission through the glass wall, a readable shoulder highlight, and a sealed sterile top with empty negative space around the hero. Call out: polypropylene cryovial, external threads, color-coded cap insert; finish with tack-sharp focus on the subject silhouette and key material edges.","Materials and construction: polypropylene cryovial, external threads, color-coded cap insert — one complete vial / container subject with believable scale, weight, and tactile surface response. Stage it on anodized navy aluminum deck plate under hard beauty dish key with deep controlled shadows, with empty negative space so the model cannot invent a second competing object (catalog variant 057).",anodized navy aluminum deck plate,hard beauty dish key with deep controlled shadows,"short vertical lift then lock off on the label plane — straight rise, then hold",Active,0,,teal-and-amber cinematic lab grade,luxury watch-ad lighting adapted to lab equipment,BPC-157,label_rise,locked on label/typography plane by the end
LAB-402,58,instruments,"The primary subject is a particle-free pen for cleanroom labeling, staged alone as a Palm Beach Vitality laboratory research catalog hero. If any label or printed panel appears, it must read exactly 'BPC-157/TB-500' for laboratory research use only. Show ports, fasteners, and status UI as quiet detail while the overall form stays the undeniable subject. Call out: cleanroom pen; finish with expensive editorial science-magazine presence without lifestyle props.","Materials and construction: cleanroom pen — one complete instrument subject with believable scale, weight, and tactile surface response. Stage it on frosted optical glass riser on black field under high-gloss catalog cross-light showing material microtexture, with empty negative space so the model cannot invent a second competing object (catalog variant 058).",frosted optical glass riser on black field,high-gloss catalog cross-light showing material microtexture,"start on macro texture then straight pull-back to full hero, then hold",Active,0,,warm tungsten accents on cold metal grade,NASA hardware documentary sharpness,BPC-157/TB-500,pull_back,starts extreme close on material texture
LAB-218,59,sterile_env,"The primary subject is a CO2 incubator interior shelves empty, staged alone as a Palm Beach Vitality laboratory research catalog hero. If any label or printed panel appears, it must read exactly 'Cagrilinitide' for laboratory research use only. Empty BSC/hood/airlock presence as the sole subject — research facility, not a lifestyle interior. Call out: one incubator chamber, empty polished shelves, warm amber interior light; finish with deep controlled shadows and bright product highlights for vertical 9:16.","Materials and construction: one incubator chamber, empty polished shelves, warm amber interior light — one complete sterile environment subject with believable scale, weight, and tactile surface response. Stage it on wet-look black porcelain tile under fiber-optic accent kiss on metal edges, with empty negative space so the model cannot invent a second competing object (catalog variant 059).",wet-look black porcelain tile,fiber-optic accent kiss on metal edges,"extreme macro with razor shallow depth of field; tiny forward drift only, then hold",Active,0,,neutral color-true pharmaceutical catalog grade,Vogue-still life precision for a scientific object,Cagrilinitide,macro_detail,tight crop on engraved/metal/glass microtexture
LAB-071,60,glassware,"The primary subject is a single borosilicate beaker 250ml, staged alone as a Palm Beach Vitality laboratory research catalog hero. If any label or printed panel appears, it must read exactly 'CJC (no DAC)' for laboratory research use only. Catch a sharp meniscus, optical distortion, and studio highlights traveling through one vessel — no crowded flask rack behind it. Call out: exactly one clear beaker, empty, graduation marks visible; finish with photoreal catalog finish with micro-scratches only where realism needs them.","Materials and construction: exactly one clear beaker, empty, graduation marks visible — one complete glassware subject with believable scale, weight, and tactile surface response. Stage it on pearl quartz lab surface under dramatic dual rim lights with cool cyan edge and warm key, with empty negative space so the model cannot invent a second competing object (catalog variant 060).",pearl quartz lab surface,dramatic dual rim lights with cool cyan edge and warm key,"handheld-stable micro drift forward only, scientific documentary energy, then hold",Active,0,,cool steel and ice-blue science grade,"Apple-keynote product intensity, still fully laboratory-real",CJC (no DAC),doc_drift,"documentary mid-shot, slightly imperfect handheld stability"
LAB-492,61,qc_analytical,"The primary subject is a TOC analyzer exterior, staged alone as a Palm Beach Vitality laboratory research catalog hero. If any label or printed panel appears, it must read exactly 'CJC (no DAC)/Ipamorelin' for laboratory research use only. Analytical instrument catalog drama with expensive metal/polymer mix and no competing open sample clutter. Finish with premium studio contrast with soft falloff and crisp speculars.","Materials and construction: analyzer — one complete QC / analytical subject with believable scale, weight, and tactile surface response. Stage it on polished black reflective acrylic with crisp mirror reflection under low-key cinematic spotlight on subject, velvet falloff, with empty negative space so the model cannot invent a second competing object (catalog variant 061).",polished black reflective acrylic with crisp mirror reflection,"low-key cinematic spotlight on subject, velvet falloff","slow straight push-in from medium shot to closer detail, then hold",Active,0,,high-contrast black and silver premium grade,editorial science magazine cover energy,CJC (no DAC)/Ipamorelin,push_in,"medium hero starting frame, label readable by end"
LAB-046,62,research_pens,"The primary subject is a research pen on mirrored chrome plate, staged alone as a Palm Beach Vitality laboratory research catalog hero. If any label or printed panel appears, it must read exactly 'DSIP' for laboratory research use only. Read as expensive research hardware: dosage window, clip, and tip cover, isolated on a clean catalog surface. Call out: hard specular highlights, product catalog; finish with neutral color-true pharmaceutical look with no surreal CGI glow.","Materials and construction: hard specular highlights, product catalog — one complete research pen subject with believable scale, weight, and tactile surface response. Stage it on matte pure white cyclorama with soft contact shadow under split complementary lab lighting, teal and amber accents, with empty negative space so the model cannot invent a second competing object (catalog variant 062).",matte pure white cyclorama with soft contact shadow,"split complementary lab lighting, teal and amber accents","low-angle tilt-up from underside to eye level, pivot only, no travel around subject, then hold",Active,0,,crisp white clinical high-key grade,museum exhibit spotlight on a single artifact,DSIP,tilt_reveal,low-angle power pose looking upward at instrument
LAB-106,63,liquid_handling,"The primary subject is a serological pipette pump controller, staged alone as a Palm Beach Vitality laboratory research catalog hero. If any label or printed panel appears, it must read exactly 'GHK-Cu' for laboratory research use only. Clinical product photography of a single liquid-handling instrument, idle and unused, sharp edge detail. Call out: pipette controller device alone; finish with tack-sharp focus on the subject silhouette and key material edges.","Materials and construction: pipette controller device alone — one complete liquid-handling subject with believable scale, weight, and tactile surface response. Stage it on brushed stainless steel lab bench with linear grain highlights under macro ring-light even field for scientific detail, with empty negative space so the model cannot invent a second competing object (catalog variant 063).",brushed stainless steel lab bench with linear grain highlights,macro ring-light even field for scientific detail,"short side-profile track then settle on three-quarter angle — brief lateral only, then hard hold",Active,0,,teal-and-amber cinematic lab grade,luxury watch-ad lighting adapted to lab equipment,GHK-Cu,profile_track,true side profile then settles to three-quarter facing
LAB-135,64,cold_chain,"The primary subject is a pharmacy-grade laboratory refrigerator with glass door closed, staged alone as a Palm Beach Vitality laboratory research catalog hero. If any label or printed panel appears, it must read exactly 'GLOW' for laboratory research use only. Cold-chain drama: frost texture, insulation, logger screens, or sealed cold packaging — research context only. Call out: one fridge unit hero, glass door reflections, cold LED interior glow, shelves empty; finish with expensive editorial science-magazine presence without lifestyle props.","Materials and construction: one fridge unit hero, glass door reflections, cold LED interior glow, shelves empty — one complete cold-chain subject with believable scale, weight, and tactile surface response. Stage it on dark charcoal epoxy resin countertop with subtle sparkle under cool clinical blue-white LED with specular glass caustics, with empty negative space so the model cannot invent a second competing object (catalog variant 064).",dark charcoal epoxy resin countertop with subtle sparkle,cool clinical blue-white LED with specular glass caustics,locked tripod hold with micro focus rack only — camera body does not travel,Active,0,,warm tungsten accents on cold metal grade,NASA hardware documentary sharpness,GLOW,static_lock,"centered editorial hero, tripod-locked, subject fills mid-frame"
LAB-193,65,surfaces_org,"The primary subject is a stainless laboratory ultrasonic cleaner bath, staged alone as a Palm Beach Vitality laboratory research catalog hero. If any label or printed panel appears, it must read exactly 'KLOW' for laboratory research use only. If a prop sits on the surface, keep one primary object so the surface still reads clearly. Call out: one ultrasonic cleaner, brushed lid, control dial, water-ready basin closed or empty; finish with deep controlled shadows and bright product highlights for vertical 9:16.","Materials and construction: one ultrasonic cleaner, brushed lid, control dial, water-ready basin closed or empty — one complete lab surface subject with believable scale, weight, and tactile surface response. Stage it on obsidian glass plate with deep reflection under soft overhead softbox plus razor rim separation, with empty negative space so the model cannot invent a second competing object (catalog variant 065).",obsidian glass plate with deep reflection,soft overhead softbox plus razor rim separation,"slow overhead descend straight down into top-down composition, then hold",Active,0,,neutral color-true pharmaceutical catalog grade,Vogue-still life precision for a scientific object,KLOW,top_down,"overhead geometric catalog composition, subject centered in plan view"
LAB-240,66,ppe_sterile,"The primary subject is a single sterile gauze pack sealed, staged alone as a Palm Beach Vitality laboratory research catalog hero. If any label or printed panel appears, it must read exactly 'KPV' for laboratory research use only. Show package seals or fabric texture with clinical white/blue light and generous empty space. Call out: one sealed gauze pack in a tray, not a tall stack; finish with photoreal catalog finish with micro-scratches only where realism needs them.","Materials and construction: one sealed gauze pack in a tray, not a tall stack — one complete PPE / sterile subject with believable scale, weight, and tactile surface response. Stage it on mirrored chrome instrument deck catching rim light under backlit translucent glow through glass or polymer only when physically real, with empty negative space so the model cannot invent a second competing object (catalog variant 066).",mirrored chrome instrument deck catching rim light,backlit translucent glow through glass or polymer only when physically real,"soft pedestal up a few centimeters while lighting wrap shifts; no sideways travel, then hold",Active,0,,cool steel and ice-blue science grade,"Apple-keynote product intensity, still fully laboratory-real",KPV,pedestal_light,eye-level catalog hero; light wrap changes on metal edges
LAB-233,67,premium_equipment,"The primary subject is an UPLC ultra-performance LC system, staged alone as a Palm Beach Vitality laboratory research catalog hero. If any label or printed panel appears, it must read exactly 'Melanotan 2' for laboratory research use only. Photoreal research instrument hero with credible cables/ports minimized and the main form unmistakable. Call out: one compact UPLC instrument, glossy panels, sharp UI, pharmaceutical QC aesthetic; finish with premium studio contrast with soft falloff and crisp speculars.","Materials and construction: one compact UPLC instrument, glossy panels, sharp UI, pharmaceutical QC aesthetic — one complete premium equipment subject with believable scale, weight, and tactile surface response. Stage it on white melamine cleanroom table with clinical clarity under hard beauty dish key with deep controlled shadows, with empty negative space so the model cannot invent a second competing object (catalog variant 067).",white melamine cleanroom table with clinical clarity,hard beauty dish key with deep controlled shadows,"locked offset composition with subtle breathing push-in only, then hold",Active,0,,high-contrast black and silver premium grade,editorial science magazine cover energy,Melanotan 2,offset_hero,"subject placed on left or right third, negative space opposite"
LAB-007,68,vials_containers,"The primary subject is an amber dropper-style research bottle sealed, staged alone as a Palm Beach Vitality laboratory research catalog hero. If any label or printed panel appears, it must read exactly 'MOTS-C' for laboratory research use only. Show thick pharmaceutical glass, a crisp crimp or cap edge, and a clean reflection on the vial shoulder — exactly one vial, no tray cluster or cardboard. Call out: amber glass, child-resistant research cap, no lifestyle cues; finish with neutral color-true pharmaceutical look with no surreal CGI glow.","Materials and construction: amber glass, child-resistant research cap, no lifestyle cues — one complete vial / container subject with believable scale, weight, and tactile surface response. Stage it on textured graphite slate sample board under high-gloss catalog cross-light showing material microtexture, with empty negative space so the model cannot invent a second competing object (catalog variant 068).",textured graphite slate sample board,high-gloss catalog cross-light showing material microtexture,"lateral slide left-to-right past the subject, focus locked, straight horizontal path, then hold",Active,0,,crisp white clinical high-key grade,museum exhibit spotlight on a single artifact,MOTS-C,lateral_slide,subject slightly off-center; specular highlights travel across form
LAB-403,69,instruments,"The primary subject is a cleanroom binder plastic, staged alone as a Palm Beach Vitality laboratory research catalog hero. If any label or printed panel appears, it must read exactly 'NAD+' for laboratory research use only. One module or instrument only; no bench chaos, no people, sharp readable silhouette for image-to-video lock. Finish with tack-sharp focus on the subject silhouette and key material edges.","Materials and construction: binder — one complete instrument subject with believable scale, weight, and tactile surface response. Stage it on anodized navy aluminum deck plate under fiber-optic accent kiss on metal edges, with empty negative space so the model cannot invent a second competing object (catalog variant 069).",anodized navy aluminum deck plate,fiber-optic accent kiss on metal edges,"slow straight push-out from tight crop to full product, then hold",Active,0,,teal-and-amber cinematic lab grade,luxury watch-ad lighting adapted to lab equipment,NAD+,push_out,"starts tight crop on badge/port/edge, ends full product in frame"
LAB-138,70,sterile_env,"The primary subject is a hypoxia cell culture chamber, staged alone as a Palm Beach Vitality laboratory research catalog hero. If any label or printed panel appears, it must read exactly 'PT-141' for laboratory research use only. Architectural laboratory cleanliness with reflective steel and controlled sterile atmosphere. Call out: one hypoxia workstation, sealed glass, instrument panels lit; finish with expensive editorial science-magazine presence without lifestyle props.","Materials and construction: one hypoxia workstation, sealed glass, instrument panels lit — one complete sterile environment subject with believable scale, weight, and tactile surface response. Stage it on frosted optical glass riser on black field under dramatic dual rim lights with cool cyan edge and warm key, with empty negative space so the model cannot invent a second competing object (catalog variant 070).",frosted optical glass riser on black field,dramatic dual rim lights with cool cyan edge and warm key,"very slow push-in from wide sterile environment into subject-dominant frame, then hold",Active,0,,warm tungsten accents on cold metal grade,NASA hardware documentary sharpness,PT-141,wide_env,wider sterile environment context with subject still dominant
LAB-072,71,glassware,"The primary subject is a round-bottom flask on cork ring, staged alone as a Palm Beach Vitality laboratory research catalog hero. If any label or printed panel appears, it must read exactly 'Retatrutide' for laboratory research use only. Museum-grade glassware catalog shot: ground-glass fitment, etched volume marks if present, empty lab field around it. Call out: flask seated in cork support ring; finish with deep controlled shadows and bright product highlights for vertical 9:16.","Materials and construction: flask seated in cork support ring — one complete glassware subject with believable scale, weight, and tactile surface response. Stage it on wet-look black porcelain tile under low-key cinematic spotlight on subject, velvet falloff, with empty negative space so the model cannot invent a second competing object (catalog variant 071).",wet-look black porcelain tile,"low-key cinematic spotlight on subject, velvet falloff","gentle vertical rise from base to top of subject, path is a straight up-line, then hold",Active,0,,neutral color-true pharmaceutical catalog grade,Vogue-still life precision for a scientific object,Retatrutide,vertical_rise,"base of subject at bottom third, rises to top detail"
LAB-493,72,qc_analytical,"The primary subject is a dissolution apparatus basket idle, staged alone as a Palm Beach Vitality laboratory research catalog hero. If any label or printed panel appears, it must read exactly 'Selank' for laboratory research use only. Calibrated QC hardware energy: solvent lines, steel faces, status LEDs — one analyzer detail owns the frame. Call out: basket apparatus; finish with photoreal catalog finish with micro-scratches only where realism needs them.","Materials and construction: basket apparatus — one complete QC / analytical subject with believable scale, weight, and tactile surface response. Stage it on pearl quartz lab surface under split complementary lab lighting, teal and amber accents, with empty negative space so the model cannot invent a second competing object (catalog variant 072).",pearl quartz lab surface,"split complementary lab lighting, teal and amber accents","crane-down from high three-quarter to eye-level hero on a straight descending path, then hold",Active,0,,cool steel and ice-blue science grade,"Apple-keynote product intensity, still fully laboratory-real",Selank,crane_settle,"starts high three-quarter, settles to eye-level hero"
LAB-047,73,research_pens,"The primary subject is a research pen with dose window close-up, staged alone as a Palm Beach Vitality laboratory research catalog hero. If any label or printed panel appears, it must read exactly 'Semaglutide' for laboratory research use only. Keep a capped-pen still-life silhouette with crisp plastic-metal edges; a loose cap may sit beside the barrel but never implies use on a body. Call out: numeric window readable, shallow depth; finish with premium studio contrast with soft falloff and crisp speculars.","Materials and construction: numeric window readable, shallow depth — one complete research pen subject with believable scale, weight, and tactile surface response. Stage it on polished black reflective acrylic with crisp mirror reflection under macro ring-light even field for scientific detail, with empty negative space so the model cannot invent a second competing object (catalog variant 073).",polished black reflective acrylic with crisp mirror reflection,macro ring-light even field for scientific detail,"short vertical lift then lock off on the label plane — straight rise, then hold",Active,0,,high-contrast black and silver premium grade,editorial science magazine cover energy,Semaglutide,label_rise,locked on label/typography plane by the end
LAB-108,74,liquid_handling,"The primary subject is an open pipette tip rack blue tips, staged alone as a Palm Beach Vitality laboratory research catalog hero. If any label or printed panel appears, it must read exactly 'SEMAX' for laboratory research use only. Show believable scale marks, ejector button, and color-coded accents without a second matching tool in frame. Call out: 96 tips orderly grid; finish with neutral color-true pharmaceutical look with no surreal CGI glow.","Materials and construction: 96 tips orderly grid — one complete liquid-handling subject with believable scale, weight, and tactile surface response. Stage it on matte pure white cyclorama with soft contact shadow under cool clinical blue-white LED with specular glass caustics, with empty negative space so the model cannot invent a second competing object (catalog variant 074).",matte pure white cyclorama with soft contact shadow,cool clinical blue-white LED with specular glass caustics,"start on macro texture then straight pull-back to full hero, then hold",Active,0,,crisp white clinical high-key grade,museum exhibit spotlight on a single artifact,SEMAX,pull_back,starts extreme close on material texture
LAB-137,75,cold_chain,"The primary subject is a phase-change pack brick, staged alone as a Palm Beach Vitality laboratory research catalog hero. If any label or printed panel appears, it must read exactly 'Sermorelin' for laboratory research use only. Temperature-controlled research logistics look: sealed, serious, photoreal, empty of people. Call out: PCM pack alone; finish with tack-sharp focus on the subject silhouette and key material edges.","Materials and construction: PCM pack alone — one complete cold-chain subject with believable scale, weight, and tactile surface response. Stage it on brushed stainless steel lab bench with linear grain highlights under soft overhead softbox plus razor rim separation, with empty negative space so the model cannot invent a second competing object (catalog variant 075).",brushed stainless steel lab bench with linear grain highlights,soft overhead softbox plus razor rim separation,"extreme macro with razor shallow depth of field; tiny forward drift only, then hold",Active,0,,teal-and-amber cinematic lab grade,luxury watch-ad lighting adapted to lab equipment,Sermorelin,macro_detail,tight crop on engraved/metal/glass microtexture
LAB-196,76,surfaces_org,"The primary subject is a magnetic tool strip with metal spatulas, staged alone as a Palm Beach Vitality laboratory research catalog hero. If any label or printed panel appears, it must read exactly 'SS-31' for laboratory research use only. Bench/surface hero with chemical-resistant texture, clean edges, and a subtle catalog reflection. Call out: spatulas hanging; finish with expensive editorial science-magazine presence without lifestyle props.","Materials and construction: spatulas hanging — one complete lab surface subject with believable scale, weight, and tactile surface response. Stage it on dark charcoal epoxy resin countertop with subtle sparkle under backlit translucent glow through glass or polymer only when physically real, with empty negative space so the model cannot invent a second competing object (catalog variant 076).",dark charcoal epoxy resin countertop with subtle sparkle,backlit translucent glow through glass or polymer only when physically real,"handheld-stable micro drift forward only, scientific documentary energy, then hold",Active,0,,warm tungsten accents on cold metal grade,NASA hardware documentary sharpness,SS-31,doc_drift,"documentary mid-shot, slightly imperfect handheld stability"
LAB-243,77,ppe_sterile,"The primary subject is an isopropyl alcohol wash bottle, staged alone as a Palm Beach Vitality laboratory research catalog hero. If any label or printed panel appears, it must read exactly 'TA-1' for laboratory research use only. Sterile catalog still of a single PPE piece; no worn gloves, no people, no procedure staging. Call out: one labeled IPA wash bottle, squeeze style, laboratory, no hands; finish with deep controlled shadows and bright product highlights for vertical 9:16.","Materials and construction: one labeled IPA wash bottle, squeeze style, laboratory, no hands — one complete PPE / sterile subject with believable scale, weight, and tactile surface response. Stage it on obsidian glass plate with deep reflection under hard beauty dish key with deep controlled shadows, with empty negative space so the model cannot invent a second competing object (catalog variant 077).",obsidian glass plate with deep reflection,hard beauty dish key with deep controlled shadows,"slow straight push-in from medium shot to closer detail, then hold",Active,0,,neutral color-true pharmaceutical catalog grade,Vogue-still life precision for a scientific object,TA-1,push_in,"medium hero starting frame, label readable by end"
LAB-128,78,premium_equipment,"The primary subject is a triple quadrupole mass spectrometer, staged alone as a Palm Beach Vitality laboratory research catalog hero. If any label or printed panel appears, it must read exactly 'TB-500' for laboratory research use only. Editorial science cover energy: polished housings, turret/stage/arm detail, deep controlled falloff. Call out: one LC-MS instrument, iconic quadrupole housing, cool status lights; finish with photoreal catalog finish with micro-scratches only where realism needs them.","Materials and construction: one LC-MS instrument, iconic quadrupole housing, cool status lights — one complete premium equipment subject with believable scale, weight, and tactile surface response. Stage it on mirrored chrome instrument deck catching rim light under high-gloss catalog cross-light showing material microtexture, with empty negative space so the model cannot invent a second competing object (catalog variant 078).",mirrored chrome instrument deck catching rim light,high-gloss catalog cross-light showing material microtexture,"low-angle tilt-up from underside to eye level, pivot only, no travel around subject, then hold",Active,0,,cool steel and ice-blue science grade,"Apple-keynote product intensity, still fully laboratory-real",TB-500,tilt_reveal,low-angle power pose looking upward at instrument
LAB-008,79,vials_containers,"The primary subject is a HPLC autosampler vial sealed, staged alone as a Palm Beach Vitality laboratory research catalog hero. If any label or printed panel appears, it must read exactly 'Tesamorelin' for laboratory research use only. Premium peptide-vial catalog energy — glass weight, fill-line clarity, and clinical side light with zero lifestyle props. Call out: one 2ml vial with septum cap, single chamber, no nested insert that looks like a second vial; finish with premium studio contrast with soft falloff and crisp speculars.","Materials and construction: one 2ml vial with septum cap, single chamber, no nested insert that looks like a second vial — one complete vial / container subject with believable scale, weight, and tactile surface response. Stage it on white melamine cleanroom table with clinical clarity under fiber-optic accent kiss on metal edges, with empty negative space so the model cannot invent a second competing object (catalog variant 079).",white melamine cleanroom table with clinical clarity,fiber-optic accent kiss on metal edges,"short side-profile track then settle on three-quarter angle — brief lateral only, then hard hold",Active,0,,high-contrast black and silver premium grade,editorial science magazine cover energy,Tesamorelin,profile_track,true side profile then settles to three-quarter facing
LAB-404,80,instruments,"The primary subject is a glove integrity tester unit, staged alone as a Palm Beach Vitality laboratory research catalog hero. If any label or printed panel appears, it must read exactly 'Tesamorelin/Ipamorelin' for laboratory research use only. Credible lab-instrument materials: brushed metal, polymer housings, ports, displays, tight tolerances — idle catalog state. Finish with neutral color-true pharmaceutical look with no surreal CGI glow.","Materials and construction: tester — one complete instrument subject with believable scale, weight, and tactile surface response. Stage it on textured graphite slate sample board under dramatic dual rim lights with cool cyan edge and warm key, with empty negative space so the model cannot invent a second competing object (catalog variant 080).",textured graphite slate sample board,dramatic dual rim lights with cool cyan edge and warm key,locked tripod hold with micro focus rack only — camera body does not travel,Active,0,,crisp white clinical high-key grade,museum exhibit spotlight on a single artifact,Tesamorelin/Ipamorelin,static_lock,"centered editorial hero, tripod-locked, subject fills mid-frame"
LAB-224,81,sterile_env,"The primary subject is a laboratory water purification system, staged alone as a Palm Beach Vitality laboratory research catalog hero. If any label or printed panel appears, it must read exactly 'Tirzepatide' for laboratory research use only. One environmental hero zone with no operators and no clutter; airflow hardware reads clearly. Call out: one ultrapure water polisher, illuminated purity display, cleanroom wet lab; finish with tack-sharp focus on the subject silhouette and key material edges.","Materials and construction: one ultrapure water polisher, illuminated purity display, cleanroom wet lab — one complete sterile environment subject with believable scale, weight, and tactile surface response. Stage it on anodized navy aluminum deck plate under low-key cinematic spotlight on subject, velvet falloff, with empty negative space so the model cannot invent a second competing object (catalog variant 081).",anodized navy aluminum deck plate,"low-key cinematic spotlight on subject, velvet falloff","slow overhead descend straight down into top-down composition, then hold",Active,0,,teal-and-amber cinematic lab grade,luxury watch-ad lighting adapted to lab equipment,Tirzepatide,top_down,"overhead geometric catalog composition, subject centered in plan view"
LAB-073,82,glassware,"The primary subject is a single-neck round bottom flask dry, staged alone as a Palm Beach Vitality laboratory research catalog hero. If any label or printed panel appears, it must read exactly '5-Amino-1MQ' for laboratory research use only. Side-lit glass drama with caustics and a stable liquid surface; single piece only, no pipettes stealing the hero role. Call out: one round-bottom flask, single neck, dry glass, no extra necks in use; finish with expensive editorial science-magazine presence without lifestyle props.","Materials and construction: one round-bottom flask, single neck, dry glass, no extra necks in use — one complete glassware subject with believable scale, weight, and tactile surface response. Stage it on frosted optical glass riser on black field under split complementary lab lighting, teal and amber accents, with empty negative space so the model cannot invent a second competing object (catalog variant 082).",frosted optical glass riser on black field,"split complementary lab lighting, teal and amber accents","soft pedestal up a few centimeters while lighting wrap shifts; no sideways travel, then hold",Active,0,,warm tungsten accents on cold metal grade,NASA hardware documentary sharpness,5-Amino-1MQ,pedestal_light,eye-level catalog hero; light wrap changes on metal edges
LAB-494,83,qc_analytical,"The primary subject is a hardness tester for solid research materials, staged alone as a Palm Beach Vitality laboratory research catalog hero. If any label or printed panel appears, it must read exactly 'AOD-9604' for laboratory research use only. Single QC system presence; keep secondary vials out unless they are the named subject itself. Finish with deep controlled shadows and bright product highlights for vertical 9:16.","Materials and construction: tester — one complete QC / analytical subject with believable scale, weight, and tactile surface response. Stage it on wet-look black porcelain tile under macro ring-light even field for scientific detail, with empty negative space so the model cannot invent a second competing object (catalog variant 083).",wet-look black porcelain tile,macro ring-light even field for scientific detail,"locked offset composition with subtle breathing push-in only, then hold",Active,0,,neutral color-true pharmaceutical catalog grade,Vogue-still life precision for a scientific object,AOD-9604,offset_hero,"subject placed on left or right third, negative space opposite"
LAB-048,84,research_pens,"The primary subject is a cartridge for research pen alone, staged alone as a Palm Beach Vitality laboratory research catalog hero. If any label or printed panel appears, it must read exactly 'BPC-157' for laboratory research use only. Emphasize the barrel window, dial collar, and matte/gloss finishes of one premium research pen — no skin, hands, needles, or injection staging. Call out: glass cartridge with plunger, no pen body; finish with photoreal catalog finish with micro-scratches only where realism needs them.","Materials and construction: glass cartridge with plunger, no pen body — one complete research pen subject with believable scale, weight, and tactile surface response. Stage it on pearl quartz lab surface under cool clinical blue-white LED with specular glass caustics, with empty negative space so the model cannot invent a second competing object (catalog variant 084).",pearl quartz lab surface,cool clinical blue-white LED with specular glass caustics,"lateral slide left-to-right past the subject, focus locked, straight horizontal path, then hold",Active,0,,cool steel and ice-blue science grade,"Apple-keynote product intensity, still fully laboratory-real",BPC-157,lateral_slide,subject slightly off-center; specular highlights travel across form
LAB-109,85,liquid_handling,"The primary subject is a reservoir trough for multichannel, staged alone as a Palm Beach Vitality laboratory research catalog hero. If any label or printed panel appears, it must read exactly 'BPC-157/TB-500' for laboratory research use only. One micropipette or dispenser hero with sterile unused tip state and clean negative space for a catalog still. Call out: reagent reservoir empty clean; finish with premium studio contrast with soft falloff and crisp speculars.","Materials and construction: reagent reservoir empty clean — one complete liquid-handling subject with believable scale, weight, and tactile surface response. Stage it on polished black reflective acrylic with crisp mirror reflection under soft overhead softbox plus razor rim separation, with empty negative space so the model cannot invent a second competing object (catalog variant 085).",polished black reflective acrylic with crisp mirror reflection,soft overhead softbox plus razor rim separation,"slow straight push-out from tight crop to full product, then hold",Active,0,,high-contrast black and silver premium grade,editorial science magazine cover energy,BPC-157/TB-500,push_out,"starts tight crop on badge/port/edge, ends full product in frame"
LAB-140,86,cold_chain,"The primary subject is a thermal probe in calibration bath beaker, staged alone as a Palm Beach Vitality laboratory research catalog hero. If any label or printed panel appears, it must read exactly 'Cagrilinitide' for laboratory research use only. Frost-edge glass, gel packs, or logger pixels as supporting texture around a single hero object. Call out: probe and beaker still; finish with neutral color-true pharmaceutical look with no surreal CGI glow.","Materials and construction: probe and beaker still — one complete cold-chain subject with believable scale, weight, and tactile surface response. Stage it on matte pure white cyclorama with soft contact shadow under backlit translucent glow through glass or polymer only when physically real, with empty negative space so the model cannot invent a second competing object (catalog variant 086).",matte pure white cyclorama with soft contact shadow,backlit translucent glow through glass or polymer only when physically real,"very slow push-in from wide sterile environment into subject-dominant frame, then hold",Active,0,,crisp white clinical high-key grade,museum exhibit spotlight on a single artifact,Cagrilinitide,wide_env,wider sterile environment context with subject still dominant
LAB-420,87,surfaces_org,"The primary subject is a RGB-illuminated laboratory vortex mixer, staged alone as a Palm Beach Vitality laboratory research catalog hero. If any label or printed panel appears, it must read exactly 'CJC (no DAC)' for laboratory research use only. Organized lab surface as subject: honest material grain, clinical light, no cardboard clutter. Call out: one vortex mixer, rubber cup empty, accent LED ring, dynamic catalog pose; finish with tack-sharp focus on the subject silhouette and key material edges.","Materials and construction: one vortex mixer, rubber cup empty, accent LED ring, dynamic catalog pose — one complete lab surface subject with believable scale, weight, and tactile surface response. Stage it on brushed stainless steel lab bench with linear grain highlights under hard beauty dish key with deep controlled shadows, with empty negative space so the model cannot invent a second competing object (catalog variant 087).",brushed stainless steel lab bench with linear grain highlights,hard beauty dish key with deep controlled shadows,"gentle vertical rise from base to top of subject, path is a straight up-line, then hold",Active,0,,teal-and-amber cinematic lab grade,luxury watch-ad lighting adapted to lab equipment,CJC (no DAC),vertical_rise,"base of subject at bottom third, rises to top detail"
LAB-244,88,ppe_sterile,"The primary subject is an eye wash bottle sealed, staged alone as a Palm Beach Vitality laboratory research catalog hero. If any label or printed panel appears, it must read exactly 'CJC (no DAC)/Ipamorelin' for laboratory research use only. Unused clean-room PPE: crisp folds, matte nitrile/poly, sealed packs — exactly one primary item. Call out: emergency eyewash bottle object; finish with expensive editorial science-magazine presence without lifestyle props.","Materials and construction: emergency eyewash bottle object — one complete PPE / sterile subject with believable scale, weight, and tactile surface response. Stage it on dark charcoal epoxy resin countertop with subtle sparkle under high-gloss catalog cross-light showing material microtexture, with empty negative space so the model cannot invent a second competing object (catalog variant 088).",dark charcoal epoxy resin countertop with subtle sparkle,high-gloss catalog cross-light showing material microtexture,"crane-down from high three-quarter to eye-level hero on a straight descending path, then hold",Active,0,,warm tungsten accents on cold metal grade,NASA hardware documentary sharpness,CJC (no DAC)/Ipamorelin,crane_settle,"starts high three-quarter, settles to eye-level hero"
LAB-209,89,premium_equipment,"The primary subject is an orbitrap high-resolution mass spectrometer, staged alone as a Palm Beach Vitality laboratory research catalog hero. If any label or printed panel appears, it must read exactly 'DSIP' for laboratory research use only. Fill the frame with a single high-end lab machine; no operator, no sample mess, no second chassis. Call out: one orbitrap MS unit, premium research hardware hero; finish with deep controlled shadows and bright product highlights for vertical 9:16.","Materials and construction: one orbitrap MS unit, premium research hardware hero — one complete premium equipment subject with believable scale, weight, and tactile surface response. Stage it on obsidian glass plate with deep reflection under fiber-optic accent kiss on metal edges, with empty negative space so the model cannot invent a second competing object (catalog variant 089).",obsidian glass plate with deep reflection,fiber-optic accent kiss on metal edges,"short vertical lift then lock off on the label plane — straight rise, then hold",Active,0,,neutral color-true pharmaceutical catalog grade,Vogue-still life precision for a scientific object,DSIP,label_rise,locked on label/typography plane by the end
LAB-009,90,vials_containers,"The primary subject is a headspace vial with crimp cap, staged alone as a Palm Beach Vitality laboratory research catalog hero. If any label or printed panel appears, it must read exactly 'GHK-Cu' for laboratory research use only. Macro-honest vial geometry: septum texture, aluminum crimp teeth, and a single upright or posed bottle with no twin beside it. Call out: clear glass, aluminum crimp, blue septum; finish with photoreal catalog finish with micro-scratches only where realism needs them.","Materials and construction: clear glass, aluminum crimp, blue septum — one complete vial / container subject with believable scale, weight, and tactile surface response. Stage it on mirrored chrome instrument deck catching rim light under dramatic dual rim lights with cool cyan edge and warm key, with empty negative space so the model cannot invent a second competing object (catalog variant 090).",mirrored chrome instrument deck catching rim light,dramatic dual rim lights with cool cyan edge and warm key,"start on macro texture then straight pull-back to full hero, then hold",Active,0,,cool steel and ice-blue science grade,"Apple-keynote product intensity, still fully laboratory-real",GHK-Cu,pull_back,starts extreme close on material texture
LAB-405,91,instruments,"The primary subject is a seal strength tester grips empty, staged alone as a Palm Beach Vitality laboratory research catalog hero. If any label or printed panel appears, it must read exactly 'GLOW' for laboratory research use only. Premium instrument still: clean geometry, subtle wear only where realism needs it, empty surroundings. Finish with premium studio contrast with soft falloff and crisp speculars.","Materials and construction: tester grips — one complete instrument subject with believable scale, weight, and tactile surface response. Stage it on white melamine cleanroom table with clinical clarity under low-key cinematic spotlight on subject, velvet falloff, with empty negative space so the model cannot invent a second competing object (catalog variant 091).",white melamine cleanroom table with clinical clarity,"low-key cinematic spotlight on subject, velvet falloff","extreme macro with razor shallow depth of field; tiny forward drift only, then hold",Active,0,,high-contrast black and silver premium grade,editorial science magazine cover energy,GLOW,macro_detail,tight crop on engraved/metal/glass microtexture
LAB-428,92,sterile_env,"The primary subject is a shaking incubator orbital, staged alone as a Palm Beach Vitality laboratory research catalog hero. If any label or printed panel appears, it must read exactly 'KLOW' for laboratory research use only. Sterile architecture: stainless decks, HEPA grilles, interlocking doors, blue-white cleanroom light — empty and ready. Call out: one orbital shaking incubator, platform empty, cell culture support; finish with neutral color-true pharmaceutical look with no surreal CGI glow.","Materials and construction: one orbital shaking incubator, platform empty, cell culture support — one complete sterile environment subject with believable scale, weight, and tactile surface response. Stage it on textured graphite slate sample board under split complementary lab lighting, teal and amber accents, with empty negative space so the model cannot invent a second competing object (catalog variant 092).",textured graphite slate sample board,"split complementary lab lighting, teal and amber accents","handheld-stable micro drift forward only, scientific documentary energy, then hold",Active,0,,crisp white clinical high-key grade,museum exhibit spotlight on a single artifact,KLOW,doc_drift,"documentary mid-shot, slightly imperfect handheld stability"
LAB-074,93,glassware,"The primary subject is a condenser glass column horizontal, staged alone as a Palm Beach Vitality laboratory research catalog hero. If any label or printed panel appears, it must read exactly 'KPV' for laboratory research use only. Borosilicate clarity and honest liquid level; the glassware alone owns the frame with premium science-magazine lighting. Call out: Liebig-style condenser as object; finish with tack-sharp focus on the subject silhouette and key material edges.","Materials and construction: Liebig-style condenser as object — one complete glassware subject with believable scale, weight, and tactile surface response. Stage it on anodized navy aluminum deck plate under macro ring-light even field for scientific detail, with empty negative space so the model cannot invent a second competing object (catalog variant 093).",anodized navy aluminum deck plate,macro ring-light even field for scientific detail,"slow straight push-in from medium shot to closer detail, then hold",Active,0,,teal-and-amber cinematic lab grade,luxury watch-ad lighting adapted to lab equipment,KPV,push_in,"medium hero starting frame, label readable by end"
LAB-495,94,qc_analytical,"The primary subject is a friability drum open empty, staged alone as a Palm Beach Vitality laboratory research catalog hero. If any label or printed panel appears, it must read exactly 'Melanotan 2' for laboratory research use only. Front-panel or inlet hero with believable engineering detail and clinical color-true lighting. Finish with expensive editorial science-magazine presence without lifestyle props.","Materials and construction: drum — one complete QC / analytical subject with believable scale, weight, and tactile surface response. Stage it on frosted optical glass riser on black field under cool clinical blue-white LED with specular glass caustics, with empty negative space so the model cannot invent a second competing object (catalog variant 094).",frosted optical glass riser on black field,cool clinical blue-white LED with specular glass caustics,"low-angle tilt-up from underside to eye level, pivot only, no travel around subject, then hold",Active,0,,warm tungsten accents on cold metal grade,NASA hardware documentary sharpness,Melanotan 2,tilt_reveal,low-angle power pose looking upward at instrument
LAB-049,95,research_pens,"The primary subject is a research pen in open hard case insert, staged alone as a Palm Beach Vitality laboratory research catalog hero. If any label or printed panel appears, it must read exactly 'MOTS-C' for laboratory research use only. One pen only, tack-sharp barrel graphics zone, soft reflection beneath, zero medical-procedure context. Call out: foam-cut case, pen seated, lid open; finish with deep controlled shadows and bright product highlights for vertical 9:16.","Materials and construction: foam-cut case, pen seated, lid open — one complete research pen subject with believable scale, weight, and tactile surface response. Stage it on wet-look black porcelain tile under soft overhead softbox plus razor rim separation, with empty negative space so the model cannot invent a second competing object (catalog variant 095).",wet-look black porcelain tile,soft overhead softbox plus razor rim separation,"short side-profile track then settle on three-quarter angle — brief lateral only, then hard hold",Active,0,,neutral color-true pharmaceutical catalog grade,Vogue-still life precision for a scientific object,MOTS-C,profile_track,true side profile then settles to three-quarter facing
LAB-110,96,liquid_handling,"The primary subject is a multichannel pipette 8-channel, staged alone as a Palm Beach Vitality laboratory research catalog hero. If any label or printed panel appears, it must read exactly 'NAD+' for laboratory research use only. Precision liquid-handling hardware: volume window, plunger, tip cone, engineered plastics — tip never touches skin. Call out: 8-channel head, tips off; finish with photoreal catalog finish with micro-scratches only where realism needs them.","Materials and construction: 8-channel head, tips off — one complete liquid-handling subject with believable scale, weight, and tactile surface response. Stage it on pearl quartz lab surface under backlit translucent glow through glass or polymer only when physically real, with empty negative space so the model cannot invent a second competing object (catalog variant 096).",pearl quartz lab surface,backlit translucent glow through glass or polymer only when physically real,locked tripod hold with micro focus rack only — camera body does not travel,Active,0,,cool steel and ice-blue science grade,"Apple-keynote product intensity, still fully laboratory-real",NAD+,static_lock,"centered editorial hero, tripod-locked, subject fills mid-frame"
LAB-141,97,cold_chain,"The primary subject is a freezer rack drawer pulled slightly, staged alone as a Palm Beach Vitality laboratory research catalog hero. If any label or printed panel appears, it must read exactly 'PT-141' for laboratory research use only. One cold-chain subject with clinical chill cues; never grocery/lifestyle cooler vibes. Call out: stainless freezer rack; finish with premium studio contrast with soft falloff and crisp speculars.","Materials and construction: stainless freezer rack — one complete cold-chain subject with believable scale, weight, and tactile surface response. Stage it on polished black reflective acrylic with crisp mirror reflection under hard beauty dish key with deep controlled shadows, with empty negative space so the model cannot invent a second competing object (catalog variant 097).",polished black reflective acrylic with crisp mirror reflection,hard beauty dish key with deep controlled shadows,"slow overhead descend straight down into top-down composition, then hold",Active,0,,high-contrast black and silver premium grade,editorial science magazine cover energy,PT-141,top_down,"overhead geometric catalog composition, subject centered in plan view"
LAB-421,98,surfaces_org,"The primary subject is a modular laboratory hotplate stirrer, staged alone as a Palm Beach Vitality laboratory research catalog hero. If any label or printed panel appears, it must read exactly 'Retatrutide' for laboratory research use only. Epoxy/melamine/steel work-surface drama with empty negative space and premium lab realism. Call out: one hotplate-stirrer, ceramic top, digital display lit, no glassware on plate; finish with neutral color-true pharmaceutical look with no surreal CGI glow.","Materials and construction: one hotplate-stirrer, ceramic top, digital display lit, no glassware on plate — one complete lab surface subject with believable scale, weight, and tactile surface response. Stage it on matte pure white cyclorama with soft contact shadow under high-gloss catalog cross-light showing material microtexture, with empty negative space so the model cannot invent a second competing object (catalog variant 098).",matte pure white cyclorama with soft contact shadow,high-gloss catalog cross-light showing material microtexture,"soft pedestal up a few centimeters while lighting wrap shifts; no sideways travel, then hold",Active,0,,crisp white clinical high-key grade,museum exhibit spotlight on a single artifact,Retatrutide,pedestal_light,eye-level catalog hero; light wrap changes on metal edges
LAB-245,99,ppe_sterile,"The primary subject is a biohazard sharps container closed unused, staged alone as a Palm Beach Vitality laboratory research catalog hero. If any label or printed panel appears, it must read exactly 'Selank' for laboratory research use only. One sterile accessory hero, brand-new state, photoreal material response, no medical theater. Call out: closed container, not in use scene; finish with tack-sharp focus on the subject silhouette and key material edges.","Materials and construction: closed container, not in use scene — one complete PPE / sterile subject with believable scale, weight, and tactile surface response. Stage it on brushed stainless steel lab bench with linear grain highlights under fiber-optic accent kiss on metal edges, with empty negative space so the model cannot invent a second competing object (catalog variant 099).",brushed stainless steel lab bench with linear grain highlights,fiber-optic accent kiss on metal edges,"locked offset composition with subtle breathing push-in only, then hold",Active,0,,teal-and-amber cinematic lab grade,luxury watch-ad lighting adapted to lab equipment,Selank,offset_hero,"subject placed on left or right third, negative space opposite"
LAB-129,100,premium_equipment,"The primary subject is a NMR spectrometer console detail, staged alone as a Palm Beach Vitality laboratory research catalog hero. If any label or printed panel appears, it must read exactly 'Semaglutide' for laboratory research use only. Expensive capital equipment presence — painted metal, precision optics, museum-grade silhouette, one instrument only. Call out: one NMR console / magnet room instrument detail, clinical steel and warning accents, no people; finish with expensive editorial science-magazine presence without lifestyle props.","Materials and construction: one NMR console / magnet room instrument detail, clinical steel and warning accents, no people — one complete premium equipment subject with believable scale, weight, and tactile surface response. Stage it on dark charcoal epoxy resin countertop with subtle sparkle under dramatic dual rim lights with cool cyan edge and warm key, with empty negative space so the model cannot invent a second competing object (catalog variant 100).",dark charcoal epoxy resin countertop with subtle sparkle,dramatic dual rim lights with cool cyan edge and warm key,"lateral slide left-to-right past the subject, focus locked, straight horizontal path, then hold",Active,0,,warm tungsten accents on cold metal grade,NASA hardware documentary sharpness,Semaglutide,lateral_slide,subject slightly off-center; specular highlights travel across form
LAB-010,101,vials_containers,"The primary subject is an amber serum vial lying on side, staged alone as a Palm Beach Vitality laboratory research catalog hero. If any label or printed panel appears, it must read exactly 'SEMAX' for laboratory research use only. Catch warm transmission through the glass wall, a readable shoulder highlight, and a sealed sterile top with empty negative space around the hero. Call out: 20ml amber vial, rubber stopper, reflective glass; finish with deep controlled shadows and bright product highlights for vertical 9:16.","Materials and construction: 20ml amber vial, rubber stopper, reflective glass — one complete vial / container subject with believable scale, weight, and tactile surface response. Stage it on obsidian glass plate with deep reflection under low-key cinematic spotlight on subject, velvet falloff, with empty negative space so the model cannot invent a second competing object (catalog variant 101).",obsidian glass plate with deep reflection,"low-key cinematic spotlight on subject, velvet falloff","slow straight push-out from tight crop to full product, then hold",Active,0,,neutral color-true pharmaceutical catalog grade,Vogue-still life precision for a scientific object,SEMAX,push_out,"starts tight crop on badge/port/edge, ends full product in frame"
LAB-406,102,instruments,"The primary subject is a torque tester for caps, staged alone as a Palm Beach Vitality laboratory research catalog hero. If any label or printed panel appears, it must read exactly 'Sermorelin' for laboratory research use only. Show ports, fasteners, and status UI as quiet detail while the overall form stays the undeniable subject. Call out: cap torque tool; finish with photoreal catalog finish with micro-scratches only where realism needs them.","Materials and construction: cap torque tool — one complete instrument subject with believable scale, weight, and tactile surface response. Stage it on mirrored chrome instrument deck catching rim light under split complementary lab lighting, teal and amber accents, with empty negative space so the model cannot invent a second competing object (catalog variant 102).",mirrored chrome instrument deck catching rim light,"split complementary lab lighting, teal and amber accents","very slow push-in from wide sterile environment into subject-dominant frame, then hold",Active,0,,cool steel and ice-blue science grade,"Apple-keynote product intensity, still fully laboratory-real",Sermorelin,wide_env,wider sterile environment context with subject still dominant
LAB-453,103,sterile_env,"The primary subject is a roller bottle apparatus empty, staged alone as a Palm Beach Vitality laboratory research catalog hero. If any label or printed panel appears, it must read exactly 'SS-31' for laboratory research use only. Empty BSC/hood/airlock presence as the sole subject — research facility, not a lifestyle interior. Call out: one roller apparatus, empty positions, cell culture hardware; finish with premium studio contrast with soft falloff and crisp speculars.","Materials and construction: one roller apparatus, empty positions, cell culture hardware — one complete sterile environment subject with believable scale, weight, and tactile surface response. Stage it on white melamine cleanroom table with clinical clarity under macro ring-light even field for scientific detail, with empty negative space so the model cannot invent a second competing object (catalog variant 103).",white melamine cleanroom table with clinical clarity,macro ring-light even field for scientific detail,"gentle vertical rise from base to top of subject, path is a straight up-line, then hold",Active,0,,high-contrast black and silver premium grade,editorial science magazine cover energy,SS-31,vertical_rise,"base of subject at bottom third, rises to top detail"
LAB-075,104,glassware,"The primary subject is a separatory funnel closed stopcock, staged alone as a Palm Beach Vitality laboratory research catalog hero. If any label or printed panel appears, it must read exactly 'TA-1' for laboratory research use only. Catch a sharp meniscus, optical distortion, and studio highlights traveling through one vessel — no crowded flask rack behind it. Call out: pear-shaped funnel, PTFE stopcock; finish with neutral color-true pharmaceutical look with no surreal CGI glow.","Materials and construction: pear-shaped funnel, PTFE stopcock — one complete glassware subject with believable scale, weight, and tactile surface response. Stage it on textured graphite slate sample board under cool clinical blue-white LED with specular glass caustics, with empty negative space so the model cannot invent a second competing object (catalog variant 104).",textured graphite slate sample board,cool clinical blue-white LED with specular glass caustics,"crane-down from high three-quarter to eye-level hero on a straight descending path, then hold",Active,0,,crisp white clinical high-key grade,museum exhibit spotlight on a single artifact,TA-1,crane_settle,"starts high three-quarter, settles to eye-level hero"
LAB-496,105,qc_analytical,"The primary subject is a tap density tester, staged alone as a Palm Beach Vitality laboratory research catalog hero. If any label or printed panel appears, it must read exactly 'TB-500' for laboratory research use only. Analytical instrument catalog drama with expensive metal/polymer mix and no competing open sample clutter. Finish with tack-sharp focus on the subject silhouette and key material edges.","Materials and construction: tester — one complete QC / analytical subject with believable scale, weight, and tactile surface response. Stage it on anodized navy aluminum deck plate under soft overhead softbox plus razor rim separation, with empty negative space so the model cannot invent a second competing object (catalog variant 105).",anodized navy aluminum deck plate,soft overhead softbox plus razor rim separation,"short vertical lift then lock off on the label plane — straight rise, then hold",Active,0,,teal-and-amber cinematic lab grade,luxury watch-ad lighting adapted to lab equipment,TB-500,label_rise,locked on label/typography plane by the end
LAB-051,106,research_pens,"The primary subject is a frosted research pen body with metal clip, staged alone as a Palm Beach Vitality laboratory research catalog hero. If any label or printed panel appears, it must read exactly 'Tesamorelin' for laboratory research use only. Read as expensive research hardware: dosage window, clip, and tip cover, isolated on a clean catalog surface. Call out: matte body texture, metal pocket clip; finish with expensive editorial science-magazine presence without lifestyle props.","Materials and construction: matte body texture, metal pocket clip — one complete research pen subject with believable scale, weight, and tactile surface response. Stage it on frosted optical glass riser on black field under backlit translucent glow through glass or polymer only when physically real, with empty negative space so the model cannot invent a second competing object (catalog variant 106).",frosted optical glass riser on black field,backlit translucent glow through glass or polymer only when physically real,"start on macro texture then straight pull-back to full hero, then hold",Active,0,,warm tungsten accents on cold metal grade,NASA hardware documentary sharpness,Tesamorelin,pull_back,starts extreme close on material texture
LAB-111,107,liquid_handling,"The primary subject is a positive displacement pipette, staged alone as a Palm Beach Vitality laboratory research catalog hero. If any label or printed panel appears, it must read exactly 'Tesamorelin/Ipamorelin' for laboratory research use only. Clinical product photography of a single liquid-handling instrument, idle and unused, sharp edge detail. Call out: specialty pipette body; finish with deep controlled shadows and bright product highlights for vertical 9:16.","Materials and construction: specialty pipette body — one complete liquid-handling subject with believable scale, weight, and tactile surface response. Stage it on wet-look black porcelain tile under hard beauty dish key with deep controlled shadows, with empty negative space so the model cannot invent a second competing object (catalog variant 107).",wet-look black porcelain tile,hard beauty dish key with deep controlled shadows,"extreme macro with razor shallow depth of field; tiny forward drift only, then hold",Active,0,,neutral color-true pharmaceutical catalog grade,Vogue-still life precision for a scientific object,Tesamorelin/Ipamorelin,macro_detail,tight crop on engraved/metal/glass microtexture
LAB-142,108,cold_chain,"The primary subject is a liquid nitrogen dewar with vented cap, staged alone as a Palm Beach Vitality laboratory research catalog hero. If any label or printed panel appears, it must read exactly 'Tirzepatide' for laboratory research use only. Cold-chain drama: frost texture, insulation, logger screens, or sealed cold packaging — research context only. Call out: one LN2 dewar, frost on shoulder, vapor hint at vent only, no people, no vials; finish with photoreal catalog finish with micro-scratches only where realism needs them.","Materials and construction: one LN2 dewar, frost on shoulder, vapor hint at vent only, no people, no vials — one complete cold-chain subject with believable scale, weight, and tactile surface response. Stage it on pearl quartz lab surface under high-gloss catalog cross-light showing material microtexture, with empty negative space so the model cannot invent a second competing object (catalog variant 108).",pearl quartz lab surface,high-gloss catalog cross-light showing material microtexture,"handheld-stable micro drift forward only, scientific documentary energy, then hold",Active,0,,cool steel and ice-blue science grade,"Apple-keynote product intensity, still fully laboratory-real",Tirzepatide,doc_drift,"documentary mid-shot, slightly imperfect handheld stability"
LAB-247,109,ppe_sterile,"The primary subject is a cleanroom sticky mat sheet roll, staged alone as a Palm Beach Vitality laboratory research catalog hero. If any label or printed panel appears, it must read exactly '5-Amino-1MQ' for laboratory research use only. Sterile catalog still of a single PPE piece; no worn gloves, no people, no procedure staging. Call out: tacky mat; finish with premium studio contrast with soft falloff and crisp speculars.","Materials and construction: tacky mat — one complete PPE / sterile subject with believable scale, weight, and tactile surface response. Stage it on polished black reflective acrylic with crisp mirror reflection under fiber-optic accent kiss on metal edges, with empty negative space so the model cannot invent a second competing object (catalog variant 109).",polished black reflective acrylic with crisp mirror reflection,fiber-optic accent kiss on metal edges,"slow straight push-in from medium shot to closer detail, then hold",Active,0,,high-contrast black and silver premium grade,editorial science magazine cover energy,5-Amino-1MQ,push_in,"medium hero starting frame, label readable by end"
LAB-489,110,premium_equipment,"The primary subject is a FTIR spectrometer with sample compartment open, staged alone as a Palm Beach Vitality laboratory research catalog hero. If any label or printed panel appears, it must read exactly 'AOD-9604' for laboratory research use only. Editorial science cover energy: polished housings, turret/stage/arm detail, deep controlled falloff. Call out: one FTIR bench instrument, open bay, optical path visible, empty of samples; finish with neutral color-true pharmaceutical look with no surreal CGI glow.","Materials and construction: one FTIR bench instrument, open bay, optical path visible, empty of samples — one complete premium equipment subject with believable scale, weight, and tactile surface response. Stage it on matte pure white cyclorama with soft contact shadow under dramatic dual rim lights with cool cyan edge and warm key, with empty negative space so the model cannot invent a second competing object (catalog variant 110).",matte pure white cyclorama with soft contact shadow,dramatic dual rim lights with cool cyan edge and warm key,"low-angle tilt-up from underside to eye level, pivot only, no travel around subject, then hold",Active,0,,crisp white clinical high-key grade,museum exhibit spotlight on a single artifact,AOD-9604,tilt_reveal,low-angle power pose looking upward at instrument
LAB-011,111,vials_containers,"The primary subject is a single research vial standing on matte bench, staged alone as a Palm Beach Vitality laboratory research catalog hero. If any label or printed panel appears, it must read exactly 'BPC-157' for laboratory research use only. Premium peptide-vial catalog energy — glass weight, fill-line clarity, and clinical side light with zero lifestyle props. Call out: one vial only, no tray, no other wells; finish with tack-sharp focus on the subject silhouette and key material edges.","Materials and construction: one vial only, no tray, no other wells — one complete vial / container subject with believable scale, weight, and tactile surface response. Stage it on brushed stainless steel lab bench with linear grain highlights under low-key cinematic spotlight on subject, velvet falloff, with empty negative space so the model cannot invent a second competing object (catalog variant 111).",brushed stainless steel lab bench with linear grain highlights,"low-key cinematic spotlight on subject, velvet falloff","short side-profile track then settle on three-quarter angle — brief lateral only, then hard hold",Active,0,,teal-and-amber cinematic lab grade,luxury watch-ad lighting adapted to lab equipment,BPC-157,profile_track,true side profile then settles to three-quarter facing
LAB-146,112,instruments,"The primary subject is an analytical balance with draft shield closed, staged alone as a Palm Beach Vitality laboratory research catalog hero. If any label or printed panel appears, it must read exactly 'BPC-157/TB-500' for laboratory research use only. Credible lab-instrument materials: brushed metal, polymer housings, ports, displays, tight tolerances — idle catalog state. Call out: four-point balance, doors shut, pan empty; finish with expensive editorial science-magazine presence without lifestyle props.","Materials and construction: four-point balance, doors shut, pan empty — one complete instrument subject with believable scale, weight, and tactile surface response. Stage it on dark charcoal epoxy resin countertop with subtle sparkle under split complementary lab lighting, teal and amber accents, with empty negative space so the model cannot invent a second competing object (catalog variant 112).",dark charcoal epoxy resin countertop with subtle sparkle,"split complementary lab lighting, teal and amber accents",locked tripod hold with micro focus rack only — camera body does not travel,Active,0,,warm tungsten accents on cold metal grade,NASA hardware documentary sharpness,BPC-157/TB-500,static_lock,"centered editorial hero, tripod-locked, subject fills mid-frame"
LAB-343,113,sterile_env,"The primary subject is a hypoxia glovebox incubator hybrid, staged alone as a Palm Beach Vitality laboratory research catalog hero. If any label or printed panel appears, it must read exactly 'Cagrilinitide' for laboratory research use only. One environmental hero zone with no operators and no clutter; airflow hardware reads clearly. Call out: one sealed culture workstation, touchscreen, sterile gas mix; finish with deep controlled shadows and bright product highlights for vertical 9:16.","Materials and construction: one sealed culture workstation, touchscreen, sterile gas mix — one complete sterile environment subject with believable scale, weight, and tactile surface response. Stage it on obsidian glass plate with deep reflection under macro ring-light even field for scientific detail, with empty negative space so the model cannot invent a second competing object (catalog variant 113).",obsidian glass plate with deep reflection,macro ring-light even field for scientific detail,"slow overhead descend straight down into top-down composition, then hold",Active,0,,neutral color-true pharmaceutical catalog grade,Vogue-still life precision for a scientific object,Cagrilinitide,top_down,"overhead geometric catalog composition, subject centered in plan view"
LAB-076,114,glassware,"The primary subject is a Petri dish closed sterile, staged alone as a Palm Beach Vitality laboratory research catalog hero. If any label or printed panel appears, it must read exactly 'CJC (no DAC)' for laboratory research use only. Side-lit glass drama with caustics and a stable liquid surface; single piece only, no pipettes stealing the hero role. Call out: clear dish, condensation-free; finish with photoreal catalog finish with micro-scratches only where realism needs them.","Materials and construction: clear dish, condensation-free — one complete glassware subject with believable scale, weight, and tactile surface response. Stage it on mirrored chrome instrument deck catching rim light under cool clinical blue-white LED with specular glass caustics, with empty negative space so the model cannot invent a second competing object (catalog variant 114).",mirrored chrome instrument deck catching rim light,cool clinical blue-white LED with specular glass caustics,"soft pedestal up a few centimeters while lighting wrap shifts; no sideways travel, then hold",Active,0,,cool steel and ice-blue science grade,"Apple-keynote product intensity, still fully laboratory-real",CJC (no DAC),pedestal_light,eye-level catalog hero; light wrap changes on metal edges
LAB-497,115,qc_analytical,"The primary subject is a single laboratory test sieve, staged alone as a Palm Beach Vitality laboratory research catalog hero. If any label or printed panel appears, it must read exactly 'CJC (no DAC)/Ipamorelin' for laboratory research use only. Single QC system presence; keep secondary vials out unless they are the named subject itself. Call out: exactly one metal test sieve, mesh visible, no stacked sieves; finish with premium studio contrast with soft falloff and crisp speculars.","Materials and construction: exactly one metal test sieve, mesh visible, no stacked sieves — one complete QC / analytical subject with believable scale, weight, and tactile surface response. Stage it on white melamine cleanroom table with clinical clarity under soft overhead softbox plus razor rim separation, with empty negative space so the model cannot invent a second competing object (catalog variant 115).",white melamine cleanroom table with clinical clarity,soft overhead softbox plus razor rim separation,"locked offset composition with subtle breathing push-in only, then hold",Active,0,,high-contrast black and silver premium grade,editorial science magazine cover energy,CJC (no DAC)/Ipamorelin,offset_hero,"subject placed on left or right third, negative space opposite"
LAB-052,116,research_pens,"The primary subject is a transparent research pen showing internal mechanism, staged alone as a Palm Beach Vitality laboratory research catalog hero. If any label or printed panel appears, it must read exactly 'DSIP' for laboratory research use only. Emphasize the barrel window, dial collar, and matte/gloss finishes of one premium research pen — no skin, hands, needles, or injection staging. Call out: gears/dial visible through clear housing; finish with neutral color-true pharmaceutical look with no surreal CGI glow.","Materials and construction: gears/dial visible through clear housing — one complete research pen subject with believable scale, weight, and tactile surface response. Stage it on textured graphite slate sample board under backlit translucent glow through glass or polymer only when physically real, with empty negative space so the model cannot invent a second competing object (catalog variant 116).",textured graphite slate sample board,backlit translucent glow through glass or polymer only when physically real,"lateral slide left-to-right past the subject, focus locked, straight horizontal path, then hold",Active,0,,crisp white clinical high-key grade,museum exhibit spotlight on a single artifact,DSIP,lateral_slide,subject slightly off-center; specular highlights travel across form
LAB-112,117,liquid_handling,"The primary subject is a glass microliter pipette with metal plunger, staged alone as a Palm Beach Vitality laboratory research catalog hero. If any label or printed panel appears, it must read exactly 'GHK-Cu' for laboratory research use only. One micropipette or dispenser hero with sterile unused tip state and clean negative space for a catalog still. Call out: one precision glass pipette tool, no hypodermic needle, research liquid handling only; finish with tack-sharp focus on the subject silhouette and key material edges.","Materials and construction: one precision glass pipette tool, no hypodermic needle, research liquid handling only — one complete liquid-handling subject with believable scale, weight, and tactile surface response. Stage it on anodized navy aluminum deck plate under hard beauty dish key with deep controlled shadows, with empty negative space so the model cannot invent a second competing object (catalog variant 117).",anodized navy aluminum deck plate,hard beauty dish key with deep controlled shadows,"slow straight push-out from tight crop to full product, then hold",Active,0,,teal-and-amber cinematic lab grade,luxury watch-ad lighting adapted to lab equipment,GHK-Cu,push_out,"starts tight crop on badge/port/edge, ends full product in frame"
LAB-143,118,cold_chain,"The primary subject is an ice bucket with closed tube floating pack, staged alone as a Palm Beach Vitality laboratory research catalog hero. If any label or printed panel appears, it must read exactly 'GLOW' for laboratory research use only. Frost-edge glass, gel packs, or logger pixels as supporting texture around a single hero object. Call out: lab ice bucket prop; finish with expensive editorial science-magazine presence without lifestyle props.","Materials and construction: lab ice bucket prop — one complete cold-chain subject with believable scale, weight, and tactile surface response. Stage it on frosted optical glass riser on black field under high-gloss catalog cross-light showing material microtexture, with empty negative space so the model cannot invent a second competing object (catalog variant 118).",frosted optical glass riser on black field,high-gloss catalog cross-light showing material microtexture,"very slow push-in from wide sterile environment into subject-dominant frame, then hold",Active,0,,warm tungsten accents on cold metal grade,NASA hardware documentary sharpness,GLOW,wide_env,wider sterile environment context with subject still dominant
LAB-248,119,ppe_sterile,"The primary subject is an IPA spray bottle 70 percent labeled research, staged alone as a Palm Beach Vitality laboratory research catalog hero. If any label or printed panel appears, it must read exactly 'KLOW' for laboratory research use only. One sterile accessory hero, brand-new state, photoreal material response, no medical theater. Call out: solvent bottle; finish with deep controlled shadows and bright product highlights for vertical 9:16.","Materials and construction: solvent bottle — one complete PPE / sterile subject with believable scale, weight, and tactile surface response. Stage it on wet-look black porcelain tile under fiber-optic accent kiss on metal edges, with empty negative space so the model cannot invent a second competing object (catalog variant 119).",wet-look black porcelain tile,fiber-optic accent kiss on metal edges,"gentle vertical rise from base to top of subject, path is a straight up-line, then hold",Active,0,,neutral color-true pharmaceutical catalog grade,Vogue-still life precision for a scientific object,KLOW,vertical_rise,"base of subject at bottom third, rises to top detail"
LAB-185,120,premium_equipment,"The primary subject is an UV-Vis spectrophotometer, staged alone as a Palm Beach Vitality laboratory research catalog hero. If any label or printed panel appears, it must read exactly 'KPV' for laboratory research use only. Expensive capital equipment presence — painted metal, precision optics, museum-grade silhouette, one instrument only. Call out: one dual-beam spectrophotometer, quartz-ready compartment, lit display; finish with photoreal catalog finish with micro-scratches only where realism needs them.","Materials and construction: one dual-beam spectrophotometer, quartz-ready compartment, lit display — one complete premium equipment subject with believable scale, weight, and tactile surface response. Stage it on pearl quartz lab surface under dramatic dual rim lights with cool cyan edge and warm key, with empty negative space so the model cannot invent a second competing object (catalog variant 120).",pearl quartz lab surface,dramatic dual rim lights with cool cyan edge and warm key,"crane-down from high three-quarter to eye-level hero on a straight descending path, then hold",Active,0,,cool steel and ice-blue science grade,"Apple-keynote product intensity, still fully laboratory-real",KPV,crane_settle,"starts high three-quarter, settles to eye-level hero"
LAB-013,121,vials_containers,"The primary subject is a graduated media bottle 100ml, staged alone as a Palm Beach Vitality laboratory research catalog hero. If any label or printed panel appears, it must read exactly 'Melanotan 2' for laboratory research use only. Catch warm transmission through the glass wall, a readable shoulder highlight, and a sealed sterile top with empty negative space around the hero. Call out: borosilicate media bottle, blue GL45 cap, volume graduations; finish with premium studio contrast with soft falloff and crisp speculars.","Materials and construction: borosilicate media bottle, blue GL45 cap, volume graduations — one complete vial / container subject with believable scale, weight, and tactile surface response. Stage it on polished black reflective acrylic with crisp mirror reflection under low-key cinematic spotlight on subject, velvet falloff, with empty negative space so the model cannot invent a second competing object (catalog variant 121).",polished black reflective acrylic with crisp mirror reflection,"low-key cinematic spotlight on subject, velvet falloff","short vertical lift then lock off on the label plane — straight rise, then hold",Active,0,,high-contrast black and silver premium grade,editorial science magazine cover energy,Melanotan 2,label_rise,locked on label/typography plane by the end
LAB-407,122,instruments,"The primary subject is a vision inspection camera enclosure, staged alone as a Palm Beach Vitality laboratory research catalog hero. If any label or printed panel appears, it must read exactly 'MOTS-C' for laboratory research use only. Show ports, fasteners, and status UI as quiet detail while the overall form stays the undeniable subject. Call out: camera housing; finish with neutral color-true pharmaceutical look with no surreal CGI glow.","Materials and construction: camera housing — one complete instrument subject with believable scale, weight, and tactile surface response. Stage it on matte pure white cyclorama with soft contact shadow under split complementary lab lighting, teal and amber accents, with empty negative space so the model cannot invent a second competing object (catalog variant 122).",matte pure white cyclorama with soft contact shadow,"split complementary lab lighting, teal and amber accents","start on macro texture then straight pull-back to full hero, then hold",Active,0,,crisp white clinical high-key grade,museum exhibit spotlight on a single artifact,MOTS-C,pull_back,starts extreme close on material texture
LAB-373,123,sterile_env,"The primary subject is a cleanroom stainless process vessel, staged alone as a Palm Beach Vitality laboratory research catalog hero. If any label or printed panel appears, it must read exactly 'NAD+' for laboratory research use only. Empty BSC/hood/airlock presence as the sole subject — research facility, not a lifestyle interior. Call out: one small stainless process vessel on cart, sanitary fittings, biopharma; finish with tack-sharp focus on the subject silhouette and key material edges.","Materials and construction: one small stainless process vessel on cart, sanitary fittings, biopharma — one complete sterile environment subject with believable scale, weight, and tactile surface response. Stage it on brushed stainless steel lab bench with linear grain highlights under macro ring-light even field for scientific detail, with empty negative space so the model cannot invent a second competing object (catalog variant 123).",brushed stainless steel lab bench with linear grain highlights,macro ring-light even field for scientific detail,"extreme macro with razor shallow depth of field; tiny forward drift only, then hold",Active,0,,teal-and-amber cinematic lab grade,luxury watch-ad lighting adapted to lab equipment,NAD+,macro_detail,tight crop on engraved/metal/glass microtexture
LAB-077,124,glassware,"The primary subject is a single sterile Petri dish closed, staged alone as a Palm Beach Vitality laboratory research catalog hero. If any label or printed panel appears, it must read exactly 'PT-141' for laboratory research use only. Catch a sharp meniscus, optical distortion, and studio highlights traveling through one vessel — no crowded flask rack behind it. Call out: exactly one closed Petri dish, clear lid, no stack; finish with expensive editorial science-magazine presence without lifestyle props.","Materials and construction: exactly one closed Petri dish, clear lid, no stack — one complete glassware subject with believable scale, weight, and tactile surface response. Stage it on dark charcoal epoxy resin countertop with subtle sparkle under cool clinical blue-white LED with specular glass caustics, with empty negative space so the model cannot invent a second competing object (catalog variant 124).",dark charcoal epoxy resin countertop with subtle sparkle,cool clinical blue-white LED with specular glass caustics,"handheld-stable micro drift forward only, scientific documentary energy, then hold",Active,0,,warm tungsten accents on cold metal grade,NASA hardware documentary sharpness,PT-141,doc_drift,"documentary mid-shot, slightly imperfect handheld stability"
LAB-498,125,qc_analytical,"The primary subject is a laser diffraction sample cell, staged alone as a Palm Beach Vitality laboratory research catalog hero. If any label or printed panel appears, it must read exactly 'Retatrutide' for laboratory research use only. Analytical instrument catalog drama with expensive metal/polymer mix and no competing open sample clutter. Finish with deep controlled shadows and bright product highlights for vertical 9:16.","Materials and construction: cell — one complete QC / analytical subject with believable scale, weight, and tactile surface response. Stage it on obsidian glass plate with deep reflection under soft overhead softbox plus razor rim separation, with empty negative space so the model cannot invent a second competing object (catalog variant 125).",obsidian glass plate with deep reflection,soft overhead softbox plus razor rim separation,"slow straight push-in from medium shot to closer detail, then hold",Active,0,,neutral color-true pharmaceutical catalog grade,Vogue-still life precision for a scientific object,Retatrutide,push_in,"medium hero starting frame, label readable by end"
LAB-053,126,research_pens,"The primary subject is a research pen on folded sterile wrap paper, staged alone as a Palm Beach Vitality laboratory research catalog hero. If any label or printed panel appears, it must read exactly 'Selank' for laboratory research use only. Read as expensive research hardware: dosage window, clip, and tip cover, isolated on a clean catalog surface. Call out: medical-grade wrap texture, product only; finish with photoreal catalog finish with micro-scratches only where realism needs them.","Materials and construction: medical-grade wrap texture, product only — one complete research pen subject with believable scale, weight, and tactile surface response. Stage it on mirrored chrome instrument deck catching rim light under backlit translucent glow through glass or polymer only when physically real, with empty negative space so the model cannot invent a second competing object (catalog variant 126).",mirrored chrome instrument deck catching rim light,backlit translucent glow through glass or polymer only when physically real,"low-angle tilt-up from underside to eye level, pivot only, no travel around subject, then hold",Active,0,,cool steel and ice-blue science grade,"Apple-keynote product intensity, still fully laboratory-real",Selank,tilt_reveal,low-angle power pose looking upward at instrument
LAB-113,127,liquid_handling,"The primary subject is a dispense bottle with pump top, staged alone as a Palm Beach Vitality laboratory research catalog hero. If any label or printed panel appears, it must read exactly 'Semaglutide' for laboratory research use only. Clinical product photography of a single liquid-handling instrument, idle and unused, sharp edge detail. Call out: lab wash bottle adjacent optional; finish with premium studio contrast with soft falloff and crisp speculars.","Materials and construction: lab wash bottle adjacent optional — one complete liquid-handling subject with believable scale, weight, and tactile surface response. Stage it on white melamine cleanroom table with clinical clarity under hard beauty dish key with deep controlled shadows, with empty negative space so the model cannot invent a second competing object (catalog variant 127).",white melamine cleanroom table with clinical clarity,hard beauty dish key with deep controlled shadows,"short side-profile track then settle on three-quarter angle — brief lateral only, then hard hold",Active,0,,high-contrast black and silver premium grade,editorial science magazine cover energy,Semaglutide,profile_track,true side profile then settles to three-quarter facing
LAB-144,128,cold_chain,"The primary subject is a coolant bottle for centrifuge, staged alone as a Palm Beach Vitality laboratory research catalog hero. If any label or printed panel appears, it must read exactly 'SEMAX' for laboratory research use only. Cold-chain drama: frost texture, insulation, logger screens, or sealed cold packaging — research context only. Call out: pre-chill bottle; finish with neutral color-true pharmaceutical look with no surreal CGI glow.","Materials and construction: pre-chill bottle — one complete cold-chain subject with believable scale, weight, and tactile surface response. Stage it on textured graphite slate sample board under high-gloss catalog cross-light showing material microtexture, with empty negative space so the model cannot invent a second competing object (catalog variant 128).",textured graphite slate sample board,high-gloss catalog cross-light showing material microtexture,locked tripod hold with micro focus rack only — camera body does not travel,Active,0,,crisp white clinical high-key grade,museum exhibit spotlight on a single artifact,SEMAX,static_lock,"centered editorial hero, tripod-locked, subject fills mid-frame"
LAB-249,129,ppe_sterile,"The primary subject is a lint-free wipes canister, staged alone as a Palm Beach Vitality laboratory research catalog hero. If any label or printed panel appears, it must read exactly 'Sermorelin' for laboratory research use only. Sterile catalog still of a single PPE piece; no worn gloves, no people, no procedure staging. Finish with tack-sharp focus on the subject silhouette and key material edges.","Materials and construction: wipes — one complete PPE / sterile subject with believable scale, weight, and tactile surface response. Stage it on anodized navy aluminum deck plate under fiber-optic accent kiss on metal edges, with empty negative space so the model cannot invent a second competing object (catalog variant 129).",anodized navy aluminum deck plate,fiber-optic accent kiss on metal edges,"slow overhead descend straight down into top-down composition, then hold",Active,0,,teal-and-amber cinematic lab grade,luxury watch-ad lighting adapted to lab equipment,Sermorelin,top_down,"overhead geometric catalog composition, subject centered in plan view"
LAB-210,130,premium_equipment,"The primary subject is a fluorescence plate reader, staged alone as a Palm Beach Vitality laboratory research catalog hero. If any label or printed panel appears, it must read exactly 'SS-31' for laboratory research use only. Editorial science cover energy: polished housings, turret/stage/arm detail, deep controlled falloff. Call out: one multimode plate reader, drawer ajar empty, premium biotech instrument; finish with expensive editorial science-magazine presence without lifestyle props.","Materials and construction: one multimode plate reader, drawer ajar empty, premium biotech instrument — one complete premium equipment subject with believable scale, weight, and tactile surface response. Stage it on frosted optical glass riser on black field under dramatic dual rim lights with cool cyan edge and warm key, with empty negative space so the model cannot invent a second competing object (catalog variant 130).",frosted optical glass riser on black field,dramatic dual rim lights with cool cyan edge and warm key,"soft pedestal up a few centimeters while lighting wrap shifts; no sideways travel, then hold",Active,0,,warm tungsten accents on cold metal grade,NASA hardware documentary sharpness,SS-31,pedestal_light,eye-level catalog hero; light wrap changes on metal edges
LAB-014,131,vials_containers,"The primary subject is an amber reagent bottle with pour ring, staged alone as a Palm Beach Vitality laboratory research catalog hero. If any label or printed panel appears, it must read exactly 'TA-1' for laboratory research use only. Premium peptide-vial catalog energy — glass weight, fill-line clarity, and clinical side light with zero lifestyle props. Call out: amber glass reagent bottle, white polypropylene cap; finish with deep controlled shadows and bright product highlights for vertical 9:16.","Materials and construction: amber glass reagent bottle, white polypropylene cap — one complete vial / container subject with believable scale, weight, and tactile surface response. Stage it on wet-look black porcelain tile under low-key cinematic spotlight on subject, velvet falloff, with empty negative space so the model cannot invent a second competing object (catalog variant 131).",wet-look black porcelain tile,"low-key cinematic spotlight on subject, velvet falloff","locked offset composition with subtle breathing push-in only, then hold",Active,0,,neutral color-true pharmaceutical catalog grade,Vogue-still life precision for a scientific object,TA-1,offset_hero,"subject placed on left or right third, negative space opposite"
LAB-408,132,instruments,"The primary subject is a label verification scanner tunnel, staged alone as a Palm Beach Vitality laboratory research catalog hero. If any label or printed panel appears, it must read exactly 'TB-500' for laboratory research use only. Credible lab-instrument materials: brushed metal, polymer housings, ports, displays, tight tolerances — idle catalog state. Call out: scan tunnel; finish with photoreal catalog finish with micro-scratches only where realism needs them.","Materials and construction: scan tunnel — one complete instrument subject with believable scale, weight, and tactile surface response. Stage it on pearl quartz lab surface under split complementary lab lighting, teal and amber accents, with empty negative space so the model cannot invent a second competing object (catalog variant 132).",pearl quartz lab surface,"split complementary lab lighting, teal and amber accents","lateral slide left-to-right past the subject, focus locked, straight horizontal path, then hold",Active,0,,cool steel and ice-blue science grade,"Apple-keynote product intensity, still fully laboratory-real",TB-500,lateral_slide,subject slightly off-center; specular highlights travel across form
LAB-429,133,sterile_env,"The primary subject is a laboratory isolator positive pressure, staged alone as a Palm Beach Vitality laboratory research catalog hero. If any label or printed panel appears, it must read exactly 'Tesamorelin' for laboratory research use only. One environmental hero zone with no operators and no clutter; airflow hardware reads clearly. Call out: one isolator chamber, glove ports empty (no hands), sterile fill aesthetic; finish with premium studio contrast with soft falloff and crisp speculars.","Materials and construction: one isolator chamber, glove ports empty (no hands), sterile fill aesthetic — one complete sterile environment subject with believable scale, weight, and tactile surface response. Stage it on polished black reflective acrylic with crisp mirror reflection under macro ring-light even field for scientific detail, with empty negative space so the model cannot invent a second competing object (catalog variant 133).",polished black reflective acrylic with crisp mirror reflection,macro ring-light even field for scientific detail,"slow straight push-out from tight crop to full product, then hold",Active,0,,high-contrast black and silver premium grade,editorial science magazine cover energy,Tesamorelin,push_out,"starts tight crop on badge/port/edge, ends full product in frame"
LAB-078,134,glassware,"The primary subject is a watch glass covering a beaker, staged alone as a Palm Beach Vitality laboratory research catalog hero. If any label or printed panel appears, it must read exactly 'Tesamorelin/Ipamorelin' for laboratory research use only. Side-lit glass drama with caustics and a stable liquid surface; single piece only, no pipettes stealing the hero role. Call out: classic cover glass still life; finish with neutral color-true pharmaceutical look with no surreal CGI glow.","Materials and construction: classic cover glass still life — one complete glassware subject with believable scale, weight, and tactile surface response. Stage it on matte pure white cyclorama with soft contact shadow under cool clinical blue-white LED with specular glass caustics, with empty negative space so the model cannot invent a second competing object (catalog variant 134).",matte pure white cyclorama with soft contact shadow,cool clinical blue-white LED with specular glass caustics,"very slow push-in from wide sterile environment into subject-dominant frame, then hold",Active,0,,crisp white clinical high-key grade,museum exhibit spotlight on a single artifact,Tesamorelin/Ipamorelin,wide_env,wider sterile environment context with subject still dominant
LAB-219,135,qc_analytical,"The primary subject is a particle counter handheld research grade, staged alone as a Palm Beach Vitality laboratory research catalog hero. If any label or printed panel appears, it must read exactly 'Tirzepatide' for laboratory research use only. Single QC system presence; keep secondary vials out unless they are the named subject itself. Call out: one airborne particle counter, OLED display, cleanroom QA tool; finish with tack-sharp focus on the subject silhouette and key material edges.","Materials and construction: one airborne particle counter, OLED display, cleanroom QA tool — one complete QC / analytical subject with believable scale, weight, and tactile surface response. Stage it on brushed stainless steel lab bench with linear grain highlights under soft overhead softbox plus razor rim separation, with empty negative space so the model cannot invent a second competing object (catalog variant 135).",brushed stainless steel lab bench with linear grain highlights,soft overhead softbox plus razor rim separation,"gentle vertical rise from base to top of subject, path is a straight up-line, then hold",Active,0,,teal-and-amber cinematic lab grade,luxury watch-ad lighting adapted to lab equipment,Tirzepatide,vertical_rise,"base of subject at bottom third, rises to top detail"
LAB-054,136,research_pens,"The primary subject is a research pen low-angle hero on concrete lab bench, staged alone as a Palm Beach Vitality laboratory research catalog hero. If any label or printed panel appears, it must read exactly '5-Amino-1MQ' for laboratory research use only. Emphasize the barrel window, dial collar, and matte/gloss finishes of one premium research pen — no skin, hands, needles, or injection staging. Call out: premium American lab aesthetic; finish with expensive editorial science-magazine presence without lifestyle props.","Materials and construction: premium American lab aesthetic — one complete research pen subject with believable scale, weight, and tactile surface response. Stage it on dark charcoal epoxy resin countertop with subtle sparkle under backlit translucent glow through glass or polymer only when physically real, with empty negative space so the model cannot invent a second competing object (catalog variant 136).",dark charcoal epoxy resin countertop with subtle sparkle,backlit translucent glow through glass or polymer only when physically real,"crane-down from high three-quarter to eye-level hero on a straight descending path, then hold",Active,0,,warm tungsten accents on cold metal grade,NASA hardware documentary sharpness,5-Amino-1MQ,crane_settle,"starts high three-quarter, settles to eye-level hero"
LAB-114,137,liquid_handling,"The primary subject is a squeeze wash bottle distilled water labeled, staged alone as a Palm Beach Vitality laboratory research catalog hero. If any label or printed panel appears, it must read exactly 'AOD-9604' for laboratory research use only. One micropipette or dispenser hero with sterile unused tip state and clean negative space for a catalog still. Call out: classic wash bottle bent neck; finish with deep controlled shadows and bright product highlights for vertical 9:16.","Materials and construction: classic wash bottle bent neck — one complete liquid-handling subject with believable scale, weight, and tactile surface response. Stage it on obsidian glass plate with deep reflection under hard beauty dish key with deep controlled shadows, with empty negative space so the model cannot invent a second competing object (catalog variant 137).",obsidian glass plate with deep reflection,hard beauty dish key with deep controlled shadows,"short vertical lift then lock off on the label plane — straight rise, then hold",Active,0,,neutral color-true pharmaceutical catalog grade,Vogue-still life precision for a scientific object,AOD-9604,label_rise,locked on label/typography plane by the end
LAB-351,138,cold_chain,"The primary subject is a validated cold chain tote rigid, staged alone as a Palm Beach Vitality laboratory research catalog hero. If any label or printed panel appears, it must read exactly 'BPC-157' for laboratory research use only. Frost-edge glass, gel packs, or logger pixels as supporting texture around a single hero object. Call out: rigid tote; finish with photoreal catalog finish with micro-scratches only where realism needs them.","Materials and construction: rigid tote — one complete cold-chain subject with believable scale, weight, and tactile surface response. Stage it on mirrored chrome instrument deck catching rim light under high-gloss catalog cross-light showing material microtexture, with empty negative space so the model cannot invent a second competing object (catalog variant 138).",mirrored chrome instrument deck catching rim light,high-gloss catalog cross-light showing material microtexture,"start on macro texture then straight pull-back to full hero, then hold",Active,0,,cool steel and ice-blue science grade,"Apple-keynote product intensity, still fully laboratory-real",BPC-157,pull_back,starts extreme close on material texture
LAB-250,139,ppe_sterile,"The primary subject is a sterile field wrap unfolded empty, staged alone as a Palm Beach Vitality laboratory research catalog hero. If any label or printed panel appears, it must read exactly 'BPC-157/TB-500' for laboratory research use only. One sterile accessory hero, brand-new state, photoreal material response, no medical theater. Call out: blue sterile wrap; finish with premium studio contrast with soft falloff and crisp speculars.","Materials and construction: blue sterile wrap — one complete PPE / sterile subject with believable scale, weight, and tactile surface response. Stage it on white melamine cleanroom table with clinical clarity under fiber-optic accent kiss on metal edges, with empty negative space so the model cannot invent a second competing object (catalog variant 139).",white melamine cleanroom table with clinical clarity,fiber-optic accent kiss on metal edges,"extreme macro with razor shallow depth of field; tiny forward drift only, then hold",Active,0,,high-contrast black and silver premium grade,editorial science magazine cover energy,BPC-157/TB-500,macro_detail,tight crop on engraved/metal/glass microtexture
LAB-235,140,premium_equipment,"The primary subject is a flow cytometer analyzer, staged alone as a Palm Beach Vitality laboratory research catalog hero. If any label or printed panel appears, it must read exactly 'Cagrilinitide' for laboratory research use only. Expensive capital equipment presence — painted metal, precision optics, museum-grade silhouette, one instrument only. Call out: one flow cytometer, fluidics panel, glowing status, cleanroom-ready; finish with neutral color-true pharmaceutical look with no surreal CGI glow.","Materials and construction: one flow cytometer, fluidics panel, glowing status, cleanroom-ready — one complete premium equipment subject with believable scale, weight, and tactile surface response. Stage it on textured graphite slate sample board under dramatic dual rim lights with cool cyan edge and warm key, with empty negative space so the model cannot invent a second competing object (catalog variant 140).",textured graphite slate sample board,dramatic dual rim lights with cool cyan edge and warm key,"handheld-stable micro drift forward only, scientific documentary energy, then hold",Active,0,,crisp white clinical high-key grade,museum exhibit spotlight on a single artifact,Cagrilinitide,doc_drift,"documentary mid-shot, slightly imperfect handheld stability"
LAB-015,141,vials_containers,"The primary subject is a sterile water for research bottle, staged alone as a Palm Beach Vitality laboratory research catalog hero. If any label or printed panel appears, it must read exactly 'CJC (no DAC)' for laboratory research use only. Catch warm transmission through the glass wall, a readable shoulder highlight, and a sealed sterile top with empty negative space around the hero. Call out: clear plastic research bottle, tamper band intact; finish with tack-sharp focus on the subject silhouette and key material edges.","Materials and construction: clear plastic research bottle, tamper band intact — one complete vial / container subject with believable scale, weight, and tactile surface response. Stage it on anodized navy aluminum deck plate under low-key cinematic spotlight on subject, velvet falloff, with empty negative space so the model cannot invent a second competing object (catalog variant 141).",anodized navy aluminum deck plate,"low-key cinematic spotlight on subject, velvet falloff","slow straight push-in from medium shot to closer detail, then hold",Active,0,,teal-and-amber cinematic lab grade,luxury watch-ad lighting adapted to lab equipment,CJC (no DAC),push_in,"medium hero starting frame, label readable by end"
LAB-409,142,instruments,"The primary subject is a metal detector aperture lab pack line, staged alone as a Palm Beach Vitality laboratory research catalog hero. If any label or printed panel appears, it must read exactly 'CJC (no DAC)/Ipamorelin' for laboratory research use only. Show ports, fasteners, and status UI as quiet detail while the overall form stays the undeniable subject. Call out: aperture only; finish with expensive editorial science-magazine presence without lifestyle props.","Materials and construction: aperture only — one complete instrument subject with believable scale, weight, and tactile surface response. Stage it on frosted optical glass riser on black field under split complementary lab lighting, teal and amber accents, with empty negative space so the model cannot invent a second competing object (catalog variant 142).",frosted optical glass riser on black field,"split complementary lab lighting, teal and amber accents","low-angle tilt-up from underside to eye level, pivot only, no travel around subject, then hold",Active,0,,warm tungsten accents on cold metal grade,NASA hardware documentary sharpness,CJC (no DAC)/Ipamorelin,tilt_reveal,low-angle power pose looking upward at instrument
LAB-375,143,sterile_env,"The primary subject is a stainless sterile sampling valve, staged alone as a Palm Beach Vitality laboratory research catalog hero. If any label or printed panel appears, it must read exactly 'DSIP' for laboratory research use only. Empty BSC/hood/airlock presence as the sole subject — research facility, not a lifestyle interior. Call out: one sanitary sampling valve on process pipe, biopharma detail; finish with deep controlled shadows and bright product highlights for vertical 9:16.","Materials and construction: one sanitary sampling valve on process pipe, biopharma detail — one complete sterile environment subject with believable scale, weight, and tactile surface response. Stage it on wet-look black porcelain tile under macro ring-light even field for scientific detail, with empty negative space so the model cannot invent a second competing object (catalog variant 143).",wet-look black porcelain tile,macro ring-light even field for scientific detail,"short side-profile track then settle on three-quarter angle — brief lateral only, then hard hold",Active,0,,neutral color-true pharmaceutical catalog grade,Vogue-still life precision for a scientific object,DSIP,profile_track,true side profile then settles to three-quarter facing
LAB-079,144,glassware,"The primary subject is a glass stirring rod on ceramic tile, staged alone as a Palm Beach Vitality laboratory research catalog hero. If any label or printed panel appears, it must read exactly 'GHK-Cu' for laboratory research use only. Catch a sharp meniscus, optical distortion, and studio highlights traveling through one vessel — no crowded flask rack behind it. Call out: solid rod, fire-polished ends; finish with photoreal catalog finish with micro-scratches only where realism needs them.","Materials and construction: solid rod, fire-polished ends — one complete glassware subject with believable scale, weight, and tactile surface response. Stage it on pearl quartz lab surface under cool clinical blue-white LED with specular glass caustics, with empty negative space so the model cannot invent a second competing object (catalog variant 144).",pearl quartz lab surface,cool clinical blue-white LED with specular glass caustics,locked tripod hold with micro focus rack only — camera body does not travel,Active,0,,cool steel and ice-blue science grade,"Apple-keynote product intensity, still fully laboratory-real",GHK-Cu,static_lock,"centered editorial hero, tripod-locked, subject fills mid-frame"
LAB-139,145,qc_analytical,"The primary subject is a toc analyzer for ultrapure water, staged alone as a Palm Beach Vitality laboratory research catalog hero. If any label or printed panel appears, it must read exactly 'GLOW' for laboratory research use only. Analytical instrument catalog drama with expensive metal/polymer mix and no competing open sample clutter. Call out: one TOC analyzer, pharma water QC instrument, stainless fittings; finish with premium studio contrast with soft falloff and crisp speculars.","Materials and construction: one TOC analyzer, pharma water QC instrument, stainless fittings — one complete QC / analytical subject with believable scale, weight, and tactile surface response. Stage it on polished black reflective acrylic with crisp mirror reflection under soft overhead softbox plus razor rim separation, with empty negative space so the model cannot invent a second competing object (catalog variant 145).",polished black reflective acrylic with crisp mirror reflection,soft overhead softbox plus razor rim separation,"slow overhead descend straight down into top-down composition, then hold",Active,0,,high-contrast black and silver premium grade,editorial science magazine cover energy,GLOW,top_down,"overhead geometric catalog composition, subject centered in plan view"
LAB-055,146,research_pens,"The primary subject is a research pen low-angle hero on mirrored black acrylic, staged alone as a Palm Beach Vitality laboratory research catalog hero. If any label or printed panel appears, it must read exactly 'KLOW' for laboratory research use only. Read as expensive research hardware: dosage window, clip, and tip cover, isolated on a clean catalog surface. Call out: one capped research pen, dramatic reflection, rim light, no tray; finish with neutral color-true pharmaceutical look with no surreal CGI glow.","Materials and construction: one capped research pen, dramatic reflection, rim light, no tray — one complete research pen subject with believable scale, weight, and tactile surface response. Stage it on matte pure white cyclorama with soft contact shadow under backlit translucent glow through glass or polymer only when physically real, with empty negative space so the model cannot invent a second competing object (catalog variant 146).",matte pure white cyclorama with soft contact shadow,backlit translucent glow through glass or polymer only when physically real,"soft pedestal up a few centimeters while lighting wrap shifts; no sideways travel, then hold",Active,0,,crisp white clinical high-key grade,museum exhibit spotlight on a single artifact,KLOW,pedestal_light,eye-level catalog hero; light wrap changes on metal edges
LAB-116,147,liquid_handling,"The primary subject is a peristaltic pump head with tubing, staged alone as a Palm Beach Vitality laboratory research catalog hero. If any label or printed panel appears, it must read exactly 'KPV' for laboratory research use only. Clinical product photography of a single liquid-handling instrument, idle and unused, sharp edge detail. Call out: pump as object, tubing looped neatly; finish with tack-sharp focus on the subject silhouette and key material edges.","Materials and construction: pump as object, tubing looped neatly — one complete liquid-handling subject with believable scale, weight, and tactile surface response. Stage it on brushed stainless steel lab bench with linear grain highlights under hard beauty dish key with deep controlled shadows, with empty negative space so the model cannot invent a second competing object (catalog variant 147).",brushed stainless steel lab bench with linear grain highlights,hard beauty dish key with deep controlled shadows,"locked offset composition with subtle breathing push-in only, then hold",Active,0,,teal-and-amber cinematic lab grade,luxury watch-ad lighting adapted to lab equipment,KPV,offset_hero,"subject placed on left or right third, negative space opposite"
LAB-352,148,cold_chain,"The primary subject is a digital probe thermometer alone, staged alone as a Palm Beach Vitality laboratory research catalog hero. If any label or printed panel appears, it must read exactly 'Melanotan 2' for laboratory research use only. Cold-chain drama: frost texture, insulation, logger screens, or sealed cold packaging — research context only. Call out: one digital probe thermometer on bench, no sleeve, no vial; finish with expensive editorial science-magazine presence without lifestyle props.","Materials and construction: one digital probe thermometer on bench, no sleeve, no vial — one complete cold-chain subject with believable scale, weight, and tactile surface response. Stage it on dark charcoal epoxy resin countertop with subtle sparkle under high-gloss catalog cross-light showing material microtexture, with empty negative space so the model cannot invent a second competing object (catalog variant 148).",dark charcoal epoxy resin countertop with subtle sparkle,high-gloss catalog cross-light showing material microtexture,"lateral slide left-to-right past the subject, focus locked, straight horizontal path, then hold",Active,0,,warm tungsten accents on cold metal grade,NASA hardware documentary sharpness,Melanotan 2,lateral_slide,subject slightly off-center; specular highlights travel across form
LAB-461,149,ppe_sterile,"The primary subject is a sterile gown packaged barrier fabric, staged alone as a Palm Beach Vitality laboratory research catalog hero. If any label or printed panel appears, it must read exactly 'MOTS-C' for laboratory research use only. Sterile catalog still of a single PPE piece; no worn gloves, no people, no procedure staging. Finish with deep controlled shadows and bright product highlights for vertical 9:16.","Materials and construction: gown pack — one complete PPE / sterile subject with believable scale, weight, and tactile surface response. Stage it on obsidian glass plate with deep reflection under fiber-optic accent kiss on metal edges, with empty negative space so the model cannot invent a second competing object (catalog variant 149).",obsidian glass plate with deep reflection,fiber-optic accent kiss on metal edges,"slow straight push-out from tight crop to full product, then hold",Active,0,,neutral color-true pharmaceutical catalog grade,Vogue-still life precision for a scientific object,MOTS-C,push_out,"starts tight crop on badge/port/edge, ends full product in frame"
LAB-211,150,premium_equipment,"The primary subject is a next-generation DNA sequencer, staged alone as a Palm Beach Vitality laboratory research catalog hero. If any label or printed panel appears, it must read exactly 'NAD+' for laboratory research use only. Editorial science cover energy: polished housings, turret/stage/arm detail, deep controlled falloff. Call out: one benchtop NGS sequencer, glossy white/black housing, lit touchscreen; finish with photoreal catalog finish with micro-scratches only where realism needs them.","Materials and construction: one benchtop NGS sequencer, glossy white/black housing, lit touchscreen — one complete premium equipment subject with believable scale, weight, and tactile surface response. Stage it on mirrored chrome instrument deck catching rim light under dramatic dual rim lights with cool cyan edge and warm key, with empty negative space so the model cannot invent a second competing object (catalog variant 150).",mirrored chrome instrument deck catching rim light,dramatic dual rim lights with cool cyan edge and warm key,"very slow push-in from wide sterile environment into subject-dominant frame, then hold",Active,0,,cool steel and ice-blue science grade,"Apple-keynote product intensity, still fully laboratory-real",NAD+,wide_env,wider sterile environment context with subject still dominant
LAB-016,151,vials_containers,"The primary subject is a glass ampule scored neck sealed, staged alone as a Palm Beach Vitality laboratory research catalog hero. If any label or printed panel appears, it must read exactly 'PT-141' for laboratory research use only. Premium peptide-vial catalog energy — glass weight, fill-line clarity, and clinical side light with zero lifestyle props. Call out: clear ampule, scored neck ring, liquid fill visible; finish with premium studio contrast with soft falloff and crisp speculars.","Materials and construction: clear ampule, scored neck ring, liquid fill visible — one complete vial / container subject with believable scale, weight, and tactile surface response. Stage it on white melamine cleanroom table with clinical clarity under low-key cinematic spotlight on subject, velvet falloff, with empty negative space so the model cannot invent a second competing object (catalog variant 151).",white melamine cleanroom table with clinical clarity,"low-key cinematic spotlight on subject, velvet falloff","gentle vertical rise from base to top of subject, path is a straight up-line, then hold",Active,0,,high-contrast black and silver premium grade,editorial science magazine cover energy,PT-141,vertical_rise,"base of subject at bottom third, rises to top detail"
LAB-410,152,instruments,"The primary subject is a checkweigher conveyor section static, staged alone as a Palm Beach Vitality laboratory research catalog hero. If any label or printed panel appears, it must read exactly 'Retatrutide' for laboratory research use only. Credible lab-instrument materials: brushed metal, polymer housings, ports, displays, tight tolerances — idle catalog state. Call out: conveyor static product; finish with neutral color-true pharmaceutical look with no surreal CGI glow.","Materials and construction: conveyor static product — one complete instrument subject with believable scale, weight, and tactile surface response. Stage it on textured graphite slate sample board under split complementary lab lighting, teal and amber accents, with empty negative space so the model cannot invent a second competing object (catalog variant 152).",textured graphite slate sample board,"split complementary lab lighting, teal and amber accents","crane-down from high three-quarter to eye-level hero on a straight descending path, then hold",Active,0,,crisp white clinical high-key grade,museum exhibit spotlight on a single artifact,Retatrutide,crane_settle,"starts high three-quarter, settles to eye-level hero"
LAB-431,153,sterile_env,"The primary subject is a HEPA fan filter unit ceiling grid, staged alone as a Palm Beach Vitality laboratory research catalog hero. If any label or printed panel appears, it must read exactly 'Selank' for laboratory research use only. One environmental hero zone with no operators and no clutter; airflow hardware reads clearly. Call out: one FFU in cleanroom ceiling grid, sterile architecture hero; finish with tack-sharp focus on the subject silhouette and key material edges.","Materials and construction: one FFU in cleanroom ceiling grid, sterile architecture hero — one complete sterile environment subject with believable scale, weight, and tactile surface response. Stage it on anodized navy aluminum deck plate under macro ring-light even field for scientific detail, with empty negative space so the model cannot invent a second competing object (catalog variant 153).",anodized navy aluminum deck plate,macro ring-light even field for scientific detail,"short vertical lift then lock off on the label plane — straight rise, then hold",Active,0,,teal-and-amber cinematic lab grade,luxury watch-ad lighting adapted to lab equipment,Selank,label_rise,locked on label/typography plane by the end
LAB-080,154,glassware,"The primary subject is a reagent bottle with glass stopper, staged alone as a Palm Beach Vitality laboratory research catalog hero. If any label or printed panel appears, it must read exactly 'Semaglutide' for laboratory research use only. Side-lit glass drama with caustics and a stable liquid surface; single piece only, no pipettes stealing the hero role. Call out: ground-glass stopper bottle; finish with expensive editorial science-magazine presence without lifestyle props.","Materials and construction: ground-glass stopper bottle — one complete glassware subject with believable scale, weight, and tactile surface response. Stage it on frosted optical glass riser on black field under cool clinical blue-white LED with specular glass caustics, with empty negative space so the model cannot invent a second competing object (catalog variant 154).",frosted optical glass riser on black field,cool clinical blue-white LED with specular glass caustics,"start on macro texture then straight pull-back to full hero, then hold",Active,0,,warm tungsten accents on cold metal grade,NASA hardware documentary sharpness,Semaglutide,pull_back,starts extreme close on material texture
LAB-499,155,qc_analytical,"The primary subject is a zeta potential cuvette, staged alone as a Palm Beach Vitality laboratory research catalog hero. If any label or printed panel appears, it must read exactly 'SEMAX' for laboratory research use only. Single QC system presence; keep secondary vials out unless they are the named subject itself. Finish with deep controlled shadows and bright product highlights for vertical 9:16.","Materials and construction: cuvette — one complete QC / analytical subject with believable scale, weight, and tactile surface response. Stage it on wet-look black porcelain tile under soft overhead softbox plus razor rim separation, with empty negative space so the model cannot invent a second competing object (catalog variant 155).",wet-look black porcelain tile,soft overhead softbox plus razor rim separation,"extreme macro with razor shallow depth of field; tiny forward drift only, then hold",Active,0,,neutral color-true pharmaceutical catalog grade,Vogue-still life precision for a scientific object,SEMAX,macro_detail,tight crop on engraved/metal/glass microtexture
LAB-056,156,research_pens,"The primary subject is a single research pen angled catalog pose, staged alone as a Palm Beach Vitality laboratory research catalog hero. If any label or printed panel appears, it must read exactly 'Sermorelin' for laboratory research use only. Emphasize the barrel window, dial collar, and matte/gloss finishes of one premium research pen — no skin, hands, needles, or injection staging. Call out: exactly one research pen at a slight angle, cap on, no second pen; finish with photoreal catalog finish with micro-scratches only where realism needs them.","Materials and construction: exactly one research pen at a slight angle, cap on, no second pen — one complete research pen subject with believable scale, weight, and tactile surface response. Stage it on pearl quartz lab surface under backlit translucent glow through glass or polymer only when physically real, with empty negative space so the model cannot invent a second competing object (catalog variant 156).",pearl quartz lab surface,backlit translucent glow through glass or polymer only when physically real,"handheld-stable micro drift forward only, scientific documentary energy, then hold",Active,0,,cool steel and ice-blue science grade,"Apple-keynote product intensity, still fully laboratory-real",Sermorelin,doc_drift,"documentary mid-shot, slightly imperfect handheld stability"
LAB-117,157,liquid_handling,"The primary subject is a 0.22 micron membrane filter cartridge, staged alone as a Palm Beach Vitality laboratory research catalog hero. If any label or printed panel appears, it must read exactly 'SS-31' for laboratory research use only. One micropipette or dispenser hero with sterile unused tip state and clean negative space for a catalog still. Call out: one small disc filter cartridge only, no needle, no syringe body; finish with premium studio contrast with soft falloff and crisp speculars.","Materials and construction: one small disc filter cartridge only, no needle, no syringe body — one complete liquid-handling subject with believable scale, weight, and tactile surface response. Stage it on polished black reflective acrylic with crisp mirror reflection under hard beauty dish key with deep controlled shadows, with empty negative space so the model cannot invent a second competing object (catalog variant 157).",polished black reflective acrylic with crisp mirror reflection,hard beauty dish key with deep controlled shadows,"slow straight push-in from medium shot to closer detail, then hold",Active,0,,high-contrast black and silver premium grade,editorial science magazine cover energy,SS-31,push_in,"medium hero starting frame, label readable by end"
LAB-354,158,cold_chain,"The primary subject is a freeze indicator labels roll, staged alone as a Palm Beach Vitality laboratory research catalog hero. If any label or printed panel appears, it must read exactly 'TA-1' for laboratory research use only. Frost-edge glass, gel packs, or logger pixels as supporting texture around a single hero object. Call out: freeze labels; finish with neutral color-true pharmaceutical look with no surreal CGI glow.","Materials and construction: freeze labels — one complete cold-chain subject with believable scale, weight, and tactile surface response. Stage it on matte pure white cyclorama with soft contact shadow under high-gloss catalog cross-light showing material microtexture, with empty negative space so the model cannot invent a second competing object (catalog variant 158).",matte pure white cyclorama with soft contact shadow,high-gloss catalog cross-light showing material microtexture,"low-angle tilt-up from underside to eye level, pivot only, no travel around subject, then hold",Active,0,,crisp white clinical high-key grade,museum exhibit spotlight on a single artifact,TA-1,tilt_reveal,low-angle power pose looking upward at instrument
LAB-463,159,ppe_sterile,"The primary subject is a cleanroom goggles sealed bag, staged alone as a Palm Beach Vitality laboratory research catalog hero. If any label or printed panel appears, it must read exactly 'TB-500' for laboratory research use only. One sterile accessory hero, brand-new state, photoreal material response, no medical theater. Finish with tack-sharp focus on the subject silhouette and key material edges.","Materials and construction: goggles — one complete PPE / sterile subject with believable scale, weight, and tactile surface response. Stage it on brushed stainless steel lab bench with linear grain highlights under fiber-optic accent kiss on metal edges, with empty negative space so the model cannot invent a second competing object (catalog variant 159).",brushed stainless steel lab bench with linear grain highlights,fiber-optic accent kiss on metal edges,"short side-profile track then settle on three-quarter angle — brief lateral only, then hard hold",Active,0,,teal-and-amber cinematic lab grade,luxury watch-ad lighting adapted to lab equipment,TB-500,profile_track,true side profile then settles to three-quarter facing
LAB-187,160,premium_equipment,"The primary subject is a Sanger sequencing capillary instrument, staged alone as a Palm Beach Vitality laboratory research catalog hero. If any label or printed panel appears, it must read exactly 'Tesamorelin' for laboratory research use only. Expensive capital equipment presence — painted metal, precision optics, museum-grade silhouette, one instrument only. Call out: one capillary sequencer module, premium genetics lab hardware; finish with expensive editorial science-magazine presence without lifestyle props.","Materials and construction: one capillary sequencer module, premium genetics lab hardware — one complete premium equipment subject with believable scale, weight, and tactile surface response. Stage it on dark charcoal epoxy resin countertop with subtle sparkle under dramatic dual rim lights with cool cyan edge and warm key, with empty negative space so the model cannot invent a second competing object (catalog variant 160).",dark charcoal epoxy resin countertop with subtle sparkle,dramatic dual rim lights with cool cyan edge and warm key,locked tripod hold with micro focus rack only — camera body does not travel,Active,0,,warm tungsten accents on cold metal grade,NASA hardware documentary sharpness,Tesamorelin,static_lock,"centered editorial hero, tripod-locked, subject fills mid-frame"
LAB-018,161,vials_containers,"The primary subject is a multi-dose research vial with intact seal, staged alone as a Palm Beach Vitality laboratory research catalog hero. If any label or printed panel appears, it must read exactly 'Tesamorelin/Ipamorelin' for laboratory research use only. Catch warm transmission through the glass wall, a readable shoulder highlight, and a sealed sterile top with empty negative space around the hero. Call out: crimp seal unbroken, lot stub area blank; finish with deep controlled shadows and bright product highlights for vertical 9:16.","Materials and construction: crimp seal unbroken, lot stub area blank — one complete vial / container subject with believable scale, weight, and tactile surface response. Stage it on obsidian glass plate with deep reflection under low-key cinematic spotlight on subject, velvet falloff, with empty negative space so the model cannot invent a second competing object (catalog variant 161).",obsidian glass plate with deep reflection,"low-key cinematic spotlight on subject, velvet falloff","slow overhead descend straight down into top-down composition, then hold",Active,0,,neutral color-true pharmaceutical catalog grade,Vogue-still life precision for a scientific object,Tesamorelin/Ipamorelin,top_down,"overhead geometric catalog composition, subject centered in plan view"
LAB-147,162,instruments,"The primary subject is an analytical microbalance with illuminated draft chamber, staged alone as a Palm Beach Vitality laboratory research catalog hero. If any label or printed panel appears, it must read exactly 'Tirzepatide' for laboratory research use only. Show ports, fasteners, and status UI as quiet detail while the overall form stays the undeniable subject. Call out: one balance hero, internal light on empty pan, mirrored steel, luxury lab catalog; finish with photoreal catalog finish with micro-scratches only where realism needs them.","Materials and construction: one balance hero, internal light on empty pan, mirrored steel, luxury lab catalog — one complete instrument subject with believable scale, weight, and tactile surface response. Stage it on mirrored chrome instrument deck catching rim light under split complementary lab lighting, teal and amber accents, with empty negative space so the model cannot invent a second competing object (catalog variant 162).",mirrored chrome instrument deck catching rim light,"split complementary lab lighting, teal and amber accents","soft pedestal up a few centimeters while lighting wrap shifts; no sideways travel, then hold",Active,0,,cool steel and ice-blue science grade,"Apple-keynote product intensity, still fully laboratory-real",Tirzepatide,pedestal_light,eye-level catalog hero; light wrap changes on metal edges
LAB-456,163,sterile_env,"The primary subject is a cleanroom pass-through with interlocking lights, staged alone as a Palm Beach Vitality laboratory research catalog hero. If any label or printed panel appears, it must read exactly '5-Amino-1MQ' for laboratory research use only. Empty BSC/hood/airlock presence as the sole subject — research facility, not a lifestyle interior. Call out: one stainless pass-through chamber, status lights, sterile logistics — not a cardboard box; finish with premium studio contrast with soft falloff and crisp speculars.","Materials and construction: one stainless pass-through chamber, status lights, sterile logistics — not a cardboard box — one complete sterile environment subject with believable scale, weight, and tactile surface response. Stage it on white melamine cleanroom table with clinical clarity under macro ring-light even field for scientific detail, with empty negative space so the model cannot invent a second competing object (catalog variant 163).",white melamine cleanroom table with clinical clarity,macro ring-light even field for scientific detail,"locked offset composition with subtle breathing push-in only, then hold",Active,0,,high-contrast black and silver premium grade,editorial science magazine cover energy,5-Amino-1MQ,offset_hero,"subject placed on left or right third, negative space opposite"
LAB-081,164,glassware,"The primary subject is a Buchner flask side arm, staged alone as a Palm Beach Vitality laboratory research catalog hero. If any label or printed panel appears, it must read exactly 'AOD-9604' for laboratory research use only. Catch a sharp meniscus, optical distortion, and studio highlights traveling through one vessel — no crowded flask rack behind it. Call out: vacuum flask, thick glass; finish with neutral color-true pharmaceutical look with no surreal CGI glow.","Materials and construction: vacuum flask, thick glass — one complete glassware subject with believable scale, weight, and tactile surface response. Stage it on textured graphite slate sample board under cool clinical blue-white LED with specular glass caustics, with empty negative space so the model cannot invent a second competing object (catalog variant 164).",textured graphite slate sample board,cool clinical blue-white LED with specular glass caustics,"lateral slide left-to-right past the subject, focus locked, straight horizontal path, then hold",Active,0,,crisp white clinical high-key grade,museum exhibit spotlight on a single artifact,AOD-9604,lateral_slide,subject slightly off-center; specular highlights travel across form
LAB-195,165,qc_analytical,"The primary subject is a karl fischer titrator, staged alone as a Palm Beach Vitality laboratory research catalog hero. If any label or printed panel appears, it must read exactly 'BPC-157' for laboratory research use only. Analytical instrument catalog drama with expensive metal/polymer mix and no competing open sample clutter. Call out: one KF titrator, glass titration cell empty, analytical chemistry hero; finish with tack-sharp focus on the subject silhouette and key material edges.","Materials and construction: one KF titrator, glass titration cell empty, analytical chemistry hero — one complete QC / analytical subject with believable scale, weight, and tactile surface response. Stage it on anodized navy aluminum deck plate under soft overhead softbox plus razor rim separation, with empty negative space so the model cannot invent a second competing object (catalog variant 165).",anodized navy aluminum deck plate,soft overhead softbox plus razor rim separation,"slow straight push-out from tight crop to full product, then hold",Active,0,,teal-and-amber cinematic lab grade,luxury watch-ad lighting adapted to lab equipment,BPC-157,push_out,"starts tight crop on badge/port/edge, ends full product in frame"
LAB-057,166,research_pens,"The primary subject is a research pen with color-coded ring marker, staged alone as a Palm Beach Vitality laboratory research catalog hero. If any label or printed panel appears, it must read exactly 'BPC-157/TB-500' for laboratory research use only. Read as expensive research hardware: dosage window, clip, and tip cover, isolated on a clean catalog surface. Call out: ring marker as inventory ID only; finish with expensive editorial science-magazine presence without lifestyle props.","Materials and construction: ring marker as inventory ID only — one complete research pen subject with believable scale, weight, and tactile surface response. Stage it on frosted optical glass riser on black field under backlit translucent glow through glass or polymer only when physically real, with empty negative space so the model cannot invent a second competing object (catalog variant 166).",frosted optical glass riser on black field,backlit translucent glow through glass or polymer only when physically real,"very slow push-in from wide sterile environment into subject-dominant frame, then hold",Active,0,,warm tungsten accents on cold metal grade,NASA hardware documentary sharpness,BPC-157/TB-500,wide_env,wider sterile environment context with subject still dominant
LAB-118,167,liquid_handling,"The primary subject is a sterile 0.22 micron membrane filter unit, staged alone as a Palm Beach Vitality laboratory research catalog hero. If any label or printed panel appears, it must read exactly 'Cagrilinitide' for laboratory research use only. Clinical product photography of a single liquid-handling instrument, idle and unused, sharp edge detail. Call out: one sterile filter disc unit only, no syringe, no needle; finish with deep controlled shadows and bright product highlights for vertical 9:16.","Materials and construction: one sterile filter disc unit only, no syringe, no needle — one complete liquid-handling subject with believable scale, weight, and tactile surface response. Stage it on wet-look black porcelain tile under hard beauty dish key with deep controlled shadows, with empty negative space so the model cannot invent a second competing object (catalog variant 167).",wet-look black porcelain tile,hard beauty dish key with deep controlled shadows,"gentle vertical rise from base to top of subject, path is a straight up-line, then hold",Active,0,,neutral color-true pharmaceutical catalog grade,Vogue-still life precision for a scientific object,Cagrilinitide,vertical_rise,"base of subject at bottom third, rises to top detail"
LAB-355,168,cold_chain,"The primary subject is a warm indicator labels pack, staged alone as a Palm Beach Vitality laboratory research catalog hero. If any label or printed panel appears, it must read exactly 'CJC (no DAC)' for laboratory research use only. Cold-chain drama: frost texture, insulation, logger screens, or sealed cold packaging — research context only. Call out: heat exposure labels; finish with photoreal catalog finish with micro-scratches only where realism needs them.","Materials and construction: heat exposure labels — one complete cold-chain subject with believable scale, weight, and tactile surface response. Stage it on pearl quartz lab surface under high-gloss catalog cross-light showing material microtexture, with empty negative space so the model cannot invent a second competing object (catalog variant 168).",pearl quartz lab surface,high-gloss catalog cross-light showing material microtexture,"crane-down from high three-quarter to eye-level hero on a straight descending path, then hold",Active,0,,cool steel and ice-blue science grade,"Apple-keynote product intensity, still fully laboratory-real",CJC (no DAC),crane_settle,"starts high three-quarter, settles to eye-level hero"
LAB-465,169,ppe_sterile,"The primary subject is a single cut-resistant glove folded, staged alone as a Palm Beach Vitality laboratory research catalog hero. If any label or printed panel appears, it must read exactly 'CJC (no DAC)/Ipamorelin' for laboratory research use only. Sterile catalog still of a single PPE piece; no worn gloves, no people, no procedure staging. Call out: exactly one glove, folded, unused; finish with premium studio contrast with soft falloff and crisp speculars.","Materials and construction: exactly one glove, folded, unused — one complete PPE / sterile subject with believable scale, weight, and tactile surface response. Stage it on polished black reflective acrylic with crisp mirror reflection under fiber-optic accent kiss on metal edges, with empty negative space so the model cannot invent a second competing object (catalog variant 169).",polished black reflective acrylic with crisp mirror reflection,fiber-optic accent kiss on metal edges,"short vertical lift then lock off on the label plane — straight rise, then hold",Active,0,,high-contrast black and silver premium grade,editorial science magazine cover energy,CJC (no DAC)/Ipamorelin,label_rise,locked on label/typography plane by the end
LAB-212,170,premium_equipment,"The primary subject is a real-time PCR thermocycler, staged alone as a Palm Beach Vitality laboratory research catalog hero. If any label or printed panel appears, it must read exactly 'DSIP' for laboratory research use only. Editorial science cover energy: polished housings, turret/stage/arm detail, deep controlled falloff. Call out: one qPCR instrument, block closed, vivid display curves aesthetic without readable patient data; finish with neutral color-true pharmaceutical look with no surreal CGI glow.","Materials and construction: one qPCR instrument, block closed, vivid display curves aesthetic without readable patient data — one complete premium equipment subject with believable scale, weight, and tactile surface response. Stage it on matte pure white cyclorama with soft contact shadow under dramatic dual rim lights with cool cyan edge and warm key, with empty negative space so the model cannot invent a second competing object (catalog variant 170).",matte pure white cyclorama with soft contact shadow,dramatic dual rim lights with cool cyan edge and warm key,"start on macro texture then straight pull-back to full hero, then hold",Active,0,,crisp white clinical high-key grade,museum exhibit spotlight on a single artifact,DSIP,pull_back,starts extreme close on material texture
LAB-019,171,vials_containers,"The primary subject is a clear research vial with colorless liquid fill, staged alone as a Palm Beach Vitality laboratory research catalog hero. If any label or printed panel appears, it must read exactly 'GHK-Cu' for laboratory research use only. Premium peptide-vial catalog energy — glass weight, fill-line clarity, and clinical side light with zero lifestyle props. Call out: one single-chamber vial, clear liquid only, no cake, no powder plug, no dual chamber; finish with tack-sharp focus on the subject silhouette and key material edges.","Materials and construction: one single-chamber vial, clear liquid only, no cake, no powder plug, no dual chamber — one complete vial / container subject with believable scale, weight, and tactile surface response. Stage it on brushed stainless steel lab bench with linear grain highlights under low-key cinematic spotlight on subject, velvet falloff, with empty negative space so the model cannot invent a second competing object (catalog variant 171).",brushed stainless steel lab bench with linear grain highlights,"low-key cinematic spotlight on subject, velvet falloff","extreme macro with razor shallow depth of field; tiny forward drift only, then hold",Active,0,,teal-and-amber cinematic lab grade,luxury watch-ad lighting adapted to lab equipment,GHK-Cu,macro_detail,tight crop on engraved/metal/glass microtexture
LAB-148,172,instruments,"The primary subject is a pH meter with electrode in holder, staged alone as a Palm Beach Vitality laboratory research catalog hero. If any label or printed panel appears, it must read exactly 'GLOW' for laboratory research use only. Credible lab-instrument materials: brushed metal, polymer housings, ports, displays, tight tolerances — idle catalog state. Call out: benchtop pH meter, probe parked; finish with expensive editorial science-magazine presence without lifestyle props.","Materials and construction: benchtop pH meter, probe parked — one complete instrument subject with believable scale, weight, and tactile surface response. Stage it on dark charcoal epoxy resin countertop with subtle sparkle under split complementary lab lighting, teal and amber accents, with empty negative space so the model cannot invent a second competing object (catalog variant 172).",dark charcoal epoxy resin countertop with subtle sparkle,"split complementary lab lighting, teal and amber accents","handheld-stable micro drift forward only, scientific documentary energy, then hold",Active,0,,warm tungsten accents on cold metal grade,NASA hardware documentary sharpness,GLOW,doc_drift,"documentary mid-shot, slightly imperfect handheld stability"
LAB-432,173,sterile_env,"The primary subject is a laboratory glasswash machine interior, staged alone as a Palm Beach Vitality laboratory research catalog hero. If any label or printed panel appears, it must read exactly 'KLOW' for laboratory research use only. One environmental hero zone with no operators and no clutter; airflow hardware reads clearly. Call out: one glasswash chamber interior empty, stainless jets, sterile support; finish with deep controlled shadows and bright product highlights for vertical 9:16.","Materials and construction: one glasswash chamber interior empty, stainless jets, sterile support — one complete sterile environment subject with believable scale, weight, and tactile surface response. Stage it on obsidian glass plate with deep reflection under macro ring-light even field for scientific detail, with empty negative space so the model cannot invent a second competing object (catalog variant 173).",obsidian glass plate with deep reflection,macro ring-light even field for scientific detail,"slow straight push-in from medium shot to closer detail, then hold",Active,0,,neutral color-true pharmaceutical catalog grade,Vogue-still life precision for a scientific object,KLOW,push_in,"medium hero starting frame, label readable by end"
LAB-082,174,glassware,"The primary subject is a filter funnel in ring stand clamp, staged alone as a Palm Beach Vitality laboratory research catalog hero. If any label or printed panel appears, it must read exactly 'KPV' for laboratory research use only. Side-lit glass drama with caustics and a stable liquid surface; single piece only, no pipettes stealing the hero role. Call out: funnel clamped, no liquid pour in progress; finish with photoreal catalog finish with micro-scratches only where realism needs them.","Materials and construction: funnel clamped, no liquid pour in progress — one complete glassware subject with believable scale, weight, and tactile surface response. Stage it on mirrored chrome instrument deck catching rim light under cool clinical blue-white LED with specular glass caustics, with empty negative space so the model cannot invent a second competing object (catalog variant 174).",mirrored chrome instrument deck catching rim light,cool clinical blue-white LED with specular glass caustics,"low-angle tilt-up from underside to eye level, pivot only, no travel around subject, then hold",Active,0,,cool steel and ice-blue science grade,"Apple-keynote product intensity, still fully laboratory-real",KPV,tilt_reveal,low-angle power pose looking upward at instrument
LAB-220,175,qc_analytical,"The primary subject is a differential scanning calorimeter, staged alone as a Palm Beach Vitality laboratory research catalog hero. If any label or printed panel appears, it must read exactly 'Melanotan 2' for laboratory research use only. Single QC system presence; keep secondary vials out unless they are the named subject itself. Call out: one DSC instrument, furnace head, thermal analysis premium; finish with premium studio contrast with soft falloff and crisp speculars.","Materials and construction: one DSC instrument, furnace head, thermal analysis premium — one complete QC / analytical subject with believable scale, weight, and tactile surface response. Stage it on white melamine cleanroom table with clinical clarity under soft overhead softbox plus razor rim separation, with empty negative space so the model cannot invent a second competing object (catalog variant 175).",white melamine cleanroom table with clinical clarity,soft overhead softbox plus razor rim separation,"short side-profile track then settle on three-quarter angle — brief lateral only, then hard hold",Active,0,,high-contrast black and silver premium grade,editorial science magazine cover energy,Melanotan 2,profile_track,true side profile then settles to three-quarter facing
LAB-058,176,research_pens,"The primary subject is a research pen barrel filled with clear solution, staged alone as a Palm Beach Vitality laboratory research catalog hero. If any label or printed panel appears, it must read exactly 'MOTS-C' for laboratory research use only. Emphasize the barrel window, dial collar, and matte/gloss finishes of one premium research pen — no skin, hands, needles, or injection staging. Call out: optical clarity of liquid emphasized; finish with neutral color-true pharmaceutical look with no surreal CGI glow.","Materials and construction: optical clarity of liquid emphasized — one complete research pen subject with believable scale, weight, and tactile surface response. Stage it on textured graphite slate sample board under backlit translucent glow through glass or polymer only when physically real, with empty negative space so the model cannot invent a second competing object (catalog variant 176).",textured graphite slate sample board,backlit translucent glow through glass or polymer only when physically real,locked tripod hold with micro focus rack only — camera body does not travel,Active,0,,crisp white clinical high-key grade,museum exhibit spotlight on a single artifact,MOTS-C,static_lock,"centered editorial hero, tripod-locked, subject fills mid-frame"
LAB-120,177,liquid_handling,"The primary subject is a calibration balance weight next to pipette, staged alone as a Palm Beach Vitality laboratory research catalog hero. If any label or printed panel appears, it must read exactly 'NAD+' for laboratory research use only. One micropipette or dispenser hero with sterile unused tip state and clean negative space for a catalog still. Call out: pipette accuracy still life; finish with tack-sharp focus on the subject silhouette and key material edges.","Materials and construction: pipette accuracy still life — one complete liquid-handling subject with believable scale, weight, and tactile surface response. Stage it on anodized navy aluminum deck plate under hard beauty dish key with deep controlled shadows, with empty negative space so the model cannot invent a second competing object (catalog variant 177).",anodized navy aluminum deck plate,hard beauty dish key with deep controlled shadows,"slow overhead descend straight down into top-down composition, then hold",Active,0,,teal-and-amber cinematic lab grade,luxury watch-ad lighting adapted to lab equipment,NAD+,top_down,"overhead geometric catalog composition, subject centered in plan view"
LAB-356,178,cold_chain,"The primary subject is a gel pack honeycomb style, staged alone as a Palm Beach Vitality laboratory research catalog hero. If any label or printed panel appears, it must read exactly 'PT-141' for laboratory research use only. Frost-edge glass, gel packs, or logger pixels as supporting texture around a single hero object. Call out: textured gel pack; finish with expensive editorial science-magazine presence without lifestyle props.","Materials and construction: textured gel pack — one complete cold-chain subject with believable scale, weight, and tactile surface response. Stage it on frosted optical glass riser on black field under high-gloss catalog cross-light showing material microtexture, with empty negative space so the model cannot invent a second competing object (catalog variant 178).",frosted optical glass riser on black field,high-gloss catalog cross-light showing material microtexture,"soft pedestal up a few centimeters while lighting wrap shifts; no sideways travel, then hold",Active,0,,warm tungsten accents on cold metal grade,NASA hardware documentary sharpness,PT-141,pedestal_light,eye-level catalog hero; light wrap changes on metal edges
LAB-466,179,ppe_sterile,"The primary subject is a cryo apron folded, staged alone as a Palm Beach Vitality laboratory research catalog hero. If any label or printed panel appears, it must read exactly 'Retatrutide' for laboratory research use only. One sterile accessory hero, brand-new state, photoreal material response, no medical theater. Finish with deep controlled shadows and bright product highlights for vertical 9:16.","Materials and construction: apron — one complete PPE / sterile subject with believable scale, weight, and tactile surface response. Stage it on wet-look black porcelain tile under fiber-optic accent kiss on metal edges, with empty negative space so the model cannot invent a second competing object (catalog variant 179).",wet-look black porcelain tile,fiber-optic accent kiss on metal edges,"locked offset composition with subtle breathing push-in only, then hold",Active,0,,neutral color-true pharmaceutical catalog grade,Vogue-still life precision for a scientific object,Retatrutide,offset_hero,"subject placed on left or right third, negative space opposite"
LAB-107,180,premium_equipment,"The primary subject is a digital PCR system, staged alone as a Palm Beach Vitality laboratory research catalog hero. If any label or printed panel appears, it must read exactly 'Selank' for laboratory research use only. Expensive capital equipment presence — painted metal, precision optics, museum-grade silhouette, one instrument only. Call out: one digital PCR instrument, compact premium biotech hero; finish with photoreal catalog finish with micro-scratches only where realism needs them.","Materials and construction: one digital PCR instrument, compact premium biotech hero — one complete premium equipment subject with believable scale, weight, and tactile surface response. Stage it on pearl quartz lab surface under dramatic dual rim lights with cool cyan edge and warm key, with empty negative space so the model cannot invent a second competing object (catalog variant 180).",pearl quartz lab surface,dramatic dual rim lights with cool cyan edge and warm key,"lateral slide left-to-right past the subject, focus locked, straight horizontal path, then hold",Active,0,,cool steel and ice-blue science grade,"Apple-keynote product intensity, still fully laboratory-real",Selank,lateral_slide,subject slightly off-center; specular highlights travel across form
LAB-020,181,vials_containers,"The primary subject is a tall chromatography collection vial, staged alone as a Palm Beach Vitality laboratory research catalog hero. If any label or printed panel appears, it must read exactly 'Semaglutide' for laboratory research use only. Catch warm transmission through the glass wall, a readable shoulder highlight, and a sealed sterile top with empty negative space around the hero. Call out: narrow clear vial, labeled rack slot; finish with premium studio contrast with soft falloff and crisp speculars.","Materials and construction: narrow clear vial, labeled rack slot — one complete vial / container subject with believable scale, weight, and tactile surface response. Stage it on polished black reflective acrylic with crisp mirror reflection under low-key cinematic spotlight on subject, velvet falloff, with empty negative space so the model cannot invent a second competing object (catalog variant 181).",polished black reflective acrylic with crisp mirror reflection,"low-key cinematic spotlight on subject, velvet falloff","slow straight push-out from tight crop to full product, then hold",Active,0,,high-contrast black and silver premium grade,editorial science magazine cover energy,Semaglutide,push_out,"starts tight crop on badge/port/edge, ends full product in frame"
LAB-149,182,instruments,"The primary subject is a magnetic stir plate with stir bar in beaker, staged alone as a Palm Beach Vitality laboratory research catalog hero. If any label or printed panel appears, it must read exactly 'SEMAX' for laboratory research use only. Show ports, fasteners, and status UI as quiet detail while the overall form stays the undeniable subject. Call out: plate off, beaker centered; finish with neutral color-true pharmaceutical look with no surreal CGI glow.","Materials and construction: plate off, beaker centered — one complete instrument subject with believable scale, weight, and tactile surface response. Stage it on matte pure white cyclorama with soft contact shadow under split complementary lab lighting, teal and amber accents, with empty negative space so the model cannot invent a second competing object (catalog variant 182).",matte pure white cyclorama with soft contact shadow,"split complementary lab lighting, teal and amber accents","very slow push-in from wide sterile environment into subject-dominant frame, then hold",Active,0,,crisp white clinical high-key grade,museum exhibit spotlight on a single artifact,SEMAX,wide_env,wider sterile environment context with subject still dominant
LAB-457,183,sterile_env,"The primary subject is a depyrogenation oven tunnel detail, staged alone as a Palm Beach Vitality laboratory research catalog hero. If any label or printed panel appears, it must read exactly 'Sermorelin' for laboratory research use only. Empty BSC/hood/airlock presence as the sole subject — research facility, not a lifestyle interior. Call out: one depyrogenation oven section, pharma glassware processing; finish with tack-sharp focus on the subject silhouette and key material edges.","Materials and construction: one depyrogenation oven section, pharma glassware processing — one complete sterile environment subject with believable scale, weight, and tactile surface response. Stage it on brushed stainless steel lab bench with linear grain highlights under macro ring-light even field for scientific detail, with empty negative space so the model cannot invent a second competing object (catalog variant 183).",brushed stainless steel lab bench with linear grain highlights,macro ring-light even field for scientific detail,"gentle vertical rise from base to top of subject, path is a straight up-line, then hold",Active,0,,teal-and-amber cinematic lab grade,luxury watch-ad lighting adapted to lab equipment,Sermorelin,vertical_rise,"base of subject at bottom third, rises to top detail"
LAB-083,184,glassware,"The primary subject is a test tube rack with six empty tubes, staged alone as a Palm Beach Vitality laboratory research catalog hero. If any label or printed panel appears, it must read exactly 'SS-31' for laboratory research use only. Catch a sharp meniscus, optical distortion, and studio highlights traveling through one vessel — no crowded flask rack behind it. Call out: wooden or polypropylene rack filled; finish with expensive editorial science-magazine presence without lifestyle props.","Materials and construction: wooden or polypropylene rack filled — one complete glassware subject with believable scale, weight, and tactile surface response. Stage it on dark charcoal epoxy resin countertop with subtle sparkle under cool clinical blue-white LED with specular glass caustics, with empty negative space so the model cannot invent a second competing object (catalog variant 184).",dark charcoal epoxy resin countertop with subtle sparkle,cool clinical blue-white LED with specular glass caustics,"crane-down from high three-quarter to eye-level hero on a straight descending path, then hold",Active,0,,warm tungsten accents on cold metal grade,NASA hardware documentary sharpness,SS-31,crane_settle,"starts high three-quarter, settles to eye-level hero"
LAB-115,185,qc_analytical,"The primary subject is a rheometer measuring head, staged alone as a Palm Beach Vitality laboratory research catalog hero. If any label or printed panel appears, it must read exactly 'TA-1' for laboratory research use only. Analytical instrument catalog drama with expensive metal/polymer mix and no competing open sample clutter. Call out: one rheometer geometry head, polished steel, materials science; finish with deep controlled shadows and bright product highlights for vertical 9:16.","Materials and construction: one rheometer geometry head, polished steel, materials science — one complete QC / analytical subject with believable scale, weight, and tactile surface response. Stage it on obsidian glass plate with deep reflection under soft overhead softbox plus razor rim separation, with empty negative space so the model cannot invent a second competing object (catalog variant 185).",obsidian glass plate with deep reflection,soft overhead softbox plus razor rim separation,"short vertical lift then lock off on the label plane — straight rise, then hold",Active,0,,neutral color-true pharmaceutical catalog grade,Vogue-still life precision for a scientific object,TA-1,label_rise,locked on label/typography plane by the end
LAB-059,186,research_pens,"The primary subject is a research pen on matte white seamless paper, staged alone as a Palm Beach Vitality laboratory research catalog hero. If any label or printed panel appears, it must read exactly 'TB-500' for laboratory research use only. Read as expensive research hardware: dosage window, clip, and tip cover, isolated on a clean catalog surface. Call out: one capped research pen on plain white paper backdrop; finish with photoreal catalog finish with micro-scratches only where realism needs them.","Materials and construction: one capped research pen on plain white paper backdrop — one complete research pen subject with believable scale, weight, and tactile surface response. Stage it on mirrored chrome instrument deck catching rim light under backlit translucent glow through glass or polymer only when physically real, with empty negative space so the model cannot invent a second competing object (catalog variant 186).",mirrored chrome instrument deck catching rim light,backlit translucent glow through glass or polymer only when physically real,"start on macro texture then straight pull-back to full hero, then hold",Active,0,,cool steel and ice-blue science grade,"Apple-keynote product intensity, still fully laboratory-real",TB-500,pull_back,starts extreme close on material texture
LAB-121,187,liquid_handling,"The primary subject is a PCR plate with sealed film, staged alone as a Palm Beach Vitality laboratory research catalog hero. If any label or printed panel appears, it must read exactly 'Tesamorelin' for laboratory research use only. Clinical product photography of a single liquid-handling instrument, idle and unused, sharp edge detail. Call out: 96-well plate, clear seal; finish with premium studio contrast with soft falloff and crisp speculars.","Materials and construction: 96-well plate, clear seal — one complete liquid-handling subject with believable scale, weight, and tactile surface response. Stage it on white melamine cleanroom table with clinical clarity under hard beauty dish key with deep controlled shadows, with empty negative space so the model cannot invent a second competing object (catalog variant 187).",white melamine cleanroom table with clinical clarity,hard beauty dish key with deep controlled shadows,"extreme macro with razor shallow depth of field; tiny forward drift only, then hold",Active,0,,high-contrast black and silver premium grade,editorial science magazine cover energy,Tesamorelin,macro_detail,tight crop on engraved/metal/glass microtexture
LAB-357,188,cold_chain,"The primary subject is a PCM panel flat pack, staged alone as a Palm Beach Vitality laboratory research catalog hero. If any label or printed panel appears, it must read exactly 'Tesamorelin/Ipamorelin' for laboratory research use only. Cold-chain drama: frost texture, insulation, logger screens, or sealed cold packaging — research context only. Call out: phase change panel; finish with neutral color-true pharmaceutical look with no surreal CGI glow.","Materials and construction: phase change panel — one complete cold-chain subject with believable scale, weight, and tactile surface response. Stage it on textured graphite slate sample board under high-gloss catalog cross-light showing material microtexture, with empty negative space so the model cannot invent a second competing object (catalog variant 188).",textured graphite slate sample board,high-gloss catalog cross-light showing material microtexture,"handheld-stable micro drift forward only, scientific documentary energy, then hold",Active,0,,crisp white clinical high-key grade,museum exhibit spotlight on a single artifact,Tesamorelin/Ipamorelin,doc_drift,"documentary mid-shot, slightly imperfect handheld stability"
LAB-467,189,ppe_sterile,"The primary subject is a chemical apron neoprene folded, staged alone as a Palm Beach Vitality laboratory research catalog hero. If any label or printed panel appears, it must read exactly 'Tirzepatide' for laboratory research use only. Sterile catalog still of a single PPE piece; no worn gloves, no people, no procedure staging. Finish with tack-sharp focus on the subject silhouette and key material edges.","Materials and construction: apron — one complete PPE / sterile subject with believable scale, weight, and tactile surface response. Stage it on anodized navy aluminum deck plate under fiber-optic accent kiss on metal edges, with empty negative space so the model cannot invent a second competing object (catalog variant 189).",anodized navy aluminum deck plate,fiber-optic accent kiss on metal edges,"slow straight push-in from medium shot to closer detail, then hold",Active,0,,teal-and-amber cinematic lab grade,luxury watch-ad lighting adapted to lab equipment,Tirzepatide,push_in,"medium hero starting frame, label readable by end"
LAB-188,190,premium_equipment,"The primary subject is an automated liquid handling robot, staged alone as a Palm Beach Vitality laboratory research catalog hero. If any label or printed panel appears, it must read exactly '5-Amino-1MQ' for laboratory research use only. Editorial science cover energy: polished housings, turret/stage/arm detail, deep controlled falloff. Call out: one deck of a liquid handler with gantry arm parked, empty tips nests, no plates loaded with samples; finish with expensive editorial science-magazine presence without lifestyle props.","Materials and construction: one deck of a liquid handler with gantry arm parked, empty tips nests, no plates loaded with samples — one complete premium equipment subject with believable scale, weight, and tactile surface response. Stage it on frosted optical glass riser on black field under dramatic dual rim lights with cool cyan edge and warm key, with empty negative space so the model cannot invent a second competing object (catalog variant 190).",frosted optical glass riser on black field,dramatic dual rim lights with cool cyan edge and warm key,"low-angle tilt-up from underside to eye level, pivot only, no travel around subject, then hold",Active,0,,warm tungsten accents on cold metal grade,NASA hardware documentary sharpness,5-Amino-1MQ,tilt_reveal,low-angle power pose looking upward at instrument
LAB-021,191,vials_containers,"The primary subject is a short stubby sample vial with red cap, staged alone as a Palm Beach Vitality laboratory research catalog hero. If any label or printed panel appears, it must read exactly 'AOD-9604' for laboratory research use only. Premium peptide-vial catalog energy — glass weight, fill-line clarity, and clinical side light with zero lifestyle props. Call out: wide-mouth sample vial, red screw cap; finish with deep controlled shadows and bright product highlights for vertical 9:16.","Materials and construction: wide-mouth sample vial, red screw cap — one complete vial / container subject with believable scale, weight, and tactile surface response. Stage it on wet-look black porcelain tile under low-key cinematic spotlight on subject, velvet falloff, with empty negative space so the model cannot invent a second competing object (catalog variant 191).",wet-look black porcelain tile,"low-key cinematic spotlight on subject, velvet falloff","short side-profile track then settle on three-quarter angle — brief lateral only, then hard hold",Active,0,,neutral color-true pharmaceutical catalog grade,Vogue-still life precision for a scientific object,AOD-9604,profile_track,true side profile then settles to three-quarter facing
LAB-150,192,instruments,"The primary subject is a vortex mixer alone, staged alone as a Palm Beach Vitality laboratory research catalog hero. If any label or printed panel appears, it must read exactly 'BPC-157' for laboratory research use only. Credible lab-instrument materials: brushed metal, polymer housings, ports, displays, tight tolerances — idle catalog state. Call out: classic vortexer; finish with photoreal catalog finish with micro-scratches only where realism needs them.","Materials and construction: classic vortexer — one complete instrument subject with believable scale, weight, and tactile surface response. Stage it on pearl quartz lab surface under split complementary lab lighting, teal and amber accents, with empty negative space so the model cannot invent a second competing object (catalog variant 192).",pearl quartz lab surface,"split complementary lab lighting, teal and amber accents",locked tripod hold with micro focus rack only — camera body does not travel,Active,0,,cool steel and ice-blue science grade,"Apple-keynote product intensity, still fully laboratory-real",BPC-157,static_lock,"centered editorial hero, tripod-locked, subject fills mid-frame"
LAB-178,193,sterile_env,"The primary subject is a pharmaceutical isolator fill finish mock empty, staged alone as a Palm Beach Vitality laboratory research catalog hero. If any label or printed panel appears, it must read exactly 'BPC-157/TB-500' for laboratory research use only. One environmental hero zone with no operators and no clutter; airflow hardware reads clearly. Call out: one isolator fill-finish deck empty of product, sterile steel, no vials loaded; finish with premium studio contrast with soft falloff and crisp speculars.","Materials and construction: one isolator fill-finish deck empty of product, sterile steel, no vials loaded — one complete sterile environment subject with believable scale, weight, and tactile surface response. Stage it on polished black reflective acrylic with crisp mirror reflection under macro ring-light even field for scientific detail, with empty negative space so the model cannot invent a second competing object (catalog variant 193).",polished black reflective acrylic with crisp mirror reflection,macro ring-light even field for scientific detail,"slow overhead descend straight down into top-down composition, then hold",Active,0,,high-contrast black and silver premium grade,editorial science magazine cover energy,BPC-157/TB-500,top_down,"overhead geometric catalog composition, subject centered in plan view"
LAB-084,194,glassware,"The primary subject is a single test tube with clear solution, staged alone as a Palm Beach Vitality laboratory research catalog hero. If any label or printed panel appears, it must read exactly 'Cagrilinitide' for laboratory research use only. Side-lit glass drama with caustics and a stable liquid surface; single piece only, no pipettes stealing the hero role. Call out: tube upright in single well; finish with neutral color-true pharmaceutical look with no surreal CGI glow.","Materials and construction: tube upright in single well — one complete glassware subject with believable scale, weight, and tactile surface response. Stage it on matte pure white cyclorama with soft contact shadow under cool clinical blue-white LED with specular glass caustics, with empty negative space so the model cannot invent a second competing object (catalog variant 194).",matte pure white cyclorama with soft contact shadow,cool clinical blue-white LED with specular glass caustics,"soft pedestal up a few centimeters while lighting wrap shifts; no sideways travel, then hold",Active,0,,crisp white clinical high-key grade,museum exhibit spotlight on a single artifact,Cagrilinitide,pedestal_light,eye-level catalog hero; light wrap changes on metal edges
LAB-500,195,qc_analytical,"The primary subject is a rheometer geometry plate, staged alone as a Palm Beach Vitality laboratory research catalog hero. If any label or printed panel appears, it must read exactly 'CJC (no DAC)' for laboratory research use only. Single QC system presence; keep secondary vials out unless they are the named subject itself. Finish with tack-sharp focus on the subject silhouette and key material edges.","Materials and construction: plate — one complete QC / analytical subject with believable scale, weight, and tactile surface response. Stage it on brushed stainless steel lab bench with linear grain highlights under soft overhead softbox plus razor rim separation, with empty negative space so the model cannot invent a second competing object (catalog variant 195).",brushed stainless steel lab bench with linear grain highlights,soft overhead softbox plus razor rim separation,"locked offset composition with subtle breathing push-in only, then hold",Active,0,,teal-and-amber cinematic lab grade,luxury watch-ad lighting adapted to lab equipment,CJC (no DAC),offset_hero,"subject placed on left or right third, negative space opposite"
LAB-060,196,research_pens,"The primary subject is a research pen silhouette edge-lit, staged alone as a Palm Beach Vitality laboratory research catalog hero. If any label or printed panel appears, it must read exactly 'CJC (no DAC)/Ipamorelin' for laboratory research use only. Emphasize the barrel window, dial collar, and matte/gloss finishes of one premium research pen — no skin, hands, needles, or injection staging. Call out: rim light outlining form, dark field; finish with expensive editorial science-magazine presence without lifestyle props.","Materials and construction: rim light outlining form, dark field — one complete research pen subject with believable scale, weight, and tactile surface response. Stage it on dark charcoal epoxy resin countertop with subtle sparkle under backlit translucent glow through glass or polymer only when physically real, with empty negative space so the model cannot invent a second competing object (catalog variant 196).",dark charcoal epoxy resin countertop with subtle sparkle,backlit translucent glow through glass or polymer only when physically real,"lateral slide left-to-right past the subject, focus locked, straight horizontal path, then hold",Active,0,,warm tungsten accents on cold metal grade,NASA hardware documentary sharpness,CJC (no DAC)/Ipamorelin,lateral_slide,subject slightly off-center; specular highlights travel across form
LAB-122,197,liquid_handling,"The primary subject is a 96-well PCR plate clear on black acrylic, staged alone as a Palm Beach Vitality laboratory research catalog hero. If any label or printed panel appears, it must read exactly 'DSIP' for laboratory research use only. One micropipette or dispenser hero with sterile unused tip state and clean negative space for a catalog still. Call out: one empty plate, geometric well grid, specular highlights, macro catalog; finish with deep controlled shadows and bright product highlights for vertical 9:16.","Materials and construction: one empty plate, geometric well grid, specular highlights, macro catalog — one complete liquid-handling subject with believable scale, weight, and tactile surface response. Stage it on obsidian glass plate with deep reflection under hard beauty dish key with deep controlled shadows, with empty negative space so the model cannot invent a second competing object (catalog variant 197).",obsidian glass plate with deep reflection,hard beauty dish key with deep controlled shadows,"slow straight push-out from tight crop to full product, then hold",Active,0,,neutral color-true pharmaceutical catalog grade,Vogue-still life precision for a scientific object,DSIP,push_out,"starts tight crop on badge/port/edge, ends full product in frame"
LAB-358,198,cold_chain,"The primary subject is a dry ice chest exterior closed labeled research, staged alone as a Palm Beach Vitality laboratory research catalog hero. If any label or printed panel appears, it must read exactly 'GHK-Cu' for laboratory research use only. Frost-edge glass, gel packs, or logger pixels as supporting texture around a single hero object. Finish with photoreal catalog finish with micro-scratches only where realism needs them.","Materials and construction: chest exterior — one complete cold-chain subject with believable scale, weight, and tactile surface response. Stage it on mirrored chrome instrument deck catching rim light under high-gloss catalog cross-light showing material microtexture, with empty negative space so the model cannot invent a second competing object (catalog variant 198).",mirrored chrome instrument deck catching rim light,high-gloss catalog cross-light showing material microtexture,"very slow push-in from wide sterile environment into subject-dominant frame, then hold",Active,0,,cool steel and ice-blue science grade,"Apple-keynote product intensity, still fully laboratory-real",GHK-Cu,wide_env,wider sterile environment context with subject still dominant
LAB-468,199,ppe_sterile,"The primary subject is a respirator cartridges in pack unused, staged alone as a Palm Beach Vitality laboratory research catalog hero. If any label or printed panel appears, it must read exactly 'GLOW' for laboratory research use only. One sterile accessory hero, brand-new state, photoreal material response, no medical theater. Call out: cartridges sealed; finish with premium studio contrast with soft falloff and crisp speculars.","Materials and construction: cartridges sealed — one complete PPE / sterile subject with believable scale, weight, and tactile surface response. Stage it on white melamine cleanroom table with clinical clarity under fiber-optic accent kiss on metal edges, with empty negative space so the model cannot invent a second competing object (catalog variant 199).",white melamine cleanroom table with clinical clarity,fiber-optic accent kiss on metal edges,"gentle vertical rise from base to top of subject, path is a straight up-line, then hold",Active,0,,high-contrast black and silver premium grade,editorial science magazine cover energy,GLOW,vertical_rise,"base of subject at bottom third, rises to top detail"
LAB-239,200,premium_equipment,"The primary subject is a laboratory autoclave chamber door, staged alone as a Palm Beach Vitality laboratory research catalog hero. If any label or printed panel appears, it must read exactly 'KLOW' for laboratory research use only. Expensive capital equipment presence — painted metal, precision optics, museum-grade silhouette, one instrument only. Call out: one autoclave, heavy door, stainless, analog/digital gauges, industrial science; finish with neutral color-true pharmaceutical look with no surreal CGI glow.","Materials and construction: one autoclave, heavy door, stainless, analog/digital gauges, industrial science — one complete premium equipment subject with believable scale, weight, and tactile surface response. Stage it on textured graphite slate sample board under dramatic dual rim lights with cool cyan edge and warm key, with empty negative space so the model cannot invent a second competing object (catalog variant 200).",textured graphite slate sample board,dramatic dual rim lights with cool cyan edge and warm key,"crane-down from high three-quarter to eye-level hero on a straight descending path, then hold",Active,0,,crisp white clinical high-key grade,museum exhibit spotlight on a single artifact,KLOW,crane_settle,"starts high three-quarter, settles to eye-level hero"
LAB-023,201,vials_containers,"The primary subject is a glass vial with PTFE-lined cap, staged alone as a Palm Beach Vitality laboratory research catalog hero. If any label or printed panel appears, it must read exactly 'KPV' for laboratory research use only. Catch warm transmission through the glass wall, a readable shoulder highlight, and a sealed sterile top with empty negative space around the hero. Call out: clear vial, white PTFE liner visible under cap; finish with tack-sharp focus on the subject silhouette and key material edges.","Materials and construction: clear vial, white PTFE liner visible under cap — one complete vial / container subject with believable scale, weight, and tactile surface response. Stage it on anodized navy aluminum deck plate under low-key cinematic spotlight on subject, velvet falloff, with empty negative space so the model cannot invent a second competing object (catalog variant 201).",anodized navy aluminum deck plate,"low-key cinematic spotlight on subject, velvet falloff","short vertical lift then lock off on the label plane — straight rise, then hold",Active,0,,teal-and-amber cinematic lab grade,luxury watch-ad lighting adapted to lab equipment,KPV,label_rise,locked on label/typography plane by the end
LAB-119,202,instruments,"The primary subject is a peristaltic pump precision drive, staged alone as a Palm Beach Vitality laboratory research catalog hero. If any label or printed panel appears, it must read exactly 'Melanotan 2' for laboratory research use only. Show ports, fasteners, and status UI as quiet detail while the overall form stays the undeniable subject. Call out: one multi-channel peristaltic pump, rollers visible, bioprocess aesthetic; finish with expensive editorial science-magazine presence without lifestyle props.","Materials and construction: one multi-channel peristaltic pump, rollers visible, bioprocess aesthetic — one complete instrument subject with believable scale, weight, and tactile surface response. Stage it on frosted optical glass riser on black field under split complementary lab lighting, teal and amber accents, with empty negative space so the model cannot invent a second competing object (catalog variant 202).",frosted optical glass riser on black field,"split complementary lab lighting, teal and amber accents","start on macro texture then straight pull-back to full hero, then hold",Active,0,,warm tungsten accents on cold metal grade,NASA hardware documentary sharpness,Melanotan 2,pull_back,starts extreme close on material texture
LAB-085,203,glassware,"The primary subject is a culture tube with screw cap, staged alone as a Palm Beach Vitality laboratory research catalog hero. If any label or printed panel appears, it must read exactly 'MOTS-C' for laboratory research use only. Museum-grade glassware catalog shot: ground-glass fitment, etched volume marks if present, empty lab field around it. Call out: threaded culture tube; finish with deep controlled shadows and bright product highlights for vertical 9:16.","Materials and construction: threaded culture tube — one complete glassware subject with believable scale, weight, and tactile surface response. Stage it on wet-look black porcelain tile under macro ring-light even field for scientific detail, with empty negative space so the model cannot invent a second competing object (catalog variant 203).",wet-look black porcelain tile,macro ring-light even field for scientific detail,"extreme macro with razor shallow depth of field; tiny forward drift only, then hold",Active,0,,neutral color-true pharmaceutical catalog grade,Vogue-still life precision for a scientific object,MOTS-C,macro_detail,tight crop on engraved/metal/glass microtexture
LAB-221,204,qc_analytical,"The primary subject is a nanodrop spectrophotometer pedestal, staged alone as a Palm Beach Vitality laboratory research catalog hero. If any label or printed panel appears, it must read exactly 'NAD+' for laboratory research use only. Calibrated QC hardware energy: solvent lines, steel faces, status LEDs — one analyzer detail owns the frame. Call out: one microvolume spectrophotometer pedestal, lit measurement surface empty; finish with photoreal catalog finish with micro-scratches only where realism needs them.","Materials and construction: one microvolume spectrophotometer pedestal, lit measurement surface empty — one complete QC / analytical subject with believable scale, weight, and tactile surface response. Stage it on pearl quartz lab surface under cool clinical blue-white LED with specular glass caustics, with empty negative space so the model cannot invent a second competing object (catalog variant 204).",pearl quartz lab surface,cool clinical blue-white LED with specular glass caustics,"handheld-stable micro drift forward only, scientific documentary energy, then hold",Active,0,,cool steel and ice-blue science grade,"Apple-keynote product intensity, still fully laboratory-real",NAD+,doc_drift,"documentary mid-shot, slightly imperfect handheld stability"
LAB-061,205,research_pens,"The primary subject is a compact travel research pen shorter body, staged alone as a Palm Beach Vitality laboratory research catalog hero. If any label or printed panel appears, it must read exactly 'PT-141' for laboratory research use only. Keep a capped-pen still-life silhouette with crisp plastic-metal edges; a loose cap may sit beside the barrel but never implies use on a body. Call out: shorter form factor, capped; finish with premium studio contrast with soft falloff and crisp speculars.","Materials and construction: shorter form factor, capped — one complete research pen subject with believable scale, weight, and tactile surface response. Stage it on polished black reflective acrylic with crisp mirror reflection under soft overhead softbox plus razor rim separation, with empty negative space so the model cannot invent a second competing object (catalog variant 205).",polished black reflective acrylic with crisp mirror reflection,soft overhead softbox plus razor rim separation,"slow straight push-in from medium shot to closer detail, then hold",Active,0,,high-contrast black and silver premium grade,editorial science magazine cover energy,PT-141,push_in,"medium hero starting frame, label readable by end"
LAB-123,206,liquid_handling,"The primary subject is a microcentrifuge tube rack full, staged alone as a Palm Beach Vitality laboratory research catalog hero. If any label or printed panel appears, it must read exactly 'Retatrutide' for laboratory research use only. Show believable scale marks, ejector button, and color-coded accents without a second matching tool in frame. Call out: colored tubes in rack; finish with neutral color-true pharmaceutical look with no surreal CGI glow.","Materials and construction: colored tubes in rack — one complete liquid-handling subject with believable scale, weight, and tactile surface response. Stage it on matte pure white cyclorama with soft contact shadow under backlit translucent glow through glass or polymer only when physically real, with empty negative space so the model cannot invent a second competing object (catalog variant 206).",matte pure white cyclorama with soft contact shadow,backlit translucent glow through glass or polymer only when physically real,"low-angle tilt-up from underside to eye level, pivot only, no travel around subject, then hold",Active,0,,crisp white clinical high-key grade,museum exhibit spotlight on a single artifact,Retatrutide,tilt_reveal,low-angle power pose looking upward at instrument
LAB-439,207,cold_chain,"The primary subject is a cryogenic storage dewar exterior, staged alone as a Palm Beach Vitality laboratory research catalog hero. If any label or printed panel appears, it must read exactly 'Selank' for laboratory research use only. Temperature-controlled research logistics look: sealed, serious, photoreal, empty of people. Call out: one LN2 dewar, frosted neck, vapor wisp, cold-chain drama — no boxes; finish with tack-sharp focus on the subject silhouette and key material edges.","Materials and construction: one LN2 dewar, frosted neck, vapor wisp, cold-chain drama — no boxes — one complete cold-chain subject with believable scale, weight, and tactile surface response. Stage it on brushed stainless steel lab bench with linear grain highlights under hard beauty dish key with deep controlled shadows, with empty negative space so the model cannot invent a second competing object (catalog variant 207).",brushed stainless steel lab bench with linear grain highlights,hard beauty dish key with deep controlled shadows,"short side-profile track then settle on three-quarter angle — brief lateral only, then hard hold",Active,0,,teal-and-amber cinematic lab grade,luxury watch-ad lighting adapted to lab equipment,Selank,profile_track,true side profile then settles to three-quarter facing
LAB-470,208,ppe_sterile,"The primary subject is a safety glasses anti-fog cloth kit, staged alone as a Palm Beach Vitality laboratory research catalog hero. If any label or printed panel appears, it must read exactly 'Semaglutide' for laboratory research use only. Unused clean-room PPE: crisp folds, matte nitrile/poly, sealed packs — exactly one primary item. Finish with expensive editorial science-magazine presence without lifestyle props.","Materials and construction: cloth kit — one complete PPE / sterile subject with believable scale, weight, and tactile surface response. Stage it on dark charcoal epoxy resin countertop with subtle sparkle under high-gloss catalog cross-light showing material microtexture, with empty negative space so the model cannot invent a second competing object (catalog variant 208).",dark charcoal epoxy resin countertop with subtle sparkle,high-gloss catalog cross-light showing material microtexture,locked tripod hold with micro focus rack only — camera body does not travel,Active,0,,warm tungsten accents on cold metal grade,NASA hardware documentary sharpness,Semaglutide,static_lock,"centered editorial hero, tripod-locked, subject fills mid-frame"
LAB-190,209,premium_equipment,"The primary subject is a benchtop autoclave sterilizer, staged alone as a Palm Beach Vitality laboratory research catalog hero. If any label or printed panel appears, it must read exactly 'SEMAX' for laboratory research use only. Fill the frame with a single high-end lab machine; no operator, no sample mess, no second chassis. Call out: one compact autoclave, polished steel, status ready light; finish with deep controlled shadows and bright product highlights for vertical 9:16.","Materials and construction: one compact autoclave, polished steel, status ready light — one complete premium equipment subject with believable scale, weight, and tactile surface response. Stage it on obsidian glass plate with deep reflection under fiber-optic accent kiss on metal edges, with empty negative space so the model cannot invent a second competing object (catalog variant 209).",obsidian glass plate with deep reflection,fiber-optic accent kiss on metal edges,"slow overhead descend straight down into top-down composition, then hold",Active,0,,neutral color-true pharmaceutical catalog grade,Vogue-still life precision for a scientific object,SEMAX,top_down,"overhead geometric catalog composition, subject centered in plan view"
LAB-024,210,vials_containers,"The primary subject is a research vial catalog hero alone, staged alone as a Palm Beach Vitality laboratory research catalog hero. If any label or printed panel appears, it must read exactly 'Sermorelin' for laboratory research use only. Macro-honest vial geometry: septum texture, aluminum crimp teeth, and a single upright or posed bottle with no twin beside it. Call out: exactly one sealed research vial centered, no carton, no second object; finish with photoreal catalog finish with micro-scratches only where realism needs them.","Materials and construction: exactly one sealed research vial centered, no carton, no second object — one complete vial / container subject with believable scale, weight, and tactile surface response. Stage it on mirrored chrome instrument deck catching rim light under dramatic dual rim lights with cool cyan edge and warm key, with empty negative space so the model cannot invent a second competing object (catalog variant 210).",mirrored chrome instrument deck catching rim light,dramatic dual rim lights with cool cyan edge and warm key,"soft pedestal up a few centimeters while lighting wrap shifts; no sideways travel, then hold",Active,0,,cool steel and ice-blue science grade,"Apple-keynote product intensity, still fully laboratory-real",Sermorelin,pedestal_light,eye-level catalog hero; light wrap changes on metal edges
LAB-200,211,instruments,"The primary subject is a syringe pump dual-drive research, staged alone as a Palm Beach Vitality laboratory research catalog hero. If any label or printed panel appears, it must read exactly 'SS-31' for laboratory research use only. Premium instrument still: clean geometry, subtle wear only where realism needs it, empty surroundings. Call out: one dual syringe pump chassis, lead screws, no needles attached; finish with premium studio contrast with soft falloff and crisp speculars.","Materials and construction: one dual syringe pump chassis, lead screws, no needles attached — one complete instrument subject with believable scale, weight, and tactile surface response. Stage it on white melamine cleanroom table with clinical clarity under low-key cinematic spotlight on subject, velvet falloff, with empty negative space so the model cannot invent a second competing object (catalog variant 211).",white melamine cleanroom table with clinical clarity,"low-key cinematic spotlight on subject, velvet falloff","locked offset composition with subtle breathing push-in only, then hold",Active,0,,high-contrast black and silver premium grade,editorial science magazine cover energy,SS-31,offset_hero,"subject placed on left or right third, negative space opposite"
LAB-087,212,glassware,"The primary subject is a glass pipette graduated, staged alone as a Palm Beach Vitality laboratory research catalog hero. If any label or printed panel appears, it must read exactly 'TA-1' for laboratory research use only. Catch a sharp meniscus, optical distortion, and studio highlights traveling through one vessel — no crowded flask rack behind it. Call out: serological pipette, graduation marks; finish with neutral color-true pharmaceutical look with no surreal CGI glow.","Materials and construction: serological pipette, graduation marks — one complete glassware subject with believable scale, weight, and tactile surface response. Stage it on textured graphite slate sample board under split complementary lab lighting, teal and amber accents, with empty negative space so the model cannot invent a second competing object (catalog variant 212).",textured graphite slate sample board,"split complementary lab lighting, teal and amber accents","lateral slide left-to-right past the subject, focus locked, straight horizontal path, then hold",Active,0,,crisp white clinical high-key grade,museum exhibit spotlight on a single artifact,TA-1,lateral_slide,subject slightly off-center; specular highlights travel across form
LAB-246,213,qc_analytical,"The primary subject is a dynamic light scattering particle sizer, staged alone as a Palm Beach Vitality laboratory research catalog hero. If any label or printed panel appears, it must read exactly 'TB-500' for laboratory research use only. Analytical instrument catalog drama with expensive metal/polymer mix and no competing open sample clutter. Call out: one DLS instrument, cuvette bay empty, biotech QC; finish with tack-sharp focus on the subject silhouette and key material edges.","Materials and construction: one DLS instrument, cuvette bay empty, biotech QC — one complete QC / analytical subject with believable scale, weight, and tactile surface response. Stage it on anodized navy aluminum deck plate under macro ring-light even field for scientific detail, with empty negative space so the model cannot invent a second competing object (catalog variant 213).",anodized navy aluminum deck plate,macro ring-light even field for scientific detail,"slow straight push-out from tight crop to full product, then hold",Active,0,,teal-and-amber cinematic lab grade,luxury watch-ad lighting adapted to lab equipment,TB-500,push_out,"starts tight crop on badge/port/edge, ends full product in frame"
LAB-062,214,research_pens,"The primary subject is an assembled research pen sealed catalog hero, staged alone as a Palm Beach Vitality laboratory research catalog hero. If any label or printed panel appears, it must read exactly 'Tesamorelin' for laboratory research use only. Read as expensive research hardware: dosage window, clip, and tip cover, isolated on a clean catalog surface. Call out: one complete capped research pen only, not disassembled components; finish with expensive editorial science-magazine presence without lifestyle props.","Materials and construction: one complete capped research pen only, not disassembled components — one complete research pen subject with believable scale, weight, and tactile surface response. Stage it on frosted optical glass riser on black field under cool clinical blue-white LED with specular glass caustics, with empty negative space so the model cannot invent a second competing object (catalog variant 214).",frosted optical glass riser on black field,cool clinical blue-white LED with specular glass caustics,"very slow push-in from wide sterile environment into subject-dominant frame, then hold",Active,0,,warm tungsten accents on cold metal grade,NASA hardware documentary sharpness,Tesamorelin,wide_env,wider sterile environment context with subject still dominant
LAB-124,215,liquid_handling,"The primary subject is a single microcentrifuge tube 1.5ml closed, staged alone as a Palm Beach Vitality laboratory research catalog hero. If any label or printed panel appears, it must read exactly 'Tesamorelin/Ipamorelin' for laboratory research use only. Clinical product photography of a single liquid-handling instrument, idle and unused, sharp edge detail. Call out: snap-cap tube hero; finish with deep controlled shadows and bright product highlights for vertical 9:16.","Materials and construction: snap-cap tube hero — one complete liquid-handling subject with believable scale, weight, and tactile surface response. Stage it on wet-look black porcelain tile under soft overhead softbox plus razor rim separation, with empty negative space so the model cannot invent a second competing object (catalog variant 215).",wet-look black porcelain tile,soft overhead softbox plus razor rim separation,"gentle vertical rise from base to top of subject, path is a straight up-line, then hold",Active,0,,neutral color-true pharmaceutical catalog grade,Vogue-still life precision for a scientific object,Tesamorelin/Ipamorelin,vertical_rise,"base of subject at bottom third, rises to top detail"
LAB-469,216,cold_chain,"The primary subject is a controlled-rate freezer chamber, staged alone as a Palm Beach Vitality laboratory research catalog hero. If any label or printed panel appears, it must read exactly 'Tirzepatide' for laboratory research use only. Cold-chain drama: frost texture, insulation, logger screens, or sealed cold packaging — research context only. Call out: one CRF chamber interior empty, cryobiology instrument; finish with photoreal catalog finish with micro-scratches only where realism needs them.","Materials and construction: one CRF chamber interior empty, cryobiology instrument — one complete cold-chain subject with believable scale, weight, and tactile surface response. Stage it on pearl quartz lab surface under backlit translucent glow through glass or polymer only when physically real, with empty negative space so the model cannot invent a second competing object (catalog variant 216).",pearl quartz lab surface,backlit translucent glow through glass or polymer only when physically real,"crane-down from high three-quarter to eye-level hero on a straight descending path, then hold",Active,0,,cool steel and ice-blue science grade,"Apple-keynote product intensity, still fully laboratory-real",Tirzepatide,crane_settle,"starts high three-quarter, settles to eye-level hero"
LAB-472,217,ppe_sterile,"The primary subject is a single sterile glove individually wrapped, staged alone as a Palm Beach Vitality laboratory research catalog hero. If any label or printed panel appears, it must read exactly '5-Amino-1MQ' for laboratory research use only. Sterile catalog still of a single PPE piece; no worn gloves, no people, no procedure staging. Call out: exactly one wrapped sterile glove; finish with premium studio contrast with soft falloff and crisp speculars.","Materials and construction: exactly one wrapped sterile glove — one complete PPE / sterile subject with believable scale, weight, and tactile surface response. Stage it on polished black reflective acrylic with crisp mirror reflection under hard beauty dish key with deep controlled shadows, with empty negative space so the model cannot invent a second competing object (catalog variant 217).",polished black reflective acrylic with crisp mirror reflection,hard beauty dish key with deep controlled shadows,"short vertical lift then lock off on the label plane — straight rise, then hold",Active,0,,high-contrast black and silver premium grade,editorial science magazine cover energy,5-Amino-1MQ,label_rise,locked on label/typography plane by the end
LAB-215,218,premium_equipment,"The primary subject is an ultracentrifuge with lid closed, staged alone as a Palm Beach Vitality laboratory research catalog hero. If any label or printed panel appears, it must read exactly 'AOD-9604' for laboratory research use only. Editorial science cover energy: polished housings, turret/stage/arm detail, deep controlled falloff. Call out: one floor ultracentrifuge, iconic cylindrical form, cool LED ring; finish with neutral color-true pharmaceutical look with no surreal CGI glow.","Materials and construction: one floor ultracentrifuge, iconic cylindrical form, cool LED ring — one complete premium equipment subject with believable scale, weight, and tactile surface response. Stage it on matte pure white cyclorama with soft contact shadow under high-gloss catalog cross-light showing material microtexture, with empty negative space so the model cannot invent a second competing object (catalog variant 218).",matte pure white cyclorama with soft contact shadow,high-gloss catalog cross-light showing material microtexture,"start on macro texture then straight pull-back to full hero, then hold",Active,0,,crisp white clinical high-key grade,museum exhibit spotlight on a single artifact,AOD-9604,pull_back,starts extreme close on material texture
LAB-025,219,vials_containers,"The primary subject is a single peptide vial catalog hero, staged alone as a Palm Beach Vitality laboratory research catalog hero. If any label or printed panel appears, it must read exactly 'BPC-157' for laboratory research use only. Premium peptide-vial catalog energy — glass weight, fill-line clarity, and clinical side light with zero lifestyle props. Call out: exactly one clear peptide vial, centered, sealed cap, no second vial; finish with tack-sharp focus on the subject silhouette and key material edges.","Materials and construction: exactly one clear peptide vial, centered, sealed cap, no second vial — one complete vial / container subject with believable scale, weight, and tactile surface response. Stage it on brushed stainless steel lab bench with linear grain highlights under fiber-optic accent kiss on metal edges, with empty negative space so the model cannot invent a second competing object (catalog variant 219).",brushed stainless steel lab bench with linear grain highlights,fiber-optic accent kiss on metal edges,"extreme macro with razor shallow depth of field; tiny forward drift only, then hold",Active,0,,teal-and-amber cinematic lab grade,luxury watch-ad lighting adapted to lab equipment,BPC-157,macro_detail,tight crop on engraved/metal/glass microtexture
LAB-225,220,instruments,"The primary subject is a laboratory hotplate stirrer ceramic top, staged alone as a Palm Beach Vitality laboratory research catalog hero. If any label or printed panel appears, it must read exactly 'BPC-157/TB-500' for laboratory research use only. Credible lab-instrument materials: brushed metal, polymer housings, ports, displays, tight tolerances — idle catalog state. Call out: one ceramic-top hotplate stirrer, digital setpoints, clean deck empty; finish with expensive editorial science-magazine presence without lifestyle props.","Materials and construction: one ceramic-top hotplate stirrer, digital setpoints, clean deck empty — one complete instrument subject with believable scale, weight, and tactile surface response. Stage it on dark charcoal epoxy resin countertop with subtle sparkle under dramatic dual rim lights with cool cyan edge and warm key, with empty negative space so the model cannot invent a second competing object (catalog variant 220).",dark charcoal epoxy resin countertop with subtle sparkle,dramatic dual rim lights with cool cyan edge and warm key,"handheld-stable micro drift forward only, scientific documentary energy, then hold",Active,0,,warm tungsten accents on cold metal grade,NASA hardware documentary sharpness,BPC-157/TB-500,doc_drift,"documentary mid-shot, slightly imperfect handheld stability"
LAB-088,221,glassware,"The primary subject is a Pasteur pipette in glass jar holder, staged alone as a Palm Beach Vitality laboratory research catalog hero. If any label or printed panel appears, it must read exactly 'Cagrilinitide' for laboratory research use only. Borosilicate clarity and honest liquid level; the glassware alone owns the frame with premium science-magazine lighting. Call out: disposable-style glass pipettes standing; finish with deep controlled shadows and bright product highlights for vertical 9:16.","Materials and construction: disposable-style glass pipettes standing — one complete glassware subject with believable scale, weight, and tactile surface response. Stage it on obsidian glass plate with deep reflection under low-key cinematic spotlight on subject, velvet falloff, with empty negative space so the model cannot invent a second competing object (catalog variant 221).",obsidian glass plate with deep reflection,"low-key cinematic spotlight on subject, velvet falloff","slow straight push-in from medium shot to closer detail, then hold",Active,0,,neutral color-true pharmaceutical catalog grade,Vogue-still life precision for a scientific object,Cagrilinitide,push_in,"medium hero starting frame, label readable by end"
LAB-203,222,qc_analytical,"The primary subject is a moisture analyzer halogen, staged alone as a Palm Beach Vitality laboratory research catalog hero. If any label or printed panel appears, it must read exactly 'CJC (no DAC)' for laboratory research use only. Front-panel or inlet hero with believable engineering detail and clinical color-true lighting. Call out: one halogen moisture balance, lid open empty, QC lab; finish with photoreal catalog finish with micro-scratches only where realism needs them.","Materials and construction: one halogen moisture balance, lid open empty, QC lab — one complete QC / analytical subject with believable scale, weight, and tactile surface response. Stage it on mirrored chrome instrument deck catching rim light under split complementary lab lighting, teal and amber accents, with empty negative space so the model cannot invent a second competing object (catalog variant 222).",mirrored chrome instrument deck catching rim light,"split complementary lab lighting, teal and amber accents","low-angle tilt-up from underside to eye level, pivot only, no travel around subject, then hold",Active,0,,cool steel and ice-blue science grade,"Apple-keynote product intensity, still fully laboratory-real",CJC (no DAC),tilt_reveal,low-angle power pose looking upward at instrument
LAB-063,223,research_pens,"The primary subject is a research pen on folded lab-coat fabric swatch, staged alone as a Palm Beach Vitality laboratory research catalog hero. If any label or printed panel appears, it must read exactly 'CJC (no DAC)/Ipamorelin' for laboratory research use only. One pen only, tack-sharp barrel graphics zone, soft reflection beneath, zero medical-procedure context. Call out: one pen resting on a fabric swatch only, no person, no body; finish with premium studio contrast with soft falloff and crisp speculars.","Materials and construction: one pen resting on a fabric swatch only, no person, no body — one complete research pen subject with believable scale, weight, and tactile surface response. Stage it on white melamine cleanroom table with clinical clarity under macro ring-light even field for scientific detail, with empty negative space so the model cannot invent a second competing object (catalog variant 223).",white melamine cleanroom table with clinical clarity,macro ring-light even field for scientific detail,"short side-profile track then settle on three-quarter angle — brief lateral only, then hard hold",Active,0,,high-contrast black and silver premium grade,editorial science magazine cover energy,CJC (no DAC)/Ipamorelin,profile_track,true side profile then settles to three-quarter facing
LAB-125,224,liquid_handling,"The primary subject is a strip of PCR tubes, staged alone as a Palm Beach Vitality laboratory research catalog hero. If any label or printed panel appears, it must read exactly 'DSIP' for laboratory research use only. Precision liquid-handling hardware: volume window, plunger, tip cone, engineered plastics — tip never touches skin. Call out: 8-strip tubes; finish with neutral color-true pharmaceutical look with no surreal CGI glow.","Materials and construction: 8-strip tubes — one complete liquid-handling subject with believable scale, weight, and tactile surface response. Stage it on textured graphite slate sample board under cool clinical blue-white LED with specular glass caustics, with empty negative space so the model cannot invent a second competing object (catalog variant 224).",textured graphite slate sample board,cool clinical blue-white LED with specular glass caustics,locked tripod hold with micro focus rack only — camera body does not travel,Active,0,,crisp white clinical high-key grade,museum exhibit spotlight on a single artifact,DSIP,static_lock,"centered editorial hero, tripod-locked, subject fills mid-frame"
LAB-359,225,cold_chain,"The primary subject is a cryo label kit freezer-grade, staged alone as a Palm Beach Vitality laboratory research catalog hero. If any label or printed panel appears, it must read exactly 'GHK-Cu' for laboratory research use only. One cold-chain subject with clinical chill cues; never grocery/lifestyle cooler vibes. Call out: cryo labels; finish with tack-sharp focus on the subject silhouette and key material edges.","Materials and construction: cryo labels — one complete cold-chain subject with believable scale, weight, and tactile surface response. Stage it on anodized navy aluminum deck plate under soft overhead softbox plus razor rim separation, with empty negative space so the model cannot invent a second competing object (catalog variant 225).",anodized navy aluminum deck plate,soft overhead softbox plus razor rim separation,"slow overhead descend straight down into top-down composition, then hold",Active,0,,teal-and-amber cinematic lab grade,luxury watch-ad lighting adapted to lab equipment,GHK-Cu,top_down,"overhead geometric catalog composition, subject centered in plan view"
LAB-473,226,ppe_sterile,"The primary subject is a cleanroom paper ream, staged alone as a Palm Beach Vitality laboratory research catalog hero. If any label or printed panel appears, it must read exactly 'GLOW' for laboratory research use only. Show package seals or fabric texture with clinical white/blue light and generous empty space. Finish with expensive editorial science-magazine presence without lifestyle props.","Materials and construction: paper — one complete PPE / sterile subject with believable scale, weight, and tactile surface response. Stage it on frosted optical glass riser on black field under backlit translucent glow through glass or polymer only when physically real, with empty negative space so the model cannot invent a second competing object (catalog variant 226).",frosted optical glass riser on black field,backlit translucent glow through glass or polymer only when physically real,"soft pedestal up a few centimeters while lighting wrap shifts; no sideways travel, then hold",Active,0,,warm tungsten accents on cold metal grade,NASA hardware documentary sharpness,GLOW,pedestal_light,eye-level catalog hero; light wrap changes on metal edges
LAB-050,227,premium_equipment,"The primary subject is a refrigerated high-speed centrifuge, staged alone as a Palm Beach Vitality laboratory research catalog hero. If any label or printed panel appears, it must read exactly 'KLOW' for laboratory research use only. Photoreal research instrument hero with credible cables/ports minimized and the main form unmistakable. Call out: one refrigerated centrifuge, lid closed, frost-free steel, premium lab; finish with deep controlled shadows and bright product highlights for vertical 9:16.","Materials and construction: one refrigerated centrifuge, lid closed, frost-free steel, premium lab — one complete premium equipment subject with believable scale, weight, and tactile surface response. Stage it on wet-look black porcelain tile under hard beauty dish key with deep controlled shadows, with empty negative space so the model cannot invent a second competing object (catalog variant 227).",wet-look black porcelain tile,hard beauty dish key with deep controlled shadows,"locked offset composition with subtle breathing push-in only, then hold",Active,0,,neutral color-true pharmaceutical catalog grade,Vogue-still life precision for a scientific object,KLOW,offset_hero,"subject placed on left or right third, negative space opposite"
LAB-026,228,vials_containers,"The primary subject is a vial with shrink-band tamper evidence, staged alone as a Palm Beach Vitality laboratory research catalog hero. If any label or printed panel appears, it must read exactly 'KPV' for laboratory research use only. Show thick pharmaceutical glass, a crisp crimp or cap edge, and a clean reflection on the vial shoulder — exactly one vial, no tray cluster or cardboard. Call out: clear shrink band over cap and neck; finish with photoreal catalog finish with micro-scratches only where realism needs them.","Materials and construction: clear shrink band over cap and neck — one complete vial / container subject with believable scale, weight, and tactile surface response. Stage it on pearl quartz lab surface under high-gloss catalog cross-light showing material microtexture, with empty negative space so the model cannot invent a second competing object (catalog variant 228).",pearl quartz lab surface,high-gloss catalog cross-light showing material microtexture,"lateral slide left-to-right past the subject, focus locked, straight horizontal path, then hold",Active,0,,cool steel and ice-blue science grade,"Apple-keynote product intensity, still fully laboratory-real",KPV,lateral_slide,subject slightly off-center; specular highlights travel across form
LAB-151,229,instruments,"The primary subject is a microcentrifuge closed lid, staged alone as a Palm Beach Vitality laboratory research catalog hero. If any label or printed panel appears, it must read exactly 'Melanotan 2' for laboratory research use only. One module or instrument only; no bench chaos, no people, sharp readable silhouette for image-to-video lock. Call out: benchtop centrifuge; finish with premium studio contrast with soft falloff and crisp speculars.","Materials and construction: benchtop centrifuge — one complete instrument subject with believable scale, weight, and tactile surface response. Stage it on polished black reflective acrylic with crisp mirror reflection under fiber-optic accent kiss on metal edges, with empty negative space so the model cannot invent a second competing object (catalog variant 229).",polished black reflective acrylic with crisp mirror reflection,fiber-optic accent kiss on metal edges,"slow straight push-out from tight crop to full product, then hold",Active,0,,high-contrast black and silver premium grade,editorial science magazine cover energy,Melanotan 2,push_out,"starts tight crop on badge/port/edge, ends full product in frame"
LAB-089,230,glassware,"The primary subject is a burette clamped vertically, staged alone as a Palm Beach Vitality laboratory research catalog hero. If any label or printed panel appears, it must read exactly 'MOTS-C' for laboratory research use only. Side-lit glass drama with caustics and a stable liquid surface; single piece only, no pipettes stealing the hero role. Call out: precision burette, stopcock closed; finish with neutral color-true pharmaceutical look with no surreal CGI glow.","Materials and construction: precision burette, stopcock closed — one complete glassware subject with believable scale, weight, and tactile surface response. Stage it on matte pure white cyclorama with soft contact shadow under dramatic dual rim lights with cool cyan edge and warm key, with empty negative space so the model cannot invent a second competing object (catalog variant 230).",matte pure white cyclorama with soft contact shadow,dramatic dual rim lights with cool cyan edge and warm key,"very slow push-in from wide sterile environment into subject-dominant frame, then hold",Active,0,,crisp white clinical high-key grade,museum exhibit spotlight on a single artifact,MOTS-C,wide_env,wider sterile environment context with subject still dominant
LAB-228,231,qc_analytical,"The primary subject is a melting point apparatus digital, staged alone as a Palm Beach Vitality laboratory research catalog hero. If any label or printed panel appears, it must read exactly 'NAD+' for laboratory research use only. Single QC system presence; keep secondary vials out unless they are the named subject itself. Call out: one melting point instrument, sample block empty, organic chemistry; finish with tack-sharp focus on the subject silhouette and key material edges.","Materials and construction: one melting point instrument, sample block empty, organic chemistry — one complete QC / analytical subject with believable scale, weight, and tactile surface response. Stage it on brushed stainless steel lab bench with linear grain highlights under low-key cinematic spotlight on subject, velvet falloff, with empty negative space so the model cannot invent a second competing object (catalog variant 231).",brushed stainless steel lab bench with linear grain highlights,"low-key cinematic spotlight on subject, velvet falloff","gentle vertical rise from base to top of subject, path is a straight up-line, then hold",Active,0,,teal-and-amber cinematic lab grade,luxury watch-ad lighting adapted to lab equipment,NAD+,vertical_rise,"base of subject at bottom third, rises to top detail"
LAB-065,232,research_pens,"The primary subject is a research pen with protective tip shield locked, staged alone as a Palm Beach Vitality laboratory research catalog hero. If any label or printed panel appears, it must read exactly 'PT-141' for laboratory research use only. Emphasize the barrel window, dial collar, and matte/gloss finishes of one premium research pen — no skin, hands, needles, or injection staging. Call out: safety shield engaged, product-safe; finish with expensive editorial science-magazine presence without lifestyle props.","Materials and construction: safety shield engaged, product-safe — one complete research pen subject with believable scale, weight, and tactile surface response. Stage it on dark charcoal epoxy resin countertop with subtle sparkle under split complementary lab lighting, teal and amber accents, with empty negative space so the model cannot invent a second competing object (catalog variant 232).",dark charcoal epoxy resin countertop with subtle sparkle,"split complementary lab lighting, teal and amber accents","crane-down from high three-quarter to eye-level hero on a straight descending path, then hold",Active,0,,warm tungsten accents on cold metal grade,NASA hardware documentary sharpness,PT-141,crane_settle,"starts high three-quarter, settles to eye-level hero"
LAB-326,233,liquid_handling,"The primary subject is a positive displacement capillary tip pack, staged alone as a Palm Beach Vitality laboratory research catalog hero. If any label or printed panel appears, it must read exactly 'Retatrutide' for laboratory research use only. One micropipette or dispenser hero with sterile unused tip state and clean negative space for a catalog still. Call out: capillary tips box; finish with deep controlled shadows and bright product highlights for vertical 9:16.","Materials and construction: capillary tips box — one complete liquid-handling subject with believable scale, weight, and tactile surface response. Stage it on obsidian glass plate with deep reflection under macro ring-light even field for scientific detail, with empty negative space so the model cannot invent a second competing object (catalog variant 233).",obsidian glass plate with deep reflection,macro ring-light even field for scientific detail,"short vertical lift then lock off on the label plane — straight rise, then hold",Active,0,,neutral color-true pharmaceutical catalog grade,Vogue-still life precision for a scientific object,Retatrutide,label_rise,locked on label/typography plane by the end
LAB-415,234,cold_chain,"The primary subject is an ultra-low freezer interior racks empty, staged alone as a Palm Beach Vitality laboratory research catalog hero. If any label or printed panel appears, it must read exactly 'Selank' for laboratory research use only. Frost-edge glass, gel packs, or logger pixels as supporting texture around a single hero object. Call out: one ULT freezer interior, empty stainless racks, frost edge; finish with photoreal catalog finish with micro-scratches only where realism needs them.","Materials and construction: one ULT freezer interior, empty stainless racks, frost edge — one complete cold-chain subject with believable scale, weight, and tactile surface response. Stage it on mirrored chrome instrument deck catching rim light under cool clinical blue-white LED with specular glass caustics, with empty negative space so the model cannot invent a second competing object (catalog variant 234).",mirrored chrome instrument deck catching rim light,cool clinical blue-white LED with specular glass caustics,"start on macro texture then straight pull-back to full hero, then hold",Active,0,,cool steel and ice-blue science grade,"Apple-keynote product intensity, still fully laboratory-real",Selank,pull_back,starts extreme close on material texture
LAB-474,235,ppe_sterile,"The primary subject is a cleanroom notebooks pack, staged alone as a Palm Beach Vitality laboratory research catalog hero. If any label or printed panel appears, it must read exactly 'Semaglutide' for laboratory research use only. One sterile accessory hero, brand-new state, photoreal material response, no medical theater. Finish with premium studio contrast with soft falloff and crisp speculars.","Materials and construction: notebooks — one complete PPE / sterile subject with believable scale, weight, and tactile surface response. Stage it on white melamine cleanroom table with clinical clarity under soft overhead softbox plus razor rim separation, with empty negative space so the model cannot invent a second competing object (catalog variant 235).",white melamine cleanroom table with clinical clarity,soft overhead softbox plus razor rim separation,"extreme macro with razor shallow depth of field; tiny forward drift only, then hold",Active,0,,high-contrast black and silver premium grade,editorial science magazine cover energy,Semaglutide,macro_detail,tight crop on engraved/metal/glass microtexture
LAB-216,236,premium_equipment,"The primary subject is a microcentrifuge refrigerated lid open empty rotor, staged alone as a Palm Beach Vitality laboratory research catalog hero. If any label or printed panel appears, it must read exactly 'SEMAX' for laboratory research use only. Expensive capital equipment presence — painted metal, precision optics, museum-grade silhouette, one instrument only. Call out: one microcentrifuge, empty rotor only, teal interior, no tubes; finish with neutral color-true pharmaceutical look with no surreal CGI glow.","Materials and construction: one microcentrifuge, empty rotor only, teal interior, no tubes — one complete premium equipment subject with believable scale, weight, and tactile surface response. Stage it on textured graphite slate sample board under backlit translucent glow through glass or polymer only when physically real, with empty negative space so the model cannot invent a second competing object (catalog variant 236).",textured graphite slate sample board,backlit translucent glow through glass or polymer only when physically real,"handheld-stable micro drift forward only, scientific documentary energy, then hold",Active,0,,crisp white clinical high-key grade,museum exhibit spotlight on a single artifact,SEMAX,doc_drift,"documentary mid-shot, slightly imperfect handheld stability"
LAB-027,237,vials_containers,"The primary subject is a cold-labeled vial with frost on glass, staged alone as a Palm Beach Vitality laboratory research catalog hero. If any label or printed panel appears, it must read exactly 'Sermorelin' for laboratory research use only. Catch warm transmission through the glass wall, a readable shoulder highlight, and a sealed sterile top with empty negative space around the hero. Call out: light frost on exterior, cold-chain implication; finish with tack-sharp focus on the subject silhouette and key material edges.","Materials and construction: light frost on exterior, cold-chain implication — one complete vial / container subject with believable scale, weight, and tactile surface response. Stage it on anodized navy aluminum deck plate under hard beauty dish key with deep controlled shadows, with empty negative space so the model cannot invent a second competing object (catalog variant 237).",anodized navy aluminum deck plate,hard beauty dish key with deep controlled shadows,"slow straight push-in from medium shot to closer detail, then hold",Active,0,,teal-and-amber cinematic lab grade,luxury watch-ad lighting adapted to lab equipment,Sermorelin,push_in,"medium hero starting frame, label readable by end"
LAB-145,238,instruments,"The primary subject is an overhead stirrer on retort stand, staged alone as a Palm Beach Vitality laboratory research catalog hero. If any label or printed panel appears, it must read exactly 'SS-31' for laboratory research use only. Show ports, fasteners, and status UI as quiet detail while the overall form stays the undeniable subject. Call out: one overhead stirrer motor, stainless chuck empty, chemistry bench; finish with expensive editorial science-magazine presence without lifestyle props.","Materials and construction: one overhead stirrer motor, stainless chuck empty, chemistry bench — one complete instrument subject with believable scale, weight, and tactile surface response. Stage it on frosted optical glass riser on black field under high-gloss catalog cross-light showing material microtexture, with empty negative space so the model cannot invent a second competing object (catalog variant 238).",frosted optical glass riser on black field,high-gloss catalog cross-light showing material microtexture,"low-angle tilt-up from underside to eye level, pivot only, no travel around subject, then hold",Active,0,,warm tungsten accents on cold metal grade,NASA hardware documentary sharpness,SS-31,tilt_reveal,low-angle power pose looking upward at instrument
LAB-090,239,glassware,"The primary subject is a desiccator jar with plate, staged alone as a Palm Beach Vitality laboratory research catalog hero. If any label or printed panel appears, it must read exactly 'TA-1' for laboratory research use only. Museum-grade glassware catalog shot: ground-glass fitment, etched volume marks if present, empty lab field around it. Call out: glass desiccator, lid sealed; finish with deep controlled shadows and bright product highlights for vertical 9:16.","Materials and construction: glass desiccator, lid sealed — one complete glassware subject with believable scale, weight, and tactile surface response. Stage it on wet-look black porcelain tile under fiber-optic accent kiss on metal edges, with empty negative space so the model cannot invent a second competing object (catalog variant 239).",wet-look black porcelain tile,fiber-optic accent kiss on metal edges,"short side-profile track then settle on three-quarter angle — brief lateral only, then hard hold",Active,0,,neutral color-true pharmaceutical catalog grade,Vogue-still life precision for a scientific object,TA-1,profile_track,true side profile then settles to three-quarter facing
LAB-353,240,qc_analytical,"The primary subject is a polarimeter research grade, staged alone as a Palm Beach Vitality laboratory research catalog hero. If any label or printed panel appears, it must read exactly 'TB-500' for laboratory research use only. Calibrated QC hardware energy: solvent lines, steel faces, status LEDs — one analyzer detail owns the frame. Call out: one polarimeter tube bay, optical bench aesthetic; finish with photoreal catalog finish with micro-scratches only where realism needs them.","Materials and construction: one polarimeter tube bay, optical bench aesthetic — one complete QC / analytical subject with believable scale, weight, and tactile surface response. Stage it on pearl quartz lab surface under dramatic dual rim lights with cool cyan edge and warm key, with empty negative space so the model cannot invent a second competing object (catalog variant 240).",pearl quartz lab surface,dramatic dual rim lights with cool cyan edge and warm key,locked tripod hold with micro focus rack only — camera body does not travel,Active,0,,cool steel and ice-blue science grade,"Apple-keynote product intensity, still fully laboratory-real",TB-500,static_lock,"centered editorial hero, tripod-locked, subject fills mid-frame"
LAB-276,241,research_pens,"The primary subject is a research pen with metal nose cone, staged alone as a Palm Beach Vitality laboratory research catalog hero. If any label or printed panel appears, it must read exactly 'Tesamorelin' for laboratory research use only. Keep a capped-pen still-life silhouette with crisp plastic-metal edges; a loose cap may sit beside the barrel but never implies use on a body. Call out: metal tip housing, cap on; finish with premium studio contrast with soft falloff and crisp speculars.","Materials and construction: metal tip housing, cap on — one complete research pen subject with believable scale, weight, and tactile surface response. Stage it on polished black reflective acrylic with crisp mirror reflection under low-key cinematic spotlight on subject, velvet falloff, with empty negative space so the model cannot invent a second competing object (catalog variant 241).",polished black reflective acrylic with crisp mirror reflection,"low-key cinematic spotlight on subject, velvet falloff","slow overhead descend straight down into top-down composition, then hold",Active,0,,high-contrast black and silver premium grade,editorial science magazine cover energy,Tesamorelin,top_down,"overhead geometric catalog composition, subject centered in plan view"
LAB-327,242,liquid_handling,"The primary subject is a gel-loading pipette tips rack, staged alone as a Palm Beach Vitality laboratory research catalog hero. If any label or printed panel appears, it must read exactly 'Tesamorelin/Ipamorelin' for laboratory research use only. Show believable scale marks, ejector button, and color-coded accents without a second matching tool in frame. Call out: thin tips; finish with neutral color-true pharmaceutical look with no surreal CGI glow.","Materials and construction: thin tips — one complete liquid-handling subject with believable scale, weight, and tactile surface response. Stage it on matte pure white cyclorama with soft contact shadow under split complementary lab lighting, teal and amber accents, with empty negative space so the model cannot invent a second competing object (catalog variant 242).",matte pure white cyclorama with soft contact shadow,"split complementary lab lighting, teal and amber accents","soft pedestal up a few centimeters while lighting wrap shifts; no sideways travel, then hold",Active,0,,crisp white clinical high-key grade,museum exhibit spotlight on a single artifact,Tesamorelin/Ipamorelin,pedestal_light,eye-level catalog hero; light wrap changes on metal edges
LAB-440,243,cold_chain,"The primary subject is a laboratory cold room stainless corridor, staged alone as a Palm Beach Vitality laboratory research catalog hero. If any label or printed panel appears, it must read exactly 'Tirzepatide' for laboratory research use only. Temperature-controlled research logistics look: sealed, serious, photoreal, empty of people. Call out: one cold-room aisle, stainless shelving empty, sterile cold light; finish with tack-sharp focus on the subject silhouette and key material edges.","Materials and construction: one cold-room aisle, stainless shelving empty, sterile cold light — one complete cold-chain subject with believable scale, weight, and tactile surface response. Stage it on brushed stainless steel lab bench with linear grain highlights under macro ring-light even field for scientific detail, with empty negative space so the model cannot invent a second competing object (catalog variant 243).",brushed stainless steel lab bench with linear grain highlights,macro ring-light even field for scientific detail,"locked offset composition with subtle breathing push-in only, then hold",Active,0,,teal-and-amber cinematic lab grade,luxury watch-ad lighting adapted to lab equipment,Tirzepatide,offset_hero,"subject placed on left or right third, negative space opposite"
LAB-475,244,ppe_sterile,"The primary subject is a sticky roller for garments, staged alone as a Palm Beach Vitality laboratory research catalog hero. If any label or printed panel appears, it must read exactly '5-Amino-1MQ' for laboratory research use only. Unused clean-room PPE: crisp folds, matte nitrile/poly, sealed packs — exactly one primary item. Call out: lint roller; finish with expensive editorial science-magazine presence without lifestyle props.","Materials and construction: lint roller — one complete PPE / sterile subject with believable scale, weight, and tactile surface response. Stage it on dark charcoal epoxy resin countertop with subtle sparkle under cool clinical blue-white LED with specular glass caustics, with empty negative space so the model cannot invent a second competing object (catalog variant 244).",dark charcoal epoxy resin countertop with subtle sparkle,cool clinical blue-white LED with specular glass caustics,"lateral slide left-to-right past the subject, focus locked, straight horizontal path, then hold",Active,0,,warm tungsten accents on cold metal grade,NASA hardware documentary sharpness,5-Amino-1MQ,lateral_slide,subject slightly off-center; specular highlights travel across form
LAB-241,245,premium_equipment,"The primary subject is a cryostat microtome, staged alone as a Palm Beach Vitality laboratory research catalog hero. If any label or printed panel appears, it must read exactly 'AOD-9604' for laboratory research use only. Fill the frame with a single high-end lab machine; no operator, no sample mess, no second chassis. Call out: one cryostat, chamber open empty, frost texture, histology instrument; finish with deep controlled shadows and bright product highlights for vertical 9:16.","Materials and construction: one cryostat, chamber open empty, frost texture, histology instrument — one complete premium equipment subject with believable scale, weight, and tactile surface response. Stage it on obsidian glass plate with deep reflection under soft overhead softbox plus razor rim separation, with empty negative space so the model cannot invent a second competing object (catalog variant 245).",obsidian glass plate with deep reflection,soft overhead softbox plus razor rim separation,"slow straight push-out from tight crop to full product, then hold",Active,0,,neutral color-true pharmaceutical catalog grade,Vogue-still life precision for a scientific object,AOD-9604,push_out,"starts tight crop on badge/port/edge, ends full product in frame"
LAB-028,246,vials_containers,"The primary subject is a vial standing in stainless steel vial block, staged alone as a Palm Beach Vitality laboratory research catalog hero. If any label or printed panel appears, it must read exactly 'BPC-157' for laboratory research use only. Macro-honest vial geometry: septum texture, aluminum crimp teeth, and a single upright or posed bottle with no twin beside it. Call out: precision machined block holding one vial; finish with photoreal catalog finish with micro-scratches only where realism needs them.","Materials and construction: precision machined block holding one vial — one complete vial / container subject with believable scale, weight, and tactile surface response. Stage it on mirrored chrome instrument deck catching rim light under backlit translucent glow through glass or polymer only when physically real, with empty negative space so the model cannot invent a second competing object (catalog variant 246).",mirrored chrome instrument deck catching rim light,backlit translucent glow through glass or polymer only when physically real,"very slow push-in from wide sterile environment into subject-dominant frame, then hold",Active,0,,cool steel and ice-blue science grade,"Apple-keynote product intensity, still fully laboratory-real",BPC-157,wide_env,wider sterile environment context with subject still dominant
LAB-201,247,instruments,"The primary subject is a vortex mixer RGB-accent laboratory, staged alone as a Palm Beach Vitality laboratory research catalog hero. If any label or printed panel appears, it must read exactly 'BPC-157/TB-500' for laboratory research use only. Premium instrument still: clean geometry, subtle wear only where realism needs it, empty surroundings. Call out: one vortex mixer, rubber cup empty, neon accent lighting science; finish with premium studio contrast with soft falloff and crisp speculars.","Materials and construction: one vortex mixer, rubber cup empty, neon accent lighting science — one complete instrument subject with believable scale, weight, and tactile surface response. Stage it on white melamine cleanroom table with clinical clarity under hard beauty dish key with deep controlled shadows, with empty negative space so the model cannot invent a second competing object (catalog variant 247).",white melamine cleanroom table with clinical clarity,hard beauty dish key with deep controlled shadows,"gentle vertical rise from base to top of subject, path is a straight up-line, then hold",Active,0,,high-contrast black and silver premium grade,editorial science magazine cover energy,BPC-157/TB-500,vertical_rise,"base of subject at bottom third, rises to top detail"
LAB-091,248,glassware,"The primary subject is a crystallizing dish, staged alone as a Palm Beach Vitality laboratory research catalog hero. If any label or printed panel appears, it must read exactly 'Cagrilinitide' for laboratory research use only. Catch a sharp meniscus, optical distortion, and studio highlights traveling through one vessel — no crowded flask rack behind it. Call out: low wide dish, clear glass; finish with neutral color-true pharmaceutical look with no surreal CGI glow.","Materials and construction: low wide dish, clear glass — one complete glassware subject with believable scale, weight, and tactile surface response. Stage it on textured graphite slate sample board under high-gloss catalog cross-light showing material microtexture, with empty negative space so the model cannot invent a second competing object (catalog variant 248).",textured graphite slate sample board,high-gloss catalog cross-light showing material microtexture,"crane-down from high three-quarter to eye-level hero on a straight descending path, then hold",Active,0,,crisp white clinical high-key grade,museum exhibit spotlight on a single artifact,Cagrilinitide,crane_settle,"starts high three-quarter, settles to eye-level hero"
LAB-204,249,qc_analytical,"The primary subject is a refractometer Abbe digital, staged alone as a Palm Beach Vitality laboratory research catalog hero. If any label or printed panel appears, it must read exactly 'CJC (no DAC)' for laboratory research use only. Analytical instrument catalog drama with expensive metal/polymer mix and no competing open sample clutter. Call out: one digital refractometer, prism hatch closed, QC; finish with tack-sharp focus on the subject silhouette and key material edges.","Materials and construction: one digital refractometer, prism hatch closed, QC — one complete QC / analytical subject with believable scale, weight, and tactile surface response. Stage it on anodized navy aluminum deck plate under fiber-optic accent kiss on metal edges, with empty negative space so the model cannot invent a second competing object (catalog variant 249).",anodized navy aluminum deck plate,fiber-optic accent kiss on metal edges,"short vertical lift then lock off on the label plane — straight rise, then hold",Active,0,,teal-and-amber cinematic lab grade,luxury watch-ad lighting adapted to lab equipment,CJC (no DAC),label_rise,locked on label/typography plane by the end
LAB-277,250,research_pens,"The primary subject is a slim research pen graphite gray body, staged alone as a Palm Beach Vitality laboratory research catalog hero. If any label or printed panel appears, it must read exactly 'CJC (no DAC)/Ipamorelin' for laboratory research use only. Read as expensive research hardware: dosage window, clip, and tip cover, isolated on a clean catalog surface. Call out: matte gray finish; finish with expensive editorial science-magazine presence without lifestyle props.","Materials and construction: matte gray finish — one complete research pen subject with believable scale, weight, and tactile surface response. Stage it on frosted optical glass riser on black field under dramatic dual rim lights with cool cyan edge and warm key, with empty negative space so the model cannot invent a second competing object (catalog variant 250).",frosted optical glass riser on black field,dramatic dual rim lights with cool cyan edge and warm key,"start on macro texture then straight pull-back to full hero, then hold",Active,0,,warm tungsten accents on cold metal grade,NASA hardware documentary sharpness,CJC (no DAC)/Ipamorelin,pull_back,starts extreme close on material texture
LAB-328,251,liquid_handling,"The primary subject is a wide-bore pipette tips for viscous samples, staged alone as a Palm Beach Vitality laboratory research catalog hero. If any label or printed panel appears, it must read exactly 'DSIP' for laboratory research use only. Clinical product photography of a single liquid-handling instrument, idle and unused, sharp edge detail. Call out: wide orifice tips; finish with deep controlled shadows and bright product highlights for vertical 9:16.","Materials and construction: wide orifice tips — one complete liquid-handling subject with believable scale, weight, and tactile surface response. Stage it on wet-look black porcelain tile under low-key cinematic spotlight on subject, velvet falloff, with empty negative space so the model cannot invent a second competing object (catalog variant 251).",wet-look black porcelain tile,"low-key cinematic spotlight on subject, velvet falloff","extreme macro with razor shallow depth of field; tiny forward drift only, then hold",Active,0,,neutral color-true pharmaceutical catalog grade,Vogue-still life precision for a scientific object,DSIP,macro_detail,tight crop on engraved/metal/glass microtexture
LAB-360,252,cold_chain,"The primary subject is a freezer tape roll white, staged alone as a Palm Beach Vitality laboratory research catalog hero. If any label or printed panel appears, it must read exactly 'GHK-Cu' for laboratory research use only. Cold-chain drama: frost texture, insulation, logger screens, or sealed cold packaging — research context only. Finish with photoreal catalog finish with micro-scratches only where realism needs them.","Materials and construction: freezer tape — one complete cold-chain subject with believable scale, weight, and tactile surface response. Stage it on pearl quartz lab surface under split complementary lab lighting, teal and amber accents, with empty negative space so the model cannot invent a second competing object (catalog variant 252).",pearl quartz lab surface,"split complementary lab lighting, teal and amber accents","handheld-stable micro drift forward only, scientific documentary energy, then hold",Active,0,,cool steel and ice-blue science grade,"Apple-keynote product intensity, still fully laboratory-real",GHK-Cu,doc_drift,"documentary mid-shot, slightly imperfect handheld stability"
LAB-476,253,ppe_sterile,"The primary subject is a garment bag hanging empty, staged alone as a Palm Beach Vitality laboratory research catalog hero. If any label or printed panel appears, it must read exactly 'GLOW' for laboratory research use only. Sterile catalog still of a single PPE piece; no worn gloves, no people, no procedure staging. Finish with premium studio contrast with soft falloff and crisp speculars.","Materials and construction: bag — one complete PPE / sterile subject with believable scale, weight, and tactile surface response. Stage it on polished black reflective acrylic with crisp mirror reflection under macro ring-light even field for scientific detail, with empty negative space so the model cannot invent a second competing object (catalog variant 253).",polished black reflective acrylic with crisp mirror reflection,macro ring-light even field for scientific detail,"slow straight push-in from medium shot to closer detail, then hold",Active,0,,high-contrast black and silver premium grade,editorial science magazine cover energy,GLOW,push_in,"medium hero starting frame, label readable by end"
LAB-136,254,premium_equipment,"The primary subject is a rotary microtome, staged alone as a Palm Beach Vitality laboratory research catalog hero. If any label or printed panel appears, it must read exactly 'KLOW' for laboratory research use only. Editorial science cover energy: polished housings, turret/stage/arm detail, deep controlled falloff. Call out: one precision microtome, blade guard on, brass/steel craftsmanship; finish with neutral color-true pharmaceutical look with no surreal CGI glow.","Materials and construction: one precision microtome, blade guard on, brass/steel craftsmanship — one complete premium equipment subject with believable scale, weight, and tactile surface response. Stage it on matte pure white cyclorama with soft contact shadow under cool clinical blue-white LED with specular glass caustics, with empty negative space so the model cannot invent a second competing object (catalog variant 254).",matte pure white cyclorama with soft contact shadow,cool clinical blue-white LED with specular glass caustics,"low-angle tilt-up from underside to eye level, pivot only, no travel around subject, then hold",Active,0,,crisp white clinical high-key grade,museum exhibit spotlight on a single artifact,KLOW,tilt_reveal,low-angle power pose looking upward at instrument
LAB-029,255,vials_containers,"The primary subject is an amber vial backlit to show liquid meniscus, staged alone as a Palm Beach Vitality laboratory research catalog hero. If any label or printed panel appears, it must read exactly 'KPV' for laboratory research use only. Premium peptide-vial catalog energy — glass weight, fill-line clarity, and clinical side light with zero lifestyle props. Call out: meniscus sharp, liquid clarity visible; finish with tack-sharp focus on the subject silhouette and key material edges.","Materials and construction: meniscus sharp, liquid clarity visible — one complete vial / container subject with believable scale, weight, and tactile surface response. Stage it on brushed stainless steel lab bench with linear grain highlights under soft overhead softbox plus razor rim separation, with empty negative space so the model cannot invent a second competing object (catalog variant 255).",brushed stainless steel lab bench with linear grain highlights,soft overhead softbox plus razor rim separation,"short side-profile track then settle on three-quarter angle — brief lateral only, then hard hold",Active,0,,teal-and-amber cinematic lab grade,luxury watch-ad lighting adapted to lab equipment,KPV,profile_track,true side profile then settles to three-quarter facing
LAB-226,256,instruments,"The primary subject is an ultrasonic homogenizer probe unit, staged alone as a Palm Beach Vitality laboratory research catalog hero. If any label or printed panel appears, it must read exactly 'Melanotan 2' for laboratory research use only. Credible lab-instrument materials: brushed metal, polymer housings, ports, displays, tight tolerances — idle catalog state. Call out: one sonicator, probe tip guarded, bioprocessing instrument; finish with expensive editorial science-magazine presence without lifestyle props.","Materials and construction: one sonicator, probe tip guarded, bioprocessing instrument — one complete instrument subject with believable scale, weight, and tactile surface response. Stage it on dark charcoal epoxy resin countertop with subtle sparkle under backlit translucent glow through glass or polymer only when physically real, with empty negative space so the model cannot invent a second competing object (catalog variant 256).",dark charcoal epoxy resin countertop with subtle sparkle,backlit translucent glow through glass or polymer only when physically real,locked tripod hold with micro focus rack only — camera body does not travel,Active,0,,warm tungsten accents on cold metal grade,NASA hardware documentary sharpness,Melanotan 2,static_lock,"centered editorial hero, tripod-locked, subject fills mid-frame"
LAB-092,257,glassware,"The primary subject is an evaporating dish porcelain, staged alone as a Palm Beach Vitality laboratory research catalog hero. If any label or printed panel appears, it must read exactly 'MOTS-C' for laboratory research use only. Borosilicate clarity and honest liquid level; the glassware alone owns the frame with premium science-magazine lighting. Call out: white porcelain, pouring lip; finish with deep controlled shadows and bright product highlights for vertical 9:16.","Materials and construction: white porcelain, pouring lip — one complete glassware subject with believable scale, weight, and tactile surface response. Stage it on obsidian glass plate with deep reflection under hard beauty dish key with deep controlled shadows, with empty negative space so the model cannot invent a second competing object (catalog variant 257).",obsidian glass plate with deep reflection,hard beauty dish key with deep controlled shadows,"slow overhead descend straight down into top-down composition, then hold",Active,0,,neutral color-true pharmaceutical catalog grade,Vogue-still life precision for a scientific object,MOTS-C,top_down,"overhead geometric catalog composition, subject centered in plan view"
LAB-229,258,qc_analytical,"The primary subject is a laboratory pH meter with electrode stand, staged alone as a Palm Beach Vitality laboratory research catalog hero. If any label or printed panel appears, it must read exactly 'NAD+' for laboratory research use only. Front-panel or inlet hero with believable engineering detail and clinical color-true lighting. Call out: one benchtop pH meter, electrode in storage sleeve, no beaker clutter; finish with photoreal catalog finish with micro-scratches only where realism needs them.","Materials and construction: one benchtop pH meter, electrode in storage sleeve, no beaker clutter — one complete QC / analytical subject with believable scale, weight, and tactile surface response. Stage it on mirrored chrome instrument deck catching rim light under high-gloss catalog cross-light showing material microtexture, with empty negative space so the model cannot invent a second competing object (catalog variant 258).",mirrored chrome instrument deck catching rim light,high-gloss catalog cross-light showing material microtexture,"soft pedestal up a few centimeters while lighting wrap shifts; no sideways travel, then hold",Active,0,,cool steel and ice-blue science grade,"Apple-keynote product intensity, still fully laboratory-real",NAD+,pedestal_light,eye-level catalog hero; light wrap changes on metal edges
LAB-278,259,research_pens,"The primary subject is a research pen with translucent smoke barrel, staged alone as a Palm Beach Vitality laboratory research catalog hero. If any label or printed panel appears, it must read exactly 'PT-141' for laboratory research use only. One pen only, tack-sharp barrel graphics zone, soft reflection beneath, zero medical-procedure context. Call out: smoke tint showing liquid; finish with premium studio contrast with soft falloff and crisp speculars.","Materials and construction: smoke tint showing liquid — one complete research pen subject with believable scale, weight, and tactile surface response. Stage it on white melamine cleanroom table with clinical clarity under fiber-optic accent kiss on metal edges, with empty negative space so the model cannot invent a second competing object (catalog variant 259).",white melamine cleanroom table with clinical clarity,fiber-optic accent kiss on metal edges,"locked offset composition with subtle breathing push-in only, then hold",Active,0,,high-contrast black and silver premium grade,editorial science magazine cover energy,PT-141,offset_hero,"subject placed on left or right third, negative space opposite"
LAB-329,260,liquid_handling,"The primary subject is a filtered pipette tips sterile rack purple, staged alone as a Palm Beach Vitality laboratory research catalog hero. If any label or printed panel appears, it must read exactly 'Retatrutide' for laboratory research use only. Precision liquid-handling hardware: volume window, plunger, tip cone, engineered plastics — tip never touches skin. Call out: purple filter tips; finish with neutral color-true pharmaceutical look with no surreal CGI glow.","Materials and construction: purple filter tips — one complete liquid-handling subject with believable scale, weight, and tactile surface response. Stage it on textured graphite slate sample board under dramatic dual rim lights with cool cyan edge and warm key, with empty negative space so the model cannot invent a second competing object (catalog variant 260).",textured graphite slate sample board,dramatic dual rim lights with cool cyan edge and warm key,"lateral slide left-to-right past the subject, focus locked, straight horizontal path, then hold",Active,0,,crisp white clinical high-key grade,museum exhibit spotlight on a single artifact,Retatrutide,lateral_slide,subject slightly off-center; specular highlights travel across form
LAB-361,261,cold_chain,"The primary subject is a cryogenic storage dewar neck with locking lid, staged alone as a Palm Beach Vitality laboratory research catalog hero. If any label or printed panel appears, it must read exactly 'Selank' for laboratory research use only. One cold-chain subject with clinical chill cues; never grocery/lifestyle cooler vibes. Call out: one dewar lid assembly macro, cold metal, scientific drama; finish with tack-sharp focus on the subject silhouette and key material edges.","Materials and construction: one dewar lid assembly macro, cold metal, scientific drama — one complete cold-chain subject with believable scale, weight, and tactile surface response. Stage it on anodized navy aluminum deck plate under low-key cinematic spotlight on subject, velvet falloff, with empty negative space so the model cannot invent a second competing object (catalog variant 261).",anodized navy aluminum deck plate,"low-key cinematic spotlight on subject, velvet falloff","slow straight push-out from tight crop to full product, then hold",Active,0,,teal-and-amber cinematic lab grade,luxury watch-ad lighting adapted to lab equipment,Selank,push_out,"starts tight crop on badge/port/edge, ends full product in frame"
LAB-477,262,ppe_sterile,"The primary subject is a laundry hamper closed cleanroom, staged alone as a Palm Beach Vitality laboratory research catalog hero. If any label or printed panel appears, it must read exactly 'Semaglutide' for laboratory research use only. Show package seals or fabric texture with clinical white/blue light and generous empty space. Finish with expensive editorial science-magazine presence without lifestyle props.","Materials and construction: hamper — one complete PPE / sterile subject with believable scale, weight, and tactile surface response. Stage it on frosted optical glass riser on black field under split complementary lab lighting, teal and amber accents, with empty negative space so the model cannot invent a second competing object (catalog variant 262).",frosted optical glass riser on black field,"split complementary lab lighting, teal and amber accents","very slow push-in from wide sterile environment into subject-dominant frame, then hold",Active,0,,warm tungsten accents on cold metal grade,NASA hardware documentary sharpness,Semaglutide,wide_env,wider sterile environment context with subject still dominant
LAB-192,263,premium_equipment,"The primary subject is a lyophilizer freeze-dryer chamber, staged alone as a Palm Beach Vitality laboratory research catalog hero. If any label or printed panel appears, it must read exactly 'SEMAX' for laboratory research use only. Photoreal research instrument hero with credible cables/ports minimized and the main form unmistakable. Call out: one lyophilizer, acrylic chamber, condenser detail, pharma research; finish with deep controlled shadows and bright product highlights for vertical 9:16.","Materials and construction: one lyophilizer, acrylic chamber, condenser detail, pharma research — one complete premium equipment subject with believable scale, weight, and tactile surface response. Stage it on wet-look black porcelain tile under macro ring-light even field for scientific detail, with empty negative space so the model cannot invent a second competing object (catalog variant 263).",wet-look black porcelain tile,macro ring-light even field for scientific detail,"gentle vertical rise from base to top of subject, path is a straight up-line, then hold",Active,0,,neutral color-true pharmaceutical catalog grade,Vogue-still life precision for a scientific object,SEMAX,vertical_rise,"base of subject at bottom third, rises to top detail"
LAB-030,264,vials_containers,"The primary subject is a clear vial with colored cap insert blue, staged alone as a Palm Beach Vitality laboratory research catalog hero. If any label or printed panel appears, it must read exactly 'Sermorelin' for laboratory research use only. Show thick pharmaceutical glass, a crisp crimp or cap edge, and a clean reflection on the vial shoulder — exactly one vial, no tray cluster or cardboard. Call out: blue cap insert, inventory coding; finish with photoreal catalog finish with micro-scratches only where realism needs them.","Materials and construction: blue cap insert, inventory coding — one complete vial / container subject with believable scale, weight, and tactile surface response. Stage it on pearl quartz lab surface under cool clinical blue-white LED with specular glass caustics, with empty negative space so the model cannot invent a second competing object (catalog variant 264).",pearl quartz lab surface,cool clinical blue-white LED with specular glass caustics,"crane-down from high three-quarter to eye-level hero on a straight descending path, then hold",Active,0,,cool steel and ice-blue science grade,"Apple-keynote product intensity, still fully laboratory-real",Sermorelin,crane_settle,"starts high three-quarter, settles to eye-level hero"
LAB-086,265,instruments,"The primary subject is a bead mill homogenizer, staged alone as a Palm Beach Vitality laboratory research catalog hero. If any label or printed panel appears, it must read exactly 'SS-31' for laboratory research use only. One module or instrument only; no bench chaos, no people, sharp readable silhouette for image-to-video lock. Call out: one bead mill, sample chamber closed, proteomics prep; finish with premium studio contrast with soft falloff and crisp speculars.","Materials and construction: one bead mill, sample chamber closed, proteomics prep — one complete instrument subject with believable scale, weight, and tactile surface response. Stage it on polished black reflective acrylic with crisp mirror reflection under soft overhead softbox plus razor rim separation, with empty negative space so the model cannot invent a second competing object (catalog variant 265).",polished black reflective acrylic with crisp mirror reflection,soft overhead softbox plus razor rim separation,"short vertical lift then lock off on the label plane — straight rise, then hold",Active,0,,high-contrast black and silver premium grade,editorial science magazine cover energy,SS-31,label_rise,locked on label/typography plane by the end
LAB-093,266,glassware,"The primary subject is a mortar and pestle porcelain clean, staged alone as a Palm Beach Vitality laboratory research catalog hero. If any label or printed panel appears, it must read exactly 'TA-1' for laboratory research use only. Side-lit glass drama with caustics and a stable liquid surface; single piece only, no pipettes stealing the hero role. Call out: lab porcelain set, unused clean; finish with neutral color-true pharmaceutical look with no surreal CGI glow.","Materials and construction: lab porcelain set, unused clean — one complete glassware subject with believable scale, weight, and tactile surface response. Stage it on matte pure white cyclorama with soft contact shadow under backlit translucent glow through glass or polymer only when physically real, with empty negative space so the model cannot invent a second competing object (catalog variant 266).",matte pure white cyclorama with soft contact shadow,backlit translucent glow through glass or polymer only when physically real,"start on macro texture then straight pull-back to full hero, then hold",Active,0,,crisp white clinical high-key grade,museum exhibit spotlight on a single artifact,TA-1,pull_back,starts extreme close on material texture
LAB-464,267,qc_analytical,"The primary subject is a conductivity meter probe station, staged alone as a Palm Beach Vitality laboratory research catalog hero. If any label or printed panel appears, it must read exactly 'TB-500' for laboratory research use only. Single QC system presence; keep secondary vials out unless they are the named subject itself. Call out: one conductivity meter, probe clipped, water QC; finish with tack-sharp focus on the subject silhouette and key material edges.","Materials and construction: one conductivity meter, probe clipped, water QC — one complete QC / analytical subject with believable scale, weight, and tactile surface response. Stage it on brushed stainless steel lab bench with linear grain highlights under hard beauty dish key with deep controlled shadows, with empty negative space so the model cannot invent a second competing object (catalog variant 267).",brushed stainless steel lab bench with linear grain highlights,hard beauty dish key with deep controlled shadows,"extreme macro with razor shallow depth of field; tiny forward drift only, then hold",Active,0,,teal-and-amber cinematic lab grade,luxury watch-ad lighting adapted to lab equipment,TB-500,macro_detail,tight crop on engraved/metal/glass microtexture
LAB-279,268,research_pens,"The primary subject is a research pen docked in display stand prop, staged alone as a Palm Beach Vitality laboratory research catalog hero. If any label or printed panel appears, it must read exactly 'Tesamorelin' for laboratory research use only. Emphasize the barrel window, dial collar, and matte/gloss finishes of one premium research pen — no skin, hands, needles, or injection staging. Call out: stand is display only; finish with expensive editorial science-magazine presence without lifestyle props.","Materials and construction: stand is display only — one complete research pen subject with believable scale, weight, and tactile surface response. Stage it on dark charcoal epoxy resin countertop with subtle sparkle under high-gloss catalog cross-light showing material microtexture, with empty negative space so the model cannot invent a second competing object (catalog variant 268).",dark charcoal epoxy resin countertop with subtle sparkle,high-gloss catalog cross-light showing material microtexture,"handheld-stable micro drift forward only, scientific documentary energy, then hold",Active,0,,warm tungsten accents on cold metal grade,NASA hardware documentary sharpness,Tesamorelin,doc_drift,"documentary mid-shot, slightly imperfect handheld stability"
LAB-330,269,liquid_handling,"The primary subject is a pipette calibration balance kit case, staged alone as a Palm Beach Vitality laboratory research catalog hero. If any label or printed panel appears, it must read exactly 'Tesamorelin/Ipamorelin' for laboratory research use only. One micropipette or dispenser hero with sterile unused tip state and clean negative space for a catalog still. Call out: calibration kit; finish with deep controlled shadows and bright product highlights for vertical 9:16.","Materials and construction: calibration kit — one complete liquid-handling subject with believable scale, weight, and tactile surface response. Stage it on obsidian glass plate with deep reflection under fiber-optic accent kiss on metal edges, with empty negative space so the model cannot invent a second competing object (catalog variant 269).",obsidian glass plate with deep reflection,fiber-optic accent kiss on metal edges,"slow straight push-in from medium shot to closer detail, then hold",Active,0,,neutral color-true pharmaceutical catalog grade,Vogue-still life precision for a scientific object,Tesamorelin/Ipamorelin,push_in,"medium hero starting frame, label readable by end"
LAB-363,270,cold_chain,"The primary subject is a single laboratory cold brick pack, staged alone as a Palm Beach Vitality laboratory research catalog hero. If any label or printed panel appears, it must read exactly 'Tirzepatide' for laboratory research use only. Frost-edge glass, gel packs, or logger pixels as supporting texture around a single hero object. Call out: exactly one cold pack brick, flat on bench; finish with photoreal catalog finish with micro-scratches only where realism needs them.","Materials and construction: exactly one cold pack brick, flat on bench — one complete cold-chain subject with believable scale, weight, and tactile surface response. Stage it on mirrored chrome instrument deck catching rim light under dramatic dual rim lights with cool cyan edge and warm key, with empty negative space so the model cannot invent a second competing object (catalog variant 270).",mirrored chrome instrument deck catching rim light,dramatic dual rim lights with cool cyan edge and warm key,"low-angle tilt-up from underside to eye level, pivot only, no travel around subject, then hold",Active,0,,cool steel and ice-blue science grade,"Apple-keynote product intensity, still fully laboratory-real",Tirzepatide,tilt_reveal,low-angle power pose looking upward at instrument
LAB-478,271,ppe_sterile,"The primary subject is a PPE size placard stand, staged alone as a Palm Beach Vitality laboratory research catalog hero. If any label or printed panel appears, it must read exactly '5-Amino-1MQ' for laboratory research use only. One sterile accessory hero, brand-new state, photoreal material response, no medical theater. Finish with premium studio contrast with soft falloff and crisp speculars.","Materials and construction: placard — one complete PPE / sterile subject with believable scale, weight, and tactile surface response. Stage it on white melamine cleanroom table with clinical clarity under low-key cinematic spotlight on subject, velvet falloff, with empty negative space so the model cannot invent a second competing object (catalog variant 271).",white melamine cleanroom table with clinical clarity,"low-key cinematic spotlight on subject, velvet falloff","short side-profile track then settle on three-quarter angle — brief lateral only, then hard hold",Active,0,,high-contrast black and silver premium grade,editorial science magazine cover energy,5-Amino-1MQ,profile_track,true side profile then settles to three-quarter facing
LAB-217,272,premium_equipment,"The primary subject is a rotary evaporator with glassware seated, staged alone as a Palm Beach Vitality laboratory research catalog hero. If any label or printed panel appears, it must read exactly 'AOD-9604' for laboratory research use only. Expensive capital equipment presence — painted metal, precision optics, museum-grade silhouette, one instrument only. Call out: one rotovap, pear flask empty, condenser coils, deep vacuum science mood; finish with neutral color-true pharmaceutical look with no surreal CGI glow.","Materials and construction: one rotovap, pear flask empty, condenser coils, deep vacuum science mood — one complete premium equipment subject with believable scale, weight, and tactile surface response. Stage it on textured graphite slate sample board under split complementary lab lighting, teal and amber accents, with empty negative space so the model cannot invent a second competing object (catalog variant 272).",textured graphite slate sample board,"split complementary lab lighting, teal and amber accents",locked tripod hold with micro focus rack only — camera body does not travel,Active,0,,crisp white clinical high-key grade,museum exhibit spotlight on a single artifact,AOD-9604,static_lock,"centered editorial hero, tripod-locked, subject fills mid-frame"
LAB-416,273,vials_containers,"The primary subject is a peptide research powder on weighing paper, staged alone as a Palm Beach Vitality laboratory research catalog hero. If any label or printed panel appears, it must read exactly 'BPC-157' for laboratory research use only. Catch warm transmission through the glass wall, a readable shoulder highlight, and a sealed sterile top with empty negative space around the hero. Call out: one small pile of white research powder on glassine weigh paper under draft shield, microbalance context, single subject powder focus; finish with tack-sharp focus on the subject silhouette and key material edges.","Materials and construction: one small pile of white research powder on glassine weigh paper under draft shield, microbalance context, single subject powder focus — one complete vial / container subject with believable scale, weight, and tactile surface response. Stage it on anodized navy aluminum deck plate under macro ring-light even field for scientific detail, with empty negative space so the model cannot invent a second competing object (catalog variant 273).",anodized navy aluminum deck plate,macro ring-light even field for scientific detail,"slow overhead descend straight down into top-down composition, then hold",Active,0,,teal-and-amber cinematic lab grade,luxury watch-ad lighting adapted to lab equipment,BPC-157,top_down,"overhead geometric catalog composition, subject centered in plan view"
LAB-152,274,instruments,"The primary subject is a refrigerated microcentrifuge with lid open showing empty rotor, staged alone as a Palm Beach Vitality laboratory research catalog hero. If any label or printed panel appears, it must read exactly 'BPC-157/TB-500' for laboratory research use only. Show ports, fasteners, and status UI as quiet detail while the overall form stays the undeniable subject. Call out: one centrifuge, empty rotor only, teal interior accent, no tubes; finish with expensive editorial science-magazine presence without lifestyle props.","Materials and construction: one centrifuge, empty rotor only, teal interior accent, no tubes — one complete instrument subject with believable scale, weight, and tactile surface response. Stage it on frosted optical glass riser on black field under cool clinical blue-white LED with specular glass caustics, with empty negative space so the model cannot invent a second competing object (catalog variant 274).",frosted optical glass riser on black field,cool clinical blue-white LED with specular glass caustics,"soft pedestal up a few centimeters while lighting wrap shifts; no sideways travel, then hold",Active,0,,warm tungsten accents on cold metal grade,NASA hardware documentary sharpness,BPC-157/TB-500,pedestal_light,eye-level catalog hero; light wrap changes on metal edges
LAB-094,275,glassware,"The primary subject is a glass stirring mantle flask setup dry, staged alone as a Palm Beach Vitality laboratory research catalog hero. If any label or printed panel appears, it must read exactly 'Cagrilinitide' for laboratory research use only. Museum-grade glassware catalog shot: ground-glass fitment, etched volume marks if present, empty lab field around it. Call out: flask in heating mantle, power off, still; finish with deep controlled shadows and bright product highlights for vertical 9:16.","Materials and construction: flask in heating mantle, power off, still — one complete glassware subject with believable scale, weight, and tactile surface response. Stage it on wet-look black porcelain tile under soft overhead softbox plus razor rim separation, with empty negative space so the model cannot invent a second competing object (catalog variant 275).",wet-look black porcelain tile,soft overhead softbox plus razor rim separation,"locked offset composition with subtle breathing push-in only, then hold",Active,0,,neutral color-true pharmaceutical catalog grade,Vogue-still life precision for a scientific object,Cagrilinitide,offset_hero,"subject placed on left or right third, negative space opposite"
LAB-064,276,qc_analytical,"The primary subject is a dissolved oxygen meter research, staged alone as a Palm Beach Vitality laboratory research catalog hero. If any label or printed panel appears, it must read exactly 'CJC (no DAC)' for laboratory research use only. Calibrated QC hardware energy: solvent lines, steel faces, status LEDs — one analyzer detail owns the frame. Call out: one DO meter, optical probe, bioprocess QA; finish with photoreal catalog finish with micro-scratches only where realism needs them.","Materials and construction: one DO meter, optical probe, bioprocess QA — one complete QC / analytical subject with believable scale, weight, and tactile surface response. Stage it on pearl quartz lab surface under backlit translucent glow through glass or polymer only when physically real, with empty negative space so the model cannot invent a second competing object (catalog variant 276).",pearl quartz lab surface,backlit translucent glow through glass or polymer only when physically real,"lateral slide left-to-right past the subject, focus locked, straight horizontal path, then hold",Active,0,,cool steel and ice-blue science grade,"Apple-keynote product intensity, still fully laboratory-real",CJC (no DAC),lateral_slide,subject slightly off-center; specular highlights travel across form
LAB-280,277,research_pens,"The primary subject is a research pen beside torque-test fixture, staged alone as a Palm Beach Vitality laboratory research catalog hero. If any label or printed panel appears, it must read exactly 'CJC (no DAC)/Ipamorelin' for laboratory research use only. Keep a capped-pen still-life silhouette with crisp plastic-metal edges; a loose cap may sit beside the barrel but never implies use on a body. Call out: QA fixture and pen; finish with premium studio contrast with soft falloff and crisp speculars.","Materials and construction: QA fixture and pen — one complete research pen subject with believable scale, weight, and tactile surface response. Stage it on polished black reflective acrylic with crisp mirror reflection under hard beauty dish key with deep controlled shadows, with empty negative space so the model cannot invent a second competing object (catalog variant 277).",polished black reflective acrylic with crisp mirror reflection,hard beauty dish key with deep controlled shadows,"slow straight push-out from tight crop to full product, then hold",Active,0,,high-contrast black and silver premium grade,editorial science magazine cover energy,CJC (no DAC)/Ipamorelin,push_out,"starts tight crop on badge/port/edge, ends full product in frame"
LAB-331,278,liquid_handling,"The primary subject is a bottle-top aspirator, staged alone as a Palm Beach Vitality laboratory research catalog hero. If any label or printed panel appears, it must read exactly 'DSIP' for laboratory research use only. Show believable scale marks, ejector button, and color-coded accents without a second matching tool in frame. Call out: aspirator unit; finish with neutral color-true pharmaceutical look with no surreal CGI glow.","Materials and construction: aspirator unit — one complete liquid-handling subject with believable scale, weight, and tactile surface response. Stage it on matte pure white cyclorama with soft contact shadow under high-gloss catalog cross-light showing material microtexture, with empty negative space so the model cannot invent a second competing object (catalog variant 278).",matte pure white cyclorama with soft contact shadow,high-gloss catalog cross-light showing material microtexture,"very slow push-in from wide sterile environment into subject-dominant frame, then hold",Active,0,,crisp white clinical high-key grade,museum exhibit spotlight on a single artifact,DSIP,wide_env,wider sterile environment context with subject still dominant
LAB-364,279,cold_chain,"The primary subject is an insulated bottle carrier for reagents, staged alone as a Palm Beach Vitality laboratory research catalog hero. If any label or printed panel appears, it must read exactly 'GHK-Cu' for laboratory research use only. Temperature-controlled research logistics look: sealed, serious, photoreal, empty of people. Finish with tack-sharp focus on the subject silhouette and key material edges.","Materials and construction: carrier — one complete cold-chain subject with believable scale, weight, and tactile surface response. Stage it on brushed stainless steel lab bench with linear grain highlights under fiber-optic accent kiss on metal edges, with empty negative space so the model cannot invent a second competing object (catalog variant 279).",brushed stainless steel lab bench with linear grain highlights,fiber-optic accent kiss on metal edges,"gentle vertical rise from base to top of subject, path is a straight up-line, then hold",Active,0,,teal-and-amber cinematic lab grade,luxury watch-ad lighting adapted to lab equipment,GHK-Cu,vertical_rise,"base of subject at bottom third, rises to top detail"
LAB-479,280,ppe_sterile,"The primary subject is an eye wash sign placard only, staged alone as a Palm Beach Vitality laboratory research catalog hero. If any label or printed panel appears, it must read exactly 'GLOW' for laboratory research use only. Unused clean-room PPE: crisp folds, matte nitrile/poly, sealed packs — exactly one primary item. Finish with expensive editorial science-magazine presence without lifestyle props.","Materials and construction: sign — one complete PPE / sterile subject with believable scale, weight, and tactile surface response. Stage it on dark charcoal epoxy resin countertop with subtle sparkle under dramatic dual rim lights with cool cyan edge and warm key, with empty negative space so the model cannot invent a second competing object (catalog variant 280).",dark charcoal epoxy resin countertop with subtle sparkle,dramatic dual rim lights with cool cyan edge and warm key,"crane-down from high three-quarter to eye-level hero on a straight descending path, then hold",Active,0,,warm tungsten accents on cold metal grade,NASA hardware documentary sharpness,GLOW,crane_settle,"starts high three-quarter, settles to eye-level hero"
LAB-242,281,premium_equipment,"The primary subject is a vacuum manifold Schlenk line detail, staged alone as a Palm Beach Vitality laboratory research catalog hero. If any label or printed panel appears, it must read exactly 'KLOW' for laboratory research use only. Fill the frame with a single high-end lab machine; no operator, no sample mess, no second chassis. Call out: one Schlenk vacuum manifold, glass stopcocks, polished clamps, chemistry research; finish with deep controlled shadows and bright product highlights for vertical 9:16.","Materials and construction: one Schlenk vacuum manifold, glass stopcocks, polished clamps, chemistry research — one complete premium equipment subject with believable scale, weight, and tactile surface response. Stage it on obsidian glass plate with deep reflection under low-key cinematic spotlight on subject, velvet falloff, with empty negative space so the model cannot invent a second competing object (catalog variant 281).",obsidian glass plate with deep reflection,"low-key cinematic spotlight on subject, velvet falloff","short vertical lift then lock off on the label plane — straight rise, then hold",Active,0,,neutral color-true pharmaceutical catalog grade,Vogue-still life precision for a scientific object,KLOW,label_rise,locked on label/typography plane by the end
LAB-441,282,vials_containers,"The primary subject is a lyophilized peptide cake in open vial, staged alone as a Palm Beach Vitality laboratory research catalog hero. If any label or printed panel appears, it must read exactly 'KPV' for laboratory research use only. Macro-honest vial geometry: septum texture, aluminum crimp teeth, and a single upright or posed bottle with no twin beside it. Call out: one clear vial, open septum removed, white lyophilized cake only, single chamber, no second vial; finish with photoreal catalog finish with micro-scratches only where realism needs them.","Materials and construction: one clear vial, open septum removed, white lyophilized cake only, single chamber, no second vial — one complete vial / container subject with believable scale, weight, and tactile surface response. Stage it on mirrored chrome instrument deck catching rim light under split complementary lab lighting, teal and amber accents, with empty negative space so the model cannot invent a second competing object (catalog variant 282).",mirrored chrome instrument deck catching rim light,"split complementary lab lighting, teal and amber accents","start on macro texture then straight pull-back to full hero, then hold",Active,0,,cool steel and ice-blue science grade,"Apple-keynote product intensity, still fully laboratory-real",KPV,pull_back,starts extreme close on material texture
LAB-202,283,instruments,"The primary subject is a laboratory vacuum pump oil-free, staged alone as a Palm Beach Vitality laboratory research catalog hero. If any label or printed panel appears, it must read exactly 'Melanotan 2' for laboratory research use only. Premium instrument still: clean geometry, subtle wear only where realism needs it, empty surroundings. Call out: one oil-free scroll vacuum pump, industrial science hero; finish with premium studio contrast with soft falloff and crisp speculars.","Materials and construction: one oil-free scroll vacuum pump, industrial science hero — one complete instrument subject with believable scale, weight, and tactile surface response. Stage it on white melamine cleanroom table with clinical clarity under macro ring-light even field for scientific detail, with empty negative space so the model cannot invent a second competing object (catalog variant 283).",white melamine cleanroom table with clinical clarity,macro ring-light even field for scientific detail,"extreme macro with razor shallow depth of field; tiny forward drift only, then hold",Active,0,,high-contrast black and silver premium grade,editorial science magazine cover energy,Melanotan 2,macro_detail,tight crop on engraved/metal/glass microtexture
LAB-095,284,glassware,"The primary subject is a Kjeldahl flask, staged alone as a Palm Beach Vitality laboratory research catalog hero. If any label or printed panel appears, it must read exactly 'MOTS-C' for laboratory research use only. Catch a sharp meniscus, optical distortion, and studio highlights traveling through one vessel — no crowded flask rack behind it. Call out: long-neck flask silhouette; finish with neutral color-true pharmaceutical look with no surreal CGI glow.","Materials and construction: long-neck flask silhouette — one complete glassware subject with believable scale, weight, and tactile surface response. Stage it on textured graphite slate sample board under cool clinical blue-white LED with specular glass caustics, with empty negative space so the model cannot invent a second competing object (catalog variant 284).",textured graphite slate sample board,cool clinical blue-white LED with specular glass caustics,"handheld-stable micro drift forward only, scientific documentary energy, then hold",Active,0,,crisp white clinical high-key grade,museum exhibit spotlight on a single artifact,MOTS-C,doc_drift,"documentary mid-shot, slightly imperfect handheld stability"
LAB-205,285,qc_analytical,"The primary subject is a laboratory osmometer freezing-point, staged alone as a Palm Beach Vitality laboratory research catalog hero. If any label or printed panel appears, it must read exactly 'NAD+' for laboratory research use only. Analytical instrument catalog drama with expensive metal/polymer mix and no competing open sample clutter. Call out: one osmometer, sample well empty, clinical research device; finish with tack-sharp focus on the subject silhouette and key material edges.","Materials and construction: one osmometer, sample well empty, clinical research device — one complete QC / analytical subject with believable scale, weight, and tactile surface response. Stage it on anodized navy aluminum deck plate under soft overhead softbox plus razor rim separation, with empty negative space so the model cannot invent a second competing object (catalog variant 285).",anodized navy aluminum deck plate,soft overhead softbox plus razor rim separation,"slow straight push-in from medium shot to closer detail, then hold",Active,0,,teal-and-amber cinematic lab grade,luxury watch-ad lighting adapted to lab equipment,NAD+,push_in,"medium hero starting frame, label readable by end"
LAB-281,286,research_pens,"The primary subject is a research pen clip detail macro, staged alone as a Palm Beach Vitality laboratory research catalog hero. If any label or printed panel appears, it must read exactly 'PT-141' for laboratory research use only. Read as expensive research hardware: dosage window, clip, and tip cover, isolated on a clean catalog surface. Call out: metal clip extreme macro; finish with expensive editorial science-magazine presence without lifestyle props.","Materials and construction: metal clip extreme macro — one complete research pen subject with believable scale, weight, and tactile surface response. Stage it on frosted optical glass riser on black field under backlit translucent glow through glass or polymer only when physically real, with empty negative space so the model cannot invent a second competing object (catalog variant 286).",frosted optical glass riser on black field,backlit translucent glow through glass or polymer only when physically real,"low-angle tilt-up from underside to eye level, pivot only, no travel around subject, then hold",Active,0,,warm tungsten accents on cold metal grade,NASA hardware documentary sharpness,PT-141,tilt_reveal,low-angle power pose looking upward at instrument
LAB-332,287,liquid_handling,"The primary subject is a vacuum aspiration pipette controller, staged alone as a Palm Beach Vitality laboratory research catalog hero. If any label or printed panel appears, it must read exactly 'Retatrutide' for laboratory research use only. Clinical product photography of a single liquid-handling instrument, idle and unused, sharp edge detail. Call out: aspiration tool; finish with deep controlled shadows and bright product highlights for vertical 9:16.","Materials and construction: aspiration tool — one complete liquid-handling subject with believable scale, weight, and tactile surface response. Stage it on wet-look black porcelain tile under hard beauty dish key with deep controlled shadows, with empty negative space so the model cannot invent a second competing object (catalog variant 287).",wet-look black porcelain tile,hard beauty dish key with deep controlled shadows,"short side-profile track then settle on three-quarter angle — brief lateral only, then hard hold",Active,0,,neutral color-true pharmaceutical catalog grade,Vogue-still life precision for a scientific object,Retatrutide,profile_track,true side profile then settles to three-quarter facing
LAB-365,288,cold_chain,"The primary subject is a refrigerated centrifuge rotor lid, staged alone as a Palm Beach Vitality laboratory research catalog hero. If any label or printed panel appears, it must read exactly 'Selank' for laboratory research use only. Cold-chain drama: frost texture, insulation, logger screens, or sealed cold packaging — research context only. Call out: rotor lid object; finish with photoreal catalog finish with micro-scratches only where realism needs them.","Materials and construction: rotor lid object — one complete cold-chain subject with believable scale, weight, and tactile surface response. Stage it on pearl quartz lab surface under high-gloss catalog cross-light showing material microtexture, with empty negative space so the model cannot invent a second competing object (catalog variant 288).",pearl quartz lab surface,high-gloss catalog cross-light showing material microtexture,locked tripod hold with micro focus rack only — camera body does not travel,Active,0,,cool steel and ice-blue science grade,"Apple-keynote product intensity, still fully laboratory-real",Selank,static_lock,"centered editorial hero, tripod-locked, subject fills mid-frame"
LAB-480,289,ppe_sterile,"The primary subject is a spill sock absorbent coiled, staged alone as a Palm Beach Vitality laboratory research catalog hero. If any label or printed panel appears, it must read exactly 'Semaglutide' for laboratory research use only. Sterile catalog still of a single PPE piece; no worn gloves, no people, no procedure staging. Finish with premium studio contrast with soft falloff and crisp speculars.","Materials and construction: sock — one complete PPE / sterile subject with believable scale, weight, and tactile surface response. Stage it on polished black reflective acrylic with crisp mirror reflection under fiber-optic accent kiss on metal edges, with empty negative space so the model cannot invent a second competing object (catalog variant 289).",polished black reflective acrylic with crisp mirror reflection,fiber-optic accent kiss on metal edges,"slow overhead descend straight down into top-down composition, then hold",Active,0,,high-contrast black and silver premium grade,editorial science magazine cover energy,Semaglutide,top_down,"overhead geometric catalog composition, subject centered in plan view"
LAB-194,290,premium_equipment,"The primary subject is a laboratory freeze dryer shelf stack, staged alone as a Palm Beach Vitality laboratory research catalog hero. If any label or printed panel appears, it must read exactly 'SEMAX' for laboratory research use only. Editorial science cover energy: polished housings, turret/stage/arm detail, deep controlled falloff. Call out: one lyophilizer shelf stack detail, frost and steel, premium pharma; finish with neutral color-true pharmaceutical look with no surreal CGI glow.","Materials and construction: one lyophilizer shelf stack detail, frost and steel, premium pharma — one complete premium equipment subject with believable scale, weight, and tactile surface response. Stage it on matte pure white cyclorama with soft contact shadow under dramatic dual rim lights with cool cyan edge and warm key, with empty negative space so the model cannot invent a second competing object (catalog variant 290).",matte pure white cyclorama with soft contact shadow,dramatic dual rim lights with cool cyan edge and warm key,"soft pedestal up a few centimeters while lighting wrap shifts; no sideways travel, then hold",Active,0,,crisp white clinical high-key grade,museum exhibit spotlight on a single artifact,SEMAX,pedestal_light,eye-level catalog hero; light wrap changes on metal edges
LAB-471,291,vials_containers,"The primary subject is an amber research vial sealed septum close-up, staged alone as a Palm Beach Vitality laboratory research catalog hero. If any label or printed panel appears, it must read exactly 'Sermorelin' for laboratory research use only. Premium peptide-vial catalog energy — glass weight, fill-line clarity, and clinical side light with zero lifestyle props. Call out: one amber glass vial, aluminum crimp, white septum, sharp fill line, luxury catalog; finish with tack-sharp focus on the subject silhouette and key material edges.","Materials and construction: one amber glass vial, aluminum crimp, white septum, sharp fill line, luxury catalog — one complete vial / container subject with believable scale, weight, and tactile surface response. Stage it on brushed stainless steel lab bench with linear grain highlights under low-key cinematic spotlight on subject, velvet falloff, with empty negative space so the model cannot invent a second competing object (catalog variant 291).",brushed stainless steel lab bench with linear grain highlights,"low-key cinematic spotlight on subject, velvet falloff","locked offset composition with subtle breathing push-in only, then hold",Active,0,,teal-and-amber cinematic lab grade,luxury watch-ad lighting adapted to lab equipment,Sermorelin,offset_hero,"subject placed on left or right third, negative space opposite"
LAB-227,292,instruments,"The primary subject is a diaphragm vacuum pump compact, staged alone as a Palm Beach Vitality laboratory research catalog hero. If any label or printed panel appears, it must read exactly 'SS-31' for laboratory research use only. Credible lab-instrument materials: brushed metal, polymer housings, ports, displays, tight tolerances — idle catalog state. Call out: one lab diaphragm pump, PTFE heads, clean chemistry support; finish with expensive editorial science-magazine presence without lifestyle props.","Materials and construction: one lab diaphragm pump, PTFE heads, clean chemistry support — one complete instrument subject with believable scale, weight, and tactile surface response. Stage it on dark charcoal epoxy resin countertop with subtle sparkle under split complementary lab lighting, teal and amber accents, with empty negative space so the model cannot invent a second competing object (catalog variant 292).",dark charcoal epoxy resin countertop with subtle sparkle,"split complementary lab lighting, teal and amber accents","lateral slide left-to-right past the subject, focus locked, straight horizontal path, then hold",Active,0,,warm tungsten accents on cold metal grade,NASA hardware documentary sharpness,SS-31,lateral_slide,subject slightly off-center; specular highlights travel across form
LAB-096,293,glassware,"The primary subject is a gas washing bottle, staged alone as a Palm Beach Vitality laboratory research catalog hero. If any label or printed panel appears, it must read exactly 'TA-1' for laboratory research use only. Borosilicate clarity and honest liquid level; the glassware alone owns the frame with premium science-magazine lighting. Call out: Drechsel bottle form; finish with deep controlled shadows and bright product highlights for vertical 9:16.","Materials and construction: Drechsel bottle form — one complete glassware subject with believable scale, weight, and tactile surface response. Stage it on obsidian glass plate with deep reflection under macro ring-light even field for scientific detail, with empty negative space so the model cannot invent a second competing object (catalog variant 293).",obsidian glass plate with deep reflection,macro ring-light even field for scientific detail,"slow straight push-out from tight crop to full product, then hold",Active,0,,neutral color-true pharmaceutical catalog grade,Vogue-still life precision for a scientific object,TA-1,push_out,"starts tight crop on badge/port/edge, ends full product in frame"
LAB-282,294,research_pens,"The primary subject is a research pen rubber grip section macro, staged alone as a Palm Beach Vitality laboratory research catalog hero. If any label or printed panel appears, it must read exactly 'TB-500' for laboratory research use only. Read as expensive research hardware: dosage window, clip, and tip cover, isolated on a clean catalog surface. Call out: grip texture; finish with photoreal catalog finish with micro-scratches only where realism needs them.","Materials and construction: grip texture — one complete research pen subject with believable scale, weight, and tactile surface response. Stage it on mirrored chrome instrument deck catching rim light under cool clinical blue-white LED with specular glass caustics, with empty negative space so the model cannot invent a second competing object (catalog variant 294).",mirrored chrome instrument deck catching rim light,cool clinical blue-white LED with specular glass caustics,"very slow push-in from wide sterile environment into subject-dominant frame, then hold",Active,0,,cool steel and ice-blue science grade,"Apple-keynote product intensity, still fully laboratory-real",TB-500,wide_env,wider sterile environment context with subject still dominant
LAB-333,295,liquid_handling,"The primary subject is a single serological pipette individually wrapped, staged alone as a Palm Beach Vitality laboratory research catalog hero. If any label or printed panel appears, it must read exactly 'Tesamorelin' for laboratory research use only. Clinical product photography of a single liquid-handling instrument, idle and unused, sharp edge detail. Call out: exactly one wrapped pipette, paper/plastic wrap intact; finish with premium studio contrast with soft falloff and crisp speculars.","Materials and construction: exactly one wrapped pipette, paper/plastic wrap intact — one complete liquid-handling subject with believable scale, weight, and tactile surface response. Stage it on white melamine cleanroom table with clinical clarity under soft overhead softbox plus razor rim separation, with empty negative space so the model cannot invent a second competing object (catalog variant 295).",white melamine cleanroom table with clinical clarity,soft overhead softbox plus razor rim separation,"gentle vertical rise from base to top of subject, path is a straight up-line, then hold",Active,0,,high-contrast black and silver premium grade,editorial science magazine cover energy,Tesamorelin,vertical_rise,"base of subject at bottom third, rises to top detail"
LAB-366,296,cold_chain,"The primary subject is a pre-chilled aluminum tube block, staged alone as a Palm Beach Vitality laboratory research catalog hero. If any label or printed panel appears, it must read exactly 'Tesamorelin/Ipamorelin' for laboratory research use only. Cold-chain drama: frost texture, insulation, logger screens, or sealed cold packaging — research context only. Call out: cold block; finish with neutral color-true pharmaceutical look with no surreal CGI glow.","Materials and construction: cold block — one complete cold-chain subject with believable scale, weight, and tactile surface response. Stage it on textured graphite slate sample board under backlit translucent glow through glass or polymer only when physically real, with empty negative space so the model cannot invent a second competing object (catalog variant 296).",textured graphite slate sample board,backlit translucent glow through glass or polymer only when physically real,"crane-down from high three-quarter to eye-level hero on a straight descending path, then hold",Active,0,,crisp white clinical high-key grade,museum exhibit spotlight on a single artifact,Tesamorelin/Ipamorelin,crane_settle,"starts high three-quarter, settles to eye-level hero"
LAB-481,297,ppe_sterile,"The primary subject is a neutralizer powder bottle, staged alone as a Palm Beach Vitality laboratory research catalog hero. If any label or printed panel appears, it must read exactly 'Tirzepatide' for laboratory research use only. Sterile catalog still of a single PPE piece; no worn gloves, no people, no procedure staging. Finish with tack-sharp focus on the subject silhouette and key material edges.","Materials and construction: bottle — one complete PPE / sterile subject with believable scale, weight, and tactile surface response. Stage it on anodized navy aluminum deck plate under hard beauty dish key with deep controlled shadows, with empty negative space so the model cannot invent a second competing object (catalog variant 297).",anodized navy aluminum deck plate,hard beauty dish key with deep controlled shadows,"short vertical lift then lock off on the label plane — straight rise, then hold",Active,0,,teal-and-amber cinematic lab grade,luxury watch-ad lighting adapted to lab equipment,Tirzepatide,label_rise,locked on label/typography plane by the end
LAB-197,298,premium_equipment,"The primary subject is a x-ray diffractometer goniometer, staged alone as a Palm Beach Vitality laboratory research catalog hero. If any label or printed panel appears, it must read exactly '5-Amino-1MQ' for laboratory research use only. Editorial science cover energy: polished housings, turret/stage/arm detail, deep controlled falloff. Call out: one XRD goniometer stage, precision motors, materials lab; finish with expensive editorial science-magazine presence without lifestyle props.","Materials and construction: one XRD goniometer stage, precision motors, materials lab — one complete premium equipment subject with believable scale, weight, and tactile surface response. Stage it on frosted optical glass riser on black field under high-gloss catalog cross-light showing material microtexture, with empty negative space so the model cannot invent a second competing object (catalog variant 298).",frosted optical glass riser on black field,high-gloss catalog cross-light showing material microtexture,"start on macro texture then straight pull-back to full hero, then hold",Active,0,,warm tungsten accents on cold metal grade,NASA hardware documentary sharpness,5-Amino-1MQ,pull_back,starts extreme close on material texture
LAB-031,299,vials_containers,"The primary subject is a research vial on anti-vibration pad, staged alone as a Palm Beach Vitality laboratory research catalog hero. If any label or printed panel appears, it must read exactly 'AOD-9604' for laboratory research use only. Premium peptide-vial catalog energy — glass weight, fill-line clarity, and clinical side light with zero lifestyle props. Call out: small black lab pad under vial base; finish with deep controlled shadows and bright product highlights for vertical 9:16.","Materials and construction: small black lab pad under vial base — one complete vial / container subject with believable scale, weight, and tactile surface response. Stage it on wet-look black porcelain tile under fiber-optic accent kiss on metal edges, with empty negative space so the model cannot invent a second competing object (catalog variant 299).",wet-look black porcelain tile,fiber-optic accent kiss on metal edges,"extreme macro with razor shallow depth of field; tiny forward drift only, then hold",Active,0,,neutral color-true pharmaceutical catalog grade,Vogue-still life precision for a scientific object,AOD-9604,macro_detail,tight crop on engraved/metal/glass microtexture
LAB-462,300,instruments,"The primary subject is a precision analytical microbalance draft chamber, staged alone as a Palm Beach Vitality laboratory research catalog hero. If any label or printed panel appears, it must read exactly 'BPC-157' for laboratory research use only. Credible lab-instrument materials: brushed metal, polymer housings, ports, displays, tight tolerances — idle catalog state. Call out: one microbalance under glass, illuminated pan empty, luxury catalog; finish with photoreal catalog finish with micro-scratches only where realism needs them.","Materials and construction: one microbalance under glass, illuminated pan empty, luxury catalog — one complete instrument subject with believable scale, weight, and tactile surface response. Stage it on pearl quartz lab surface under dramatic dual rim lights with cool cyan edge and warm key, with empty negative space so the model cannot invent a second competing object (catalog variant 300).",pearl quartz lab surface,dramatic dual rim lights with cool cyan edge and warm key,"handheld-stable micro drift forward only, scientific documentary energy, then hold",Active,0,,cool steel and ice-blue science grade,"Apple-keynote product intensity, still fully laboratory-real",BPC-157,doc_drift,"documentary mid-shot, slightly imperfect handheld stability"
LAB-097,301,glassware,"The primary subject is a glass research barrel with Luer lock cap, staged alone as a Palm Beach Vitality laboratory research catalog hero. If any label or printed panel appears, it must read exactly 'BPC-157/TB-500' for laboratory research use only. Borosilicate clarity and honest liquid level; the glassware alone owns the frame with premium science-magazine lighting. Call out: one glass barrel capped, no needle, no injection context; finish with premium studio contrast with soft falloff and crisp speculars.","Materials and construction: one glass barrel capped, no needle, no injection context — one complete glassware subject with believable scale, weight, and tactile surface response. Stage it on polished black reflective acrylic with crisp mirror reflection under low-key cinematic spotlight on subject, velvet falloff, with empty negative space so the model cannot invent a second competing object (catalog variant 301).",polished black reflective acrylic with crisp mirror reflection,"low-key cinematic spotlight on subject, velvet falloff","slow straight push-in from medium shot to closer detail, then hold",Active,0,,high-contrast black and silver premium grade,editorial science magazine cover energy,BPC-157/TB-500,push_in,"medium hero starting frame, label readable by end"
LAB-283,302,research_pens,"The primary subject is a research pen dial click collar engraved, staged alone as a Palm Beach Vitality laboratory research catalog hero. If any label or printed panel appears, it must read exactly 'Cagrilinitide' for laboratory research use only. Read as expensive research hardware: dosage window, clip, and tip cover, isolated on a clean catalog surface. Call out: collar engraving; finish with neutral color-true pharmaceutical look with no surreal CGI glow.","Materials and construction: collar engraving — one complete research pen subject with believable scale, weight, and tactile surface response. Stage it on matte pure white cyclorama with soft contact shadow under split complementary lab lighting, teal and amber accents, with empty negative space so the model cannot invent a second competing object (catalog variant 302).",matte pure white cyclorama with soft contact shadow,"split complementary lab lighting, teal and amber accents","low-angle tilt-up from underside to eye level, pivot only, no travel around subject, then hold",Active,0,,crisp white clinical high-key grade,museum exhibit spotlight on a single artifact,Cagrilinitide,tilt_reveal,low-angle power pose looking upward at instrument
LAB-334,303,liquid_handling,"The primary subject is a bulb pipette filler classic, staged alone as a Palm Beach Vitality laboratory research catalog hero. If any label or printed panel appears, it must read exactly 'CJC (no DAC)' for laboratory research use only. Clinical product photography of a single liquid-handling instrument, idle and unused, sharp edge detail. Call out: rubber bulb filler; finish with tack-sharp focus on the subject silhouette and key material edges.","Materials and construction: rubber bulb filler — one complete liquid-handling subject with believable scale, weight, and tactile surface response. Stage it on brushed stainless steel lab bench with linear grain highlights under macro ring-light even field for scientific detail, with empty negative space so the model cannot invent a second competing object (catalog variant 303).",brushed stainless steel lab bench with linear grain highlights,macro ring-light even field for scientific detail,"short side-profile track then settle on three-quarter angle — brief lateral only, then hard hold",Active,0,,teal-and-amber cinematic lab grade,luxury watch-ad lighting adapted to lab equipment,CJC (no DAC),profile_track,true side profile then settles to three-quarter facing
LAB-368,304,cold_chain,"The primary subject is a thermal pallet cover folded, staged alone as a Palm Beach Vitality laboratory research catalog hero. If any label or printed panel appears, it must read exactly 'CJC (no DAC)/Ipamorelin' for laboratory research use only. Cold-chain drama: frost texture, insulation, logger screens, or sealed cold packaging — research context only. Call out: cover fabric; finish with expensive editorial science-magazine presence without lifestyle props.","Materials and construction: cover fabric — one complete cold-chain subject with believable scale, weight, and tactile surface response. Stage it on dark charcoal epoxy resin countertop with subtle sparkle under cool clinical blue-white LED with specular glass caustics, with empty negative space so the model cannot invent a second competing object (catalog variant 304).",dark charcoal epoxy resin countertop with subtle sparkle,cool clinical blue-white LED with specular glass caustics,locked tripod hold with micro focus rack only — camera body does not travel,Active,0,,warm tungsten accents on cold metal grade,NASA hardware documentary sharpness,CJC (no DAC)/Ipamorelin,static_lock,"centered editorial hero, tripod-locked, subject fills mid-frame"
LAB-482,305,ppe_sterile,"The primary subject is a single chemical absorbent pad, staged alone as a Palm Beach Vitality laboratory research catalog hero. If any label or printed panel appears, it must read exactly 'DSIP' for laboratory research use only. Sterile catalog still of a single PPE piece; no worn gloves, no people, no procedure staging. Call out: exactly one absorbent pad laid flat; finish with deep controlled shadows and bright product highlights for vertical 9:16.","Materials and construction: exactly one absorbent pad laid flat — one complete PPE / sterile subject with believable scale, weight, and tactile surface response. Stage it on obsidian glass plate with deep reflection under soft overhead softbox plus razor rim separation, with empty negative space so the model cannot invent a second competing object (catalog variant 305).",obsidian glass plate with deep reflection,soft overhead softbox plus razor rim separation,"slow overhead descend straight down into top-down composition, then hold",Active,0,,neutral color-true pharmaceutical catalog grade,Vogue-still life precision for a scientific object,DSIP,top_down,"overhead geometric catalog composition, subject centered in plan view"
LAB-222,306,premium_equipment,"The primary subject is a raman microscope system, staged alone as a Palm Beach Vitality laboratory research catalog hero. If any label or printed panel appears, it must read exactly 'GHK-Cu' for laboratory research use only. Editorial science cover energy: polished housings, turret/stage/arm detail, deep controlled falloff. Call out: one Raman microscope, laser safety shroud, spectroscopic research; finish with photoreal catalog finish with micro-scratches only where realism needs them.","Materials and construction: one Raman microscope, laser safety shroud, spectroscopic research — one complete premium equipment subject with believable scale, weight, and tactile surface response. Stage it on mirrored chrome instrument deck catching rim light under backlit translucent glow through glass or polymer only when physically real, with empty negative space so the model cannot invent a second competing object (catalog variant 306).",mirrored chrome instrument deck catching rim light,backlit translucent glow through glass or polymer only when physically real,"soft pedestal up a few centimeters while lighting wrap shifts; no sideways travel, then hold",Active,0,,cool steel and ice-blue science grade,"Apple-keynote product intensity, still fully laboratory-real",GHK-Cu,pedestal_light,eye-level catalog hero; light wrap changes on metal edges
LAB-417,307,vials_containers,"The primary subject is a clear peptide vial with lyophilized plug, staged alone as a Palm Beach Vitality laboratory research catalog hero. If any label or printed panel appears, it must read exactly 'GLOW' for laboratory research use only. Premium peptide-vial catalog energy — glass weight, fill-line clarity, and clinical side light with zero lifestyle props. Call out: one clear vial, white lyophilized plug, crimp seal, single subject; finish with premium studio contrast with soft falloff and crisp speculars.","Materials and construction: one clear vial, white lyophilized plug, crimp seal, single subject — one complete vial / container subject with believable scale, weight, and tactile surface response. Stage it on white melamine cleanroom table with clinical clarity under hard beauty dish key with deep controlled shadows, with empty negative space so the model cannot invent a second competing object (catalog variant 307).",white melamine cleanroom table with clinical clarity,hard beauty dish key with deep controlled shadows,"locked offset composition with subtle breathing push-in only, then hold",Active,0,,high-contrast black and silver premium grade,editorial science magazine cover energy,GLOW,offset_hero,"subject placed on left or right third, negative space opposite"
LAB-022,308,instruments,"The primary subject is a semi-micro balance with draft shield, staged alone as a Palm Beach Vitality laboratory research catalog hero. If any label or printed panel appears, it must read exactly 'KLOW' for laboratory research use only. Credible lab-instrument materials: brushed metal, polymer housings, ports, displays, tight tolerances — idle catalog state. Call out: one semi-micro balance, doors closed, mirrored steel; finish with neutral color-true pharmaceutical look with no surreal CGI glow.","Materials and construction: one semi-micro balance, doors closed, mirrored steel — one complete instrument subject with believable scale, weight, and tactile surface response. Stage it on textured graphite slate sample board under high-gloss catalog cross-light showing material microtexture, with empty negative space so the model cannot invent a second competing object (catalog variant 308).",textured graphite slate sample board,high-gloss catalog cross-light showing material microtexture,"lateral slide left-to-right past the subject, focus locked, straight horizontal path, then hold",Active,0,,crisp white clinical high-key grade,museum exhibit spotlight on a single artifact,KLOW,lateral_slide,subject slightly off-center; specular highlights travel across form
LAB-362,309,glassware,"The primary subject is a borosilicate volumetric flask with meniscus, staged alone as a Palm Beach Vitality laboratory research catalog hero. If any label or printed panel appears, it must read exactly 'KPV' for laboratory research use only. Borosilicate clarity and honest liquid level; the glassware alone owns the frame with premium science-magazine lighting. Call out: one volumetric flask, precise meniscus, etched mark, dramatic side light; finish with tack-sharp focus on the subject silhouette and key material edges.","Materials and construction: one volumetric flask, precise meniscus, etched mark, dramatic side light — one complete glassware subject with believable scale, weight, and tactile surface response. Stage it on anodized navy aluminum deck plate under fiber-optic accent kiss on metal edges, with empty negative space so the model cannot invent a second competing object (catalog variant 309).",anodized navy aluminum deck plate,fiber-optic accent kiss on metal edges,"slow straight push-out from tight crop to full product, then hold",Active,0,,teal-and-amber cinematic lab grade,luxury watch-ad lighting adapted to lab equipment,KPV,push_out,"starts tight crop on badge/port/edge, ends full product in frame"
LAB-284,310,research_pens,"The primary subject is a research pen in vertical acrylic tower, staged alone as a Palm Beach Vitality laboratory research catalog hero. If any label or printed panel appears, it must read exactly 'Melanotan 2' for laboratory research use only. Read as expensive research hardware: dosage window, clip, and tip cover, isolated on a clean catalog surface. Call out: tower display; finish with expensive editorial science-magazine presence without lifestyle props.","Materials and construction: tower display — one complete research pen subject with believable scale, weight, and tactile surface response. Stage it on frosted optical glass riser on black field under dramatic dual rim lights with cool cyan edge and warm key, with empty negative space so the model cannot invent a second competing object (catalog variant 310).",frosted optical glass riser on black field,dramatic dual rim lights with cool cyan edge and warm key,"very slow push-in from wide sterile environment into subject-dominant frame, then hold",Active,0,,warm tungsten accents on cold metal grade,NASA hardware documentary sharpness,Melanotan 2,wide_env,wider sterile environment context with subject still dominant
LAB-335,311,liquid_handling,"The primary subject is a motorized pipette filler, staged alone as a Palm Beach Vitality laboratory research catalog hero. If any label or printed panel appears, it must read exactly 'MOTS-C' for laboratory research use only. Clinical product photography of a single liquid-handling instrument, idle and unused, sharp edge detail. Call out: electronic filler; finish with deep controlled shadows and bright product highlights for vertical 9:16.","Materials and construction: electronic filler — one complete liquid-handling subject with believable scale, weight, and tactile surface response. Stage it on wet-look black porcelain tile under low-key cinematic spotlight on subject, velvet falloff, with empty negative space so the model cannot invent a second competing object (catalog variant 311).",wet-look black porcelain tile,"low-key cinematic spotlight on subject, velvet falloff","gentle vertical rise from base to top of subject, path is a straight up-line, then hold",Active,0,,neutral color-true pharmaceutical catalog grade,Vogue-still life precision for a scientific object,MOTS-C,vertical_rise,"base of subject at bottom third, rises to top detail"
LAB-369,312,cold_chain,"The primary subject is a cold chain SOP binder spine only, staged alone as a Palm Beach Vitality laboratory research catalog hero. If any label or printed panel appears, it must read exactly 'NAD+' for laboratory research use only. Cold-chain drama: frost texture, insulation, logger screens, or sealed cold packaging — research context only. Finish with photoreal catalog finish with micro-scratches only where realism needs them.","Materials and construction: binder spine — one complete cold-chain subject with believable scale, weight, and tactile surface response. Stage it on pearl quartz lab surface under split complementary lab lighting, teal and amber accents, with empty negative space so the model cannot invent a second competing object (catalog variant 312).",pearl quartz lab surface,"split complementary lab lighting, teal and amber accents","crane-down from high three-quarter to eye-level hero on a straight descending path, then hold",Active,0,,cool steel and ice-blue science grade,"Apple-keynote product intensity, still fully laboratory-real",NAD+,crane_settle,"starts high three-quarter, settles to eye-level hero"
LAB-483,313,ppe_sterile,"The primary subject is a waste bag stand with labeled bag empty, staged alone as a Palm Beach Vitality laboratory research catalog hero. If any label or printed panel appears, it must read exactly 'PT-141' for laboratory research use only. Sterile catalog still of a single PPE piece; no worn gloves, no people, no procedure staging. Finish with premium studio contrast with soft falloff and crisp speculars.","Materials and construction: stand — one complete PPE / sterile subject with believable scale, weight, and tactile surface response. Stage it on polished black reflective acrylic with crisp mirror reflection under macro ring-light even field for scientific detail, with empty negative space so the model cannot invent a second competing object (catalog variant 313).",polished black reflective acrylic with crisp mirror reflection,macro ring-light even field for scientific detail,"short vertical lift then lock off on the label plane — straight rise, then hold",Active,0,,high-contrast black and silver premium grade,editorial science magazine cover energy,PT-141,label_rise,locked on label/typography plane by the end
LAB-017,314,premium_equipment,"The primary subject is an atomic force microscope head, staged alone as a Palm Beach Vitality laboratory research catalog hero. If any label or printed panel appears, it must read exactly 'Retatrutide' for laboratory research use only. Editorial science cover energy: polished housings, turret/stage/arm detail, deep controlled falloff. Call out: one AFM scan head, vibration isolation table, nanoscience; finish with neutral color-true pharmaceutical look with no surreal CGI glow.","Materials and construction: one AFM scan head, vibration isolation table, nanoscience — one complete premium equipment subject with believable scale, weight, and tactile surface response. Stage it on matte pure white cyclorama with soft contact shadow under cool clinical blue-white LED with specular glass caustics, with empty negative space so the model cannot invent a second competing object (catalog variant 314).",matte pure white cyclorama with soft contact shadow,cool clinical blue-white LED with specular glass caustics,"start on macro texture then straight pull-back to full hero, then hold",Active,0,,crisp white clinical high-key grade,museum exhibit spotlight on a single artifact,Retatrutide,pull_back,starts extreme close on material texture
LAB-442,315,vials_containers,"The primary subject is a research powder vial sealed aluminum crimp, staged alone as a Palm Beach Vitality laboratory research catalog hero. If any label or printed panel appears, it must read exactly 'Selank' for laboratory research use only. Premium peptide-vial catalog energy — glass weight, fill-line clarity, and clinical side light with zero lifestyle props. Call out: one sealed vial of white research powder, no label clutter, single chamber; finish with tack-sharp focus on the subject silhouette and key material edges.","Materials and construction: one sealed vial of white research powder, no label clutter, single chamber — one complete vial / container subject with believable scale, weight, and tactile surface response. Stage it on brushed stainless steel lab bench with linear grain highlights under soft overhead softbox plus razor rim separation, with empty negative space so the model cannot invent a second competing object (catalog variant 315).",brushed stainless steel lab bench with linear grain highlights,soft overhead softbox plus razor rim separation,"extreme macro with razor shallow depth of field; tiny forward drift only, then hold",Active,0,,teal-and-amber cinematic lab grade,luxury watch-ad lighting adapted to lab equipment,Selank,macro_detail,tight crop on engraved/metal/glass microtexture
LAB-153,316,instruments,"The primary subject is a tube rotator wheel with clips, staged alone as a Palm Beach Vitality laboratory research catalog hero. If any label or printed panel appears, it must read exactly 'Semaglutide' for laboratory research use only. Credible lab-instrument materials: brushed metal, polymer housings, ports, displays, tight tolerances — idle catalog state. Call out: rotator with empty clips; finish with expensive editorial science-magazine presence without lifestyle props.","Materials and construction: rotator with empty clips — one complete instrument subject with believable scale, weight, and tactile surface response. Stage it on dark charcoal epoxy resin countertop with subtle sparkle under backlit translucent glow through glass or polymer only when physically real, with empty negative space so the model cannot invent a second competing object (catalog variant 316).",dark charcoal epoxy resin countertop with subtle sparkle,backlit translucent glow through glass or polymer only when physically real,"handheld-stable micro drift forward only, scientific documentary energy, then hold",Active,0,,warm tungsten accents on cold metal grade,NASA hardware documentary sharpness,Semaglutide,doc_drift,"documentary mid-shot, slightly imperfect handheld stability"
LAB-418,317,glassware,"The primary subject is a jacketed glass reactor vessel empty, staged alone as a Palm Beach Vitality laboratory research catalog hero. If any label or printed panel appears, it must read exactly 'SEMAX' for laboratory research use only. Borosilicate clarity and honest liquid level; the glassware alone owns the frame with premium science-magazine lighting. Call out: one jacketed reactor, ground-glass joints, chemistry scale-up aesthetic; finish with deep controlled shadows and bright product highlights for vertical 9:16.","Materials and construction: one jacketed reactor, ground-glass joints, chemistry scale-up aesthetic — one complete glassware subject with believable scale, weight, and tactile surface response. Stage it on obsidian glass plate with deep reflection under hard beauty dish key with deep controlled shadows, with empty negative space so the model cannot invent a second competing object (catalog variant 317).",obsidian glass plate with deep reflection,hard beauty dish key with deep controlled shadows,"slow straight push-in from medium shot to closer detail, then hold",Active,0,,neutral color-true pharmaceutical catalog grade,Vogue-still life precision for a scientific object,SEMAX,push_in,"medium hero starting frame, label readable by end"
LAB-285,318,research_pens,"The primary subject is a research pen kit tin open, staged alone as a Palm Beach Vitality laboratory research catalog hero. If any label or printed panel appears, it must read exactly 'Sermorelin' for laboratory research use only. Read as expensive research hardware: dosage window, clip, and tip cover, isolated on a clean catalog surface. Call out: metal tin packaging; finish with photoreal catalog finish with micro-scratches only where realism needs them.","Materials and construction: metal tin packaging — one complete research pen subject with believable scale, weight, and tactile surface response. Stage it on mirrored chrome instrument deck catching rim light under high-gloss catalog cross-light showing material microtexture, with empty negative space so the model cannot invent a second competing object (catalog variant 318).",mirrored chrome instrument deck catching rim light,high-gloss catalog cross-light showing material microtexture,"low-angle tilt-up from underside to eye level, pivot only, no travel around subject, then hold",Active,0,,cool steel and ice-blue science grade,"Apple-keynote product intensity, still fully laboratory-real",Sermorelin,tilt_reveal,low-angle power pose looking upward at instrument
LAB-336,319,liquid_handling,"The primary subject is a reagent reservoir 12-column, staged alone as a Palm Beach Vitality laboratory research catalog hero. If any label or printed panel appears, it must read exactly 'SS-31' for laboratory research use only. Clinical product photography of a single liquid-handling instrument, idle and unused, sharp edge detail. Call out: divided reservoir; finish with premium studio contrast with soft falloff and crisp speculars.","Materials and construction: divided reservoir — one complete liquid-handling subject with believable scale, weight, and tactile surface response. Stage it on white melamine cleanroom table with clinical clarity under fiber-optic accent kiss on metal edges, with empty negative space so the model cannot invent a second competing object (catalog variant 319).",white melamine cleanroom table with clinical clarity,fiber-optic accent kiss on metal edges,"short side-profile track then settle on three-quarter angle — brief lateral only, then hard hold",Active,0,,high-contrast black and silver premium grade,editorial science magazine cover energy,SS-31,profile_track,true side profile then settles to three-quarter facing
LAB-371,320,cold_chain,"The primary subject is a frost-free freezer shelf bin labeled research, staged alone as a Palm Beach Vitality laboratory research catalog hero. If any label or printed panel appears, it must read exactly 'TA-1' for laboratory research use only. Cold-chain drama: frost texture, insulation, logger screens, or sealed cold packaging — research context only. Call out: bin label research; finish with neutral color-true pharmaceutical look with no surreal CGI glow.","Materials and construction: bin label research — one complete cold-chain subject with believable scale, weight, and tactile surface response. Stage it on textured graphite slate sample board under dramatic dual rim lights with cool cyan edge and warm key, with empty negative space so the model cannot invent a second competing object (catalog variant 320).",textured graphite slate sample board,dramatic dual rim lights with cool cyan edge and warm key,locked tripod hold with micro focus rack only — camera body does not travel,Active,0,,crisp white clinical high-key grade,museum exhibit spotlight on a single artifact,TA-1,static_lock,"centered editorial hero, tripod-locked, subject fills mid-frame"
LAB-484,321,ppe_sterile,"The primary subject is a sharps container wall bracket empty mount, staged alone as a Palm Beach Vitality laboratory research catalog hero. If any label or printed panel appears, it must read exactly 'TB-500' for laboratory research use only. Sterile catalog still of a single PPE piece; no worn gloves, no people, no procedure staging. Finish with tack-sharp focus on the subject silhouette and key material edges.","Materials and construction: bracket — one complete PPE / sterile subject with believable scale, weight, and tactile surface response. Stage it on anodized navy aluminum deck plate under low-key cinematic spotlight on subject, velvet falloff, with empty negative space so the model cannot invent a second competing object (catalog variant 321).",anodized navy aluminum deck plate,"low-key cinematic spotlight on subject, velvet falloff","slow overhead descend straight down into top-down composition, then hold",Active,0,,teal-and-amber cinematic lab grade,luxury watch-ad lighting adapted to lab equipment,TB-500,top_down,"overhead geometric catalog composition, subject centered in plan view"
LAB-198,322,premium_equipment,"The primary subject is an ion chromatography system, staged alone as a Palm Beach Vitality laboratory research catalog hero. If any label or printed panel appears, it must read exactly 'Tesamorelin' for laboratory research use only. Editorial science cover energy: polished housings, turret/stage/arm detail, deep controlled falloff. Call out: one IC instrument stack, eluent bottles seated, analytical chemistry; finish with expensive editorial science-magazine presence without lifestyle props.","Materials and construction: one IC instrument stack, eluent bottles seated, analytical chemistry — one complete premium equipment subject with believable scale, weight, and tactile surface response. Stage it on frosted optical glass riser on black field under split complementary lab lighting, teal and amber accents, with empty negative space so the model cannot invent a second competing object (catalog variant 322).",frosted optical glass riser on black field,"split complementary lab lighting, teal and amber accents","soft pedestal up a few centimeters while lighting wrap shifts; no sideways travel, then hold",Active,0,,warm tungsten accents on cold metal grade,NASA hardware documentary sharpness,Tesamorelin,pedestal_light,eye-level catalog hero; light wrap changes on metal edges
LAB-032,323,vials_containers,"The primary subject is a septum research vial with sealed crimp, staged alone as a Palm Beach Vitality laboratory research catalog hero. If any label or printed panel appears, it must read exactly 'Tesamorelin/Ipamorelin' for laboratory research use only. Premium peptide-vial catalog energy — glass weight, fill-line clarity, and clinical side light with zero lifestyle props. Call out: one sealed septum vial only, no adapter, no needle hardware; finish with deep controlled shadows and bright product highlights for vertical 9:16.","Materials and construction: one sealed septum vial only, no adapter, no needle hardware — one complete vial / container subject with believable scale, weight, and tactile surface response. Stage it on wet-look black porcelain tile under macro ring-light even field for scientific detail, with empty negative space so the model cannot invent a second competing object (catalog variant 323).",wet-look black porcelain tile,macro ring-light even field for scientific detail,"locked offset composition with subtle breathing push-in only, then hold",Active,0,,neutral color-true pharmaceutical catalog grade,Vogue-still life precision for a scientific object,Tesamorelin/Ipamorelin,offset_hero,"subject placed on left or right third, negative space opposite"
LAB-154,324,instruments,"The primary subject is a benchtop orbital-platform shaker empty, staged alone as a Palm Beach Vitality laboratory research catalog hero. If any label or printed panel appears, it must read exactly 'Tirzepatide' for laboratory research use only. Credible lab-instrument materials: brushed metal, polymer housings, ports, displays, tight tolerances — idle catalog state. Call out: shaker deck clear; finish with photoreal catalog finish with micro-scratches only where realism needs them.","Materials and construction: shaker deck clear — one complete instrument subject with believable scale, weight, and tactile surface response. Stage it on pearl quartz lab surface under cool clinical blue-white LED with specular glass caustics, with empty negative space so the model cannot invent a second competing object (catalog variant 324).",pearl quartz lab surface,cool clinical blue-white LED with specular glass caustics,"lateral slide left-to-right past the subject, focus locked, straight horizontal path, then hold",Active,0,,cool steel and ice-blue science grade,"Apple-keynote product intensity, still fully laboratory-real",Tirzepatide,lateral_slide,subject slightly off-center; specular highlights travel across form
LAB-443,325,glassware,"The primary subject is a separatory funnel on ring stand, staged alone as a Palm Beach Vitality laboratory research catalog hero. If any label or printed panel appears, it must read exactly '5-Amino-1MQ' for laboratory research use only. Borosilicate clarity and honest liquid level; the glassware alone owns the frame with premium science-magazine lighting. Call out: one separatory funnel, stopcock closed, empty, organic chemistry; finish with premium studio contrast with soft falloff and crisp speculars.","Materials and construction: one separatory funnel, stopcock closed, empty, organic chemistry — one complete glassware subject with believable scale, weight, and tactile surface response. Stage it on polished black reflective acrylic with crisp mirror reflection under soft overhead softbox plus razor rim separation, with empty negative space so the model cannot invent a second competing object (catalog variant 325).",polished black reflective acrylic with crisp mirror reflection,soft overhead softbox plus razor rim separation,"slow straight push-out from tight crop to full product, then hold",Active,0,,high-contrast black and silver premium grade,editorial science magazine cover energy,5-Amino-1MQ,push_out,"starts tight crop on badge/port/edge, ends full product in frame"
LAB-286,326,research_pens,"The primary subject is a research pen with one spare cartridge, staged alone as a Palm Beach Vitality laboratory research catalog hero. If any label or printed panel appears, it must read exactly 'AOD-9604' for laboratory research use only. Read as expensive research hardware: dosage window, clip, and tip cover, isolated on a clean catalog surface. Call out: one pen and one cartridge only, no duplicate pens; finish with neutral color-true pharmaceutical look with no surreal CGI glow.","Materials and construction: one pen and one cartridge only, no duplicate pens — one complete research pen subject with believable scale, weight, and tactile surface response. Stage it on matte pure white cyclorama with soft contact shadow under backlit translucent glow through glass or polymer only when physically real, with empty negative space so the model cannot invent a second competing object (catalog variant 326).",matte pure white cyclorama with soft contact shadow,backlit translucent glow through glass or polymer only when physically real,"very slow push-in from wide sterile environment into subject-dominant frame, then hold",Active,0,,crisp white clinical high-key grade,museum exhibit spotlight on a single artifact,AOD-9604,wide_env,wider sterile environment context with subject still dominant
LAB-337,327,liquid_handling,"The primary subject is a trough for 16-channel pipette, staged alone as a Palm Beach Vitality laboratory research catalog hero. If any label or printed panel appears, it must read exactly 'BPC-157' for laboratory research use only. Clinical product photography of a single liquid-handling instrument, idle and unused, sharp edge detail. Call out: wide trough; finish with tack-sharp focus on the subject silhouette and key material edges.","Materials and construction: wide trough — one complete liquid-handling subject with believable scale, weight, and tactile surface response. Stage it on brushed stainless steel lab bench with linear grain highlights under hard beauty dish key with deep controlled shadows, with empty negative space so the model cannot invent a second competing object (catalog variant 327).",brushed stainless steel lab bench with linear grain highlights,hard beauty dish key with deep controlled shadows,"gentle vertical rise from base to top of subject, path is a straight up-line, then hold",Active,0,,teal-and-amber cinematic lab grade,luxury watch-ad lighting adapted to lab equipment,BPC-157,vertical_rise,"base of subject at bottom third, rises to top detail"
LAB-374,328,cold_chain,"The primary subject is a cryo cane numbered tags, staged alone as a Palm Beach Vitality laboratory research catalog hero. If any label or printed panel appears, it must read exactly 'BPC-157/TB-500' for laboratory research use only. Cold-chain drama: frost texture, insulation, logger screens, or sealed cold packaging — research context only. Finish with expensive editorial science-magazine presence without lifestyle props.","Materials and construction: tags — one complete cold-chain subject with believable scale, weight, and tactile surface response. Stage it on dark charcoal epoxy resin countertop with subtle sparkle under high-gloss catalog cross-light showing material microtexture, with empty negative space so the model cannot invent a second competing object (catalog variant 328).",dark charcoal epoxy resin countertop with subtle sparkle,high-gloss catalog cross-light showing material microtexture,"crane-down from high three-quarter to eye-level hero on a straight descending path, then hold",Active,0,,warm tungsten accents on cold metal grade,NASA hardware documentary sharpness,BPC-157/TB-500,crane_settle,"starts high three-quarter, settles to eye-level hero"
LAB-485,329,ppe_sterile,"The primary subject is a biohazard label roll, staged alone as a Palm Beach Vitality laboratory research catalog hero. If any label or printed panel appears, it must read exactly 'Cagrilinitide' for laboratory research use only. Sterile catalog still of a single PPE piece; no worn gloves, no people, no procedure staging. Call out: labels; finish with deep controlled shadows and bright product highlights for vertical 9:16.","Materials and construction: labels — one complete PPE / sterile subject with believable scale, weight, and tactile surface response. Stage it on obsidian glass plate with deep reflection under fiber-optic accent kiss on metal edges, with empty negative space so the model cannot invent a second competing object (catalog variant 329).",obsidian glass plate with deep reflection,fiber-optic accent kiss on metal edges,"short vertical lift then lock off on the label plane — straight rise, then hold",Active,0,,neutral color-true pharmaceutical catalog grade,Vogue-still life precision for a scientific object,Cagrilinitide,label_rise,locked on label/typography plane by the end
LAB-223,330,premium_equipment,"The primary subject is a gas chromatograph with autosampler, staged alone as a Palm Beach Vitality laboratory research catalog hero. If any label or printed panel appears, it must read exactly 'CJC (no DAC)' for laboratory research use only. Editorial science cover energy: polished housings, turret/stage/arm detail, deep controlled falloff. Call out: one GC, oven door closed, autosampler tower, no vials loaded; finish with photoreal catalog finish with micro-scratches only where realism needs them.","Materials and construction: one GC, oven door closed, autosampler tower, no vials loaded — one complete premium equipment subject with believable scale, weight, and tactile surface response. Stage it on mirrored chrome instrument deck catching rim light under dramatic dual rim lights with cool cyan edge and warm key, with empty negative space so the model cannot invent a second competing object (catalog variant 330).",mirrored chrome instrument deck catching rim light,dramatic dual rim lights with cool cyan edge and warm key,"start on macro texture then straight pull-back to full hero, then hold",Active,0,,cool steel and ice-blue science grade,"Apple-keynote product intensity, still fully laboratory-real",CJC (no DAC),pull_back,starts extreme close on material texture
LAB-033,331,vials_containers,"The primary subject is a glass research vial sealed alone, staged alone as a Palm Beach Vitality laboratory research catalog hero. If any label or printed panel appears, it must read exactly 'CJC (no DAC)/Ipamorelin' for laboratory research use only. Premium peptide-vial catalog energy — glass weight, fill-line clarity, and clinical side light with zero lifestyle props. Call out: exactly one sealed glass vial, no desiccant tin, no second object; finish with premium studio contrast with soft falloff and crisp speculars.","Materials and construction: exactly one sealed glass vial, no desiccant tin, no second object — one complete vial / container subject with believable scale, weight, and tactile surface response. Stage it on white melamine cleanroom table with clinical clarity under low-key cinematic spotlight on subject, velvet falloff, with empty negative space so the model cannot invent a second competing object (catalog variant 331).",white melamine cleanroom table with clinical clarity,"low-key cinematic spotlight on subject, velvet falloff","extreme macro with razor shallow depth of field; tiny forward drift only, then hold",Active,0,,high-contrast black and silver premium grade,editorial science magazine cover energy,CJC (no DAC)/Ipamorelin,macro_detail,tight crop on engraved/metal/glass microtexture
LAB-155,332,instruments,"The primary subject is a hot plate stirrer ceramic top, staged alone as a Palm Beach Vitality laboratory research catalog hero. If any label or printed panel appears, it must read exactly 'DSIP' for laboratory research use only. Credible lab-instrument materials: brushed metal, polymer housings, ports, displays, tight tolerances — idle catalog state. Call out: ceramic top clean; finish with neutral color-true pharmaceutical look with no surreal CGI glow.","Materials and construction: ceramic top clean — one complete instrument subject with believable scale, weight, and tactile surface response. Stage it on textured graphite slate sample board under split complementary lab lighting, teal and amber accents, with empty negative space so the model cannot invent a second competing object (catalog variant 332).",textured graphite slate sample board,"split complementary lab lighting, teal and amber accents","handheld-stable micro drift forward only, scientific documentary energy, then hold",Active,0,,crisp white clinical high-key grade,museum exhibit spotlight on a single artifact,DSIP,doc_drift,"documentary mid-shot, slightly imperfect handheld stability"
LAB-098,333,glassware,"The primary subject is a Luer-lock glass barrel capped, staged alone as a Palm Beach Vitality laboratory research catalog hero. If any label or printed panel appears, it must read exactly 'GHK-Cu' for laboratory research use only. Borosilicate clarity and honest liquid level; the glassware alone owns the frame with premium science-magazine lighting. Call out: capped research barrel, no needle; finish with tack-sharp focus on the subject silhouette and key material edges.","Materials and construction: capped research barrel, no needle — one complete glassware subject with believable scale, weight, and tactile surface response. Stage it on anodized navy aluminum deck plate under macro ring-light even field for scientific detail, with empty negative space so the model cannot invent a second competing object (catalog variant 333).",anodized navy aluminum deck plate,macro ring-light even field for scientific detail,"slow straight push-in from medium shot to closer detail, then hold",Active,0,,teal-and-amber cinematic lab grade,luxury watch-ad lighting adapted to lab equipment,GHK-Cu,push_in,"medium hero starting frame, label readable by end"
LAB-287,334,research_pens,"The primary subject is a research pen under polarizing light tent, staged alone as a Palm Beach Vitality laboratory research catalog hero. If any label or printed panel appears, it must read exactly 'GLOW' for laboratory research use only. Read as expensive research hardware: dosage window, clip, and tip cover, isolated on a clean catalog surface. Call out: soft tent lighting product; finish with expensive editorial science-magazine presence without lifestyle props.","Materials and construction: soft tent lighting product — one complete research pen subject with believable scale, weight, and tactile surface response. Stage it on frosted optical glass riser on black field under cool clinical blue-white LED with specular glass caustics, with empty negative space so the model cannot invent a second competing object (catalog variant 334).",frosted optical glass riser on black field,cool clinical blue-white LED with specular glass caustics,"low-angle tilt-up from underside to eye level, pivot only, no travel around subject, then hold",Active,0,,warm tungsten accents on cold metal grade,NASA hardware documentary sharpness,GLOW,tilt_reveal,low-angle power pose looking upward at instrument
LAB-338,335,liquid_handling,"The primary subject is a disposable transfer pipette pack, staged alone as a Palm Beach Vitality laboratory research catalog hero. If any label or printed panel appears, it must read exactly 'KLOW' for laboratory research use only. Clinical product photography of a single liquid-handling instrument, idle and unused, sharp edge detail. Call out: plastic transfer pipettes; finish with deep controlled shadows and bright product highlights for vertical 9:16.","Materials and construction: plastic transfer pipettes — one complete liquid-handling subject with believable scale, weight, and tactile surface response. Stage it on wet-look black porcelain tile under soft overhead softbox plus razor rim separation, with empty negative space so the model cannot invent a second competing object (catalog variant 335).",wet-look black porcelain tile,soft overhead softbox plus razor rim separation,"short side-profile track then settle on three-quarter angle — brief lateral only, then hard hold",Active,0,,neutral color-true pharmaceutical catalog grade,Vogue-still life precision for a scientific object,KLOW,profile_track,true side profile then settles to three-quarter facing
LAB-199,336,premium_equipment,"The primary subject is an inductively coupled plasma MS torch housing, staged alone as a Palm Beach Vitality laboratory research catalog hero. If any label or printed panel appears, it must read exactly 'KPV' for laboratory research use only. Expensive capital equipment presence — painted metal, precision optics, museum-grade silhouette, one instrument only. Call out: one ICP-MS instrument, RF generator housing, elemental analysis; finish with photoreal catalog finish with micro-scratches only where realism needs them.","Materials and construction: one ICP-MS instrument, RF generator housing, elemental analysis — one complete premium equipment subject with believable scale, weight, and tactile surface response. Stage it on pearl quartz lab surface under backlit translucent glow through glass or polymer only when physically real, with empty negative space so the model cannot invent a second competing object (catalog variant 336).",pearl quartz lab surface,backlit translucent glow through glass or polymer only when physically real,locked tripod hold with micro focus rack only — camera body does not travel,Active,0,,cool steel and ice-blue science grade,"Apple-keynote product intensity, still fully laboratory-real",KPV,static_lock,"centered editorial hero, tripod-locked, subject fills mid-frame"
LAB-034,337,vials_containers,"The primary subject is an amber vial wrapped in light-protective sleeve, staged alone as a Palm Beach Vitality laboratory research catalog hero. If any label or printed panel appears, it must read exactly 'Melanotan 2' for laboratory research use only. Catch warm transmission through the glass wall, a readable shoulder highlight, and a sealed sterile top with empty negative space around the hero. Call out: black sleeve partially covering amber glass; finish with premium studio contrast with soft falloff and crisp speculars.","Materials and construction: black sleeve partially covering amber glass — one complete vial / container subject with believable scale, weight, and tactile surface response. Stage it on polished black reflective acrylic with crisp mirror reflection under hard beauty dish key with deep controlled shadows, with empty negative space so the model cannot invent a second competing object (catalog variant 337).",polished black reflective acrylic with crisp mirror reflection,hard beauty dish key with deep controlled shadows,"slow overhead descend straight down into top-down composition, then hold",Active,0,,high-contrast black and silver premium grade,editorial science magazine cover energy,Melanotan 2,top_down,"overhead geometric catalog composition, subject centered in plan view"
LAB-156,338,instruments,"The primary subject is a lab jack raised under flask, staged alone as a Palm Beach Vitality laboratory research catalog hero. If any label or printed panel appears, it must read exactly 'MOTS-C' for laboratory research use only. Show ports, fasteners, and status UI as quiet detail while the overall form stays the undeniable subject. Call out: support jack; finish with neutral color-true pharmaceutical look with no surreal CGI glow.","Materials and construction: support jack — one complete instrument subject with believable scale, weight, and tactile surface response. Stage it on matte pure white cyclorama with soft contact shadow under high-gloss catalog cross-light showing material microtexture, with empty negative space so the model cannot invent a second competing object (catalog variant 338).",matte pure white cyclorama with soft contact shadow,high-gloss catalog cross-light showing material microtexture,"soft pedestal up a few centimeters while lighting wrap shifts; no sideways travel, then hold",Active,0,,crisp white clinical high-key grade,museum exhibit spotlight on a single artifact,MOTS-C,pedestal_light,eye-level catalog hero; light wrap changes on metal edges
LAB-164,339,glassware,"The primary subject is a soxhlet extractor assembly, staged alone as a Palm Beach Vitality laboratory research catalog hero. If any label or printed panel appears, it must read exactly 'NAD+' for laboratory research use only. Museum-grade glassware catalog shot: ground-glass fitment, etched volume marks if present, empty lab field around it. Call out: one Soxhlet glassware on stand, condenser top, research chemistry; finish with tack-sharp focus on the subject silhouette and key material edges.","Materials and construction: one Soxhlet glassware on stand, condenser top, research chemistry — one complete glassware subject with believable scale, weight, and tactile surface response. Stage it on brushed stainless steel lab bench with linear grain highlights under fiber-optic accent kiss on metal edges, with empty negative space so the model cannot invent a second competing object (catalog variant 339).",brushed stainless steel lab bench with linear grain highlights,fiber-optic accent kiss on metal edges,"locked offset composition with subtle breathing push-in only, then hold",Active,0,,teal-and-amber cinematic lab grade,luxury watch-ad lighting adapted to lab equipment,NAD+,offset_hero,"subject placed on left or right third, negative space opposite"
LAB-288,340,research_pens,"The primary subject is a research pen on carbon-fiber sample plate, staged alone as a Palm Beach Vitality laboratory research catalog hero. If any label or printed panel appears, it must read exactly 'PT-141' for laboratory research use only. Emphasize the barrel window, dial collar, and matte/gloss finishes of one premium research pen — no skin, hands, needles, or injection staging. Call out: tech plate surface; finish with expensive editorial science-magazine presence without lifestyle props.","Materials and construction: tech plate surface — one complete research pen subject with believable scale, weight, and tactile surface response. Stage it on dark charcoal epoxy resin countertop with subtle sparkle under dramatic dual rim lights with cool cyan edge and warm key, with empty negative space so the model cannot invent a second competing object (catalog variant 340).",dark charcoal epoxy resin countertop with subtle sparkle,dramatic dual rim lights with cool cyan edge and warm key,"lateral slide left-to-right past the subject, focus locked, straight horizontal path, then hold",Active,0,,warm tungsten accents on cold metal grade,NASA hardware documentary sharpness,PT-141,lateral_slide,subject slightly off-center; specular highlights travel across form
LAB-339,341,liquid_handling,"The primary subject is a Pasteur pipette rubber bulbs bag, staged alone as a Palm Beach Vitality laboratory research catalog hero. If any label or printed panel appears, it must read exactly 'Retatrutide' for laboratory research use only. One micropipette or dispenser hero with sterile unused tip state and clean negative space for a catalog still. Call out: bulbs only; finish with deep controlled shadows and bright product highlights for vertical 9:16.","Materials and construction: bulbs only — one complete liquid-handling subject with believable scale, weight, and tactile surface response. Stage it on obsidian glass plate with deep reflection under low-key cinematic spotlight on subject, velvet falloff, with empty negative space so the model cannot invent a second competing object (catalog variant 341).",obsidian glass plate with deep reflection,"low-key cinematic spotlight on subject, velvet falloff","slow straight push-out from tight crop to full product, then hold",Active,0,,neutral color-true pharmaceutical catalog grade,Vogue-still life precision for a scientific object,Retatrutide,push_out,"starts tight crop on badge/port/edge, ends full product in frame"
LAB-230,342,premium_equipment,"The primary subject is a microplate washer automated, staged alone as a Palm Beach Vitality laboratory research catalog hero. If any label or printed panel appears, it must read exactly 'Selank' for laboratory research use only. Editorial science cover energy: polished housings, turret/stage/arm detail, deep controlled falloff. Call out: one plate washer, manifold head, ELISA automation; finish with photoreal catalog finish with micro-scratches only where realism needs them.","Materials and construction: one plate washer, manifold head, ELISA automation — one complete premium equipment subject with believable scale, weight, and tactile surface response. Stage it on mirrored chrome instrument deck catching rim light under split complementary lab lighting, teal and amber accents, with empty negative space so the model cannot invent a second competing object (catalog variant 342).",mirrored chrome instrument deck catching rim light,"split complementary lab lighting, teal and amber accents","very slow push-in from wide sterile environment into subject-dominant frame, then hold",Active,0,,cool steel and ice-blue science grade,"Apple-keynote product intensity, still fully laboratory-real",Selank,wide_env,wider sterile environment context with subject still dominant
LAB-035,343,vials_containers,"The primary subject is a clear vial with batch tag string tie, staged alone as a Palm Beach Vitality laboratory research catalog hero. If any label or printed panel appears, it must read exactly 'Semaglutide' for laboratory research use only. Premium peptide-vial catalog energy — glass weight, fill-line clarity, and clinical side light with zero lifestyle props. Call out: small paper tag tied to neck, catalog prop; finish with premium studio contrast with soft falloff and crisp speculars.","Materials and construction: small paper tag tied to neck, catalog prop — one complete vial / container subject with believable scale, weight, and tactile surface response. Stage it on white melamine cleanroom table with clinical clarity under macro ring-light even field for scientific detail, with empty negative space so the model cannot invent a second competing object (catalog variant 343).",white melamine cleanroom table with clinical clarity,macro ring-light even field for scientific detail,"gentle vertical rise from base to top of subject, path is a straight up-line, then hold",Active,0,,high-contrast black and silver premium grade,editorial science magazine cover energy,Semaglutide,vertical_rise,"base of subject at bottom third, rises to top detail"
LAB-157,344,instruments,"The primary subject is a ring stand with clamps bare, staged alone as a Palm Beach Vitality laboratory research catalog hero. If any label or printed panel appears, it must read exactly 'SEMAX' for laboratory research use only. Credible lab-instrument materials: brushed metal, polymer housings, ports, displays, tight tolerances — idle catalog state. Call out: retort stand geometry; finish with neutral color-true pharmaceutical look with no surreal CGI glow.","Materials and construction: retort stand geometry — one complete instrument subject with believable scale, weight, and tactile surface response. Stage it on textured graphite slate sample board under cool clinical blue-white LED with specular glass caustics, with empty negative space so the model cannot invent a second competing object (catalog variant 344).",textured graphite slate sample board,cool clinical blue-white LED with specular glass caustics,"crane-down from high three-quarter to eye-level hero on a straight descending path, then hold",Active,0,,crisp white clinical high-key grade,museum exhibit spotlight on a single artifact,SEMAX,crane_settle,"starts high three-quarter, settles to eye-level hero"
LAB-419,345,glassware,"The primary subject is a precision graduated cylinder with meniscus, staged alone as a Palm Beach Vitality laboratory research catalog hero. If any label or printed panel appears, it must read exactly 'Sermorelin' for laboratory research use only. Borosilicate clarity and honest liquid level; the glassware alone owns the frame with premium science-magazine lighting. Call out: one tall graduated cylinder, sharp meniscus, catalog hero; finish with tack-sharp focus on the subject silhouette and key material edges.","Materials and construction: one tall graduated cylinder, sharp meniscus, catalog hero — one complete glassware subject with believable scale, weight, and tactile surface response. Stage it on anodized navy aluminum deck plate under soft overhead softbox plus razor rim separation, with empty negative space so the model cannot invent a second competing object (catalog variant 345).",anodized navy aluminum deck plate,soft overhead softbox plus razor rim separation,"short vertical lift then lock off on the label plane — straight rise, then hold",Active,0,,teal-and-amber cinematic lab grade,luxury watch-ad lighting adapted to lab equipment,Sermorelin,label_rise,locked on label/typography plane by the end
LAB-289,346,research_pens,"The primary subject is a research pen tip-cap forest green, staged alone as a Palm Beach Vitality laboratory research catalog hero. If any label or printed panel appears, it must read exactly 'SS-31' for laboratory research use only. Read as expensive research hardware: dosage window, clip, and tip cover, isolated on a clean catalog surface. Call out: color-coded tip cap; finish with expensive editorial science-magazine presence without lifestyle props.","Materials and construction: color-coded tip cap — one complete research pen subject with believable scale, weight, and tactile surface response. Stage it on frosted optical glass riser on black field under backlit translucent glow through glass or polymer only when physically real, with empty negative space so the model cannot invent a second competing object (catalog variant 346).",frosted optical glass riser on black field,backlit translucent glow through glass or polymer only when physically real,"start on macro texture then straight pull-back to full hero, then hold",Active,0,,warm tungsten accents on cold metal grade,NASA hardware documentary sharpness,SS-31,pull_back,starts extreme close on material texture
LAB-340,347,liquid_handling,"The primary subject is a programmable syringe-free laboratory metering pump, staged alone as a Palm Beach Vitality laboratory research catalog hero. If any label or printed panel appears, it must read exactly 'TA-1' for laboratory research use only. Clinical product photography of a single liquid-handling instrument, idle and unused, sharp edge detail. Call out: one metering pump instrument, digital panel lit, industrial science hero; finish with deep controlled shadows and bright product highlights for vertical 9:16.","Materials and construction: one metering pump instrument, digital panel lit, industrial science hero — one complete liquid-handling subject with believable scale, weight, and tactile surface response. Stage it on wet-look black porcelain tile under hard beauty dish key with deep controlled shadows, with empty negative space so the model cannot invent a second competing object (catalog variant 347).",wet-look black porcelain tile,hard beauty dish key with deep controlled shadows,"extreme macro with razor shallow depth of field; tiny forward drift only, then hold",Active,0,,neutral color-true pharmaceutical catalog grade,Vogue-still life precision for a scientific object,TA-1,macro_detail,tight crop on engraved/metal/glass microtexture
LAB-411,348,premium_equipment,"The primary subject is an ELISA plate reader absorbance, staged alone as a Palm Beach Vitality laboratory research catalog hero. If any label or printed panel appears, it must read exactly 'TB-500' for laboratory research use only. Expensive capital equipment presence — painted metal, precision optics, museum-grade silhouette, one instrument only. Call out: one absorbance plate reader, drawer empty, diagnostics research; finish with photoreal catalog finish with micro-scratches only where realism needs them.","Materials and construction: one absorbance plate reader, drawer empty, diagnostics research — one complete premium equipment subject with believable scale, weight, and tactile surface response. Stage it on pearl quartz lab surface under high-gloss catalog cross-light showing material microtexture, with empty negative space so the model cannot invent a second competing object (catalog variant 348).",pearl quartz lab surface,high-gloss catalog cross-light showing material microtexture,"handheld-stable micro drift forward only, scientific documentary energy, then hold",Active,0,,cool steel and ice-blue science grade,"Apple-keynote product intensity, still fully laboratory-real",TB-500,doc_drift,"documentary mid-shot, slightly imperfect handheld stability"
LAB-036,349,vials_containers,"The primary subject is a vial in clear acrylic display stand, staged alone as a Palm Beach Vitality laboratory research catalog hero. If any label or printed panel appears, it must read exactly 'Tesamorelin' for laboratory research use only. Catch warm transmission through the glass wall, a readable shoulder highlight, and a sealed sterile top with empty negative space around the hero. Call out: angled acrylic stand, product-hero pose; finish with premium studio contrast with soft falloff and crisp speculars.","Materials and construction: angled acrylic stand, product-hero pose — one complete vial / container subject with believable scale, weight, and tactile surface response. Stage it on polished black reflective acrylic with crisp mirror reflection under fiber-optic accent kiss on metal edges, with empty negative space so the model cannot invent a second competing object (catalog variant 349).",polished black reflective acrylic with crisp mirror reflection,fiber-optic accent kiss on metal edges,"slow straight push-in from medium shot to closer detail, then hold",Active,0,,high-contrast black and silver premium grade,editorial science magazine cover energy,Tesamorelin,push_in,"medium hero starting frame, label readable by end"
LAB-437,350,instruments,"The primary subject is an electrophoresis power supply premium, staged alone as a Palm Beach Vitality laboratory research catalog hero. If any label or printed panel appears, it must read exactly 'Tesamorelin/Ipamorelin' for laboratory research use only. Show ports, fasteners, and status UI as quiet detail while the overall form stays the undeniable subject. Call out: one electrophoresis power supply, banana jacks, vivid display; finish with neutral color-true pharmaceutical look with no surreal CGI glow.","Materials and construction: one electrophoresis power supply, banana jacks, vivid display — one complete instrument subject with believable scale, weight, and tactile surface response. Stage it on matte pure white cyclorama with soft contact shadow under dramatic dual rim lights with cool cyan edge and warm key, with empty negative space so the model cannot invent a second competing object (catalog variant 350).",matte pure white cyclorama with soft contact shadow,dramatic dual rim lights with cool cyan edge and warm key,"low-angle tilt-up from underside to eye level, pivot only, no travel around subject, then hold",Active,0,,crisp white clinical high-key grade,museum exhibit spotlight on a single artifact,Tesamorelin/Ipamorelin,tilt_reveal,low-angle power pose looking upward at instrument
LAB-444,351,glassware,"The primary subject is a single quartz cuvette optical faces, staged alone as a Palm Beach Vitality laboratory research catalog hero. If any label or printed panel appears, it must read exactly 'Tirzepatide' for laboratory research use only. Museum-grade glassware catalog shot: ground-glass fitment, etched volume marks if present, empty lab field around it. Call out: one quartz cuvette only, optical faces clean, spectrophotometer ready; finish with tack-sharp focus on the subject silhouette and key material edges.","Materials and construction: one quartz cuvette only, optical faces clean, spectrophotometer ready — one complete glassware subject with believable scale, weight, and tactile surface response. Stage it on brushed stainless steel lab bench with linear grain highlights under low-key cinematic spotlight on subject, velvet falloff, with empty negative space so the model cannot invent a second competing object (catalog variant 351).",brushed stainless steel lab bench with linear grain highlights,"low-key cinematic spotlight on subject, velvet falloff","short side-profile track then settle on three-quarter angle — brief lateral only, then hard hold",Active,0,,teal-and-amber cinematic lab grade,luxury watch-ad lighting adapted to lab equipment,Tirzepatide,profile_track,true side profile then settles to three-quarter facing
LAB-290,352,research_pens,"The primary subject is a research pen capped intact catalog hero, staged alone as a Palm Beach Vitality laboratory research catalog hero. If any label or printed panel appears, it must read exactly '5-Amino-1MQ' for laboratory research use only. Emphasize the barrel window, dial collar, and matte/gloss finishes of one premium research pen — no skin, hands, needles, or injection staging. Call out: one intact capped research pen, not disassembled; finish with expensive editorial science-magazine presence without lifestyle props.","Materials and construction: one intact capped research pen, not disassembled — one complete research pen subject with believable scale, weight, and tactile surface response. Stage it on dark charcoal epoxy resin countertop with subtle sparkle under split complementary lab lighting, teal and amber accents, with empty negative space so the model cannot invent a second competing object (catalog variant 352).",dark charcoal epoxy resin countertop with subtle sparkle,"split complementary lab lighting, teal and amber accents",locked tripod hold with micro focus rack only — camera body does not travel,Active,0,,warm tungsten accents on cold metal grade,NASA hardware documentary sharpness,5-Amino-1MQ,static_lock,"centered editorial hero, tripod-locked, subject fills mid-frame"
LAB-341,353,liquid_handling,"The primary subject is a microfluidic chip in petri carrier, staged alone as a Palm Beach Vitality laboratory research catalog hero. If any label or printed panel appears, it must read exactly 'AOD-9604' for laboratory research use only. One micropipette or dispenser hero with sterile unused tip state and clean negative space for a catalog still. Call out: chip on dish; finish with deep controlled shadows and bright product highlights for vertical 9:16.","Materials and construction: chip on dish — one complete liquid-handling subject with believable scale, weight, and tactile surface response. Stage it on obsidian glass plate with deep reflection under macro ring-light even field for scientific detail, with empty negative space so the model cannot invent a second competing object (catalog variant 353).",obsidian glass plate with deep reflection,macro ring-light even field for scientific detail,"slow overhead descend straight down into top-down composition, then hold",Active,0,,neutral color-true pharmaceutical catalog grade,Vogue-still life precision for a scientific object,AOD-9604,top_down,"overhead geometric catalog composition, subject centered in plan view"
LAB-436,354,premium_equipment,"The primary subject is a western blot imager chemiluminescence, staged alone as a Palm Beach Vitality laboratory research catalog hero. If any label or printed panel appears, it must read exactly 'BPC-157' for laboratory research use only. Editorial science cover energy: polished housings, turret/stage/arm detail, deep controlled falloff. Call out: one gel/blot imager cabinet, door ajar dark interior glow; finish with photoreal catalog finish with micro-scratches only where realism needs them.","Materials and construction: one gel/blot imager cabinet, door ajar dark interior glow — one complete premium equipment subject with believable scale, weight, and tactile surface response. Stage it on mirrored chrome instrument deck catching rim light under cool clinical blue-white LED with specular glass caustics, with empty negative space so the model cannot invent a second competing object (catalog variant 354).",mirrored chrome instrument deck catching rim light,cool clinical blue-white LED with specular glass caustics,"soft pedestal up a few centimeters while lighting wrap shifts; no sideways travel, then hold",Active,0,,cool steel and ice-blue science grade,"Apple-keynote product intensity, still fully laboratory-real",BPC-157,pedestal_light,eye-level catalog hero; light wrap changes on metal edges
LAB-037,355,vials_containers,"The primary subject is a wide-mouth powder research jar sealed, staged alone as a Palm Beach Vitality laboratory research catalog hero. If any label or printed panel appears, it must read exactly 'BPC-157/TB-500' for laboratory research use only. Premium peptide-vial catalog energy — glass weight, fill-line clarity, and clinical side light with zero lifestyle props. Call out: clear jar of lyophilized powder, sealed lid; finish with premium studio contrast with soft falloff and crisp speculars.","Materials and construction: clear jar of lyophilized powder, sealed lid — one complete vial / container subject with believable scale, weight, and tactile surface response. Stage it on white melamine cleanroom table with clinical clarity under soft overhead softbox plus razor rim separation, with empty negative space so the model cannot invent a second competing object (catalog variant 355).",white melamine cleanroom table with clinical clarity,soft overhead softbox plus razor rim separation,"locked offset composition with subtle breathing push-in only, then hold",Active,0,,high-contrast black and silver premium grade,editorial science magazine cover energy,BPC-157/TB-500,offset_hero,"subject placed on left or right third, negative space opposite"
LAB-158,356,instruments,"The primary subject is a digital timer on bench, staged alone as a Palm Beach Vitality laboratory research catalog hero. If any label or printed panel appears, it must read exactly 'Cagrilinitide' for laboratory research use only. Credible lab-instrument materials: brushed metal, polymer housings, ports, displays, tight tolerances — idle catalog state. Call out: lab timer device; finish with neutral color-true pharmaceutical look with no surreal CGI glow.","Materials and construction: lab timer device — one complete instrument subject with believable scale, weight, and tactile surface response. Stage it on textured graphite slate sample board under backlit translucent glow through glass or polymer only when physically real, with empty negative space so the model cannot invent a second competing object (catalog variant 356).",textured graphite slate sample board,backlit translucent glow through glass or polymer only when physically real,"lateral slide left-to-right past the subject, focus locked, straight horizontal path, then hold",Active,0,,crisp white clinical high-key grade,museum exhibit spotlight on a single artifact,Cagrilinitide,lateral_slide,subject slightly off-center; specular highlights travel across form
LAB-301,357,glassware,"The primary subject is a Schlenk flask with side arm stopcock, staged alone as a Palm Beach Vitality laboratory research catalog hero. If any label or printed panel appears, it must read exactly 'CJC (no DAC)' for laboratory research use only. Borosilicate clarity and honest liquid level; the glassware alone owns the frame with premium science-magazine lighting. Call out: airfree glassware; finish with tack-sharp focus on the subject silhouette and key material edges.","Materials and construction: airfree glassware — one complete glassware subject with believable scale, weight, and tactile surface response. Stage it on anodized navy aluminum deck plate under hard beauty dish key with deep controlled shadows, with empty negative space so the model cannot invent a second competing object (catalog variant 357).",anodized navy aluminum deck plate,hard beauty dish key with deep controlled shadows,"slow straight push-out from tight crop to full product, then hold",Active,0,,teal-and-amber cinematic lab grade,luxury watch-ad lighting adapted to lab equipment,CJC (no DAC),push_out,"starts tight crop on badge/port/edge, ends full product in frame"
LAB-293,358,research_pens,"The primary subject is a research pen silhouette against soft gradient gray, staged alone as a Palm Beach Vitality laboratory research catalog hero. If any label or printed panel appears, it must read exactly 'CJC (no DAC)/Ipamorelin' for laboratory research use only. Read as expensive research hardware: dosage window, clip, and tip cover, isolated on a clean catalog surface. Call out: catalog silhouette; finish with expensive editorial science-magazine presence without lifestyle props.","Materials and construction: catalog silhouette — one complete research pen subject with believable scale, weight, and tactile surface response. Stage it on frosted optical glass riser on black field under high-gloss catalog cross-light showing material microtexture, with empty negative space so the model cannot invent a second competing object (catalog variant 358).",frosted optical glass riser on black field,high-gloss catalog cross-light showing material microtexture,"very slow push-in from wide sterile environment into subject-dominant frame, then hold",Active,0,,warm tungsten accents on cold metal grade,NASA hardware documentary sharpness,CJC (no DAC)/Ipamorelin,wide_env,wider sterile environment context with subject still dominant
LAB-342,359,liquid_handling,"The primary subject is a tubing kit silicone assorted diameters, staged alone as a Palm Beach Vitality laboratory research catalog hero. If any label or printed panel appears, it must read exactly 'DSIP' for laboratory research use only. Clinical product photography of a single liquid-handling instrument, idle and unused, sharp edge detail. Call out: coiled tubing; finish with deep controlled shadows and bright product highlights for vertical 9:16.","Materials and construction: coiled tubing — one complete liquid-handling subject with believable scale, weight, and tactile surface response. Stage it on wet-look black porcelain tile under fiber-optic accent kiss on metal edges, with empty negative space so the model cannot invent a second competing object (catalog variant 359).",wet-look black porcelain tile,fiber-optic accent kiss on metal edges,"gentle vertical rise from base to top of subject, path is a straight up-line, then hold",Active,0,,neutral color-true pharmaceutical catalog grade,Vogue-still life precision for a scientific object,DSIP,vertical_rise,"base of subject at bottom third, rises to top detail"
LAB-412,360,premium_equipment,"The primary subject is a gel documentation UV system, staged alone as a Palm Beach Vitality laboratory research catalog hero. If any label or printed panel appears, it must read exactly 'GHK-Cu' for laboratory research use only. Expensive capital equipment presence — painted metal, precision optics, museum-grade silhouette, one instrument only. Call out: one gel doc hood, UV transilluminator off/safe, molecular biology; finish with photoreal catalog finish with micro-scratches only where realism needs them.","Materials and construction: one gel doc hood, UV transilluminator off/safe, molecular biology — one complete premium equipment subject with believable scale, weight, and tactile surface response. Stage it on pearl quartz lab surface under dramatic dual rim lights with cool cyan edge and warm key, with empty negative space so the model cannot invent a second competing object (catalog variant 360).",pearl quartz lab surface,dramatic dual rim lights with cool cyan edge and warm key,"crane-down from high three-quarter to eye-level hero on a straight descending path, then hold",Active,0,,cool steel and ice-blue science grade,"Apple-keynote product intensity, still fully laboratory-real",GHK-Cu,crane_settle,"starts high three-quarter, settles to eye-level hero"
LAB-038,361,vials_containers,"The primary subject is an amber powder jar sealed lid only, staged alone as a Palm Beach Vitality laboratory research catalog hero. If any label or printed panel appears, it must read exactly 'GLOW' for laboratory research use only. Catch warm transmission through the glass wall, a readable shoulder highlight, and a sealed sterile top with empty negative space around the hero. Call out: one amber jar, lid sealed, no scoop on lid; finish with premium studio contrast with soft falloff and crisp speculars.","Materials and construction: one amber jar, lid sealed, no scoop on lid — one complete vial / container subject with believable scale, weight, and tactile surface response. Stage it on polished black reflective acrylic with crisp mirror reflection under low-key cinematic spotlight on subject, velvet falloff, with empty negative space so the model cannot invent a second competing object (catalog variant 361).",polished black reflective acrylic with crisp mirror reflection,"low-key cinematic spotlight on subject, velvet falloff","short vertical lift then lock off on the label plane — straight rise, then hold",Active,0,,high-contrast black and silver premium grade,editorial science magazine cover energy,GLOW,label_rise,locked on label/typography plane by the end
LAB-413,362,instruments,"The primary subject is a horizontal gel electrophoresis tank, staged alone as a Palm Beach Vitality laboratory research catalog hero. If any label or printed panel appears, it must read exactly 'KLOW' for laboratory research use only. Show ports, fasteners, and status UI as quiet detail while the overall form stays the undeniable subject. Call out: one gel tank with buffer, empty gel tray bed, electrodes visible; finish with neutral color-true pharmaceutical look with no surreal CGI glow.","Materials and construction: one gel tank with buffer, empty gel tray bed, electrodes visible — one complete instrument subject with believable scale, weight, and tactile surface response. Stage it on matte pure white cyclorama with soft contact shadow under split complementary lab lighting, teal and amber accents, with empty negative space so the model cannot invent a second competing object (catalog variant 362).",matte pure white cyclorama with soft contact shadow,"split complementary lab lighting, teal and amber accents","start on macro texture then straight pull-back to full hero, then hold",Active,0,,crisp white clinical high-key grade,museum exhibit spotlight on a single artifact,KLOW,pull_back,starts extreme close on material texture
LAB-302,363,glassware,"The primary subject is a pear-shaped flask, staged alone as a Palm Beach Vitality laboratory research catalog hero. If any label or printed panel appears, it must read exactly 'KPV' for laboratory research use only. Museum-grade glassware catalog shot: ground-glass fitment, etched volume marks if present, empty lab field around it. Call out: recovery flask shape; finish with tack-sharp focus on the subject silhouette and key material edges.","Materials and construction: recovery flask shape — one complete glassware subject with believable scale, weight, and tactile surface response. Stage it on brushed stainless steel lab bench with linear grain highlights under macro ring-light even field for scientific detail, with empty negative space so the model cannot invent a second competing object (catalog variant 363).",brushed stainless steel lab bench with linear grain highlights,macro ring-light even field for scientific detail,"extreme macro with razor shallow depth of field; tiny forward drift only, then hold",Active,0,,teal-and-amber cinematic lab grade,luxury watch-ad lighting adapted to lab equipment,KPV,macro_detail,tight crop on engraved/metal/glass microtexture
LAB-294,364,research_pens,"The primary subject is a research pen next to thickness gauge, staged alone as a Palm Beach Vitality laboratory research catalog hero. If any label or printed panel appears, it must read exactly 'Melanotan 2' for laboratory research use only. Emphasize the barrel window, dial collar, and matte/gloss finishes of one premium research pen — no skin, hands, needles, or injection staging. Call out: metrology still; finish with expensive editorial science-magazine presence without lifestyle props.","Materials and construction: metrology still — one complete research pen subject with believable scale, weight, and tactile surface response. Stage it on dark charcoal epoxy resin countertop with subtle sparkle under cool clinical blue-white LED with specular glass caustics, with empty negative space so the model cannot invent a second competing object (catalog variant 364).",dark charcoal epoxy resin countertop with subtle sparkle,cool clinical blue-white LED with specular glass caustics,"handheld-stable micro drift forward only, scientific documentary energy, then hold",Active,0,,warm tungsten accents on cold metal grade,NASA hardware documentary sharpness,Melanotan 2,doc_drift,"documentary mid-shot, slightly imperfect handheld stability"
LAB-344,365,liquid_handling,"The primary subject is a check valve luer set, staged alone as a Palm Beach Vitality laboratory research catalog hero. If any label or printed panel appears, it must read exactly 'MOTS-C' for laboratory research use only. One micropipette or dispenser hero with sterile unused tip state and clean negative space for a catalog still. Call out: valves; finish with deep controlled shadows and bright product highlights for vertical 9:16.","Materials and construction: valves — one complete liquid-handling subject with believable scale, weight, and tactile surface response. Stage it on obsidian glass plate with deep reflection under soft overhead softbox plus razor rim separation, with empty negative space so the model cannot invent a second competing object (catalog variant 365).",obsidian glass plate with deep reflection,soft overhead softbox plus razor rim separation,"slow straight push-in from medium shot to closer detail, then hold",Active,0,,neutral color-true pharmaceutical catalog grade,Vogue-still life precision for a scientific object,MOTS-C,push_in,"medium hero starting frame, label readable by end"
LAB-099,366,premium_equipment,"The primary subject is a microscope oil-immersion objective turret, staged alone as a Palm Beach Vitality laboratory research catalog hero. If any label or printed panel appears, it must read exactly 'NAD+' for laboratory research use only. Editorial science cover energy: polished housings, turret/stage/arm detail, deep controlled falloff. Call out: one objective turret macro, engraved magnification rings, premium optics; finish with photoreal catalog finish with micro-scratches only where realism needs them.","Materials and construction: one objective turret macro, engraved magnification rings, premium optics — one complete premium equipment subject with believable scale, weight, and tactile surface response. Stage it on mirrored chrome instrument deck catching rim light under backlit translucent glow through glass or polymer only when physically real, with empty negative space so the model cannot invent a second competing object (catalog variant 366).",mirrored chrome instrument deck catching rim light,backlit translucent glow through glass or polymer only when physically real,"low-angle tilt-up from underside to eye level, pivot only, no travel around subject, then hold",Active,0,,cool steel and ice-blue science grade,"Apple-keynote product intensity, still fully laboratory-real",NAD+,tilt_reveal,low-angle power pose looking upward at instrument
LAB-039,367,vials_containers,"The primary subject is a micro-vial 0.5ml with tiny label, staged alone as a Palm Beach Vitality laboratory research catalog hero. If any label or printed panel appears, it must read exactly 'PT-141' for laboratory research use only. Premium peptide-vial catalog energy — glass weight, fill-line clarity, and clinical side light with zero lifestyle props. Call out: very small vial, macroscopic detail; finish with premium studio contrast with soft falloff and crisp speculars.","Materials and construction: very small vial, macroscopic detail — one complete vial / container subject with believable scale, weight, and tactile surface response. Stage it on white melamine cleanroom table with clinical clarity under hard beauty dish key with deep controlled shadows, with empty negative space so the model cannot invent a second competing object (catalog variant 367).",white melamine cleanroom table with clinical clarity,hard beauty dish key with deep controlled shadows,"short side-profile track then settle on three-quarter angle — brief lateral only, then hard hold",Active,0,,high-contrast black and silver premium grade,editorial science magazine cover energy,PT-141,profile_track,true side profile then settles to three-quarter facing
LAB-438,368,instruments,"The primary subject is a vertical protein gel rig, staged alone as a Palm Beach Vitality laboratory research catalog hero. If any label or printed panel appears, it must read exactly 'Retatrutide' for laboratory research use only. Credible lab-instrument materials: brushed metal, polymer housings, ports, displays, tight tolerances — idle catalog state. Call out: one mini-PROTEAN style rig, plates seated empty, protein research; finish with neutral color-true pharmaceutical look with no surreal CGI glow.","Materials and construction: one mini-PROTEAN style rig, plates seated empty, protein research — one complete instrument subject with believable scale, weight, and tactile surface response. Stage it on textured graphite slate sample board under high-gloss catalog cross-light showing material microtexture, with empty negative space so the model cannot invent a second competing object (catalog variant 368).",textured graphite slate sample board,high-gloss catalog cross-light showing material microtexture,locked tripod hold with micro focus rack only — camera body does not travel,Active,0,,crisp white clinical high-key grade,museum exhibit spotlight on a single artifact,Retatrutide,static_lock,"centered editorial hero, tripod-locked, subject fills mid-frame"
LAB-303,369,glassware,"The primary subject is a filter flask with ceramic Buchner funnel seated, staged alone as a Palm Beach Vitality laboratory research catalog hero. If any label or printed panel appears, it must read exactly 'Selank' for laboratory research use only. Borosilicate clarity and honest liquid level; the glassware alone owns the frame with premium science-magazine lighting. Call out: filtration assembly dry; finish with tack-sharp focus on the subject silhouette and key material edges.","Materials and construction: filtration assembly dry — one complete glassware subject with believable scale, weight, and tactile surface response. Stage it on anodized navy aluminum deck plate under fiber-optic accent kiss on metal edges, with empty negative space so the model cannot invent a second competing object (catalog variant 369).",anodized navy aluminum deck plate,fiber-optic accent kiss on metal edges,"slow overhead descend straight down into top-down composition, then hold",Active,0,,teal-and-amber cinematic lab grade,luxury watch-ad lighting adapted to lab equipment,Selank,top_down,"overhead geometric catalog composition, subject centered in plan view"
LAB-295,370,research_pens,"The primary subject is a research pen capped catalog hero, staged alone as a Palm Beach Vitality laboratory research catalog hero. If any label or printed panel appears, it must read exactly 'Semaglutide' for laboratory research use only. Read as expensive research hardware: dosage window, clip, and tip cover, isolated on a clean catalog surface. Call out: exactly one capped research pen, no uncapped duplicate; finish with expensive editorial science-magazine presence without lifestyle props.","Materials and construction: exactly one capped research pen, no uncapped duplicate — one complete research pen subject with believable scale, weight, and tactile surface response. Stage it on frosted optical glass riser on black field under dramatic dual rim lights with cool cyan edge and warm key, with empty negative space so the model cannot invent a second competing object (catalog variant 370).",frosted optical glass riser on black field,dramatic dual rim lights with cool cyan edge and warm key,"soft pedestal up a few centimeters while lighting wrap shifts; no sideways travel, then hold",Active,0,,warm tungsten accents on cold metal grade,NASA hardware documentary sharpness,Semaglutide,pedestal_light,eye-level catalog hero; light wrap changes on metal edges
LAB-345,371,liquid_handling,"The primary subject is an in-line filter capsule, staged alone as a Palm Beach Vitality laboratory research catalog hero. If any label or printed panel appears, it must read exactly 'SEMAX' for laboratory research use only. Clinical product photography of a single liquid-handling instrument, idle and unused, sharp edge detail. Call out: capsule filter; finish with deep controlled shadows and bright product highlights for vertical 9:16.","Materials and construction: capsule filter — one complete liquid-handling subject with believable scale, weight, and tactile surface response. Stage it on wet-look black porcelain tile under low-key cinematic spotlight on subject, velvet falloff, with empty negative space so the model cannot invent a second competing object (catalog variant 371).",wet-look black porcelain tile,"low-key cinematic spotlight on subject, velvet falloff","locked offset composition with subtle breathing push-in only, then hold",Active,0,,neutral color-true pharmaceutical catalog grade,Vogue-still life precision for a scientific object,SEMAX,offset_hero,"subject placed on left or right third, negative space opposite"
LAB-445,372,premium_equipment,"The primary subject is a motorized microscope stage XY, staged alone as a Palm Beach Vitality laboratory research catalog hero. If any label or printed panel appears, it must read exactly 'Sermorelin' for laboratory research use only. Expensive capital equipment presence — painted metal, precision optics, museum-grade silhouette, one instrument only. Call out: one motorized stage, empty slide clips, precision engraved scales; finish with photoreal catalog finish with micro-scratches only where realism needs them.","Materials and construction: one motorized stage, empty slide clips, precision engraved scales — one complete premium equipment subject with believable scale, weight, and tactile surface response. Stage it on pearl quartz lab surface under split complementary lab lighting, teal and amber accents, with empty negative space so the model cannot invent a second competing object (catalog variant 372).",pearl quartz lab surface,"split complementary lab lighting, teal and amber accents","lateral slide left-to-right past the subject, focus locked, straight horizontal path, then hold",Active,0,,cool steel and ice-blue science grade,"Apple-keynote product intensity, still fully laboratory-real",Sermorelin,lateral_slide,subject slightly off-center; specular highlights travel across form
LAB-040,373,vials_containers,"The primary subject is a research vial standing alone on bench, staged alone as a Palm Beach Vitality laboratory research catalog hero. If any label or printed panel appears, it must read exactly 'SS-31' for laboratory research use only. Catch warm transmission through the glass wall, a readable shoulder highlight, and a sealed sterile top with empty negative space around the hero. Call out: exactly one sealed vial, no weight set in frame; finish with premium studio contrast with soft falloff and crisp speculars.","Materials and construction: exactly one sealed vial, no weight set in frame — one complete vial / container subject with believable scale, weight, and tactile surface response. Stage it on polished black reflective acrylic with crisp mirror reflection under macro ring-light even field for scientific detail, with empty negative space so the model cannot invent a second competing object (catalog variant 373).",polished black reflective acrylic with crisp mirror reflection,macro ring-light even field for scientific detail,"slow straight push-out from tight crop to full product, then hold",Active,0,,high-contrast black and silver premium grade,editorial science magazine cover energy,SS-31,push_out,"starts tight crop on badge/port/edge, ends full product in frame"
LAB-159,374,instruments,"The primary subject is a digital calipers partially open empty, staged alone as a Palm Beach Vitality laboratory research catalog hero. If any label or printed panel appears, it must read exactly 'TA-1' for laboratory research use only. Show ports, fasteners, and status UI as quiet detail while the overall form stays the undeniable subject. Call out: one digital caliper tool only, jaws open, nothing between jaws; finish with neutral color-true pharmaceutical look with no surreal CGI glow.","Materials and construction: one digital caliper tool only, jaws open, nothing between jaws — one complete instrument subject with believable scale, weight, and tactile surface response. Stage it on matte pure white cyclorama with soft contact shadow under cool clinical blue-white LED with specular glass caustics, with empty negative space so the model cannot invent a second competing object (catalog variant 374).",matte pure white cyclorama with soft contact shadow,cool clinical blue-white LED with specular glass caustics,"very slow push-in from wide sterile environment into subject-dominant frame, then hold",Active,0,,crisp white clinical high-key grade,museum exhibit spotlight on a single artifact,TA-1,wide_env,wider sterile environment context with subject still dominant
LAB-304,375,glassware,"The primary subject is an addition funnel graduated, staged alone as a Palm Beach Vitality laboratory research catalog hero. If any label or printed panel appears, it must read exactly 'TB-500' for laboratory research use only. Museum-grade glassware catalog shot: ground-glass fitment, etched volume marks if present, empty lab field around it. Call out: dropping funnel; finish with tack-sharp focus on the subject silhouette and key material edges.","Materials and construction: dropping funnel — one complete glassware subject with believable scale, weight, and tactile surface response. Stage it on brushed stainless steel lab bench with linear grain highlights under soft overhead softbox plus razor rim separation, with empty negative space so the model cannot invent a second competing object (catalog variant 375).",brushed stainless steel lab bench with linear grain highlights,soft overhead softbox plus razor rim separation,"gentle vertical rise from base to top of subject, path is a straight up-line, then hold",Active,0,,teal-and-amber cinematic lab grade,luxury watch-ad lighting adapted to lab equipment,TB-500,vertical_rise,"base of subject at bottom third, rises to top detail"
LAB-296,376,research_pens,"The primary subject is a compact research pen titanium-look shell, staged alone as a Palm Beach Vitality laboratory research catalog hero. If any label or printed panel appears, it must read exactly 'Tesamorelin' for laboratory research use only. Emphasize the barrel window, dial collar, and matte/gloss finishes of one premium research pen — no skin, hands, needles, or injection staging. Call out: metallic shell; finish with expensive editorial science-magazine presence without lifestyle props.","Materials and construction: metallic shell — one complete research pen subject with believable scale, weight, and tactile surface response. Stage it on dark charcoal epoxy resin countertop with subtle sparkle under backlit translucent glow through glass or polymer only when physically real, with empty negative space so the model cannot invent a second competing object (catalog variant 376).",dark charcoal epoxy resin countertop with subtle sparkle,backlit translucent glow through glass or polymer only when physically real,"crane-down from high three-quarter to eye-level hero on a straight descending path, then hold",Active,0,,warm tungsten accents on cold metal grade,NASA hardware documentary sharpness,Tesamorelin,crane_settle,"starts high three-quarter, settles to eye-level hero"
LAB-346,377,liquid_handling,"The primary subject is a sterile media bag empty folded, staged alone as a Palm Beach Vitality laboratory research catalog hero. If any label or printed panel appears, it must read exactly 'Tesamorelin/Ipamorelin' for laboratory research use only. One micropipette or dispenser hero with sterile unused tip state and clean negative space for a catalog still. Call out: bioprocess bag folded; finish with deep controlled shadows and bright product highlights for vertical 9:16.","Materials and construction: bioprocess bag folded — one complete liquid-handling subject with believable scale, weight, and tactile surface response. Stage it on obsidian glass plate with deep reflection under hard beauty dish key with deep controlled shadows, with empty negative space so the model cannot invent a second competing object (catalog variant 377).",obsidian glass plate with deep reflection,hard beauty dish key with deep controlled shadows,"short vertical lift then lock off on the label plane — straight rise, then hold",Active,0,,neutral color-true pharmaceutical catalog grade,Vogue-still life precision for a scientific object,Tesamorelin/Ipamorelin,label_rise,locked on label/typography plane by the end
LAB-100,378,premium_equipment,"The primary subject is a laser optical table with beam path hardware, staged alone as a Palm Beach Vitality laboratory research catalog hero. If any label or printed panel appears, it must read exactly 'Tirzepatide' for laboratory research use only. Editorial science cover energy: polished housings, turret/stage/arm detail, deep controlled falloff. Call out: one optical breadboard section with mounts only, no people, photonics lab; finish with photoreal catalog finish with micro-scratches only where realism needs them.","Materials and construction: one optical breadboard section with mounts only, no people, photonics lab — one complete premium equipment subject with believable scale, weight, and tactile surface response. Stage it on mirrored chrome instrument deck catching rim light under high-gloss catalog cross-light showing material microtexture, with empty negative space so the model cannot invent a second competing object (catalog variant 378).",mirrored chrome instrument deck catching rim light,high-gloss catalog cross-light showing material microtexture,"start on macro texture then straight pull-back to full hero, then hold",Active,0,,cool steel and ice-blue science grade,"Apple-keynote product intensity, still fully laboratory-real",Tirzepatide,pull_back,starts extreme close on material texture
LAB-251,379,vials_containers,"The primary subject is a cobalt blue glass research vial sealed, staged alone as a Palm Beach Vitality laboratory research catalog hero. If any label or printed panel appears, it must read exactly '5-Amino-1MQ' for laboratory research use only. Premium peptide-vial catalog energy — glass weight, fill-line clarity, and clinical side light with zero lifestyle props. Call out: blue glass UV protection, crimp seal; finish with premium studio contrast with soft falloff and crisp speculars.","Materials and construction: blue glass UV protection, crimp seal — one complete vial / container subject with believable scale, weight, and tactile surface response. Stage it on white melamine cleanroom table with clinical clarity under fiber-optic accent kiss on metal edges, with empty negative space so the model cannot invent a second competing object (catalog variant 379).",white melamine cleanroom table with clinical clarity,fiber-optic accent kiss on metal edges,"extreme macro with razor shallow depth of field; tiny forward drift only, then hold",Active,0,,high-contrast black and silver premium grade,editorial science magazine cover energy,5-Amino-1MQ,macro_detail,tight crop on engraved/metal/glass microtexture
LAB-414,380,instruments,"The primary subject is a transilluminator blue-light safe, staged alone as a Palm Beach Vitality laboratory research catalog hero. If any label or printed panel appears, it must read exactly 'AOD-9604' for laboratory research use only. Credible lab-instrument materials: brushed metal, polymer housings, ports, displays, tight tolerances — idle catalog state. Call out: one blue-light transilluminator, amber shield up, DNA viz; finish with neutral color-true pharmaceutical look with no surreal CGI glow.","Materials and construction: one blue-light transilluminator, amber shield up, DNA viz — one complete instrument subject with believable scale, weight, and tactile surface response. Stage it on textured graphite slate sample board under dramatic dual rim lights with cool cyan edge and warm key, with empty negative space so the model cannot invent a second competing object (catalog variant 380).",textured graphite slate sample board,dramatic dual rim lights with cool cyan edge and warm key,"handheld-stable micro drift forward only, scientific documentary energy, then hold",Active,0,,crisp white clinical high-key grade,museum exhibit spotlight on a single artifact,AOD-9604,doc_drift,"documentary mid-shot, slightly imperfect handheld stability"
LAB-305,381,glassware,"The primary subject is a Claisen adapter glass, staged alone as a Palm Beach Vitality laboratory research catalog hero. If any label or printed panel appears, it must read exactly 'BPC-157' for laboratory research use only. Borosilicate clarity and honest liquid level; the glassware alone owns the frame with premium science-magazine lighting. Call out: distillation adapter; finish with tack-sharp focus on the subject silhouette and key material edges.","Materials and construction: distillation adapter — one complete glassware subject with believable scale, weight, and tactile surface response. Stage it on anodized navy aluminum deck plate under low-key cinematic spotlight on subject, velvet falloff, with empty negative space so the model cannot invent a second competing object (catalog variant 381).",anodized navy aluminum deck plate,"low-key cinematic spotlight on subject, velvet falloff","slow straight push-in from medium shot to closer detail, then hold",Active,0,,teal-and-amber cinematic lab grade,luxury watch-ad lighting adapted to lab equipment,BPC-157,push_in,"medium hero starting frame, label readable by end"
LAB-297,382,research_pens,"The primary subject is a research pen with soft-touch overmold, staged alone as a Palm Beach Vitality laboratory research catalog hero. If any label or printed panel appears, it must read exactly 'BPC-157/TB-500' for laboratory research use only. Read as expensive research hardware: dosage window, clip, and tip cover, isolated on a clean catalog surface. Call out: overmold texture; finish with expensive editorial science-magazine presence without lifestyle props.","Materials and construction: overmold texture — one complete research pen subject with believable scale, weight, and tactile surface response. Stage it on frosted optical glass riser on black field under split complementary lab lighting, teal and amber accents, with empty negative space so the model cannot invent a second competing object (catalog variant 382).",frosted optical glass riser on black field,"split complementary lab lighting, teal and amber accents","low-angle tilt-up from underside to eye level, pivot only, no travel around subject, then hold",Active,0,,warm tungsten accents on cold metal grade,NASA hardware documentary sharpness,BPC-157/TB-500,tilt_reveal,low-angle power pose looking upward at instrument
LAB-347,383,liquid_handling,"The primary subject is a bag spike port cover set, staged alone as a Palm Beach Vitality laboratory research catalog hero. If any label or printed panel appears, it must read exactly 'Cagrilinitide' for laboratory research use only. Clinical product photography of a single liquid-handling instrument, idle and unused, sharp edge detail. Call out: port covers; finish with deep controlled shadows and bright product highlights for vertical 9:16.","Materials and construction: port covers — one complete liquid-handling subject with believable scale, weight, and tactile surface response. Stage it on wet-look black porcelain tile under macro ring-light even field for scientific detail, with empty negative space so the model cannot invent a second competing object (catalog variant 383).",wet-look black porcelain tile,macro ring-light even field for scientific detail,"short side-profile track then settle on three-quarter angle — brief lateral only, then hard hold",Active,0,,neutral color-true pharmaceutical catalog grade,Vogue-still life precision for a scientific object,Cagrilinitide,profile_track,true side profile then settles to three-quarter facing
LAB-446,384,premium_equipment,"The primary subject is a femtosecond laser enclosure research, staged alone as a Palm Beach Vitality laboratory research catalog hero. If any label or printed panel appears, it must read exactly 'CJC (no DAC)' for laboratory research use only. Expensive capital equipment presence — painted metal, precision optics, museum-grade silhouette, one instrument only. Call out: one laser enclosure panel with interlock, ultrafast lab aesthetic; finish with photoreal catalog finish with micro-scratches only where realism needs them.","Materials and construction: one laser enclosure panel with interlock, ultrafast lab aesthetic — one complete premium equipment subject with believable scale, weight, and tactile surface response. Stage it on pearl quartz lab surface under cool clinical blue-white LED with specular glass caustics, with empty negative space so the model cannot invent a second competing object (catalog variant 384).",pearl quartz lab surface,cool clinical blue-white LED with specular glass caustics,locked tripod hold with micro focus rack only — camera body does not travel,Active,0,,cool steel and ice-blue science grade,"Apple-keynote product intensity, still fully laboratory-real",CJC (no DAC),static_lock,"centered editorial hero, tripod-locked, subject fills mid-frame"
LAB-252,385,vials_containers,"The primary subject is a clear vial with flip-off seal green, staged alone as a Palm Beach Vitality laboratory research catalog hero. If any label or printed panel appears, it must read exactly 'CJC (no DAC)/Ipamorelin' for laboratory research use only. Catch warm transmission through the glass wall, a readable shoulder highlight, and a sealed sterile top with empty negative space around the hero. Call out: plastic flip-off button over stopper; finish with premium studio contrast with soft falloff and crisp speculars.","Materials and construction: plastic flip-off button over stopper — one complete vial / container subject with believable scale, weight, and tactile surface response. Stage it on polished black reflective acrylic with crisp mirror reflection under soft overhead softbox plus razor rim separation, with empty negative space so the model cannot invent a second competing object (catalog variant 385).",polished black reflective acrylic with crisp mirror reflection,soft overhead softbox plus razor rim separation,"slow overhead descend straight down into top-down composition, then hold",Active,0,,high-contrast black and silver premium grade,editorial science magazine cover energy,CJC (no DAC)/Ipamorelin,top_down,"overhead geometric catalog composition, subject centered in plan view"
LAB-160,386,instruments,"The primary subject is an USB laboratory camera on boom arm, staged alone as a Palm Beach Vitality laboratory research catalog hero. If any label or printed panel appears, it must read exactly 'DSIP' for laboratory research use only. Show ports, fasteners, and status UI as quiet detail while the overall form stays the undeniable subject. Call out: inspection camera aimed at product; finish with neutral color-true pharmaceutical look with no surreal CGI glow.","Materials and construction: inspection camera aimed at product — one complete instrument subject with believable scale, weight, and tactile surface response. Stage it on matte pure white cyclorama with soft contact shadow under backlit translucent glow through glass or polymer only when physically real, with empty negative space so the model cannot invent a second competing object (catalog variant 386).",matte pure white cyclorama with soft contact shadow,backlit translucent glow through glass or polymer only when physically real,"soft pedestal up a few centimeters while lighting wrap shifts; no sideways travel, then hold",Active,0,,crisp white clinical high-key grade,museum exhibit spotlight on a single artifact,DSIP,pedestal_light,eye-level catalog hero; light wrap changes on metal edges
LAB-306,387,glassware,"The primary subject is a Y-adapter vacuum, staged alone as a Palm Beach Vitality laboratory research catalog hero. If any label or printed panel appears, it must read exactly 'GHK-Cu' for laboratory research use only. Museum-grade glassware catalog shot: ground-glass fitment, etched volume marks if present, empty lab field around it. Call out: glass adapter; finish with tack-sharp focus on the subject silhouette and key material edges.","Materials and construction: glass adapter — one complete glassware subject with believable scale, weight, and tactile surface response. Stage it on brushed stainless steel lab bench with linear grain highlights under hard beauty dish key with deep controlled shadows, with empty negative space so the model cannot invent a second competing object (catalog variant 387).",brushed stainless steel lab bench with linear grain highlights,hard beauty dish key with deep controlled shadows,"locked offset composition with subtle breathing push-in only, then hold",Active,0,,teal-and-amber cinematic lab grade,luxury watch-ad lighting adapted to lab equipment,GHK-Cu,offset_hero,"subject placed on left or right third, negative space opposite"
LAB-299,388,research_pens,"The primary subject is a research pen on linen lab wipe folded, staged alone as a Palm Beach Vitality laboratory research catalog hero. If any label or printed panel appears, it must read exactly 'GLOW' for laboratory research use only. Emphasize the barrel window, dial collar, and matte/gloss finishes of one premium research pen — no skin, hands, needles, or injection staging. Call out: wipe as surface; finish with expensive editorial science-magazine presence without lifestyle props.","Materials and construction: wipe as surface — one complete research pen subject with believable scale, weight, and tactile surface response. Stage it on dark charcoal epoxy resin countertop with subtle sparkle under high-gloss catalog cross-light showing material microtexture, with empty negative space so the model cannot invent a second competing object (catalog variant 388).",dark charcoal epoxy resin countertop with subtle sparkle,high-gloss catalog cross-light showing material microtexture,"lateral slide left-to-right past the subject, focus locked, straight horizontal path, then hold",Active,0,,warm tungsten accents on cold metal grade,NASA hardware documentary sharpness,GLOW,lateral_slide,subject slightly off-center; specular highlights travel across form
LAB-348,389,liquid_handling,"The primary subject is a graduated conical tube 50ml rack, staged alone as a Palm Beach Vitality laboratory research catalog hero. If any label or printed panel appears, it must read exactly 'KLOW' for laboratory research use only. One micropipette or dispenser hero with sterile unused tip state and clean negative space for a catalog still. Call out: conical tubes in rack; finish with deep controlled shadows and bright product highlights for vertical 9:16.","Materials and construction: conical tubes in rack — one complete liquid-handling subject with believable scale, weight, and tactile surface response. Stage it on obsidian glass plate with deep reflection under fiber-optic accent kiss on metal edges, with empty negative space so the model cannot invent a second competing object (catalog variant 389).",obsidian glass plate with deep reflection,fiber-optic accent kiss on metal edges,"slow straight push-out from tight crop to full product, then hold",Active,0,,neutral color-true pharmaceutical catalog grade,Vogue-still life precision for a scientific object,KLOW,push_out,"starts tight crop on badge/port/edge, ends full product in frame"
LAB-167,390,premium_equipment,"The primary subject is a patch-clamp electrophysiology rig detail, staged alone as a Palm Beach Vitality laboratory research catalog hero. If any label or printed panel appears, it must read exactly 'KPV' for laboratory research use only. Editorial science cover energy: polished housings, turret/stage/arm detail, deep controlled falloff. Call out: one micromanipulator and amplifier headstage, neuroscience research hardware, no tissue; finish with photoreal catalog finish with micro-scratches only where realism needs them.","Materials and construction: one micromanipulator and amplifier headstage, neuroscience research hardware, no tissue — one complete premium equipment subject with believable scale, weight, and tactile surface response. Stage it on mirrored chrome instrument deck catching rim light under dramatic dual rim lights with cool cyan edge and warm key, with empty negative space so the model cannot invent a second competing object (catalog variant 390).",mirrored chrome instrument deck catching rim light,dramatic dual rim lights with cool cyan edge and warm key,"very slow push-in from wide sterile environment into subject-dominant frame, then hold",Active,0,,cool steel and ice-blue science grade,"Apple-keynote product intensity, still fully laboratory-real",KPV,wide_env,wider sterile environment context with subject still dominant
LAB-253,391,vials_containers,"The primary subject is an amber vial with measured fill to shoulder, staged alone as a Palm Beach Vitality laboratory research catalog hero. If any label or printed panel appears, it must read exactly 'Melanotan 2' for laboratory research use only. Premium peptide-vial catalog energy — glass weight, fill-line clarity, and clinical side light with zero lifestyle props. Call out: fill line at shoulder, clinical clarity; finish with premium studio contrast with soft falloff and crisp speculars.","Materials and construction: fill line at shoulder, clinical clarity — one complete vial / container subject with believable scale, weight, and tactile surface response. Stage it on white melamine cleanroom table with clinical clarity under low-key cinematic spotlight on subject, velvet falloff, with empty negative space so the model cannot invent a second competing object (catalog variant 391).",white melamine cleanroom table with clinical clarity,"low-key cinematic spotlight on subject, velvet falloff","gentle vertical rise from base to top of subject, path is a straight up-line, then hold",Active,0,,high-contrast black and silver premium grade,editorial science magazine cover energy,Melanotan 2,vertical_rise,"base of subject at bottom third, rises to top detail"
LAB-161,392,instruments,"The primary subject is a stereo microscope head over stage, staged alone as a Palm Beach Vitality laboratory research catalog hero. If any label or printed panel appears, it must read exactly 'MOTS-C' for laboratory research use only. Credible lab-instrument materials: brushed metal, polymer housings, ports, displays, tight tolerances — idle catalog state. Call out: scope over empty stage; finish with neutral color-true pharmaceutical look with no surreal CGI glow.","Materials and construction: scope over empty stage — one complete instrument subject with believable scale, weight, and tactile surface response. Stage it on textured graphite slate sample board under split complementary lab lighting, teal and amber accents, with empty negative space so the model cannot invent a second competing object (catalog variant 392).",textured graphite slate sample board,"split complementary lab lighting, teal and amber accents","crane-down from high three-quarter to eye-level hero on a straight descending path, then hold",Active,0,,crisp white clinical high-key grade,museum exhibit spotlight on a single artifact,MOTS-C,crane_settle,"starts high three-quarter, settles to eye-level hero"
LAB-307,393,glassware,"The primary subject is a glass cold-finger condenser apparatus, staged alone as a Palm Beach Vitality laboratory research catalog hero. If any label or printed panel appears, it must read exactly 'NAD+' for laboratory research use only. Borosilicate clarity and honest liquid level; the glassware alone owns the frame with premium science-magazine lighting. Call out: one glass condenser piece for lab distillation, clear borosilicate, no body parts; finish with tack-sharp focus on the subject silhouette and key material edges.","Materials and construction: one glass condenser piece for lab distillation, clear borosilicate, no body parts — one complete glassware subject with believable scale, weight, and tactile surface response. Stage it on anodized navy aluminum deck plate under macro ring-light even field for scientific detail, with empty negative space so the model cannot invent a second competing object (catalog variant 393).",anodized navy aluminum deck plate,macro ring-light even field for scientific detail,"short vertical lift then lock off on the label plane — straight rise, then hold",Active,0,,teal-and-amber cinematic lab grade,luxury watch-ad lighting adapted to lab equipment,NAD+,label_rise,locked on label/typography plane by the end
LAB-300,394,research_pens,"The primary subject is a research pen aligned to ruler for scale, staged alone as a Palm Beach Vitality laboratory research catalog hero. If any label or printed panel appears, it must read exactly 'PT-141' for laboratory research use only. Read as expensive research hardware: dosage window, clip, and tip cover, isolated on a clean catalog surface. Call out: scale reference; finish with expensive editorial science-magazine presence without lifestyle props.","Materials and construction: scale reference — one complete research pen subject with believable scale, weight, and tactile surface response. Stage it on frosted optical glass riser on black field under cool clinical blue-white LED with specular glass caustics, with empty negative space so the model cannot invent a second competing object (catalog variant 394).",frosted optical glass riser on black field,cool clinical blue-white LED with specular glass caustics,"start on macro texture then straight pull-back to full hero, then hold",Active,0,,warm tungsten accents on cold metal grade,NASA hardware documentary sharpness,PT-141,pull_back,starts extreme close on material texture
LAB-349,395,liquid_handling,"The primary subject is a conical tube 15ml amber, staged alone as a Palm Beach Vitality laboratory research catalog hero. If any label or printed panel appears, it must read exactly 'Retatrutide' for laboratory research use only. Clinical product photography of a single liquid-handling instrument, idle and unused, sharp edge detail. Call out: amber conical; finish with deep controlled shadows and bright product highlights for vertical 9:16.","Materials and construction: amber conical — one complete liquid-handling subject with believable scale, weight, and tactile surface response. Stage it on wet-look black porcelain tile under soft overhead softbox plus razor rim separation, with empty negative space so the model cannot invent a second competing object (catalog variant 395).",wet-look black porcelain tile,soft overhead softbox plus razor rim separation,"extreme macro with razor shallow depth of field; tiny forward drift only, then hold",Active,0,,neutral color-true pharmaceutical catalog grade,Vogue-still life precision for a scientific object,Retatrutide,macro_detail,tight crop on engraved/metal/glass microtexture
LAB-422,396,premium_equipment,"The primary subject is a bioreactor benchtop glass vessel, staged alone as a Palm Beach Vitality laboratory research catalog hero. If any label or printed panel appears, it must read exactly 'Selank' for laboratory research use only. Expensive capital equipment presence — painted metal, precision optics, museum-grade silhouette, one instrument only. Call out: one glass bioreactor vessel on skid, impeller visible, bioprocess; finish with photoreal catalog finish with micro-scratches only where realism needs them.","Materials and construction: one glass bioreactor vessel on skid, impeller visible, bioprocess — one complete premium equipment subject with believable scale, weight, and tactile surface response. Stage it on pearl quartz lab surface under backlit translucent glow through glass or polymer only when physically real, with empty negative space so the model cannot invent a second competing object (catalog variant 396).",pearl quartz lab surface,backlit translucent glow through glass or polymer only when physically real,"handheld-stable micro drift forward only, scientific documentary energy, then hold",Active,0,,cool steel and ice-blue science grade,"Apple-keynote product intensity, still fully laboratory-real",Selank,doc_drift,"documentary mid-shot, slightly imperfect handheld stability"
LAB-454,397,vials_containers,"The primary subject is a lyophilized powder cake macro in vial neck, staged alone as a Palm Beach Vitality laboratory research catalog hero. If any label or printed panel appears, it must read exactly 'Semaglutide' for laboratory research use only. Catch warm transmission through the glass wall, a readable shoulder highlight, and a sealed sterile top with empty negative space around the hero. Call out: extreme macro of white lyophilized cake inside one vial neck, single chamber only; finish with premium studio contrast with soft falloff and crisp speculars.","Materials and construction: extreme macro of white lyophilized cake inside one vial neck, single chamber only — one complete vial / container subject with believable scale, weight, and tactile surface response. Stage it on polished black reflective acrylic with crisp mirror reflection under hard beauty dish key with deep controlled shadows, with empty negative space so the model cannot invent a second competing object (catalog variant 397).",polished black reflective acrylic with crisp mirror reflection,hard beauty dish key with deep controlled shadows,"slow straight push-in from medium shot to closer detail, then hold",Active,0,,high-contrast black and silver premium grade,editorial science magazine cover energy,Semaglutide,push_in,"medium hero starting frame, label readable by end"
LAB-162,398,instruments,"The primary subject is a compound microscope side profile, staged alone as a Palm Beach Vitality laboratory research catalog hero. If any label or printed panel appears, it must read exactly 'SEMAX' for laboratory research use only. Show ports, fasteners, and status UI as quiet detail while the overall form stays the undeniable subject. Call out: classic lab microscope; finish with neutral color-true pharmaceutical look with no surreal CGI glow.","Materials and construction: classic lab microscope — one complete instrument subject with believable scale, weight, and tactile surface response. Stage it on matte pure white cyclorama with soft contact shadow under high-gloss catalog cross-light showing material microtexture, with empty negative space so the model cannot invent a second competing object (catalog variant 398).",matte pure white cyclorama with soft contact shadow,high-gloss catalog cross-light showing material microtexture,"low-angle tilt-up from underside to eye level, pivot only, no travel around subject, then hold",Active,0,,crisp white clinical high-key grade,museum exhibit spotlight on a single artifact,SEMAX,tilt_reveal,low-angle power pose looking upward at instrument
LAB-308,399,glassware,"The primary subject is a jacketed beaker, staged alone as a Palm Beach Vitality laboratory research catalog hero. If any label or printed panel appears, it must read exactly 'Sermorelin' for laboratory research use only. Museum-grade glassware catalog shot: ground-glass fitment, etched volume marks if present, empty lab field around it. Call out: reaction beaker jacket; finish with tack-sharp focus on the subject silhouette and key material edges.","Materials and construction: reaction beaker jacket — one complete glassware subject with believable scale, weight, and tactile surface response. Stage it on brushed stainless steel lab bench with linear grain highlights under fiber-optic accent kiss on metal edges, with empty negative space so the model cannot invent a second competing object (catalog variant 399).",brushed stainless steel lab bench with linear grain highlights,fiber-optic accent kiss on metal edges,"short side-profile track then settle on three-quarter angle — brief lateral only, then hard hold",Active,0,,teal-and-amber cinematic lab grade,luxury watch-ad lighting adapted to lab equipment,Sermorelin,profile_track,true side profile then settles to three-quarter facing
LAB-460,400,liquid_handling,"The primary subject is a multichannel electronic pipette idle, staged alone as a Palm Beach Vitality laboratory research catalog hero. If any label or printed panel appears, it must read exactly 'SS-31' for laboratory research use only. Precision liquid-handling hardware: volume window, plunger, tip cone, engineered plastics — tip never touches skin. Call out: one electronic multichannel pipette upright in stand, no tip box; finish with expensive editorial science-magazine presence without lifestyle props.","Materials and construction: one electronic multichannel pipette upright in stand, no tip box — one complete liquid-handling subject with believable scale, weight, and tactile surface response. Stage it on dark charcoal epoxy resin countertop with subtle sparkle under dramatic dual rim lights with cool cyan edge and warm key, with empty negative space so the model cannot invent a second competing object (catalog variant 400).",dark charcoal epoxy resin countertop with subtle sparkle,dramatic dual rim lights with cool cyan edge and warm key,locked tripod hold with micro focus rack only — camera body does not travel,Active,0,,warm tungsten accents on cold metal grade,NASA hardware documentary sharpness,SS-31,static_lock,"centered editorial hero, tripod-locked, subject fills mid-frame"
LAB-447,401,premium_equipment,"The primary subject is a tangential flow filtration cassette holder, staged alone as a Palm Beach Vitality laboratory research catalog hero. If any label or printed panel appears, it must read exactly 'TA-1' for laboratory research use only. Fill the frame with a single high-end lab machine; no operator, no sample mess, no second chassis. Call out: one TFF holder, sanitary clamps, biopharma processing; finish with deep controlled shadows and bright product highlights for vertical 9:16.","Materials and construction: one TFF holder, sanitary clamps, biopharma processing — one complete premium equipment subject with believable scale, weight, and tactile surface response. Stage it on obsidian glass plate with deep reflection under low-key cinematic spotlight on subject, velvet falloff, with empty negative space so the model cannot invent a second competing object (catalog variant 401).",obsidian glass plate with deep reflection,"low-key cinematic spotlight on subject, velvet falloff","slow overhead descend straight down into top-down composition, then hold",Active,0,,neutral color-true pharmaceutical catalog grade,Vogue-still life precision for a scientific object,TA-1,top_down,"overhead geometric catalog composition, subject centered in plan view"
LAB-254,402,vials_containers,"The primary subject is a research peptide powder crystal sparkle macro, staged alone as a Palm Beach Vitality laboratory research catalog hero. If any label or printed panel appears, it must read exactly 'TB-500' for laboratory research use only. Macro-honest vial geometry: septum texture, aluminum crimp teeth, and a single upright or posed bottle with no twin beside it. Call out: macro of white crystalline research powder on black obsidian, no packaging; finish with photoreal catalog finish with micro-scratches only where realism needs them.","Materials and construction: macro of white crystalline research powder on black obsidian, no packaging — one complete vial / container subject with believable scale, weight, and tactile surface response. Stage it on mirrored chrome instrument deck catching rim light under split complementary lab lighting, teal and amber accents, with empty negative space so the model cannot invent a second competing object (catalog variant 402).",mirrored chrome instrument deck catching rim light,"split complementary lab lighting, teal and amber accents","soft pedestal up a few centimeters while lighting wrap shifts; no sideways travel, then hold",Active,0,,cool steel and ice-blue science grade,"Apple-keynote product intensity, still fully laboratory-real",TB-500,pedestal_light,eye-level catalog hero; light wrap changes on metal edges
LAB-163,403,instruments,"The primary subject is a spectrophotometer closed sample door, staged alone as a Palm Beach Vitality laboratory research catalog hero. If any label or printed panel appears, it must read exactly 'Tesamorelin' for laboratory research use only. Premium instrument still: clean geometry, subtle wear only where realism needs it, empty surroundings. Call out: UV-Vis instrument; finish with premium studio contrast with soft falloff and crisp speculars.","Materials and construction: UV-Vis instrument — one complete instrument subject with believable scale, weight, and tactile surface response. Stage it on white melamine cleanroom table with clinical clarity under macro ring-light even field for scientific detail, with empty negative space so the model cannot invent a second competing object (catalog variant 403).",white melamine cleanroom table with clinical clarity,macro ring-light even field for scientific detail,"locked offset composition with subtle breathing push-in only, then hold",Active,0,,high-contrast black and silver premium grade,editorial science magazine cover energy,Tesamorelin,offset_hero,"subject placed on left or right third, negative space opposite"
LAB-309,404,glassware,"The primary subject is a crystallizer dish jacketed, staged alone as a Palm Beach Vitality laboratory research catalog hero. If any label or printed panel appears, it must read exactly 'Tesamorelin/Ipamorelin' for laboratory research use only. Catch a sharp meniscus, optical distortion, and studio highlights traveling through one vessel — no crowded flask rack behind it. Call out: temp-controlled dish; finish with neutral color-true pharmaceutical look with no surreal CGI glow.","Materials and construction: temp-controlled dish — one complete glassware subject with believable scale, weight, and tactile surface response. Stage it on textured graphite slate sample board under cool clinical blue-white LED with specular glass caustics, with empty negative space so the model cannot invent a second competing object (catalog variant 404).",textured graphite slate sample board,cool clinical blue-white LED with specular glass caustics,"lateral slide left-to-right past the subject, focus locked, straight horizontal path, then hold",Active,0,,crisp white clinical high-key grade,museum exhibit spotlight on a single artifact,Tesamorelin/Ipamorelin,lateral_slide,subject slightly off-center; specular highlights travel across form
LAB-350,405,liquid_handling,"The primary subject is a screw-cap microtube amber 2ml, staged alone as a Palm Beach Vitality laboratory research catalog hero. If any label or printed panel appears, it must read exactly 'Tirzepatide' for laboratory research use only. One micropipette or dispenser hero with sterile unused tip state and clean negative space for a catalog still. Call out: amber microtube; finish with tack-sharp focus on the subject silhouette and key material edges.","Materials and construction: amber microtube — one complete liquid-handling subject with believable scale, weight, and tactile surface response. Stage it on anodized navy aluminum deck plate under soft overhead softbox plus razor rim separation, with empty negative space so the model cannot invent a second competing object (catalog variant 405).",anodized navy aluminum deck plate,soft overhead softbox plus razor rim separation,"slow straight push-out from tight crop to full product, then hold",Active,0,,teal-and-amber cinematic lab grade,luxury watch-ad lighting adapted to lab equipment,Tirzepatide,push_out,"starts tight crop on badge/port/edge, ends full product in frame"
LAB-367,406,premium_equipment,"The primary subject is a FPLC chromatography system, staged alone as a Palm Beach Vitality laboratory research catalog hero. If any label or printed panel appears, it must read exactly '5-Amino-1MQ' for laboratory research use only. Editorial science cover energy: polished housings, turret/stage/arm detail, deep controlled falloff. Call out: one FPLC stack, fraction collector empty, protein purification; finish with expensive editorial science-magazine presence without lifestyle props.","Materials and construction: one FPLC stack, fraction collector empty, protein purification — one complete premium equipment subject with believable scale, weight, and tactile surface response. Stage it on frosted optical glass riser on black field under backlit translucent glow through glass or polymer only when physically real, with empty negative space so the model cannot invent a second competing object (catalog variant 406).",frosted optical glass riser on black field,backlit translucent glow through glass or polymer only when physically real,"very slow push-in from wide sterile environment into subject-dominant frame, then hold",Active,0,,warm tungsten accents on cold metal grade,NASA hardware documentary sharpness,5-Amino-1MQ,wide_env,wider sterile environment context with subject still dominant
LAB-430,407,vials_containers,"The primary subject is a sealed crimp vial with frozen research solution, staged alone as a Palm Beach Vitality laboratory research catalog hero. If any label or printed panel appears, it must read exactly 'AOD-9604' for laboratory research use only. Premium peptide-vial catalog energy — glass weight, fill-line clarity, and clinical side light with zero lifestyle props. Call out: one vial, clear frozen plug, frost on glass, cold-chain research; finish with deep controlled shadows and bright product highlights for vertical 9:16.","Materials and construction: one vial, clear frozen plug, frost on glass, cold-chain research — one complete vial / container subject with believable scale, weight, and tactile surface response. Stage it on wet-look black porcelain tile under hard beauty dish key with deep controlled shadows, with empty negative space so the model cannot invent a second competing object (catalog variant 407).",wet-look black porcelain tile,hard beauty dish key with deep controlled shadows,"gentle vertical rise from base to top of subject, path is a straight up-line, then hold",Active,0,,neutral color-true pharmaceutical catalog grade,Vogue-still life precision for a scientific object,AOD-9604,vertical_rise,"base of subject at bottom third, rises to top detail"
LAB-165,408,instruments,"The primary subject is a HPLC system front panel detail, staged alone as a Palm Beach Vitality laboratory research catalog hero. If any label or printed panel appears, it must read exactly 'BPC-157' for laboratory research use only. Credible lab-instrument materials: brushed metal, polymer housings, ports, displays, tight tolerances — idle catalog state. Call out: instrument face, status idle; finish with photoreal catalog finish with micro-scratches only where realism needs them.","Materials and construction: instrument face, status idle — one complete instrument subject with believable scale, weight, and tactile surface response. Stage it on pearl quartz lab surface under high-gloss catalog cross-light showing material microtexture, with empty negative space so the model cannot invent a second competing object (catalog variant 408).",pearl quartz lab surface,high-gloss catalog cross-light showing material microtexture,"crane-down from high three-quarter to eye-level hero on a straight descending path, then hold",Active,0,,cool steel and ice-blue science grade,"Apple-keynote product intensity, still fully laboratory-real",BPC-157,crane_settle,"starts high three-quarter, settles to eye-level hero"
LAB-310,409,glassware,"The primary subject is a glass reaction tube sealed, staged alone as a Palm Beach Vitality laboratory research catalog hero. If any label or printed panel appears, it must read exactly 'BPC-157/TB-500' for laboratory research use only. Borosilicate clarity and honest liquid level; the glassware alone owns the frame with premium science-magazine lighting. Call out: pressure tube; finish with premium studio contrast with soft falloff and crisp speculars.","Materials and construction: pressure tube — one complete glassware subject with believable scale, weight, and tactile surface response. Stage it on polished black reflective acrylic with crisp mirror reflection under fiber-optic accent kiss on metal edges, with empty negative space so the model cannot invent a second competing object (catalog variant 409).",polished black reflective acrylic with crisp mirror reflection,fiber-optic accent kiss on metal edges,"short vertical lift then lock off on the label plane — straight rise, then hold",Active,0,,high-contrast black and silver premium grade,editorial science magazine cover energy,BPC-157/TB-500,label_rise,locked on label/typography plane by the end
LAB-268,410,liquid_handling,"The primary subject is a positive displacement pipette research, staged alone as a Palm Beach Vitality laboratory research catalog hero. If any label or printed panel appears, it must read exactly 'Cagrilinitide' for laboratory research use only. Show believable scale marks, ejector button, and color-coded accents without a second matching tool in frame. Call out: one positive-displacement pipette, premium liquid handling tool; finish with neutral color-true pharmaceutical look with no surreal CGI glow.","Materials and construction: one positive-displacement pipette, premium liquid handling tool — one complete liquid-handling subject with believable scale, weight, and tactile surface response. Stage it on matte pure white cyclorama with soft contact shadow under dramatic dual rim lights with cool cyan edge and warm key, with empty negative space so the model cannot invent a second competing object (catalog variant 410).",matte pure white cyclorama with soft contact shadow,dramatic dual rim lights with cool cyan edge and warm key,"start on macro texture then straight pull-back to full hero, then hold",Active,0,,crisp white clinical high-key grade,museum exhibit spotlight on a single artifact,Cagrilinitide,pull_back,starts extreme close on material texture
LAB-423,411,premium_equipment,"The primary subject is an AKTA-style purification skid, staged alone as a Palm Beach Vitality laboratory research catalog hero. If any label or printed panel appears, it must read exactly 'CJC (no DAC)' for laboratory research use only. Photoreal research instrument hero with credible cables/ports minimized and the main form unmistakable. Call out: one protein purification skid, illuminated panels, biotech; finish with tack-sharp focus on the subject silhouette and key material edges.","Materials and construction: one protein purification skid, illuminated panels, biotech — one complete premium equipment subject with believable scale, weight, and tactile surface response. Stage it on brushed stainless steel lab bench with linear grain highlights under low-key cinematic spotlight on subject, velvet falloff, with empty negative space so the model cannot invent a second competing object (catalog variant 411).",brushed stainless steel lab bench with linear grain highlights,"low-key cinematic spotlight on subject, velvet falloff","extreme macro with razor shallow depth of field; tiny forward drift only, then hold",Active,0,,teal-and-amber cinematic lab grade,luxury watch-ad lighting adapted to lab equipment,CJC (no DAC),macro_detail,tight crop on engraved/metal/glass microtexture
LAB-455,412,vials_containers,"The primary subject is a single amber vial cinematic hero, staged alone as a Palm Beach Vitality laboratory research catalog hero. If any label or printed panel appears, it must read exactly 'CJC (no DAC)/Ipamorelin' for laboratory research use only. Show thick pharmaceutical glass, a crisp crimp or cap edge, and a clean reflection on the vial shoulder — exactly one vial, no tray cluster or cardboard. Call out: exactly one amber vial, septum sealed, cinematic rim light; finish with expensive editorial science-magazine presence without lifestyle props.","Materials and construction: exactly one amber vial, septum sealed, cinematic rim light — one complete vial / container subject with believable scale, weight, and tactile surface response. Stage it on dark charcoal epoxy resin countertop with subtle sparkle under split complementary lab lighting, teal and amber accents, with empty negative space so the model cannot invent a second competing object (catalog variant 412).",dark charcoal epoxy resin countertop with subtle sparkle,"split complementary lab lighting, teal and amber accents","handheld-stable micro drift forward only, scientific documentary energy, then hold",Active,0,,warm tungsten accents on cold metal grade,NASA hardware documentary sharpness,CJC (no DAC)/Ipamorelin,doc_drift,"documentary mid-shot, slightly imperfect handheld stability"
LAB-166,413,instruments,"The primary subject is a fraction collector carousel, staged alone as a Palm Beach Vitality laboratory research catalog hero. If any label or printed panel appears, it must read exactly 'DSIP' for laboratory research use only. One module or instrument only; no bench chaos, no people, sharp readable silhouette for image-to-video lock. Call out: carousel empty tubes; finish with deep controlled shadows and bright product highlights for vertical 9:16.","Materials and construction: carousel empty tubes — one complete instrument subject with believable scale, weight, and tactile surface response. Stage it on obsidian glass plate with deep reflection under macro ring-light even field for scientific detail, with empty negative space so the model cannot invent a second competing object (catalog variant 413).",obsidian glass plate with deep reflection,macro ring-light even field for scientific detail,"slow straight push-in from medium shot to closer detail, then hold",Active,0,,neutral color-true pharmaceutical catalog grade,Vogue-still life precision for a scientific object,DSIP,push_in,"medium hero starting frame, label readable by end"
LAB-311,414,glassware,"The primary subject is a NMR spinner turbine with tube, staged alone as a Palm Beach Vitality laboratory research catalog hero. If any label or printed panel appears, it must read exactly 'GHK-Cu' for laboratory research use only. Side-lit glass drama with caustics and a stable liquid surface; single piece only, no pipettes stealing the hero role. Call out: spinner and tube; finish with photoreal catalog finish with micro-scratches only where realism needs them.","Materials and construction: spinner and tube — one complete glassware subject with believable scale, weight, and tactile surface response. Stage it on mirrored chrome instrument deck catching rim light under cool clinical blue-white LED with specular glass caustics, with empty negative space so the model cannot invent a second competing object (catalog variant 414).",mirrored chrome instrument deck catching rim light,cool clinical blue-white LED with specular glass caustics,"low-angle tilt-up from underside to eye level, pivot only, no travel around subject, then hold",Active,0,,cool steel and ice-blue science grade,"Apple-keynote product intensity, still fully laboratory-real",GHK-Cu,tilt_reveal,low-angle power pose looking upward at instrument
LAB-395,415,liquid_handling,"The primary subject is a repeater pipette instrument, staged alone as a Palm Beach Vitality laboratory research catalog hero. If any label or printed panel appears, it must read exactly 'GLOW' for laboratory research use only. Clinical product photography of a single liquid-handling instrument, idle and unused, sharp edge detail. Call out: one repeater pipette, volume dial, research liquid handling; finish with premium studio contrast with soft falloff and crisp speculars.","Materials and construction: one repeater pipette, volume dial, research liquid handling — one complete liquid-handling subject with believable scale, weight, and tactile surface response. Stage it on white melamine cleanroom table with clinical clarity under soft overhead softbox plus razor rim separation, with empty negative space so the model cannot invent a second competing object (catalog variant 415).",white melamine cleanroom table with clinical clarity,soft overhead softbox plus razor rim separation,"short side-profile track then settle on three-quarter angle — brief lateral only, then hard hold",Active,0,,high-contrast black and silver premium grade,editorial science magazine cover energy,GLOW,profile_track,true side profile then settles to three-quarter facing
LAB-448,416,premium_equipment,"The primary subject is a laboratory robot collaborative arm idle, staged alone as a Palm Beach Vitality laboratory research catalog hero. If any label or printed panel appears, it must read exactly 'KLOW' for laboratory research use only. Expensive capital equipment presence — painted metal, precision optics, museum-grade silhouette, one instrument only. Call out: one cleanroom-rated cobot arm over empty deck, automation science; finish with neutral color-true pharmaceutical look with no surreal CGI glow.","Materials and construction: one cleanroom-rated cobot arm over empty deck, automation science — one complete premium equipment subject with believable scale, weight, and tactile surface response. Stage it on textured graphite slate sample board under backlit translucent glow through glass or polymer only when physically real, with empty negative space so the model cannot invent a second competing object (catalog variant 416).",textured graphite slate sample board,backlit translucent glow through glass or polymer only when physically real,locked tripod hold with micro focus rack only — camera body does not travel,Active,0,,crisp white clinical high-key grade,museum exhibit spotlight on a single artifact,KLOW,static_lock,"centered editorial hero, tripod-locked, subject fills mid-frame"
LAB-255,417,vials_containers,"The primary subject is a vial with RFID collar ring installed, staged alone as a Palm Beach Vitality laboratory research catalog hero. If any label or printed panel appears, it must read exactly 'KPV' for laboratory research use only. Catch warm transmission through the glass wall, a readable shoulder highlight, and a sealed sterile top with empty negative space around the hero. Call out: inventory collar on neck; finish with tack-sharp focus on the subject silhouette and key material edges.","Materials and construction: inventory collar on neck — one complete vial / container subject with believable scale, weight, and tactile surface response. Stage it on anodized navy aluminum deck plate under hard beauty dish key with deep controlled shadows, with empty negative space so the model cannot invent a second competing object (catalog variant 417).",anodized navy aluminum deck plate,hard beauty dish key with deep controlled shadows,"slow overhead descend straight down into top-down composition, then hold",Active,0,,teal-and-amber cinematic lab grade,luxury watch-ad lighting adapted to lab equipment,KPV,top_down,"overhead geometric catalog composition, subject centered in plan view"
LAB-168,418,instruments,"The primary subject is a power supply for electrophoresis, staged alone as a Palm Beach Vitality laboratory research catalog hero. If any label or printed panel appears, it must read exactly 'Melanotan 2' for laboratory research use only. Show ports, fasteners, and status UI as quiet detail while the overall form stays the undeniable subject. Call out: compact power supply unit; finish with expensive editorial science-magazine presence without lifestyle props.","Materials and construction: compact power supply unit — one complete instrument subject with believable scale, weight, and tactile surface response. Stage it on frosted optical glass riser on black field under high-gloss catalog cross-light showing material microtexture, with empty negative space so the model cannot invent a second competing object (catalog variant 418).",frosted optical glass riser on black field,high-gloss catalog cross-light showing material microtexture,"soft pedestal up a few centimeters while lighting wrap shifts; no sideways travel, then hold",Active,0,,warm tungsten accents on cold metal grade,NASA hardware documentary sharpness,Melanotan 2,pedestal_light,eye-level catalog hero; light wrap changes on metal edges
LAB-312,419,glassware,"The primary subject is an UV-Vis spectrophotometer sample compartment open, staged alone as a Palm Beach Vitality laboratory research catalog hero. If any label or printed panel appears, it must read exactly 'MOTS-C' for laboratory research use only. Museum-grade glassware catalog shot: ground-glass fitment, etched volume marks if present, empty lab field around it. Call out: one spectrophotometer, open bay empty, optical bench detail, premium instrument hero; finish with deep controlled shadows and bright product highlights for vertical 9:16.","Materials and construction: one spectrophotometer, open bay empty, optical bench detail, premium instrument hero — one complete glassware subject with believable scale, weight, and tactile surface response. Stage it on wet-look black porcelain tile under fiber-optic accent kiss on metal edges, with empty negative space so the model cannot invent a second competing object (catalog variant 419).",wet-look black porcelain tile,fiber-optic accent kiss on metal edges,"locked offset composition with subtle breathing push-in only, then hold",Active,0,,neutral color-true pharmaceutical catalog grade,Vogue-still life precision for a scientific object,MOTS-C,offset_hero,"subject placed on left or right third, negative space opposite"
LAB-275,420,liquid_handling,"The primary subject is a serological pipette controller motorized, staged alone as a Palm Beach Vitality laboratory research catalog hero. If any label or printed panel appears, it must read exactly 'NAD+' for laboratory research use only. Precision liquid-handling hardware: volume window, plunger, tip cone, engineered plastics — tip never touches skin. Call out: one motorized pipette controller, sterile plastic pipette attached empty; finish with photoreal catalog finish with micro-scratches only where realism needs them.","Materials and construction: one motorized pipette controller, sterile plastic pipette attached empty — one complete liquid-handling subject with believable scale, weight, and tactile surface response. Stage it on pearl quartz lab surface under dramatic dual rim lights with cool cyan edge and warm key, with empty negative space so the model cannot invent a second competing object (catalog variant 420).",pearl quartz lab surface,dramatic dual rim lights with cool cyan edge and warm key,"lateral slide left-to-right past the subject, focus locked, straight horizontal path, then hold",Active,0,,cool steel and ice-blue science grade,"Apple-keynote product intensity, still fully laboratory-real",NAD+,lateral_slide,subject slightly off-center; specular highlights travel across form
LAB-169,421,premium_equipment,"The primary subject is a high-content imaging microscope, staged alone as a Palm Beach Vitality laboratory research catalog hero. If any label or printed panel appears, it must read exactly 'PT-141' for laboratory research use only. Fill the frame with a single high-end lab machine; no operator, no sample mess, no second chassis. Call out: one HCI microscope, environmental chamber stage empty; finish with premium studio contrast with soft falloff and crisp speculars.","Materials and construction: one HCI microscope, environmental chamber stage empty — one complete premium equipment subject with believable scale, weight, and tactile surface response. Stage it on polished black reflective acrylic with crisp mirror reflection under low-key cinematic spotlight on subject, velvet falloff, with empty negative space so the model cannot invent a second competing object (catalog variant 421).",polished black reflective acrylic with crisp mirror reflection,"low-key cinematic spotlight on subject, velvet falloff","slow straight push-out from tight crop to full product, then hold",Active,0,,high-contrast black and silver premium grade,editorial science magazine cover energy,PT-141,push_out,"starts tight crop on badge/port/edge, ends full product in frame"
LAB-256,422,vials_containers,"The primary subject is a research vial standing free on white surface, staged alone as a Palm Beach Vitality laboratory research catalog hero. If any label or printed panel appears, it must read exactly 'Retatrutide' for laboratory research use only. Macro-honest vial geometry: septum texture, aluminum crimp teeth, and a single upright or posed bottle with no twin beside it. Call out: one vial only, no carton window framing; finish with neutral color-true pharmaceutical look with no surreal CGI glow.","Materials and construction: one vial only, no carton window framing — one complete vial / container subject with believable scale, weight, and tactile surface response. Stage it on matte pure white cyclorama with soft contact shadow under split complementary lab lighting, teal and amber accents, with empty negative space so the model cannot invent a second competing object (catalog variant 422).",matte pure white cyclorama with soft contact shadow,"split complementary lab lighting, teal and amber accents","very slow push-in from wide sterile environment into subject-dominant frame, then hold",Active,0,,crisp white clinical high-key grade,museum exhibit spotlight on a single artifact,Retatrutide,wide_env,wider sterile environment context with subject still dominant
LAB-170,423,instruments,"The primary subject is a biosafety cabinet sash closed exterior, staged alone as a Palm Beach Vitality laboratory research catalog hero. If any label or printed panel appears, it must read exactly 'Selank' for laboratory research use only. Premium instrument still: clean geometry, subtle wear only where realism needs it, empty surroundings. Call out: cabinet exterior only; finish with tack-sharp focus on the subject silhouette and key material edges.","Materials and construction: cabinet exterior only — one complete instrument subject with believable scale, weight, and tactile surface response. Stage it on brushed stainless steel lab bench with linear grain highlights under macro ring-light even field for scientific detail, with empty negative space so the model cannot invent a second competing object (catalog variant 423).",brushed stainless steel lab bench with linear grain highlights,macro ring-light even field for scientific detail,"gentle vertical rise from base to top of subject, path is a straight up-line, then hold",Active,0,,teal-and-amber cinematic lab grade,luxury watch-ad lighting adapted to lab equipment,Selank,vertical_rise,"base of subject at bottom third, rises to top detail"
LAB-313,424,glassware,"The primary subject is a flow cell glass optical, staged alone as a Palm Beach Vitality laboratory research catalog hero. If any label or printed panel appears, it must read exactly 'Semaglutide' for laboratory research use only. Catch a sharp meniscus, optical distortion, and studio highlights traveling through one vessel — no crowded flask rack behind it. Call out: optical flow cell; finish with expensive editorial science-magazine presence without lifestyle props.","Materials and construction: optical flow cell — one complete glassware subject with believable scale, weight, and tactile surface response. Stage it on dark charcoal epoxy resin countertop with subtle sparkle under cool clinical blue-white LED with specular glass caustics, with empty negative space so the model cannot invent a second competing object (catalog variant 424).",dark charcoal epoxy resin countertop with subtle sparkle,cool clinical blue-white LED with specular glass caustics,"crane-down from high three-quarter to eye-level hero on a straight descending path, then hold",Active,0,,warm tungsten accents on cold metal grade,NASA hardware documentary sharpness,Semaglutide,crane_settle,"starts high three-quarter, settles to eye-level hero"
LAB-424,425,premium_equipment,"The primary subject is a spinning disk confocal unit, staged alone as a Palm Beach Vitality laboratory research catalog hero. If any label or printed panel appears, it must read exactly 'SEMAX' for laboratory research use only. Fill the frame with a single high-end lab machine; no operator, no sample mess, no second chassis. Call out: one spinning-disk confocal scan unit, premium photonics; finish with deep controlled shadows and bright product highlights for vertical 9:16.","Materials and construction: one spinning-disk confocal scan unit, premium photonics — one complete premium equipment subject with believable scale, weight, and tactile surface response. Stage it on obsidian glass plate with deep reflection under soft overhead softbox plus razor rim separation, with empty negative space so the model cannot invent a second competing object (catalog variant 425).",obsidian glass plate with deep reflection,soft overhead softbox plus razor rim separation,"short vertical lift then lock off on the label plane — straight rise, then hold",Active,0,,neutral color-true pharmaceutical catalog grade,Vogue-still life precision for a scientific object,SEMAX,label_rise,locked on label/typography plane by the end
LAB-426,426,instruments,"The primary subject is a laboratory plasma cleaner chamber, staged alone as a Palm Beach Vitality laboratory research catalog hero. If any label or printed panel appears, it must read exactly 'Sermorelin' for laboratory research use only. Show ports, fasteners, and status UI as quiet detail while the overall form stays the undeniable subject. Call out: one plasma cleaner, quartz chamber, surface science; finish with photoreal catalog finish with micro-scratches only where realism needs them.","Materials and construction: one plasma cleaner, quartz chamber, surface science — one complete instrument subject with believable scale, weight, and tactile surface response. Stage it on mirrored chrome instrument deck catching rim light under backlit translucent glow through glass or polymer only when physically real, with empty negative space so the model cannot invent a second competing object (catalog variant 426).",mirrored chrome instrument deck catching rim light,backlit translucent glow through glass or polymer only when physically real,"start on macro texture then straight pull-back to full hero, then hold",Active,0,,cool steel and ice-blue science grade,"Apple-keynote product intensity, still fully laboratory-real",Sermorelin,pull_back,starts extreme close on material texture
LAB-257,427,vials_containers,"The primary subject is a silicone-coated vial for sticky compounds, staged alone as a Palm Beach Vitality laboratory research catalog hero. If any label or printed panel appears, it must read exactly 'SS-31' for laboratory research use only. Premium peptide-vial catalog energy — glass weight, fill-line clarity, and clinical side light with zero lifestyle props. Call out: special interior coating sheen; finish with premium studio contrast with soft falloff and crisp speculars.","Materials and construction: special interior coating sheen — one complete vial / container subject with believable scale, weight, and tactile surface response. Stage it on white melamine cleanroom table with clinical clarity under hard beauty dish key with deep controlled shadows, with empty negative space so the model cannot invent a second competing object (catalog variant 427).",white melamine cleanroom table with clinical clarity,hard beauty dish key with deep controlled shadows,"extreme macro with razor shallow depth of field; tiny forward drift only, then hold",Active,0,,high-contrast black and silver premium grade,editorial science magazine cover energy,SS-31,macro_detail,tight crop on engraved/metal/glass microtexture
LAB-172,428,instruments,"The primary subject is a lab oven window view empty shelves, staged alone as a Palm Beach Vitality laboratory research catalog hero. If any label or printed panel appears, it must read exactly 'TA-1' for laboratory research use only. Credible lab-instrument materials: brushed metal, polymer housings, ports, displays, tight tolerances — idle catalog state. Call out: drying oven; finish with neutral color-true pharmaceutical look with no surreal CGI glow.","Materials and construction: drying oven — one complete instrument subject with believable scale, weight, and tactile surface response. Stage it on textured graphite slate sample board under high-gloss catalog cross-light showing material microtexture, with empty negative space so the model cannot invent a second competing object (catalog variant 428).",textured graphite slate sample board,high-gloss catalog cross-light showing material microtexture,"handheld-stable micro drift forward only, scientific documentary energy, then hold",Active,0,,crisp white clinical high-key grade,museum exhibit spotlight on a single artifact,TA-1,doc_drift,"documentary mid-shot, slightly imperfect handheld stability"
LAB-314,429,glassware,"The primary subject is a Soxhlet extractor assembled dry, staged alone as a Palm Beach Vitality laboratory research catalog hero. If any label or printed panel appears, it must read exactly 'TB-500' for laboratory research use only. Borosilicate clarity and honest liquid level; the glassware alone owns the frame with premium science-magazine lighting. Call out: extractor glassware; finish with tack-sharp focus on the subject silhouette and key material edges.","Materials and construction: extractor glassware — one complete glassware subject with believable scale, weight, and tactile surface response. Stage it on anodized navy aluminum deck plate under fiber-optic accent kiss on metal edges, with empty negative space so the model cannot invent a second competing object (catalog variant 429).",anodized navy aluminum deck plate,fiber-optic accent kiss on metal edges,"slow straight push-in from medium shot to closer detail, then hold",Active,0,,teal-and-amber cinematic lab grade,luxury watch-ad lighting adapted to lab equipment,TB-500,push_in,"medium hero starting frame, label readable by end"
LAB-394,430,instruments,"The primary subject is a heating mantle nested sizes, staged alone as a Palm Beach Vitality laboratory research catalog hero. If any label or printed panel appears, it must read exactly 'Tesamorelin' for laboratory research use only. Show ports, fasteners, and status UI as quiet detail while the overall form stays the undeniable subject. Call out: mantles; finish with expensive editorial science-magazine presence without lifestyle props.","Materials and construction: mantles — one complete instrument subject with believable scale, weight, and tactile surface response. Stage it on frosted optical glass riser on black field under dramatic dual rim lights with cool cyan edge and warm key, with empty negative space so the model cannot invent a second competing object (catalog variant 430).",frosted optical glass riser on black field,dramatic dual rim lights with cool cyan edge and warm key,"low-angle tilt-up from underside to eye level, pivot only, no travel around subject, then hold",Active,0,,warm tungsten accents on cold metal grade,NASA hardware documentary sharpness,Tesamorelin,tilt_reveal,low-angle power pose looking upward at instrument
LAB-449,431,premium_equipment,"The primary subject is a multiphoton microscope laser launch, staged alone as a Palm Beach Vitality laboratory research catalog hero. If any label or printed panel appears, it must read exactly 'Tesamorelin/Ipamorelin' for laboratory research use only. Photoreal research instrument hero with credible cables/ports minimized and the main form unmistakable. Call out: one multiphoton laser launch cabinet, deep research optics; finish with deep controlled shadows and bright product highlights for vertical 9:16.","Materials and construction: one multiphoton laser launch cabinet, deep research optics — one complete premium equipment subject with believable scale, weight, and tactile surface response. Stage it on wet-look black porcelain tile under low-key cinematic spotlight on subject, velvet falloff, with empty negative space so the model cannot invent a second competing object (catalog variant 431).",wet-look black porcelain tile,"low-key cinematic spotlight on subject, velvet falloff","short side-profile track then settle on three-quarter angle — brief lateral only, then hard hold",Active,0,,neutral color-true pharmaceutical catalog grade,Vogue-still life precision for a scientific object,Tesamorelin/Ipamorelin,profile_track,true side profile then settles to three-quarter facing
LAB-176,432,instruments,"The primary subject is a lab microwave digester exterior, staged alone as a Palm Beach Vitality laboratory research catalog hero. If any label or printed panel appears, it must read exactly 'Tirzepatide' for laboratory research use only. Credible lab-instrument materials: brushed metal, polymer housings, ports, displays, tight tolerances — idle catalog state. Call out: closed unit; finish with photoreal catalog finish with micro-scratches only where realism needs them.","Materials and construction: closed unit — one complete instrument subject with believable scale, weight, and tactile surface response. Stage it on pearl quartz lab surface under split complementary lab lighting, teal and amber accents, with empty negative space so the model cannot invent a second competing object (catalog variant 432).",pearl quartz lab surface,"split complementary lab lighting, teal and amber accents",locked tripod hold with micro focus rack only — camera body does not travel,Active,0,,cool steel and ice-blue science grade,"Apple-keynote product intensity, still fully laboratory-real",Tirzepatide,static_lock,"centered editorial hero, tripod-locked, subject fills mid-frame"
LAB-258,433,vials_containers,"The primary subject is a vial with colored break-ring neck, staged alone as a Palm Beach Vitality laboratory research catalog hero. If any label or printed panel appears, it must read exactly '5-Amino-1MQ' for laboratory research use only. Catch warm transmission through the glass wall, a readable shoulder highlight, and a sealed sterile top with empty negative space around the hero. Call out: score ring visible; finish with premium studio contrast with soft falloff and crisp speculars.","Materials and construction: score ring visible — one complete vial / container subject with believable scale, weight, and tactile surface response. Stage it on polished black reflective acrylic with crisp mirror reflection under macro ring-light even field for scientific detail, with empty negative space so the model cannot invent a second competing object (catalog variant 433).",polished black reflective acrylic with crisp mirror reflection,macro ring-light even field for scientific detail,"slow overhead descend straight down into top-down composition, then hold",Active,0,,high-contrast black and silver premium grade,editorial science magazine cover energy,5-Amino-1MQ,top_down,"overhead geometric catalog composition, subject centered in plan view"
LAB-177,434,instruments,"The primary subject is a fume hood sash partially open with empty clamp, staged alone as a Palm Beach Vitality laboratory research catalog hero. If any label or printed panel appears, it must read exactly 'AOD-9604' for laboratory research use only. Show ports, fasteners, and status UI as quiet detail while the overall form stays the undeniable subject. Call out: hood as environment, product clamp empty; finish with neutral color-true pharmaceutical look with no surreal CGI glow.","Materials and construction: hood as environment, product clamp empty — one complete instrument subject with believable scale, weight, and tactile surface response. Stage it on matte pure white cyclorama with soft contact shadow under cool clinical blue-white LED with specular glass caustics, with empty negative space so the model cannot invent a second competing object (catalog variant 434).",matte pure white cyclorama with soft contact shadow,cool clinical blue-white LED with specular glass caustics,"soft pedestal up a few centimeters while lighting wrap shifts; no sideways travel, then hold",Active,0,,crisp white clinical high-key grade,museum exhibit spotlight on a single artifact,AOD-9604,pedestal_light,eye-level catalog hero; light wrap changes on metal edges
LAB-315,435,glassware,"The primary subject is a Dean-Stark trap, staged alone as a Palm Beach Vitality laboratory research catalog hero. If any label or printed panel appears, it must read exactly 'BPC-157' for laboratory research use only. Museum-grade glassware catalog shot: ground-glass fitment, etched volume marks if present, empty lab field around it. Call out: trap apparatus; finish with tack-sharp focus on the subject silhouette and key material edges.","Materials and construction: trap apparatus — one complete glassware subject with believable scale, weight, and tactile surface response. Stage it on brushed stainless steel lab bench with linear grain highlights under soft overhead softbox plus razor rim separation, with empty negative space so the model cannot invent a second competing object (catalog variant 435).",brushed stainless steel lab bench with linear grain highlights,soft overhead softbox plus razor rim separation,"locked offset composition with subtle breathing push-in only, then hold",Active,0,,teal-and-amber cinematic lab grade,luxury watch-ad lighting adapted to lab equipment,BPC-157,offset_hero,"subject placed on left or right third, negative space opposite"
LAB-180,436,instruments,"The primary subject is a label printer with research label stock, staged alone as a Palm Beach Vitality laboratory research catalog hero. If any label or printed panel appears, it must read exactly 'BPC-157/TB-500' for laboratory research use only. Credible lab-instrument materials: brushed metal, polymer housings, ports, displays, tight tolerances — idle catalog state. Call out: desktop lab printer; finish with expensive editorial science-magazine presence without lifestyle props.","Materials and construction: desktop lab printer — one complete instrument subject with believable scale, weight, and tactile surface response. Stage it on dark charcoal epoxy resin countertop with subtle sparkle under backlit translucent glow through glass or polymer only when physically real, with empty negative space so the model cannot invent a second competing object (catalog variant 436).",dark charcoal epoxy resin countertop with subtle sparkle,backlit translucent glow through glass or polymer only when physically real,"lateral slide left-to-right past the subject, focus locked, straight horizontal path, then hold",Active,0,,warm tungsten accents on cold metal grade,NASA hardware documentary sharpness,BPC-157/TB-500,lateral_slide,subject slightly off-center; specular highlights travel across form
LAB-425,437,premium_equipment,"The primary subject is a cryo-EM sample preparation workstation, staged alone as a Palm Beach Vitality laboratory research catalog hero. If any label or printed panel appears, it must read exactly 'Cagrilinitide' for laboratory research use only. Fill the frame with a single high-end lab machine; no operator, no sample mess, no second chassis. Call out: one cryo-EM prep station, glow-discharge unit, structural biology; finish with deep controlled shadows and bright product highlights for vertical 9:16.","Materials and construction: one cryo-EM prep station, glow-discharge unit, structural biology — one complete premium equipment subject with believable scale, weight, and tactile surface response. Stage it on obsidian glass plate with deep reflection under hard beauty dish key with deep controlled shadows, with empty negative space so the model cannot invent a second competing object (catalog variant 437).",obsidian glass plate with deep reflection,hard beauty dish key with deep controlled shadows,"slow straight push-out from tight crop to full product, then hold",Active,0,,neutral color-true pharmaceutical catalog grade,Vogue-still life precision for a scientific object,Cagrilinitide,push_out,"starts tight crop on badge/port/edge, ends full product in frame"
LAB-179,438,instruments,"The primary subject is a handheld laboratory barcode scanner, staged alone as a Palm Beach Vitality laboratory research catalog hero. If any label or printed panel appears, it must read exactly 'CJC (no DAC)' for laboratory research use only. Show ports, fasteners, and status UI as quiet detail while the overall form stays the undeniable subject. Call out: one barcode scanner only, no vial beside it; finish with photoreal catalog finish with micro-scratches only where realism needs them.","Materials and construction: one barcode scanner only, no vial beside it — one complete instrument subject with believable scale, weight, and tactile surface response. Stage it on mirrored chrome instrument deck catching rim light under high-gloss catalog cross-light showing material microtexture, with empty negative space so the model cannot invent a second competing object (catalog variant 438).",mirrored chrome instrument deck catching rim light,high-gloss catalog cross-light showing material microtexture,"very slow push-in from wide sterile environment into subject-dominant frame, then hold",Active,0,,cool steel and ice-blue science grade,"Apple-keynote product intensity, still fully laboratory-real",CJC (no DAC),wide_env,wider sterile environment context with subject still dominant
LAB-259,439,vials_containers,"The primary subject is a heavy-wall pressure vial, staged alone as a Palm Beach Vitality laboratory research catalog hero. If any label or printed panel appears, it must read exactly 'CJC (no DAC)/Ipamorelin' for laboratory research use only. Premium peptide-vial catalog energy — glass weight, fill-line clarity, and clinical side light with zero lifestyle props. Call out: thick glass research vial; finish with premium studio contrast with soft falloff and crisp speculars.","Materials and construction: thick glass research vial — one complete vial / container subject with believable scale, weight, and tactile surface response. Stage it on white melamine cleanroom table with clinical clarity under fiber-optic accent kiss on metal edges, with empty negative space so the model cannot invent a second competing object (catalog variant 439).",white melamine cleanroom table with clinical clarity,fiber-optic accent kiss on metal edges,"gentle vertical rise from base to top of subject, path is a straight up-line, then hold",Active,0,,high-contrast black and silver premium grade,editorial science magazine cover energy,CJC (no DAC)/Ipamorelin,vertical_rise,"base of subject at bottom third, rises to top detail"
LAB-175,440,instruments,"The primary subject is a sonic bath lid closed, staged alone as a Palm Beach Vitality laboratory research catalog hero. If any label or printed panel appears, it must read exactly 'DSIP' for laboratory research use only. Credible lab-instrument materials: brushed metal, polymer housings, ports, displays, tight tolerances — idle catalog state. Call out: ultrasonic cleaner; finish with neutral color-true pharmaceutical look with no surreal CGI glow.","Materials and construction: ultrasonic cleaner — one complete instrument subject with believable scale, weight, and tactile surface response. Stage it on textured graphite slate sample board under dramatic dual rim lights with cool cyan edge and warm key, with empty negative space so the model cannot invent a second competing object (catalog variant 440).",textured graphite slate sample board,dramatic dual rim lights with cool cyan edge and warm key,"crane-down from high three-quarter to eye-level hero on a straight descending path, then hold",Active,0,,crisp white clinical high-key grade,museum exhibit spotlight on a single artifact,DSIP,crane_settle,"starts high three-quarter, settles to eye-level hero"
LAB-316,441,glassware,"The primary subject is a gas burette, staged alone as a Palm Beach Vitality laboratory research catalog hero. If any label or printed panel appears, it must read exactly 'GHK-Cu' for laboratory research use only. Borosilicate clarity and honest liquid level; the glassware alone owns the frame with premium science-magazine lighting. Call out: gas measurement glass; finish with tack-sharp focus on the subject silhouette and key material edges.","Materials and construction: gas measurement glass — one complete glassware subject with believable scale, weight, and tactile surface response. Stage it on anodized navy aluminum deck plate under low-key cinematic spotlight on subject, velvet falloff, with empty negative space so the model cannot invent a second competing object (catalog variant 441).",anodized navy aluminum deck plate,"low-key cinematic spotlight on subject, velvet falloff","short vertical lift then lock off on the label plane — straight rise, then hold",Active,0,,teal-and-amber cinematic lab grade,luxury watch-ad lighting adapted to lab equipment,GHK-Cu,label_rise,locked on label/typography plane by the end
LAB-381,442,instruments,"The primary subject is a rocking platform mixer, staged alone as a Palm Beach Vitality laboratory research catalog hero. If any label or printed panel appears, it must read exactly 'GLOW' for laboratory research use only. Show ports, fasteners, and status UI as quiet detail while the overall form stays the undeniable subject. Call out: rocker; finish with expensive editorial science-magazine presence without lifestyle props.","Materials and construction: rocker — one complete instrument subject with believable scale, weight, and tactile surface response. Stage it on frosted optical glass riser on black field under split complementary lab lighting, teal and amber accents, with empty negative space so the model cannot invent a second competing object (catalog variant 442).",frosted optical glass riser on black field,"split complementary lab lighting, teal and amber accents","start on macro texture then straight pull-back to full hero, then hold",Active,0,,warm tungsten accents on cold metal grade,NASA hardware documentary sharpness,GLOW,pull_back,starts extreme close on material texture
LAB-450,443,premium_equipment,"The primary subject is a vitrification robot for cryo-EM, staged alone as a Palm Beach Vitality laboratory research catalog hero. If any label or printed panel appears, it must read exactly 'KLOW' for laboratory research use only. Photoreal research instrument hero with credible cables/ports minimized and the main form unmistakable. Call out: one vitrobot-style plunger, humidity chamber, cryo sample prep; finish with deep controlled shadows and bright product highlights for vertical 9:16.","Materials and construction: one vitrobot-style plunger, humidity chamber, cryo sample prep — one complete premium equipment subject with believable scale, weight, and tactile surface response. Stage it on wet-look black porcelain tile under macro ring-light even field for scientific detail, with empty negative space so the model cannot invent a second competing object (catalog variant 443).",wet-look black porcelain tile,macro ring-light even field for scientific detail,"extreme macro with razor shallow depth of field; tiny forward drift only, then hold",Active,0,,neutral color-true pharmaceutical catalog grade,Vogue-still life precision for a scientific object,KLOW,macro_detail,tight crop on engraved/metal/glass microtexture
LAB-396,444,instruments,"The primary subject is a thermocouple wire spool, staged alone as a Palm Beach Vitality laboratory research catalog hero. If any label or printed panel appears, it must read exactly 'KPV' for laboratory research use only. Credible lab-instrument materials: brushed metal, polymer housings, ports, displays, tight tolerances — idle catalog state. Finish with photoreal catalog finish with micro-scratches only where realism needs them.","Materials and construction: wire spool — one complete instrument subject with believable scale, weight, and tactile surface response. Stage it on pearl quartz lab surface under cool clinical blue-white LED with specular glass caustics, with empty negative space so the model cannot invent a second competing object (catalog variant 444).",pearl quartz lab surface,cool clinical blue-white LED with specular glass caustics,"handheld-stable micro drift forward only, scientific documentary energy, then hold",Active,0,,cool steel and ice-blue science grade,"Apple-keynote product intensity, still fully laboratory-real",KPV,doc_drift,"documentary mid-shot, slightly imperfect handheld stability"
LAB-260,445,vials_containers,"The primary subject is a vial standing in CNC-machined aluminum puck, staged alone as a Palm Beach Vitality laboratory research catalog hero. If any label or printed panel appears, it must read exactly 'Melanotan 2' for laboratory research use only. Catch warm transmission through the glass wall, a readable shoulder highlight, and a sealed sterile top with empty negative space around the hero. Call out: precision puck holder; finish with premium studio contrast with soft falloff and crisp speculars.","Materials and construction: precision puck holder — one complete vial / container subject with believable scale, weight, and tactile surface response. Stage it on polished black reflective acrylic with crisp mirror reflection under soft overhead softbox plus razor rim separation, with empty negative space so the model cannot invent a second competing object (catalog variant 445).",polished black reflective acrylic with crisp mirror reflection,soft overhead softbox plus razor rim separation,"slow straight push-in from medium shot to closer detail, then hold",Active,0,,high-contrast black and silver premium grade,editorial science magazine cover energy,Melanotan 2,push_in,"medium hero starting frame, label readable by end"
LAB-384,446,instruments,"The primary subject is a homogenizer probe parked in stand, staged alone as a Palm Beach Vitality laboratory research catalog hero. If any label or printed panel appears, it must read exactly 'MOTS-C' for laboratory research use only. Show ports, fasteners, and status UI as quiet detail while the overall form stays the undeniable subject. Call out: probe stand; finish with neutral color-true pharmaceutical look with no surreal CGI glow.","Materials and construction: probe stand — one complete instrument subject with believable scale, weight, and tactile surface response. Stage it on matte pure white cyclorama with soft contact shadow under backlit translucent glow through glass or polymer only when physically real, with empty negative space so the model cannot invent a second competing object (catalog variant 446).",matte pure white cyclorama with soft contact shadow,backlit translucent glow through glass or polymer only when physically real,"low-angle tilt-up from underside to eye level, pivot only, no travel around subject, then hold",Active,0,,crisp white clinical high-key grade,museum exhibit spotlight on a single artifact,MOTS-C,tilt_reveal,low-angle power pose looking upward at instrument
LAB-317,447,glassware,"The primary subject is a pycnometer bottle, staged alone as a Palm Beach Vitality laboratory research catalog hero. If any label or printed panel appears, it must read exactly 'NAD+' for laboratory research use only. Museum-grade glassware catalog shot: ground-glass fitment, etched volume marks if present, empty lab field around it. Call out: density bottle; finish with tack-sharp focus on the subject silhouette and key material edges.","Materials and construction: density bottle — one complete glassware subject with believable scale, weight, and tactile surface response. Stage it on brushed stainless steel lab bench with linear grain highlights under hard beauty dish key with deep controlled shadows, with empty negative space so the model cannot invent a second competing object (catalog variant 447).",brushed stainless steel lab bench with linear grain highlights,hard beauty dish key with deep controlled shadows,"short side-profile track then settle on three-quarter angle — brief lateral only, then hard hold",Active,0,,teal-and-amber cinematic lab grade,luxury watch-ad lighting adapted to lab equipment,NAD+,profile_track,true side profile then settles to three-quarter facing
LAB-390,448,instruments,"The primary subject is a rotary evaporator glassware dry assembled, staged alone as a Palm Beach Vitality laboratory research catalog hero. If any label or printed panel appears, it must read exactly 'PT-141' for laboratory research use only. Credible lab-instrument materials: brushed metal, polymer housings, ports, displays, tight tolerances — idle catalog state. Call out: rotovap glass; finish with expensive editorial science-magazine presence without lifestyle props.","Materials and construction: rotovap glass — one complete instrument subject with believable scale, weight, and tactile surface response. Stage it on dark charcoal epoxy resin countertop with subtle sparkle under high-gloss catalog cross-light showing material microtexture, with empty negative space so the model cannot invent a second competing object (catalog variant 448).",dark charcoal epoxy resin countertop with subtle sparkle,high-gloss catalog cross-light showing material microtexture,locked tripod hold with micro focus rack only — camera body does not travel,Active,0,,warm tungsten accents on cold metal grade,NASA hardware documentary sharpness,PT-141,static_lock,"centered editorial hero, tripod-locked, subject fills mid-frame"
LAB-370,449,premium_equipment,"The primary subject is a microtome diamond knife boat, staged alone as a Palm Beach Vitality laboratory research catalog hero. If any label or printed panel appears, it must read exactly 'Retatrutide' for laboratory research use only. Fill the frame with a single high-end lab machine; no operator, no sample mess, no second chassis. Call out: one ultramicrotome knife boat detail, precision cutting science; finish with deep controlled shadows and bright product highlights for vertical 9:16.","Materials and construction: one ultramicrotome knife boat detail, precision cutting science — one complete premium equipment subject with believable scale, weight, and tactile surface response. Stage it on obsidian glass plate with deep reflection under fiber-optic accent kiss on metal edges, with empty negative space so the model cannot invent a second competing object (catalog variant 449).",obsidian glass plate with deep reflection,fiber-optic accent kiss on metal edges,"slow overhead descend straight down into top-down composition, then hold",Active,0,,neutral color-true pharmaceutical catalog grade,Vogue-still life precision for a scientific object,Retatrutide,top_down,"overhead geometric catalog composition, subject centered in plan view"
LAB-377,450,instruments,"The primary subject is a qPCR machine lid closed, staged alone as a Palm Beach Vitality laboratory research catalog hero. If any label or printed panel appears, it must read exactly 'Selank' for laboratory research use only. Show ports, fasteners, and status UI as quiet detail while the overall form stays the undeniable subject. Call out: thermocycler exterior; finish with photoreal catalog finish with micro-scratches only where realism needs them.","Materials and construction: thermocycler exterior — one complete instrument subject with believable scale, weight, and tactile surface response. Stage it on mirrored chrome instrument deck catching rim light under dramatic dual rim lights with cool cyan edge and warm key, with empty negative space so the model cannot invent a second competing object (catalog variant 450).",mirrored chrome instrument deck catching rim light,dramatic dual rim lights with cool cyan edge and warm key,"soft pedestal up a few centimeters while lighting wrap shifts; no sideways travel, then hold",Active,0,,cool steel and ice-blue science grade,"Apple-keynote product intensity, still fully laboratory-real",Selank,pedestal_light,eye-level catalog hero; light wrap changes on metal edges
LAB-261,451,vials_containers,"The primary subject is a clear vial with laser-etched lot panel blank, staged alone as a Palm Beach Vitality laboratory research catalog hero. If any label or printed panel appears, it must read exactly 'Semaglutide' for laboratory research use only. Premium peptide-vial catalog energy — glass weight, fill-line clarity, and clinical side light with zero lifestyle props. Call out: etched frosted rectangle; finish with premium studio contrast with soft falloff and crisp speculars.","Materials and construction: etched frosted rectangle — one complete vial / container subject with believable scale, weight, and tactile surface response. Stage it on white melamine cleanroom table with clinical clarity under low-key cinematic spotlight on subject, velvet falloff, with empty negative space so the model cannot invent a second competing object (catalog variant 451).",white melamine cleanroom table with clinical clarity,"low-key cinematic spotlight on subject, velvet falloff","locked offset composition with subtle breathing push-in only, then hold",Active,0,,high-contrast black and silver premium grade,editorial science magazine cover energy,Semaglutide,offset_hero,"subject placed on left or right third, negative space opposite"
LAB-388,452,instruments,"The primary subject is a lyophilizer chamber exterior, staged alone as a Palm Beach Vitality laboratory research catalog hero. If any label or printed panel appears, it must read exactly 'SEMAX' for laboratory research use only. Credible lab-instrument materials: brushed metal, polymer housings, ports, displays, tight tolerances — idle catalog state. Call out: freeze dryer exterior; finish with neutral color-true pharmaceutical look with no surreal CGI glow.","Materials and construction: freeze dryer exterior — one complete instrument subject with believable scale, weight, and tactile surface response. Stage it on textured graphite slate sample board under split complementary lab lighting, teal and amber accents, with empty negative space so the model cannot invent a second competing object (catalog variant 452).",textured graphite slate sample board,"split complementary lab lighting, teal and amber accents","lateral slide left-to-right past the subject, focus locked, straight horizontal path, then hold",Active,0,,crisp white clinical high-key grade,museum exhibit spotlight on a single artifact,SEMAX,lateral_slide,subject slightly off-center; specular highlights travel across form
LAB-318,453,glassware,"The primary subject is a specific gravity bottle, staged alone as a Palm Beach Vitality laboratory research catalog hero. If any label or printed panel appears, it must read exactly 'Sermorelin' for laboratory research use only. Borosilicate clarity and honest liquid level; the glassware alone owns the frame with premium science-magazine lighting. Call out: glass density ware; finish with tack-sharp focus on the subject silhouette and key material edges.","Materials and construction: glass density ware — one complete glassware subject with believable scale, weight, and tactile surface response. Stage it on anodized navy aluminum deck plate under macro ring-light even field for scientific detail, with empty negative space so the model cannot invent a second competing object (catalog variant 453).",anodized navy aluminum deck plate,macro ring-light even field for scientific detail,"slow straight push-out from tight crop to full product, then hold",Active,0,,teal-and-amber cinematic lab grade,luxury watch-ad lighting adapted to lab equipment,Sermorelin,push_out,"starts tight crop on badge/port/edge, ends full product in frame"
LAB-174,454,instruments,"The primary subject is a diaphragm vacuum gauge, staged alone as a Palm Beach Vitality laboratory research catalog hero. If any label or printed panel appears, it must read exactly 'SS-31' for laboratory research use only. Show ports, fasteners, and status UI as quiet detail while the overall form stays the undeniable subject. Call out: analog/digital gauge; finish with expensive editorial science-magazine presence without lifestyle props.","Materials and construction: analog/digital gauge — one complete instrument subject with believable scale, weight, and tactile surface response. Stage it on frosted optical glass riser on black field under cool clinical blue-white LED with specular glass caustics, with empty negative space so the model cannot invent a second competing object (catalog variant 454).",frosted optical glass riser on black field,cool clinical blue-white LED with specular glass caustics,"very slow push-in from wide sterile environment into subject-dominant frame, then hold",Active,0,,warm tungsten accents on cold metal grade,NASA hardware documentary sharpness,SS-31,wide_env,wider sterile environment context with subject still dominant
LAB-433,455,premium_equipment,"The primary subject is a confocal microscope objective immersion macro, staged alone as a Palm Beach Vitality laboratory research catalog hero. If any label or printed panel appears, it must read exactly 'TA-1' for laboratory research use only. Photoreal research instrument hero with credible cables/ports minimized and the main form unmistakable. Call out: macro of premium objective lens tip, engraved rings, optical glass perfection; finish with deep controlled shadows and bright product highlights for vertical 9:16.","Materials and construction: macro of premium objective lens tip, engraved rings, optical glass perfection — one complete premium equipment subject with believable scale, weight, and tactile surface response. Stage it on wet-look black porcelain tile under soft overhead softbox plus razor rim separation, with empty negative space so the model cannot invent a second competing object (catalog variant 455).",wet-look black porcelain tile,soft overhead softbox plus razor rim separation,"gentle vertical rise from base to top of subject, path is a straight up-line, then hold",Active,0,,neutral color-true pharmaceutical catalog grade,Vogue-still life precision for a scientific object,TA-1,vertical_rise,"base of subject at bottom third, rises to top detail"
LAB-385,456,instruments,"The primary subject is a sonic probe tip set, staged alone as a Palm Beach Vitality laboratory research catalog hero. If any label or printed panel appears, it must read exactly 'TB-500' for laboratory research use only. Credible lab-instrument materials: brushed metal, polymer housings, ports, displays, tight tolerances — idle catalog state. Call out: probe tips; finish with photoreal catalog finish with micro-scratches only where realism needs them.","Materials and construction: probe tips — one complete instrument subject with believable scale, weight, and tactile surface response. Stage it on pearl quartz lab surface under backlit translucent glow through glass or polymer only when physically real, with empty negative space so the model cannot invent a second competing object (catalog variant 456).",pearl quartz lab surface,backlit translucent glow through glass or polymer only when physically real,"crane-down from high three-quarter to eye-level hero on a straight descending path, then hold",Active,0,,cool steel and ice-blue science grade,"Apple-keynote product intensity, still fully laboratory-real",TB-500,crane_settle,"starts high three-quarter, settles to eye-level hero"
LAB-262,457,vials_containers,"The primary subject is an amber research vial sealed alone, staged alone as a Palm Beach Vitality laboratory research catalog hero. If any label or printed panel appears, it must read exactly 'Tesamorelin' for laboratory research use only. Catch warm transmission through the glass wall, a readable shoulder highlight, and a sealed sterile top with empty negative space around the hero. Call out: exactly one amber vial, no silica canister; finish with premium studio contrast with soft falloff and crisp speculars.","Materials and construction: exactly one amber vial, no silica canister — one complete vial / container subject with believable scale, weight, and tactile surface response. Stage it on polished black reflective acrylic with crisp mirror reflection under hard beauty dish key with deep controlled shadows, with empty negative space so the model cannot invent a second competing object (catalog variant 457).",polished black reflective acrylic with crisp mirror reflection,hard beauty dish key with deep controlled shadows,"short vertical lift then lock off on the label plane — straight rise, then hold",Active,0,,high-contrast black and silver premium grade,editorial science magazine cover energy,Tesamorelin,label_rise,locked on label/typography plane by the end
LAB-382,458,instruments,"The primary subject is a 3D nutating mixer, staged alone as a Palm Beach Vitality laboratory research catalog hero. If any label or printed panel appears, it must read exactly 'Tesamorelin/Ipamorelin' for laboratory research use only. Show ports, fasteners, and status UI as quiet detail while the overall form stays the undeniable subject. Call out: nutator; finish with neutral color-true pharmaceutical look with no surreal CGI glow.","Materials and construction: nutator — one complete instrument subject with believable scale, weight, and tactile surface response. Stage it on matte pure white cyclorama with soft contact shadow under high-gloss catalog cross-light showing material microtexture, with empty negative space so the model cannot invent a second competing object (catalog variant 458).",matte pure white cyclorama with soft contact shadow,high-gloss catalog cross-light showing material microtexture,"start on macro texture then straight pull-back to full hero, then hold",Active,0,,crisp white clinical high-key grade,museum exhibit spotlight on a single artifact,Tesamorelin/Ipamorelin,pull_back,starts extreme close on material texture
LAB-319,459,glassware,"The primary subject is a wide dilution bottle research, staged alone as a Palm Beach Vitality laboratory research catalog hero. If any label or printed panel appears, it must read exactly 'Tirzepatide' for laboratory research use only. Museum-grade glassware catalog shot: ground-glass fitment, etched volume marks if present, empty lab field around it. Finish with tack-sharp focus on the subject silhouette and key material edges.","Materials and construction: wide dilution bottle — one complete glassware subject with believable scale, weight, and tactile surface response. Stage it on brushed stainless steel lab bench with linear grain highlights under fiber-optic accent kiss on metal edges, with empty negative space so the model cannot invent a second competing object (catalog variant 459).",brushed stainless steel lab bench with linear grain highlights,fiber-optic accent kiss on metal edges,"extreme macro with razor shallow depth of field; tiny forward drift only, then hold",Active,0,,teal-and-amber cinematic lab grade,luxury watch-ad lighting adapted to lab equipment,Tirzepatide,macro_detail,tight crop on engraved/metal/glass microtexture
LAB-292,460,instruments,"The primary subject is a muffle furnace laboratory, staged alone as a Palm Beach Vitality laboratory research catalog hero. If any label or printed panel appears, it must read exactly '5-Amino-1MQ' for laboratory research use only. Credible lab-instrument materials: brushed metal, polymer housings, ports, displays, tight tolerances — idle catalog state. Call out: one muffle furnace, ceramic chamber door, high-temp research; finish with expensive editorial science-magazine presence without lifestyle props.","Materials and construction: one muffle furnace, ceramic chamber door, high-temp research — one complete instrument subject with believable scale, weight, and tactile surface response. Stage it on dark charcoal epoxy resin countertop with subtle sparkle under dramatic dual rim lights with cool cyan edge and warm key, with empty negative space so the model cannot invent a second competing object (catalog variant 460).",dark charcoal epoxy resin countertop with subtle sparkle,dramatic dual rim lights with cool cyan edge and warm key,"handheld-stable micro drift forward only, scientific documentary energy, then hold",Active,0,,warm tungsten accents on cold metal grade,NASA hardware documentary sharpness,5-Amino-1MQ,doc_drift,"documentary mid-shot, slightly imperfect handheld stability"
LAB-458,461,premium_equipment,"The primary subject is a mass spec ESI source housing, staged alone as a Palm Beach Vitality laboratory research catalog hero. If any label or printed panel appears, it must read exactly 'AOD-9604' for laboratory research use only. Fill the frame with a single high-end lab machine; no operator, no sample mess, no second chassis. Call out: one electrospray source housing open/closed, analytical MS detail; finish with deep controlled shadows and bright product highlights for vertical 9:16.","Materials and construction: one electrospray source housing open/closed, analytical MS detail — one complete premium equipment subject with believable scale, weight, and tactile surface response. Stage it on obsidian glass plate with deep reflection under low-key cinematic spotlight on subject, velvet falloff, with empty negative space so the model cannot invent a second competing object (catalog variant 461).",obsidian glass plate with deep reflection,"low-key cinematic spotlight on subject, velvet falloff","slow straight push-in from medium shot to closer detail, then hold",Active,0,,neutral color-true pharmaceutical catalog grade,Vogue-still life precision for a scientific object,AOD-9604,push_in,"medium hero starting frame, label readable by end"
LAB-383,462,instruments,"The primary subject is an overhead stirrer motor on stand, staged alone as a Palm Beach Vitality laboratory research catalog hero. If any label or printed panel appears, it must read exactly 'BPC-157' for laboratory research use only. Show ports, fasteners, and status UI as quiet detail while the overall form stays the undeniable subject. Finish with photoreal catalog finish with micro-scratches only where realism needs them.","Materials and construction: stirrer motor — one complete instrument subject with believable scale, weight, and tactile surface response. Stage it on mirrored chrome instrument deck catching rim light under split complementary lab lighting, teal and amber accents, with empty negative space so the model cannot invent a second competing object (catalog variant 462).",mirrored chrome instrument deck catching rim light,"split complementary lab lighting, teal and amber accents","low-angle tilt-up from underside to eye level, pivot only, no travel around subject, then hold",Active,0,,cool steel and ice-blue science grade,"Apple-keynote product intensity, still fully laboratory-real",BPC-157,tilt_reveal,low-angle power pose looking upward at instrument
LAB-263,463,vials_containers,"The primary subject is a single research vial standing alone on bench, staged alone as a Palm Beach Vitality laboratory research catalog hero. If any label or printed panel appears, it must read exactly 'BPC-157/TB-500' for laboratory research use only. Premium peptide-vial catalog energy — glass weight, fill-line clarity, and clinical side light with zero lifestyle props. Call out: one vial only, no rack, no other slots or vials; finish with premium studio contrast with soft falloff and crisp speculars.","Materials and construction: one vial only, no rack, no other slots or vials — one complete vial / container subject with believable scale, weight, and tactile surface response. Stage it on white melamine cleanroom table with clinical clarity under macro ring-light even field for scientific detail, with empty negative space so the model cannot invent a second competing object (catalog variant 463).",white melamine cleanroom table with clinical clarity,macro ring-light even field for scientific detail,"short side-profile track then settle on three-quarter angle — brief lateral only, then hard hold",Active,0,,high-contrast black and silver premium grade,editorial science magazine cover energy,BPC-157/TB-500,profile_track,true side profile then settles to three-quarter facing
LAB-386,464,instruments,"The primary subject is a lab homogenizer tube adapter, staged alone as a Palm Beach Vitality laboratory research catalog hero. If any label or printed panel appears, it must read exactly 'Cagrilinitide' for laboratory research use only. Credible lab-instrument materials: brushed metal, polymer housings, ports, displays, tight tolerances — idle catalog state. Finish with neutral color-true pharmaceutical look with no surreal CGI glow.","Materials and construction: adapter — one complete instrument subject with believable scale, weight, and tactile surface response. Stage it on textured graphite slate sample board under cool clinical blue-white LED with specular glass caustics, with empty negative space so the model cannot invent a second competing object (catalog variant 464).",textured graphite slate sample board,cool clinical blue-white LED with specular glass caustics,locked tripod hold with micro focus rack only — camera body does not travel,Active,0,,crisp white clinical high-key grade,museum exhibit spotlight on a single artifact,Cagrilinitide,static_lock,"centered editorial hero, tripod-locked, subject fills mid-frame"
LAB-320,465,glassware,"The primary subject is a media Roux bottle flat, staged alone as a Palm Beach Vitality laboratory research catalog hero. If any label or printed panel appears, it must read exactly 'CJC (no DAC)' for laboratory research use only. Borosilicate clarity and honest liquid level; the glassware alone owns the frame with premium science-magazine lighting. Call out: flat culture bottle; finish with tack-sharp focus on the subject silhouette and key material edges.","Materials and construction: flat culture bottle — one complete glassware subject with believable scale, weight, and tactile surface response. Stage it on anodized navy aluminum deck plate under soft overhead softbox plus razor rim separation, with empty negative space so the model cannot invent a second competing object (catalog variant 465).",anodized navy aluminum deck plate,soft overhead softbox plus razor rim separation,"slow overhead descend straight down into top-down composition, then hold",Active,0,,teal-and-amber cinematic lab grade,luxury watch-ad lighting adapted to lab equipment,CJC (no DAC),top_down,"overhead geometric catalog composition, subject centered in plan view"
LAB-392,466,instruments,"The primary subject is a lab water bath lid on, staged alone as a Palm Beach Vitality laboratory research catalog hero. If any label or printed panel appears, it must read exactly 'CJC (no DAC)/Ipamorelin' for laboratory research use only. Show ports, fasteners, and status UI as quiet detail while the overall form stays the undeniable subject. Finish with expensive editorial science-magazine presence without lifestyle props.","Materials and construction: water bath — one complete instrument subject with believable scale, weight, and tactile surface response. Stage it on frosted optical glass riser on black field under backlit translucent glow through glass or polymer only when physically real, with empty negative space so the model cannot invent a second competing object (catalog variant 466).",frosted optical glass riser on black field,backlit translucent glow through glass or polymer only when physically real,"soft pedestal up a few centimeters while lighting wrap shifts; no sideways travel, then hold",Active,0,,warm tungsten accents on cold metal grade,NASA hardware documentary sharpness,CJC (no DAC)/Ipamorelin,pedestal_light,eye-level catalog hero; light wrap changes on metal edges
LAB-298,467,premium_equipment,"The primary subject is a HPLC diode array detector module, staged alone as a Palm Beach Vitality laboratory research catalog hero. If any label or printed panel appears, it must read exactly 'DSIP' for laboratory research use only. Photoreal research instrument hero with credible cables/ports minimized and the main form unmistakable. Call out: one DAD module, fiber optics ports, chromatography stack; finish with deep controlled shadows and bright product highlights for vertical 9:16.","Materials and construction: one DAD module, fiber optics ports, chromatography stack — one complete premium equipment subject with believable scale, weight, and tactile surface response. Stage it on wet-look black porcelain tile under hard beauty dish key with deep controlled shadows, with empty negative space so the model cannot invent a second competing object (catalog variant 467).",wet-look black porcelain tile,hard beauty dish key with deep controlled shadows,"locked offset composition with subtle breathing push-in only, then hold",Active,0,,neutral color-true pharmaceutical catalog grade,Vogue-still life precision for a scientific object,DSIP,offset_hero,"subject placed on left or right third, negative space opposite"
LAB-389,468,instruments,"The primary subject is a manifold freeze dryer ports capped, staged alone as a Palm Beach Vitality laboratory research catalog hero. If any label or printed panel appears, it must read exactly 'GHK-Cu' for laboratory research use only. Credible lab-instrument materials: brushed metal, polymer housings, ports, displays, tight tolerances — idle catalog state. Finish with photoreal catalog finish with micro-scratches only where realism needs them.","Materials and construction: ports capped — one complete instrument subject with believable scale, weight, and tactile surface response. Stage it on pearl quartz lab surface under high-gloss catalog cross-light showing material microtexture, with empty negative space so the model cannot invent a second competing object (catalog variant 468).",pearl quartz lab surface,high-gloss catalog cross-light showing material microtexture,"lateral slide left-to-right past the subject, focus locked, straight horizontal path, then hold",Active,0,,cool steel and ice-blue science grade,"Apple-keynote product intensity, still fully laboratory-real",GHK-Cu,lateral_slide,subject slightly off-center; specular highlights travel across form
LAB-264,469,vials_containers,"The primary subject is a crimped vial under magnifying dome lamp light, staged alone as a Palm Beach Vitality laboratory research catalog hero. If any label or printed panel appears, it must read exactly 'GLOW' for laboratory research use only. Catch warm transmission through the glass wall, a readable shoulder highlight, and a sealed sterile top with empty negative space around the hero. Call out: inspection lighting; finish with premium studio contrast with soft falloff and crisp speculars.","Materials and construction: inspection lighting — one complete vial / container subject with believable scale, weight, and tactile surface response. Stage it on polished black reflective acrylic with crisp mirror reflection under fiber-optic accent kiss on metal edges, with empty negative space so the model cannot invent a second competing object (catalog variant 469).",polished black reflective acrylic with crisp mirror reflection,fiber-optic accent kiss on metal edges,"slow straight push-out from tight crop to full product, then hold",Active,0,,high-contrast black and silver premium grade,editorial science magazine cover energy,GLOW,push_out,"starts tight crop on badge/port/edge, ends full product in frame"
LAB-387,470,instruments,"The primary subject is a vacuum concentrator closed, staged alone as a Palm Beach Vitality laboratory research catalog hero. If any label or printed panel appears, it must read exactly 'KLOW' for laboratory research use only. Show ports, fasteners, and status UI as quiet detail while the overall form stays the undeniable subject. Call out: concentrator exterior; finish with neutral color-true pharmaceutical look with no surreal CGI glow.","Materials and construction: concentrator exterior — one complete instrument subject with believable scale, weight, and tactile surface response. Stage it on matte pure white cyclorama with soft contact shadow under dramatic dual rim lights with cool cyan edge and warm key, with empty negative space so the model cannot invent a second competing object (catalog variant 470).",matte pure white cyclorama with soft contact shadow,dramatic dual rim lights with cool cyan edge and warm key,"very slow push-in from wide sterile environment into subject-dominant frame, then hold",Active,0,,crisp white clinical high-key grade,museum exhibit spotlight on a single artifact,KLOW,wide_env,wider sterile environment context with subject still dominant
LAB-321,471,glassware,"The primary subject is a roller bottle cell culture empty, staged alone as a Palm Beach Vitality laboratory research catalog hero. If any label or printed panel appears, it must read exactly 'KPV' for laboratory research use only. Museum-grade glassware catalog shot: ground-glass fitment, etched volume marks if present, empty lab field around it. Finish with tack-sharp focus on the subject silhouette and key material edges.","Materials and construction: roller bottle — one complete glassware subject with believable scale, weight, and tactile surface response. Stage it on brushed stainless steel lab bench with linear grain highlights under low-key cinematic spotlight on subject, velvet falloff, with empty negative space so the model cannot invent a second competing object (catalog variant 471).",brushed stainless steel lab bench with linear grain highlights,"low-key cinematic spotlight on subject, velvet falloff","gentle vertical rise from base to top of subject, path is a straight up-line, then hold",Active,0,,teal-and-amber cinematic lab grade,luxury watch-ad lighting adapted to lab equipment,KPV,vertical_rise,"base of subject at bottom third, rises to top detail"
LAB-372,472,instruments,"The primary subject is an environmental test chamber, staged alone as a Palm Beach Vitality laboratory research catalog hero. If any label or printed panel appears, it must read exactly 'Melanotan 2' for laboratory research use only. Credible lab-instrument materials: brushed metal, polymer housings, ports, displays, tight tolerances — idle catalog state. Call out: one benchtop environmental chamber, viewport, stability testing; finish with expensive editorial science-magazine presence without lifestyle props.","Materials and construction: one benchtop environmental chamber, viewport, stability testing — one complete instrument subject with believable scale, weight, and tactile surface response. Stage it on dark charcoal epoxy resin countertop with subtle sparkle under split complementary lab lighting, teal and amber accents, with empty negative space so the model cannot invent a second competing object (catalog variant 472).",dark charcoal epoxy resin countertop with subtle sparkle,"split complementary lab lighting, teal and amber accents","crane-down from high three-quarter to eye-level hero on a straight descending path, then hold",Active,0,,warm tungsten accents on cold metal grade,NASA hardware documentary sharpness,Melanotan 2,crane_settle,"starts high three-quarter, settles to eye-level hero"
LAB-434,473,premium_equipment,"The primary subject is a fraction collector carousel empty, staged alone as a Palm Beach Vitality laboratory research catalog hero. If any label or printed panel appears, it must read exactly 'MOTS-C' for laboratory research use only. Fill the frame with a single high-end lab machine; no operator, no sample mess, no second chassis. Call out: one fraction collector, empty carousel positions, purification lab; finish with deep controlled shadows and bright product highlights for vertical 9:16.","Materials and construction: one fraction collector, empty carousel positions, purification lab — one complete premium equipment subject with believable scale, weight, and tactile surface response. Stage it on obsidian glass plate with deep reflection under macro ring-light even field for scientific detail, with empty negative space so the model cannot invent a second competing object (catalog variant 473).",obsidian glass plate with deep reflection,macro ring-light even field for scientific detail,"short vertical lift then lock off on the label plane — straight rise, then hold",Active,0,,neutral color-true pharmaceutical catalog grade,Vogue-still life precision for a scientific object,MOTS-C,label_rise,locked on label/typography plane by the end
LAB-459,474,instruments,"The primary subject is a laboratory balance anti-vibration table, staged alone as a Palm Beach Vitality laboratory research catalog hero. If any label or printed panel appears, it must read exactly 'NAD+' for laboratory research use only. Show ports, fasteners, and status UI as quiet detail while the overall form stays the undeniable subject. Call out: one granite anti-vibration table with microbalance seated, metrology; finish with photoreal catalog finish with micro-scratches only where realism needs them.","Materials and construction: one granite anti-vibration table with microbalance seated, metrology — one complete instrument subject with believable scale, weight, and tactile surface response. Stage it on mirrored chrome instrument deck catching rim light under cool clinical blue-white LED with specular glass caustics, with empty negative space so the model cannot invent a second competing object (catalog variant 474).",mirrored chrome instrument deck catching rim light,cool clinical blue-white LED with specular glass caustics,"start on macro texture then straight pull-back to full hero, then hold",Active,0,,cool steel and ice-blue science grade,"Apple-keynote product intensity, still fully laboratory-real",NAD+,pull_back,starts extreme close on material texture
LAB-265,475,vials_containers,"The primary subject is a research vial with heat-shrink neck band gold, staged alone as a Palm Beach Vitality laboratory research catalog hero. If any label or printed panel appears, it must read exactly 'PT-141' for laboratory research use only. Premium peptide-vial catalog energy — glass weight, fill-line clarity, and clinical side light with zero lifestyle props. Call out: gold band aesthetic catalog; finish with premium studio contrast with soft falloff and crisp speculars.","Materials and construction: gold band aesthetic catalog — one complete vial / container subject with believable scale, weight, and tactile surface response. Stage it on white melamine cleanroom table with clinical clarity under soft overhead softbox plus razor rim separation, with empty negative space so the model cannot invent a second competing object (catalog variant 475).",white melamine cleanroom table with clinical clarity,soft overhead softbox plus razor rim separation,"extreme macro with razor shallow depth of field; tiny forward drift only, then hold",Active,0,,high-contrast black and silver premium grade,editorial science magazine cover energy,PT-141,macro_detail,tight crop on engraved/metal/glass microtexture
LAB-379,476,instruments,"The primary subject is a gel imager darkroom unit closed, staged alone as a Palm Beach Vitality laboratory research catalog hero. If any label or printed panel appears, it must read exactly 'Retatrutide' for laboratory research use only. Credible lab-instrument materials: brushed metal, polymer housings, ports, displays, tight tolerances — idle catalog state. Finish with neutral color-true pharmaceutical look with no surreal CGI glow.","Materials and construction: imager — one complete instrument subject with believable scale, weight, and tactile surface response. Stage it on textured graphite slate sample board under backlit translucent glow through glass or polymer only when physically real, with empty negative space so the model cannot invent a second competing object (catalog variant 476).",textured graphite slate sample board,backlit translucent glow through glass or polymer only when physically real,"handheld-stable micro drift forward only, scientific documentary energy, then hold",Active,0,,crisp white clinical high-key grade,museum exhibit spotlight on a single artifact,Retatrutide,doc_drift,"documentary mid-shot, slightly imperfect handheld stability"
LAB-322,477,glassware,"The primary subject is a spinner flask with impeller, staged alone as a Palm Beach Vitality laboratory research catalog hero. If any label or printed panel appears, it must read exactly 'Selank' for laboratory research use only. Borosilicate clarity and honest liquid level; the glassware alone owns the frame with premium science-magazine lighting. Call out: impeller flask; finish with tack-sharp focus on the subject silhouette and key material edges.","Materials and construction: impeller flask — one complete glassware subject with believable scale, weight, and tactile surface response. Stage it on anodized navy aluminum deck plate under hard beauty dish key with deep controlled shadows, with empty negative space so the model cannot invent a second competing object (catalog variant 477).",anodized navy aluminum deck plate,hard beauty dish key with deep controlled shadows,"slow straight push-in from medium shot to closer detail, then hold",Active,0,,teal-and-amber cinematic lab grade,luxury watch-ad lighting adapted to lab equipment,Selank,push_in,"medium hero starting frame, label readable by end"
LAB-451,478,instruments,"The primary subject is a sputter coater for SEM, staged alone as a Palm Beach Vitality laboratory research catalog hero. If any label or printed panel appears, it must read exactly 'Semaglutide' for laboratory research use only. Show ports, fasteners, and status UI as quiet detail while the overall form stays the undeniable subject. Call out: one sputter coater, vacuum bell, materials prep; finish with expensive editorial science-magazine presence without lifestyle props.","Materials and construction: one sputter coater, vacuum bell, materials prep — one complete instrument subject with believable scale, weight, and tactile surface response. Stage it on frosted optical glass riser on black field under high-gloss catalog cross-light showing material microtexture, with empty negative space so the model cannot invent a second competing object (catalog variant 478).",frosted optical glass riser on black field,high-gloss catalog cross-light showing material microtexture,"low-angle tilt-up from underside to eye level, pivot only, no travel around subject, then hold",Active,0,,warm tungsten accents on cold metal grade,NASA hardware documentary sharpness,Semaglutide,tilt_reveal,low-angle power pose looking upward at instrument
LAB-266,479,vials_containers,"The primary subject is a glass vial with plastic overcap tethered, staged alone as a Palm Beach Vitality laboratory research catalog hero. If any label or printed panel appears, it must read exactly 'SEMAX' for laboratory research use only. Premium peptide-vial catalog energy — glass weight, fill-line clarity, and clinical side light with zero lifestyle props. Call out: tethered overcap; finish with deep controlled shadows and bright product highlights for vertical 9:16.","Materials and construction: tethered overcap — one complete vial / container subject with believable scale, weight, and tactile surface response. Stage it on wet-look black porcelain tile under fiber-optic accent kiss on metal edges, with empty negative space so the model cannot invent a second competing object (catalog variant 479).",wet-look black porcelain tile,fiber-optic accent kiss on metal edges,"short side-profile track then settle on three-quarter angle — brief lateral only, then hard hold",Active,0,,neutral color-true pharmaceutical catalog grade,Vogue-still life precision for a scientific object,SEMAX,profile_track,true side profile then settles to three-quarter facing
LAB-173,480,instruments,"The primary subject is a vacuum pump compact oil-free, staged alone as a Palm Beach Vitality laboratory research catalog hero. If any label or printed panel appears, it must read exactly 'Sermorelin' for laboratory research use only. Credible lab-instrument materials: brushed metal, polymer housings, ports, displays, tight tolerances — idle catalog state. Call out: bench vacuum pump; finish with photoreal catalog finish with micro-scratches only where realism needs them.","Materials and construction: bench vacuum pump — one complete instrument subject with believable scale, weight, and tactile surface response. Stage it on pearl quartz lab surface under dramatic dual rim lights with cool cyan edge and warm key, with empty negative space so the model cannot invent a second competing object (catalog variant 480).",pearl quartz lab surface,dramatic dual rim lights with cool cyan edge and warm key,locked tripod hold with micro focus rack only — camera body does not travel,Active,0,,cool steel and ice-blue science grade,"Apple-keynote product intensity, still fully laboratory-real",Sermorelin,static_lock,"centered editorial hero, tripod-locked, subject fills mid-frame"
LAB-323,481,glassware,"The primary subject is a glass desiccator plate alone, staged alone as a Palm Beach Vitality laboratory research catalog hero. If any label or printed panel appears, it must read exactly 'SS-31' for laboratory research use only. Borosilicate clarity and honest liquid level; the glassware alone owns the frame with premium science-magazine lighting. Call out: perforated plate; finish with premium studio contrast with soft falloff and crisp speculars.","Materials and construction: perforated plate — one complete glassware subject with believable scale, weight, and tactile surface response. Stage it on polished black reflective acrylic with crisp mirror reflection under low-key cinematic spotlight on subject, velvet falloff, with empty negative space so the model cannot invent a second competing object (catalog variant 481).",polished black reflective acrylic with crisp mirror reflection,"low-key cinematic spotlight on subject, velvet falloff","slow overhead descend straight down into top-down composition, then hold",Active,0,,high-contrast black and silver premium grade,editorial science magazine cover energy,SS-31,top_down,"overhead geometric catalog composition, subject centered in plan view"
LAB-291,482,instruments,"The primary subject is a critical point dryer, staged alone as a Palm Beach Vitality laboratory research catalog hero. If any label or printed panel appears, it must read exactly 'TA-1' for laboratory research use only. Show ports, fasteners, and status UI as quiet detail while the overall form stays the undeniable subject. Call out: one CPD instrument, pressure chamber, EM prep; finish with neutral color-true pharmaceutical look with no surreal CGI glow.","Materials and construction: one CPD instrument, pressure chamber, EM prep — one complete instrument subject with believable scale, weight, and tactile surface response. Stage it on matte pure white cyclorama with soft contact shadow under split complementary lab lighting, teal and amber accents, with empty negative space so the model cannot invent a second competing object (catalog variant 482).",matte pure white cyclorama with soft contact shadow,"split complementary lab lighting, teal and amber accents","soft pedestal up a few centimeters while lighting wrap shifts; no sideways travel, then hold",Active,0,,crisp white clinical high-key grade,museum exhibit spotlight on a single artifact,TA-1,pedestal_light,eye-level catalog hero; light wrap changes on metal edges
LAB-267,483,vials_containers,"The primary subject is a microbarcoded vial close-up label area, staged alone as a Palm Beach Vitality laboratory research catalog hero. If any label or printed panel appears, it must read exactly 'TB-500' for laboratory research use only. Premium peptide-vial catalog energy — glass weight, fill-line clarity, and clinical side light with zero lifestyle props. Call out: tiny barcode zone; finish with tack-sharp focus on the subject silhouette and key material edges.","Materials and construction: tiny barcode zone — one complete vial / container subject with believable scale, weight, and tactile surface response. Stage it on brushed stainless steel lab bench with linear grain highlights under macro ring-light even field for scientific detail, with empty negative space so the model cannot invent a second competing object (catalog variant 483).",brushed stainless steel lab bench with linear grain highlights,macro ring-light even field for scientific detail,"locked offset composition with subtle breathing push-in only, then hold",Active,0,,teal-and-amber cinematic lab grade,luxury watch-ad lighting adapted to lab equipment,TB-500,offset_hero,"subject placed on left or right third, negative space opposite"
LAB-452,484,instruments,"The primary subject is a vacuum oven with acrylic door, staged alone as a Palm Beach Vitality laboratory research catalog hero. If any label or printed panel appears, it must read exactly 'Tesamorelin' for laboratory research use only. Credible lab-instrument materials: brushed metal, polymer housings, ports, displays, tight tolerances — idle catalog state. Call out: one vacuum oven, gauges, materials curing; finish with expensive editorial science-magazine presence without lifestyle props.","Materials and construction: one vacuum oven, gauges, materials curing — one complete instrument subject with believable scale, weight, and tactile surface response. Stage it on dark charcoal epoxy resin countertop with subtle sparkle under cool clinical blue-white LED with specular glass caustics, with empty negative space so the model cannot invent a second competing object (catalog variant 484).",dark charcoal epoxy resin countertop with subtle sparkle,cool clinical blue-white LED with specular glass caustics,"lateral slide left-to-right past the subject, focus locked, straight horizontal path, then hold",Active,0,,warm tungsten accents on cold metal grade,NASA hardware documentary sharpness,Tesamorelin,lateral_slide,subject slightly off-center; specular highlights travel across form
LAB-324,485,glassware,"The primary subject is a weighing bottle tall form, staged alone as a Palm Beach Vitality laboratory research catalog hero. If any label or printed panel appears, it must read exactly 'Tesamorelin/Ipamorelin' for laboratory research use only. Borosilicate clarity and honest liquid level; the glassware alone owns the frame with premium science-magazine lighting. Call out: glass weighing bottle; finish with deep controlled shadows and bright product highlights for vertical 9:16.","Materials and construction: glass weighing bottle — one complete glassware subject with believable scale, weight, and tactile surface response. Stage it on obsidian glass plate with deep reflection under soft overhead softbox plus razor rim separation, with empty negative space so the model cannot invent a second competing object (catalog variant 485).",obsidian glass plate with deep reflection,soft overhead softbox plus razor rim separation,"slow straight push-out from tight crop to full product, then hold",Active,0,,neutral color-true pharmaceutical catalog grade,Vogue-still life precision for a scientific object,Tesamorelin/Ipamorelin,push_out,"starts tight crop on badge/port/edge, ends full product in frame"
LAB-378,486,instruments,"The primary subject is a PCR thermocycler with colorful block and lit display, staged alone as a Palm Beach Vitality laboratory research catalog hero. If any label or printed panel appears, it must read exactly 'Tirzepatide' for laboratory research use only. Show ports, fasteners, and status UI as quiet detail while the overall form stays the undeniable subject. Call out: one thermocycler, lid open or closed, vivid block, sharp UI, no tubes; finish with photoreal catalog finish with micro-scratches only where realism needs them.","Materials and construction: one thermocycler, lid open or closed, vivid block, sharp UI, no tubes — one complete instrument subject with believable scale, weight, and tactile surface response. Stage it on mirrored chrome instrument deck catching rim light under backlit translucent glow through glass or polymer only when physically real, with empty negative space so the model cannot invent a second competing object (catalog variant 486).",mirrored chrome instrument deck catching rim light,backlit translucent glow through glass or polymer only when physically real,"very slow push-in from wide sterile environment into subject-dominant frame, then hold",Active,0,,cool steel and ice-blue science grade,"Apple-keynote product intensity, still fully laboratory-real",Tirzepatide,wide_env,wider sterile environment context with subject still dominant
LAB-269,487,vials_containers,"The primary subject is a clear research vial on acrylic display block, staged alone as a Palm Beach Vitality laboratory research catalog hero. If any label or printed panel appears, it must read exactly '5-Amino-1MQ' for laboratory research use only. Premium peptide-vial catalog energy — glass weight, fill-line clarity, and clinical side light with zero lifestyle props. Call out: one vial standing on a solid acrylic block base, not embedded inside plastic; finish with premium studio contrast with soft falloff and crisp speculars.","Materials and construction: one vial standing on a solid acrylic block base, not embedded inside plastic — one complete vial / container subject with believable scale, weight, and tactile surface response. Stage it on white melamine cleanroom table with clinical clarity under hard beauty dish key with deep controlled shadows, with empty negative space so the model cannot invent a second competing object (catalog variant 487).",white melamine cleanroom table with clinical clarity,hard beauty dish key with deep controlled shadows,"gentle vertical rise from base to top of subject, path is a straight up-line, then hold",Active,0,,high-contrast black and silver premium grade,editorial science magazine cover energy,5-Amino-1MQ,vertical_rise,"base of subject at bottom third, rises to top detail"
LAB-435,488,instruments,"The primary subject is a pipette calibration workstation balance, staged alone as a Palm Beach Vitality laboratory research catalog hero. If any label or printed panel appears, it must read exactly 'AOD-9604' for laboratory research use only. Credible lab-instrument materials: brushed metal, polymer housings, ports, displays, tight tolerances — idle catalog state. Call out: one pipette calibration balance under draft cover, metrology lab; finish with neutral color-true pharmaceutical look with no surreal CGI glow.","Materials and construction: one pipette calibration balance under draft cover, metrology lab — one complete instrument subject with believable scale, weight, and tactile surface response. Stage it on textured graphite slate sample board under high-gloss catalog cross-light showing material microtexture, with empty negative space so the model cannot invent a second competing object (catalog variant 488).",textured graphite slate sample board,high-gloss catalog cross-light showing material microtexture,"crane-down from high three-quarter to eye-level hero on a straight descending path, then hold",Active,0,,crisp white clinical high-key grade,museum exhibit spotlight on a single artifact,AOD-9604,crane_settle,"starts high three-quarter, settles to eye-level hero"
LAB-325,489,glassware,"The primary subject is a sample bomb cylinder small research closed, staged alone as a Palm Beach Vitality laboratory research catalog hero. If any label or printed panel appears, it must read exactly 'BPC-157' for laboratory research use only. Borosilicate clarity and honest liquid level; the glassware alone owns the frame with premium science-magazine lighting. Call out: small sample cylinder closed; finish with tack-sharp focus on the subject silhouette and key material edges.","Materials and construction: small sample cylinder closed — one complete glassware subject with believable scale, weight, and tactile surface response. Stage it on anodized navy aluminum deck plate under fiber-optic accent kiss on metal edges, with empty negative space so the model cannot invent a second competing object (catalog variant 489).",anodized navy aluminum deck plate,fiber-optic accent kiss on metal edges,"short vertical lift then lock off on the label plane — straight rise, then hold",Active,0,,teal-and-amber cinematic lab grade,luxury watch-ad lighting adapted to lab equipment,BPC-157,label_rise,locked on label/typography plane by the end
LAB-380,490,instruments,"The primary subject is a western blot transfer tank, staged alone as a Palm Beach Vitality laboratory research catalog hero. If any label or printed panel appears, it must read exactly 'BPC-157/TB-500' for laboratory research use only. Show ports, fasteners, and status UI as quiet detail while the overall form stays the undeniable subject. Finish with expensive editorial science-magazine presence without lifestyle props.","Materials and construction: transfer tank — one complete instrument subject with believable scale, weight, and tactile surface response. Stage it on frosted optical glass riser on black field under dramatic dual rim lights with cool cyan edge and warm key, with empty negative space so the model cannot invent a second competing object (catalog variant 490).",frosted optical glass riser on black field,dramatic dual rim lights with cool cyan edge and warm key,"start on macro texture then straight pull-back to full hero, then hold",Active,0,,warm tungsten accents on cold metal grade,NASA hardware documentary sharpness,BPC-157/TB-500,pull_back,starts extreme close on material texture
LAB-270,491,vials_containers,"The primary subject is an amber research vial sealed alone variant 2, staged alone as a Palm Beach Vitality laboratory research catalog hero. If any label or printed panel appears, it must read exactly 'Cagrilinitide' for laboratory research use only. Premium peptide-vial catalog energy — glass weight, fill-line clarity, and clinical side light with zero lifestyle props. Call out: exactly one amber vial, no pipette tip in frame; finish with deep controlled shadows and bright product highlights for vertical 9:16.","Materials and construction: exactly one amber vial, no pipette tip in frame — one complete vial / container subject with believable scale, weight, and tactile surface response. Stage it on wet-look black porcelain tile under low-key cinematic spotlight on subject, velvet falloff, with empty negative space so the model cannot invent a second competing object (catalog variant 491).",wet-look black porcelain tile,"low-key cinematic spotlight on subject, velvet falloff","extreme macro with razor shallow depth of field; tiny forward drift only, then hold",Active,0,,neutral color-true pharmaceutical catalog grade,Vogue-still life precision for a scientific object,Cagrilinitide,macro_detail,tight crop on engraved/metal/glass microtexture
LAB-391,492,instruments,"The primary subject is a chiller recirculator compact, staged alone as a Palm Beach Vitality laboratory research catalog hero. If any label or printed panel appears, it must read exactly 'CJC (no DAC)' for laboratory research use only. Credible lab-instrument materials: brushed metal, polymer housings, ports, displays, tight tolerances — idle catalog state. Call out: chiller unit; finish with photoreal catalog finish with micro-scratches only where realism needs them.","Materials and construction: chiller unit — one complete instrument subject with believable scale, weight, and tactile surface response. Stage it on pearl quartz lab surface under split complementary lab lighting, teal and amber accents, with empty negative space so the model cannot invent a second competing object (catalog variant 492).",pearl quartz lab surface,"split complementary lab lighting, teal and amber accents","handheld-stable micro drift forward only, scientific documentary energy, then hold",Active,0,,cool steel and ice-blue science grade,"Apple-keynote product intensity, still fully laboratory-real",CJC (no DAC),doc_drift,"documentary mid-shot, slightly imperfect handheld stability"
LAB-271,493,vials_containers,"The primary subject is an amber research vial with clear liquid fill, staged alone as a Palm Beach Vitality laboratory research catalog hero. If any label or printed panel appears, it must read exactly 'CJC (no DAC)/Ipamorelin' for laboratory research use only. Catch warm transmission through the glass wall, a readable shoulder highlight, and a sealed sterile top with empty negative space around the hero. Call out: one amber single-chamber vial, liquid fill, one crimp cap, no lyophilized cake, no stacked chambers; finish with premium studio contrast with soft falloff and crisp speculars.","Materials and construction: one amber single-chamber vial, liquid fill, one crimp cap, no lyophilized cake, no stacked chambers — one complete vial / container subject with believable scale, weight, and tactile surface response. Stage it on polished black reflective acrylic with crisp mirror reflection under macro ring-light even field for scientific detail, with empty negative space so the model cannot invent a second competing object (catalog variant 493).",polished black reflective acrylic with crisp mirror reflection,macro ring-light even field for scientific detail,"slow straight push-in from medium shot to closer detail, then hold",Active,0,,high-contrast black and silver premium grade,editorial science magazine cover energy,CJC (no DAC)/Ipamorelin,push_in,"medium hero starting frame, label readable by end"
LAB-427,494,instruments,"The primary subject is a lab oven forced-air stainless, staged alone as a Palm Beach Vitality laboratory research catalog hero. If any label or printed panel appears, it must read exactly 'DSIP' for laboratory research use only. Show ports, fasteners, and status UI as quiet detail while the overall form stays the undeniable subject. Call out: one forced-air lab oven, door closed, digital controller; finish with neutral color-true pharmaceutical look with no surreal CGI glow.","Materials and construction: one forced-air lab oven, door closed, digital controller — one complete instrument subject with believable scale, weight, and tactile surface response. Stage it on matte pure white cyclorama with soft contact shadow under cool clinical blue-white LED with specular glass caustics, with empty negative space so the model cannot invent a second competing object (catalog variant 494).",matte pure white cyclorama with soft contact shadow,cool clinical blue-white LED with specular glass caustics,"low-angle tilt-up from underside to eye level, pivot only, no travel around subject, then hold",Active,0,,crisp white clinical high-key grade,museum exhibit spotlight on a single artifact,DSIP,tilt_reveal,low-angle power pose looking upward at instrument
LAB-272,495,vials_containers,"The primary subject is a vial with nitrogen headspace indication label, staged alone as a Palm Beach Vitality laboratory research catalog hero. If any label or printed panel appears, it must read exactly 'GHK-Cu' for laboratory research use only. Premium peptide-vial catalog energy — glass weight, fill-line clarity, and clinical side light with zero lifestyle props. Call out: headspace note on label panel; finish with tack-sharp focus on the subject silhouette and key material edges.","Materials and construction: headspace note on label panel — one complete vial / container subject with believable scale, weight, and tactile surface response. Stage it on brushed stainless steel lab bench with linear grain highlights under soft overhead softbox plus razor rim separation, with empty negative space so the model cannot invent a second competing object (catalog variant 495).",brushed stainless steel lab bench with linear grain highlights,soft overhead softbox plus razor rim separation,"short side-profile track then settle on three-quarter angle — brief lateral only, then hard hold",Active,0,,teal-and-amber cinematic lab grade,luxury watch-ad lighting adapted to lab equipment,GHK-Cu,profile_track,true side profile then settles to three-quarter facing
LAB-393,496,instruments,"The primary subject is an oil bath pot empty clean, staged alone as a Palm Beach Vitality laboratory research catalog hero. If any label or printed panel appears, it must read exactly 'GLOW' for laboratory research use only. Credible lab-instrument materials: brushed metal, polymer housings, ports, displays, tight tolerances — idle catalog state. Call out: oil bath vessel; finish with expensive editorial science-magazine presence without lifestyle props.","Materials and construction: oil bath vessel — one complete instrument subject with believable scale, weight, and tactile surface response. Stage it on dark charcoal epoxy resin countertop with subtle sparkle under backlit translucent glow through glass or polymer only when physically real, with empty negative space so the model cannot invent a second competing object (catalog variant 496).",dark charcoal epoxy resin countertop with subtle sparkle,backlit translucent glow through glass or polymer only when physically real,locked tripod hold with micro focus rack only — camera body does not travel,Active,0,,warm tungsten accents on cold metal grade,NASA hardware documentary sharpness,GLOW,static_lock,"centered editorial hero, tripod-locked, subject fills mid-frame"
LAB-273,497,vials_containers,"The primary subject is a research vial on anti-roll hexagonal base adapter, staged alone as a Palm Beach Vitality laboratory research catalog hero. If any label or printed panel appears, it must read exactly 'KLOW' for laboratory research use only. Catch warm transmission through the glass wall, a readable shoulder highlight, and a sealed sterile top with empty negative space around the hero. Finish with deep controlled shadows and bright product highlights for vertical 9:16.","Materials and construction: base adapter — one complete vial / container subject with believable scale, weight, and tactile surface response. Stage it on obsidian glass plate with deep reflection under hard beauty dish key with deep controlled shadows, with empty negative space so the model cannot invent a second competing object (catalog variant 497).",obsidian glass plate with deep reflection,hard beauty dish key with deep controlled shadows,"slow overhead descend straight down into top-down composition, then hold",Active,0,,neutral color-true pharmaceutical catalog grade,Vogue-still life precision for a scientific object,KLOW,top_down,"overhead geometric catalog composition, subject centered in plan view"
LAB-376,498,instruments,"The primary subject is a microplate reader closed, staged alone as a Palm Beach Vitality laboratory research catalog hero. If any label or printed panel appears, it must read exactly 'KPV' for laboratory research use only. Show ports, fasteners, and status UI as quiet detail while the overall form stays the undeniable subject. Call out: plate reader instrument; finish with photoreal catalog finish with micro-scratches only where realism needs them.","Materials and construction: plate reader instrument — one complete instrument subject with believable scale, weight, and tactile surface response. Stage it on mirrored chrome instrument deck catching rim light under high-gloss catalog cross-light showing material microtexture, with empty negative space so the model cannot invent a second competing object (catalog variant 498).",mirrored chrome instrument deck catching rim light,high-gloss catalog cross-light showing material microtexture,"soft pedestal up a few centimeters while lighting wrap shifts; no sideways travel, then hold",Active,0,,cool steel and ice-blue science grade,"Apple-keynote product intensity, still fully laboratory-real",KPV,pedestal_light,eye-level catalog hero; light wrap changes on metal edges
LAB-274,499,vials_containers,"The primary subject is a glass vial with ceramic print opaque white, staged alone as a Palm Beach Vitality laboratory research catalog hero. If any label or printed panel appears, it must read exactly 'Melanotan 2' for laboratory research use only. Premium peptide-vial catalog energy — glass weight, fill-line clarity, and clinical side light with zero lifestyle props. Call out: ceramic baked label area; finish with premium studio contrast with soft falloff and crisp speculars.","Materials and construction: ceramic baked label area — one complete vial / container subject with believable scale, weight, and tactile surface response. Stage it on white melamine cleanroom table with clinical clarity under fiber-optic accent kiss on metal edges, with empty negative space so the model cannot invent a second competing object (catalog variant 499).",white melamine cleanroom table with clinical clarity,fiber-optic accent kiss on metal edges,"locked offset composition with subtle breathing push-in only, then hold",Active,0,,high-contrast black and silver premium grade,editorial science magazine cover energy,Melanotan 2,offset_hero,"subject placed on left or right third, negative space opposite"
LAB-171,500,instruments,"The primary subject is an autoclave indicator tape roll, staged alone as a Palm Beach Vitality laboratory research catalog hero. If any label or printed panel appears, it must read exactly 'MOTS-C' for laboratory research use only. Credible lab-instrument materials: brushed metal, polymer housings, ports, displays, tight tolerances — idle catalog state. Call out: one roll of autoclave tape only, no vial; finish with neutral color-true pharmaceutical look with no surreal CGI glow.","Materials and construction: one roll of autoclave tape only, no vial — one complete instrument subject with believable scale, weight, and tactile surface response. Stage it on textured graphite slate sample board under dramatic dual rim lights with cool cyan edge and warm key, with empty negative space so the model cannot invent a second competing object (catalog variant 500).",textured graphite slate sample board,dramatic dual rim lights with cool cyan edge and warm key,"lateral slide left-to-right past the subject, focus locked, straight horizontal path, then hold",Active,0,,crisp white clinical high-key grade,museum exhibit spotlight on a single artifact,MOTS-C,lateral_slide,subject slightly off-center; specular highlights travel across form
