creation_id,rank,lab_item_id,category,lab_item,material_detail,scene_brief,quality_var_count,quality_suffix,aspect_ratio,duration_seconds,resolution,model_still,model_video,still_resolution,video_prompt,status,times_used,last_used_at
PBVita-Lab-001,1,LAB-001,vials_containers,amber glass research vial with rubber stopper,"amber glass, aluminum crimp seal, white rubber stopper, clear fill line","amber glass research vial with rubber stopper on polished black reflective acrylic, soft rim light from behind, slow 360 degree orbit at eye level",12,"ultra detailed, extremely detailed, hyper-detailed, razor sharp focus, tack sharp, crystal clear, ultra sharp, 8k resolution, photorealistic, hyperrealistic, ultra realistic, HDR",9:16,8,1080p,grok-imagine-image-quality,grok-imagine-video-1.5,2k,"Photoreal vertical 9:16 Palm Beach Vitality laboratory research catalog film, chemical research material only, premium American research aesthetic. PRIMARY SUBJECT (must be clearly recognizable, real laboratory object, sharp and centered): amber glass research vial with rubber stopper. Physical detail: amber glass, aluminum crimp seal, white rubber stopper, clear fill line. Setting surface: polished black reflective acrylic. Lighting: soft rim light from behind. Camera: slow 360 degree orbit at eye level. No abstract shapes, no glass orbs, no crystal balls, no surreal spheres, no CGI blobs, no nebula, no galaxies, no fantasy energy, no particle portals, no impossible geometry, no melting objects, no dreamscape, no people, no faces, no hands, no bare skin, no needles penetrating skin, no injection act, no clinic patient scene, no gym, no lifestyle, no wellness claims, no nicknames, no supplements aesthetic. Quality: ultra detailed, extremely detailed, hyper-detailed, razor sharp focus, tack sharp, crystal clear, ultra sharp, 8k resolution, photorealistic, hyperrealistic, ultra realistic, HDR. creation motif 001/250 · LAB-001. Keep product identity and any on-screen research typography sharp and unchanged. For laboratory research use only. Not for human use or consumption.",Active,0,
PBVita-Lab-002,2,LAB-002,vials_containers,clear borosilicate peptide vial upright,"type I borosilicate, 10ml scale markings, sterile cap","clear borosilicate peptide vial upright on matte pure white infinity surface, cool clinical blue-white LED, extreme macro push-in",12,"ultra detailed, extremely detailed, hyper-detailed, razor sharp focus, tack sharp, crystal clear, ultra sharp, 8k resolution, photorealistic, hyperrealistic, ultra realistic, HDR",9:16,8,1080p,grok-imagine-image-quality,grok-imagine-video-1.5,2k,"Photoreal vertical 9:16 Palm Beach Vitality laboratory research catalog film, chemical research material only, premium American research aesthetic. PRIMARY SUBJECT (must be clearly recognizable, real laboratory object, sharp and centered): clear borosilicate peptide vial upright. Physical detail: type I borosilicate, 10ml scale markings, sterile cap. Setting surface: matte pure white infinity surface. Lighting: cool clinical blue-white LED. Camera: extreme macro push-in. No abstract shapes, no glass orbs, no crystal balls, no surreal spheres, no CGI blobs, no nebula, no galaxies, no fantasy energy, no particle portals, no impossible geometry, no melting objects, no dreamscape, no people, no faces, no hands, no bare skin, no needles penetrating skin, no injection act, no clinic patient scene, no gym, no lifestyle, no wellness claims, no nicknames, no supplements aesthetic. Quality: ultra detailed, extremely detailed, hyper-detailed, razor sharp focus, tack sharp, crystal clear, ultra sharp, 8k resolution, photorealistic, hyperrealistic, ultra realistic, HDR. creation motif 002/250 · LAB-002. Keep product identity and any on-screen research typography sharp and unchanged. For laboratory research use only. Not for human use or consumption.",Active,0,
PBVita-Lab-003,3,LAB-003,vials_containers,frosted white research vial with matte label panel,"opaque white glass, flat label face, sealed top","frosted white research vial with matte label panel on brushed stainless steel lab bench, single hard key light with controlled fill, gentle top-down descending move",12,"ultra detailed, extremely detailed, hyper-detailed, razor sharp focus, tack sharp, crystal clear, ultra sharp, 8k resolution, photorealistic, hyperrealistic, ultra realistic, HDR",9:16,8,1080p,grok-imagine-image-quality,grok-imagine-video-1.5,2k,"Photoreal vertical 9:16 Palm Beach Vitality laboratory research catalog film, chemical research material only, premium American research aesthetic. PRIMARY SUBJECT (must be clearly recognizable, real laboratory object, sharp and centered): frosted white research vial with matte label panel. Physical detail: opaque white glass, flat label face, sealed top. Setting surface: brushed stainless steel lab bench. Lighting: single hard key light with controlled fill. Camera: gentle top-down descending move. No abstract shapes, no glass orbs, no crystal balls, no surreal spheres, no CGI blobs, no nebula, no galaxies, no fantasy energy, no particle portals, no impossible geometry, no melting objects, no dreamscape, no people, no faces, no hands, no bare skin, no needles penetrating skin, no injection act, no clinic patient scene, no gym, no lifestyle, no wellness claims, no nicknames, no supplements aesthetic. Quality: ultra detailed, extremely detailed, hyper-detailed, razor sharp focus, tack sharp, crystal clear, ultra sharp, 8k resolution, photorealistic, hyperrealistic, ultra realistic, HDR. creation motif 003/250 · LAB-003. Keep product identity and any on-screen research typography sharp and unchanged. For laboratory research use only. Not for human use or consumption.",Active,0,
PBVita-Lab-004,4,LAB-004,vials_containers,dual-chamber lyophilized research vial,"glass vial with lyophilized cake visible, sealed septum","dual-chamber lyophilized research vial on dark charcoal epoxy resin countertop, soft overhead softbox, even catalog lighting, locked tripod hero frame with subtle push",12,"ultra detailed, extremely detailed, hyper-detailed, razor sharp focus, tack sharp, crystal clear, ultra sharp, 8k resolution, photorealistic, hyperrealistic, ultra realistic, HDR",9:16,8,1080p,grok-imagine-image-quality,grok-imagine-video-1.5,2k,"Photoreal vertical 9:16 Palm Beach Vitality laboratory research catalog film, chemical research material only, premium American research aesthetic. PRIMARY SUBJECT (must be clearly recognizable, real laboratory object, sharp and centered): dual-chamber lyophilized research vial. Physical detail: glass vial with lyophilized cake visible, sealed septum. Setting surface: dark charcoal epoxy resin countertop. Lighting: soft overhead softbox, even catalog lighting. Camera: locked tripod hero frame with subtle push. No abstract shapes, no glass orbs, no crystal balls, no surreal spheres, no CGI blobs, no nebula, no galaxies, no fantasy energy, no particle portals, no impossible geometry, no melting objects, no dreamscape, no people, no faces, no hands, no bare skin, no needles penetrating skin, no injection act, no clinic patient scene, no gym, no lifestyle, no wellness claims, no nicknames, no supplements aesthetic. Quality: ultra detailed, extremely detailed, hyper-detailed, razor sharp focus, tack sharp, crystal clear, ultra sharp, 8k resolution, photorealistic, hyperrealistic, ultra realistic, HDR. creation motif 004/250 · LAB-004. Keep product identity and any on-screen research typography sharp and unchanged. For laboratory research use only. Not for human use or consumption.",Active,0,
PBVita-Lab-005,5,LAB-005,vials_containers,screw-cap scintillation vial,"glass body, white screw cap, lab inventory barcode","screw-cap scintillation vial on cool gray ceramic tile, warm neutral side light, still clinical, low angle tracking slide",12,"ultra detailed, extremely detailed, hyper-detailed, razor sharp focus, tack sharp, crystal clear, ultra sharp, 8k resolution, photorealistic, hyperrealistic, ultra realistic, HDR",9:16,8,1080p,grok-imagine-image-quality,grok-imagine-video-1.5,2k,"Photoreal vertical 9:16 Palm Beach Vitality laboratory research catalog film, chemical research material only, premium American research aesthetic. PRIMARY SUBJECT (must be clearly recognizable, real laboratory object, sharp and centered): screw-cap scintillation vial. Physical detail: glass body, white screw cap, lab inventory barcode. Setting surface: cool gray ceramic tile. Lighting: warm neutral side light, still clinical. Camera: low angle tracking slide. No abstract shapes, no glass orbs, no crystal balls, no surreal spheres, no CGI blobs, no nebula, no galaxies, no fantasy energy, no particle portals, no impossible geometry, no melting objects, no dreamscape, no people, no faces, no hands, no bare skin, no needles penetrating skin, no injection act, no clinic patient scene, no gym, no lifestyle, no wellness claims, no nicknames, no supplements aesthetic. Quality: ultra detailed, extremely detailed, hyper-detailed, razor sharp focus, tack sharp, crystal clear, ultra sharp, 8k resolution, photorealistic, hyperrealistic, ultra realistic, HDR. creation motif 005/250 · LAB-005. Keep product identity and any on-screen research typography sharp and unchanged. For laboratory research use only. Not for human use or consumption.",Active,0,
PBVita-Lab-006,6,LAB-006,vials_containers,cryovial with silicone gasket cap,"polypropylene cryovial, external threads, color-coded cap insert","cryovial with silicone gasket cap on mirrored chrome instrument tray, split soft key and gentle bounce, circular arc that never fully completes",12,"ultra detailed, extremely detailed, hyper-detailed, razor sharp focus, tack sharp, crystal clear, ultra sharp, 8k resolution, photorealistic, hyperrealistic, ultra realistic, HDR",9:16,8,1080p,grok-imagine-image-quality,grok-imagine-video-1.5,2k,"Photoreal vertical 9:16 Palm Beach Vitality laboratory research catalog film, chemical research material only, premium American research aesthetic. PRIMARY SUBJECT (must be clearly recognizable, real laboratory object, sharp and centered): cryovial with silicone gasket cap. Physical detail: polypropylene cryovial, external threads, color-coded cap insert. Setting surface: mirrored chrome instrument tray. Lighting: split soft key and gentle bounce. Camera: circular arc that never fully completes. No abstract shapes, no glass orbs, no crystal balls, no surreal spheres, no CGI blobs, no nebula, no galaxies, no fantasy energy, no particle portals, no impossible geometry, no melting objects, no dreamscape, no people, no faces, no hands, no bare skin, no needles penetrating skin, no injection act, no clinic patient scene, no gym, no lifestyle, no wellness claims, no nicknames, no supplements aesthetic. Quality: ultra detailed, extremely detailed, hyper-detailed, razor sharp focus, tack sharp, crystal clear, ultra sharp, 8k resolution, photorealistic, hyperrealistic, ultra realistic, HDR. creation motif 006/250 · LAB-006. Keep product identity and any on-screen research typography sharp and unchanged. For laboratory research use only. Not for human use or consumption.",Active,0,
PBVita-Lab-007,7,LAB-007,vials_containers,amber dropper-style research bottle sealed,"amber glass, child-resistant research cap, no lifestyle cues","amber dropper-style research bottle sealed on white melamine cleanroom table, high-key seamless catalog lighting, vertical rise from base to label",12,"ultra detailed, extremely detailed, hyper-detailed, razor sharp focus, tack sharp, crystal clear, ultra sharp, 8k resolution, photorealistic, hyperrealistic, ultra realistic, HDR",9:16,8,1080p,grok-imagine-image-quality,grok-imagine-video-1.5,2k,"Photoreal vertical 9:16 Palm Beach Vitality laboratory research catalog film, chemical research material only, premium American research aesthetic. PRIMARY SUBJECT (must be clearly recognizable, real laboratory object, sharp and centered): amber dropper-style research bottle sealed. Physical detail: amber glass, child-resistant research cap, no lifestyle cues. Setting surface: white melamine cleanroom table. Lighting: high-key seamless catalog lighting. Camera: vertical rise from base to label. No abstract shapes, no glass orbs, no crystal balls, no surreal spheres, no CGI blobs, no nebula, no galaxies, no fantasy energy, no particle portals, no impossible geometry, no melting objects, no dreamscape, no people, no faces, no hands, no bare skin, no needles penetrating skin, no injection act, no clinic patient scene, no gym, no lifestyle, no wellness claims, no nicknames, no supplements aesthetic. Quality: ultra detailed, extremely detailed, hyper-detailed, razor sharp focus, tack sharp, crystal clear, ultra sharp, 8k resolution, photorealistic, hyperrealistic, ultra realistic, HDR. creation motif 007/250 · LAB-007. Keep product identity and any on-screen research typography sharp and unchanged. For laboratory research use only. Not for human use or consumption.",Active,0,
PBVita-Lab-008,8,LAB-008,vials_containers,HPLC sample vial with insert,"2ml autosampler vial, PTFE/silicone septum, glass insert","HPLC sample vial with insert on textured slate sample board, low-key selective highlight on glass edges, fast resolve into locked hero frame",12,"ultra detailed, extremely detailed, hyper-detailed, razor sharp focus, tack sharp, crystal clear, ultra sharp, 8k resolution, photorealistic, hyperrealistic, ultra realistic, HDR",9:16,8,1080p,grok-imagine-image-quality,grok-imagine-video-1.5,2k,"Photoreal vertical 9:16 Palm Beach Vitality laboratory research catalog film, chemical research material only, premium American research aesthetic. PRIMARY SUBJECT (must be clearly recognizable, real laboratory object, sharp and centered): HPLC sample vial with insert. Physical detail: 2ml autosampler vial, PTFE/silicone septum, glass insert. Setting surface: textured slate sample board. Lighting: low-key selective highlight on glass edges. Camera: fast resolve into locked hero frame. No abstract shapes, no glass orbs, no crystal balls, no surreal spheres, no CGI blobs, no nebula, no galaxies, no fantasy energy, no particle portals, no impossible geometry, no melting objects, no dreamscape, no people, no faces, no hands, no bare skin, no needles penetrating skin, no injection act, no clinic patient scene, no gym, no lifestyle, no wellness claims, no nicknames, no supplements aesthetic. Quality: ultra detailed, extremely detailed, hyper-detailed, razor sharp focus, tack sharp, crystal clear, ultra sharp, 8k resolution, photorealistic, hyperrealistic, ultra realistic, HDR. creation motif 008/250 · LAB-008. Keep product identity and any on-screen research typography sharp and unchanged. For laboratory research use only. Not for human use or consumption.",Active,0,
PBVita-Lab-009,9,LAB-009,vials_containers,headspace vial with crimp cap,"clear glass, aluminum crimp, blue septum","headspace vial with crimp cap on soft gray seamless paper backdrop, soft rim light from behind, slow 360 degree orbit at eye level",12,"ultra detailed, extremely detailed, hyper-detailed, razor sharp focus, tack sharp, crystal clear, ultra sharp, 8k resolution, photorealistic, hyperrealistic, ultra realistic, HDR",9:16,8,1080p,grok-imagine-image-quality,grok-imagine-video-1.5,2k,"Photoreal vertical 9:16 Palm Beach Vitality laboratory research catalog film, chemical research material only, premium American research aesthetic. PRIMARY SUBJECT (must be clearly recognizable, real laboratory object, sharp and centered): headspace vial with crimp cap. Physical detail: clear glass, aluminum crimp, blue septum. Setting surface: soft gray seamless paper backdrop. Lighting: soft rim light from behind. Camera: slow 360 degree orbit at eye level. No abstract shapes, no glass orbs, no crystal balls, no surreal spheres, no CGI blobs, no nebula, no galaxies, no fantasy energy, no particle portals, no impossible geometry, no melting objects, no dreamscape, no people, no faces, no hands, no bare skin, no needles penetrating skin, no injection act, no clinic patient scene, no gym, no lifestyle, no wellness claims, no nicknames, no supplements aesthetic. Quality: ultra detailed, extremely detailed, hyper-detailed, razor sharp focus, tack sharp, crystal clear, ultra sharp, 8k resolution, photorealistic, hyperrealistic, ultra realistic, HDR. creation motif 009/250 · LAB-009. Keep product identity and any on-screen research typography sharp and unchanged. For laboratory research use only. Not for human use or consumption.",Active,0,
PBVita-Lab-010,10,LAB-010,vials_containers,amber serum vial lying on side,"20ml amber vial, rubber stopper, reflective glass","amber serum vial lying on side on anodized aluminum tray, cool clinical blue-white LED, extreme macro push-in",12,"ultra detailed, extremely detailed, hyper-detailed, razor sharp focus, tack sharp, crystal clear, ultra sharp, 8k resolution, photorealistic, hyperrealistic, ultra realistic, HDR",9:16,8,1080p,grok-imagine-image-quality,grok-imagine-video-1.5,2k,"Photoreal vertical 9:16 Palm Beach Vitality laboratory research catalog film, chemical research material only, premium American research aesthetic. PRIMARY SUBJECT (must be clearly recognizable, real laboratory object, sharp and centered): amber serum vial lying on side. Physical detail: 20ml amber vial, rubber stopper, reflective glass. Setting surface: anodized aluminum tray. Lighting: cool clinical blue-white LED. Camera: extreme macro push-in. No abstract shapes, no glass orbs, no crystal balls, no surreal spheres, no CGI blobs, no nebula, no galaxies, no fantasy energy, no particle portals, no impossible geometry, no melting objects, no dreamscape, no people, no faces, no hands, no bare skin, no needles penetrating skin, no injection act, no clinic patient scene, no gym, no lifestyle, no wellness claims, no nicknames, no supplements aesthetic. Quality: ultra detailed, extremely detailed, hyper-detailed, razor sharp focus, tack sharp, crystal clear, ultra sharp, 8k resolution, photorealistic, hyperrealistic, ultra realistic, HDR. creation motif 010/250 · LAB-010. Keep product identity and any on-screen research typography sharp and unchanged. For laboratory research use only. Not for human use or consumption.",Active,0,
PBVita-Lab-011,11,LAB-011,vials_containers,clear vial cluster in cardboard vial tray,"five vials seated in die-cut tray, labels facing camera","clear vial cluster in cardboard vial tray on polished black reflective acrylic, single hard key light with controlled fill, gentle top-down descending move",12,"ultra detailed, extremely detailed, hyper-detailed, razor sharp focus, tack sharp, crystal clear, ultra sharp, 8k resolution, photorealistic, hyperrealistic, ultra realistic, HDR",9:16,8,1080p,grok-imagine-image-quality,grok-imagine-video-1.5,2k,"Photoreal vertical 9:16 Palm Beach Vitality laboratory research catalog film, chemical research material only, premium American research aesthetic. PRIMARY SUBJECT (must be clearly recognizable, real laboratory object, sharp and centered): clear vial cluster in cardboard vial tray. Physical detail: five vials seated in die-cut tray, labels facing camera. Setting surface: polished black reflective acrylic. Lighting: single hard key light with controlled fill. Camera: gentle top-down descending move. No abstract shapes, no glass orbs, no crystal balls, no surreal spheres, no CGI blobs, no nebula, no galaxies, no fantasy energy, no particle portals, no impossible geometry, no melting objects, no dreamscape, no people, no faces, no hands, no bare skin, no needles penetrating skin, no injection act, no clinic patient scene, no gym, no lifestyle, no wellness claims, no nicknames, no supplements aesthetic. Quality: ultra detailed, extremely detailed, hyper-detailed, razor sharp focus, tack sharp, crystal clear, ultra sharp, 8k resolution, photorealistic, hyperrealistic, ultra realistic, HDR. creation motif 011/250 · LAB-011. Keep product identity and any on-screen research typography sharp and unchanged. For laboratory research use only. Not for human use or consumption.",Active,0,
PBVita-Lab-012,12,LAB-012,vials_containers,vacuum-sealed research vial in foil pouch open flap,glass vial partially revealed from foil barrier pouch,"vacuum-sealed research vial in foil pouch open flap on matte pure white infinity surface, soft overhead softbox, even catalog lighting, locked tripod hero frame with subtle push",12,"ultra detailed, extremely detailed, hyper-detailed, razor sharp focus, tack sharp, crystal clear, ultra sharp, 8k resolution, photorealistic, hyperrealistic, ultra realistic, HDR",9:16,8,1080p,grok-imagine-image-quality,grok-imagine-video-1.5,2k,"Photoreal vertical 9:16 Palm Beach Vitality laboratory research catalog film, chemical research material only, premium American research aesthetic. PRIMARY SUBJECT (must be clearly recognizable, real laboratory object, sharp and centered): vacuum-sealed research vial in foil pouch open flap. Physical detail: glass vial partially revealed from foil barrier pouch. Setting surface: matte pure white infinity surface. Lighting: soft overhead softbox, even catalog lighting. Camera: locked tripod hero frame with subtle push. No abstract shapes, no glass orbs, no crystal balls, no surreal spheres, no CGI blobs, no nebula, no galaxies, no fantasy energy, no particle portals, no impossible geometry, no melting objects, no dreamscape, no people, no faces, no hands, no bare skin, no needles penetrating skin, no injection act, no clinic patient scene, no gym, no lifestyle, no wellness claims, no nicknames, no supplements aesthetic. Quality: ultra detailed, extremely detailed, hyper-detailed, razor sharp focus, tack sharp, crystal clear, ultra sharp, 8k resolution, photorealistic, hyperrealistic, ultra realistic, HDR. creation motif 012/250 · LAB-012. Keep product identity and any on-screen research typography sharp and unchanged. For laboratory research use only. Not for human use or consumption.",Active,0,
PBVita-Lab-013,13,LAB-013,vials_containers,graduated media bottle 100ml,"borosilicate media bottle, blue GL45 cap, volume graduations","graduated media bottle 100ml on brushed stainless steel lab bench, warm neutral side light, still clinical, low angle tracking slide",12,"ultra detailed, extremely detailed, hyper-detailed, razor sharp focus, tack sharp, crystal clear, ultra sharp, 8k resolution, photorealistic, hyperrealistic, ultra realistic, HDR",9:16,8,1080p,grok-imagine-image-quality,grok-imagine-video-1.5,2k,"Photoreal vertical 9:16 Palm Beach Vitality laboratory research catalog film, chemical research material only, premium American research aesthetic. PRIMARY SUBJECT (must be clearly recognizable, real laboratory object, sharp and centered): graduated media bottle 100ml. Physical detail: borosilicate media bottle, blue GL45 cap, volume graduations. Setting surface: brushed stainless steel lab bench. Lighting: warm neutral side light, still clinical. Camera: low angle tracking slide. No abstract shapes, no glass orbs, no crystal balls, no surreal spheres, no CGI blobs, no nebula, no galaxies, no fantasy energy, no particle portals, no impossible geometry, no melting objects, no dreamscape, no people, no faces, no hands, no bare skin, no needles penetrating skin, no injection act, no clinic patient scene, no gym, no lifestyle, no wellness claims, no nicknames, no supplements aesthetic. Quality: ultra detailed, extremely detailed, hyper-detailed, razor sharp focus, tack sharp, crystal clear, ultra sharp, 8k resolution, photorealistic, hyperrealistic, ultra realistic, HDR. creation motif 013/250 · LAB-013. Keep product identity and any on-screen research typography sharp and unchanged. For laboratory research use only. Not for human use or consumption.",Active,0,
PBVita-Lab-014,14,LAB-014,vials_containers,amber reagent bottle with pour ring,"amber glass reagent bottle, white polypropylene cap","amber reagent bottle with pour ring on dark charcoal epoxy resin countertop, split soft key and gentle bounce, circular arc that never fully completes",12,"ultra detailed, extremely detailed, hyper-detailed, razor sharp focus, tack sharp, crystal clear, ultra sharp, 8k resolution, photorealistic, hyperrealistic, ultra realistic, HDR",9:16,8,1080p,grok-imagine-image-quality,grok-imagine-video-1.5,2k,"Photoreal vertical 9:16 Palm Beach Vitality laboratory research catalog film, chemical research material only, premium American research aesthetic. PRIMARY SUBJECT (must be clearly recognizable, real laboratory object, sharp and centered): amber reagent bottle with pour ring. Physical detail: amber glass reagent bottle, white polypropylene cap. Setting surface: dark charcoal epoxy resin countertop. Lighting: split soft key and gentle bounce. Camera: circular arc that never fully completes. No abstract shapes, no glass orbs, no crystal balls, no surreal spheres, no CGI blobs, no nebula, no galaxies, no fantasy energy, no particle portals, no impossible geometry, no melting objects, no dreamscape, no people, no faces, no hands, no bare skin, no needles penetrating skin, no injection act, no clinic patient scene, no gym, no lifestyle, no wellness claims, no nicknames, no supplements aesthetic. Quality: ultra detailed, extremely detailed, hyper-detailed, razor sharp focus, tack sharp, crystal clear, ultra sharp, 8k resolution, photorealistic, hyperrealistic, ultra realistic, HDR. creation motif 014/250 · LAB-014. Keep product identity and any on-screen research typography sharp and unchanged. For laboratory research use only. Not for human use or consumption.",Active,0,
PBVita-Lab-015,15,LAB-015,vials_containers,sterile water for research bottle,"clear plastic research bottle, tamper band intact","sterile water for research bottle on cool gray ceramic tile, high-key seamless catalog lighting, vertical rise from base to label",12,"ultra detailed, extremely detailed, hyper-detailed, razor sharp focus, tack sharp, crystal clear, ultra sharp, 8k resolution, photorealistic, hyperrealistic, ultra realistic, HDR",9:16,8,1080p,grok-imagine-image-quality,grok-imagine-video-1.5,2k,"Photoreal vertical 9:16 Palm Beach Vitality laboratory research catalog film, chemical research material only, premium American research aesthetic. PRIMARY SUBJECT (must be clearly recognizable, real laboratory object, sharp and centered): sterile water for research bottle. Physical detail: clear plastic research bottle, tamper band intact. Setting surface: cool gray ceramic tile. Lighting: high-key seamless catalog lighting. Camera: vertical rise from base to label. No abstract shapes, no glass orbs, no crystal balls, no surreal spheres, no CGI blobs, no nebula, no galaxies, no fantasy energy, no particle portals, no impossible geometry, no melting objects, no dreamscape, no people, no faces, no hands, no bare skin, no needles penetrating skin, no injection act, no clinic patient scene, no gym, no lifestyle, no wellness claims, no nicknames, no supplements aesthetic. Quality: ultra detailed, extremely detailed, hyper-detailed, razor sharp focus, tack sharp, crystal clear, ultra sharp, 8k resolution, photorealistic, hyperrealistic, ultra realistic, HDR. creation motif 015/250 · LAB-015. Keep product identity and any on-screen research typography sharp and unchanged. For laboratory research use only. Not for human use or consumption.",Active,0,
PBVita-Lab-016,16,LAB-016,vials_containers,glass ampule scored neck sealed,"clear ampule, scored neck ring, liquid fill visible","glass ampule scored neck sealed on mirrored chrome instrument tray, low-key selective highlight on glass edges, fast resolve into locked hero frame",12,"ultra detailed, extremely detailed, hyper-detailed, razor sharp focus, tack sharp, crystal clear, ultra sharp, 8k resolution, photorealistic, hyperrealistic, ultra realistic, HDR",9:16,8,1080p,grok-imagine-image-quality,grok-imagine-video-1.5,2k,"Photoreal vertical 9:16 Palm Beach Vitality laboratory research catalog film, chemical research material only, premium American research aesthetic. PRIMARY SUBJECT (must be clearly recognizable, real laboratory object, sharp and centered): glass ampule scored neck sealed. Physical detail: clear ampule, scored neck ring, liquid fill visible. Setting surface: mirrored chrome instrument tray. Lighting: low-key selective highlight on glass edges. Camera: fast resolve into locked hero frame. No abstract shapes, no glass orbs, no crystal balls, no surreal spheres, no CGI blobs, no nebula, no galaxies, no fantasy energy, no particle portals, no impossible geometry, no melting objects, no dreamscape, no people, no faces, no hands, no bare skin, no needles penetrating skin, no injection act, no clinic patient scene, no gym, no lifestyle, no wellness claims, no nicknames, no supplements aesthetic. Quality: ultra detailed, extremely detailed, hyper-detailed, razor sharp focus, tack sharp, crystal clear, ultra sharp, 8k resolution, photorealistic, hyperrealistic, ultra realistic, HDR. creation motif 016/250 · LAB-016. Keep product identity and any on-screen research typography sharp and unchanged. For laboratory research use only. Not for human use or consumption.",Active,0,
PBVita-Lab-017,17,LAB-017,vials_containers,amber ampule on reflective tray,"brown ampule, precise fill, clinical reflection","amber ampule on reflective tray on white melamine cleanroom table, soft rim light from behind, slow 360 degree orbit at eye level",12,"ultra detailed, extremely detailed, hyper-detailed, razor sharp focus, tack sharp, crystal clear, ultra sharp, 8k resolution, photorealistic, hyperrealistic, ultra realistic, HDR",9:16,8,1080p,grok-imagine-image-quality,grok-imagine-video-1.5,2k,"Photoreal vertical 9:16 Palm Beach Vitality laboratory research catalog film, chemical research material only, premium American research aesthetic. PRIMARY SUBJECT (must be clearly recognizable, real laboratory object, sharp and centered): amber ampule on reflective tray. Physical detail: brown ampule, precise fill, clinical reflection. Setting surface: white melamine cleanroom table. Lighting: soft rim light from behind. Camera: slow 360 degree orbit at eye level. No abstract shapes, no glass orbs, no crystal balls, no surreal spheres, no CGI blobs, no nebula, no galaxies, no fantasy energy, no particle portals, no impossible geometry, no melting objects, no dreamscape, no people, no faces, no hands, no bare skin, no needles penetrating skin, no injection act, no clinic patient scene, no gym, no lifestyle, no wellness claims, no nicknames, no supplements aesthetic. Quality: ultra detailed, extremely detailed, hyper-detailed, razor sharp focus, tack sharp, crystal clear, ultra sharp, 8k resolution, photorealistic, hyperrealistic, ultra realistic, HDR. creation motif 017/250 · LAB-017. Keep product identity and any on-screen research typography sharp and unchanged. For laboratory research use only. Not for human use or consumption.",Active,0,
PBVita-Lab-018,18,LAB-018,vials_containers,multi-dose research vial with intact seal,"crimp seal unbroken, lot stub area blank","multi-dose research vial with intact seal on textured slate sample board, cool clinical blue-white LED, extreme macro push-in",12,"ultra detailed, extremely detailed, hyper-detailed, razor sharp focus, tack sharp, crystal clear, ultra sharp, 8k resolution, photorealistic, hyperrealistic, ultra realistic, HDR",9:16,8,1080p,grok-imagine-image-quality,grok-imagine-video-1.5,2k,"Photoreal vertical 9:16 Palm Beach Vitality laboratory research catalog film, chemical research material only, premium American research aesthetic. PRIMARY SUBJECT (must be clearly recognizable, real laboratory object, sharp and centered): multi-dose research vial with intact seal. Physical detail: crimp seal unbroken, lot stub area blank. Setting surface: textured slate sample board. Lighting: cool clinical blue-white LED. Camera: extreme macro push-in. No abstract shapes, no glass orbs, no crystal balls, no surreal spheres, no CGI blobs, no nebula, no galaxies, no fantasy energy, no particle portals, no impossible geometry, no melting objects, no dreamscape, no people, no faces, no hands, no bare skin, no needles penetrating skin, no injection act, no clinic patient scene, no gym, no lifestyle, no wellness claims, no nicknames, no supplements aesthetic. Quality: ultra detailed, extremely detailed, hyper-detailed, razor sharp focus, tack sharp, crystal clear, ultra sharp, 8k resolution, photorealistic, hyperrealistic, ultra realistic, HDR. creation motif 018/250 · LAB-018. Keep product identity and any on-screen research typography sharp and unchanged. For laboratory research use only. Not for human use or consumption.",Active,0,
PBVita-Lab-019,19,LAB-019,vials_containers,clear vial with lyophilized white cake,freeze-dried plug visible through glass,"clear vial with lyophilized white cake on soft gray seamless paper backdrop, single hard key light with controlled fill, gentle top-down descending move",12,"ultra detailed, extremely detailed, hyper-detailed, razor sharp focus, tack sharp, crystal clear, ultra sharp, 8k resolution, photorealistic, hyperrealistic, ultra realistic, HDR",9:16,8,1080p,grok-imagine-image-quality,grok-imagine-video-1.5,2k,"Photoreal vertical 9:16 Palm Beach Vitality laboratory research catalog film, chemical research material only, premium American research aesthetic. PRIMARY SUBJECT (must be clearly recognizable, real laboratory object, sharp and centered): clear vial with lyophilized white cake. Physical detail: freeze-dried plug visible through glass. Setting surface: soft gray seamless paper backdrop. Lighting: single hard key light with controlled fill. Camera: gentle top-down descending move. No abstract shapes, no glass orbs, no crystal balls, no surreal spheres, no CGI blobs, no nebula, no galaxies, no fantasy energy, no particle portals, no impossible geometry, no melting objects, no dreamscape, no people, no faces, no hands, no bare skin, no needles penetrating skin, no injection act, no clinic patient scene, no gym, no lifestyle, no wellness claims, no nicknames, no supplements aesthetic. Quality: ultra detailed, extremely detailed, hyper-detailed, razor sharp focus, tack sharp, crystal clear, ultra sharp, 8k resolution, photorealistic, hyperrealistic, ultra realistic, HDR. creation motif 019/250 · LAB-019. Keep product identity and any on-screen research typography sharp and unchanged. For laboratory research use only. Not for human use or consumption.",Active,0,
PBVita-Lab-020,20,LAB-020,vials_containers,tall chromatography collection vial,"narrow clear vial, labeled rack slot","tall chromatography collection vial on anodized aluminum tray, soft overhead softbox, even catalog lighting, locked tripod hero frame with subtle push",12,"ultra detailed, extremely detailed, hyper-detailed, razor sharp focus, tack sharp, crystal clear, ultra sharp, 8k resolution, photorealistic, hyperrealistic, ultra realistic, HDR",9:16,8,1080p,grok-imagine-image-quality,grok-imagine-video-1.5,2k,"Photoreal vertical 9:16 Palm Beach Vitality laboratory research catalog film, chemical research material only, premium American research aesthetic. PRIMARY SUBJECT (must be clearly recognizable, real laboratory object, sharp and centered): tall chromatography collection vial. Physical detail: narrow clear vial, labeled rack slot. Setting surface: anodized aluminum tray. Lighting: soft overhead softbox, even catalog lighting. Camera: locked tripod hero frame with subtle push. No abstract shapes, no glass orbs, no crystal balls, no surreal spheres, no CGI blobs, no nebula, no galaxies, no fantasy energy, no particle portals, no impossible geometry, no melting objects, no dreamscape, no people, no faces, no hands, no bare skin, no needles penetrating skin, no injection act, no clinic patient scene, no gym, no lifestyle, no wellness claims, no nicknames, no supplements aesthetic. Quality: ultra detailed, extremely detailed, hyper-detailed, razor sharp focus, tack sharp, crystal clear, ultra sharp, 8k resolution, photorealistic, hyperrealistic, ultra realistic, HDR. creation motif 020/250 · LAB-020. Keep product identity and any on-screen research typography sharp and unchanged. For laboratory research use only. Not for human use or consumption.",Active,0,
PBVita-Lab-021,21,LAB-021,vials_containers,short stubby sample vial with red cap,"wide-mouth sample vial, red screw cap","short stubby sample vial with red cap on polished black reflective acrylic, warm neutral side light, still clinical, low angle tracking slide",12,"ultra detailed, extremely detailed, hyper-detailed, razor sharp focus, tack sharp, crystal clear, ultra sharp, 8k resolution, photorealistic, hyperrealistic, ultra realistic, HDR",9:16,8,1080p,grok-imagine-image-quality,grok-imagine-video-1.5,2k,"Photoreal vertical 9:16 Palm Beach Vitality laboratory research catalog film, chemical research material only, premium American research aesthetic. PRIMARY SUBJECT (must be clearly recognizable, real laboratory object, sharp and centered): short stubby sample vial with red cap. Physical detail: wide-mouth sample vial, red screw cap. Setting surface: polished black reflective acrylic. Lighting: warm neutral side light, still clinical. Camera: low angle tracking slide. No abstract shapes, no glass orbs, no crystal balls, no surreal spheres, no CGI blobs, no nebula, no galaxies, no fantasy energy, no particle portals, no impossible geometry, no melting objects, no dreamscape, no people, no faces, no hands, no bare skin, no needles penetrating skin, no injection act, no clinic patient scene, no gym, no lifestyle, no wellness claims, no nicknames, no supplements aesthetic. Quality: ultra detailed, extremely detailed, hyper-detailed, razor sharp focus, tack sharp, crystal clear, ultra sharp, 8k resolution, photorealistic, hyperrealistic, ultra realistic, HDR. creation motif 021/250 · LAB-021. Keep product identity and any on-screen research typography sharp and unchanged. For laboratory research use only. Not for human use or consumption.",Active,0,
PBVita-Lab-022,22,LAB-022,vials_containers,UV-protective amber vial in foam well,amber vial nested in black foam insert,"UV-protective amber vial in foam well on matte pure white infinity surface, split soft key and gentle bounce, circular arc that never fully completes",12,"ultra detailed, extremely detailed, hyper-detailed, razor sharp focus, tack sharp, crystal clear, ultra sharp, 8k resolution, photorealistic, hyperrealistic, ultra realistic, HDR",9:16,8,1080p,grok-imagine-image-quality,grok-imagine-video-1.5,2k,"Photoreal vertical 9:16 Palm Beach Vitality laboratory research catalog film, chemical research material only, premium American research aesthetic. PRIMARY SUBJECT (must be clearly recognizable, real laboratory object, sharp and centered): UV-protective amber vial in foam well. Physical detail: amber vial nested in black foam insert. Setting surface: matte pure white infinity surface. Lighting: split soft key and gentle bounce. Camera: circular arc that never fully completes. No abstract shapes, no glass orbs, no crystal balls, no surreal spheres, no CGI blobs, no nebula, no galaxies, no fantasy energy, no particle portals, no impossible geometry, no melting objects, no dreamscape, no people, no faces, no hands, no bare skin, no needles penetrating skin, no injection act, no clinic patient scene, no gym, no lifestyle, no wellness claims, no nicknames, no supplements aesthetic. Quality: ultra detailed, extremely detailed, hyper-detailed, razor sharp focus, tack sharp, crystal clear, ultra sharp, 8k resolution, photorealistic, hyperrealistic, ultra realistic, HDR. creation motif 022/250 · LAB-022. Keep product identity and any on-screen research typography sharp and unchanged. For laboratory research use only. Not for human use or consumption.",Active,0,
PBVita-Lab-023,23,LAB-023,vials_containers,glass vial with PTFE-lined cap,"clear vial, white PTFE liner visible under cap","glass vial with PTFE-lined cap on brushed stainless steel lab bench, high-key seamless catalog lighting, vertical rise from base to label",12,"ultra detailed, extremely detailed, hyper-detailed, razor sharp focus, tack sharp, crystal clear, ultra sharp, 8k resolution, photorealistic, hyperrealistic, ultra realistic, HDR",9:16,8,1080p,grok-imagine-image-quality,grok-imagine-video-1.5,2k,"Photoreal vertical 9:16 Palm Beach Vitality laboratory research catalog film, chemical research material only, premium American research aesthetic. PRIMARY SUBJECT (must be clearly recognizable, real laboratory object, sharp and centered): glass vial with PTFE-lined cap. Physical detail: clear vial, white PTFE liner visible under cap. Setting surface: brushed stainless steel lab bench. Lighting: high-key seamless catalog lighting. Camera: vertical rise from base to label. No abstract shapes, no glass orbs, no crystal balls, no surreal spheres, no CGI blobs, no nebula, no galaxies, no fantasy energy, no particle portals, no impossible geometry, no melting objects, no dreamscape, no people, no faces, no hands, no bare skin, no needles penetrating skin, no injection act, no clinic patient scene, no gym, no lifestyle, no wellness claims, no nicknames, no supplements aesthetic. Quality: ultra detailed, extremely detailed, hyper-detailed, razor sharp focus, tack sharp, crystal clear, ultra sharp, 8k resolution, photorealistic, hyperrealistic, ultra realistic, HDR. creation motif 023/250 · LAB-023. Keep product identity and any on-screen research typography sharp and unchanged. For laboratory research use only. Not for human use or consumption.",Active,0,
PBVita-Lab-024,24,LAB-024,vials_containers,research vial beside matching empty carton,"vial and small white product carton, catalog style","research vial beside matching empty carton on dark charcoal epoxy resin countertop, low-key selective highlight on glass edges, fast resolve into locked hero frame",12,"ultra detailed, extremely detailed, hyper-detailed, razor sharp focus, tack sharp, crystal clear, ultra sharp, 8k resolution, photorealistic, hyperrealistic, ultra realistic, HDR",9:16,8,1080p,grok-imagine-image-quality,grok-imagine-video-1.5,2k,"Photoreal vertical 9:16 Palm Beach Vitality laboratory research catalog film, chemical research material only, premium American research aesthetic. PRIMARY SUBJECT (must be clearly recognizable, real laboratory object, sharp and centered): research vial beside matching empty carton. Physical detail: vial and small white product carton, catalog style. Setting surface: dark charcoal epoxy resin countertop. Lighting: low-key selective highlight on glass edges. Camera: fast resolve into locked hero frame. No abstract shapes, no glass orbs, no crystal balls, no surreal spheres, no CGI blobs, no nebula, no galaxies, no fantasy energy, no particle portals, no impossible geometry, no melting objects, no dreamscape, no people, no faces, no hands, no bare skin, no needles penetrating skin, no injection act, no clinic patient scene, no gym, no lifestyle, no wellness claims, no nicknames, no supplements aesthetic. Quality: ultra detailed, extremely detailed, hyper-detailed, razor sharp focus, tack sharp, crystal clear, ultra sharp, 8k resolution, photorealistic, hyperrealistic, ultra realistic, HDR. creation motif 024/250 · LAB-024. Keep product identity and any on-screen research typography sharp and unchanged. For laboratory research use only. Not for human use or consumption.",Active,0,
PBVita-Lab-025,25,LAB-025,vials_containers,pair of matched peptide vials side by side,"identical clear vials, slight fill height difference","pair of matched peptide vials side by side on cool gray ceramic tile, soft rim light from behind, slow 360 degree orbit at eye level",12,"ultra detailed, extremely detailed, hyper-detailed, razor sharp focus, tack sharp, crystal clear, ultra sharp, 8k resolution, photorealistic, hyperrealistic, ultra realistic, HDR",9:16,8,1080p,grok-imagine-image-quality,grok-imagine-video-1.5,2k,"Photoreal vertical 9:16 Palm Beach Vitality laboratory research catalog film, chemical research material only, premium American research aesthetic. PRIMARY SUBJECT (must be clearly recognizable, real laboratory object, sharp and centered): pair of matched peptide vials side by side. Physical detail: identical clear vials, slight fill height difference. Setting surface: cool gray ceramic tile. Lighting: soft rim light from behind. Camera: slow 360 degree orbit at eye level. No abstract shapes, no glass orbs, no crystal balls, no surreal spheres, no CGI blobs, no nebula, no galaxies, no fantasy energy, no particle portals, no impossible geometry, no melting objects, no dreamscape, no people, no faces, no hands, no bare skin, no needles penetrating skin, no injection act, no clinic patient scene, no gym, no lifestyle, no wellness claims, no nicknames, no supplements aesthetic. Quality: ultra detailed, extremely detailed, hyper-detailed, razor sharp focus, tack sharp, crystal clear, ultra sharp, 8k resolution, photorealistic, hyperrealistic, ultra realistic, HDR. creation motif 025/250 · LAB-025. Keep product identity and any on-screen research typography sharp and unchanged. For laboratory research use only. Not for human use or consumption.",Active,0,
PBVita-Lab-026,26,LAB-026,vials_containers,vial with shrink-band tamper evidence,clear shrink band over cap and neck,"vial with shrink-band tamper evidence on mirrored chrome instrument tray, cool clinical blue-white LED, extreme macro push-in",12,"ultra detailed, extremely detailed, hyper-detailed, razor sharp focus, tack sharp, crystal clear, ultra sharp, 8k resolution, photorealistic, hyperrealistic, ultra realistic, HDR",9:16,8,1080p,grok-imagine-image-quality,grok-imagine-video-1.5,2k,"Photoreal vertical 9:16 Palm Beach Vitality laboratory research catalog film, chemical research material only, premium American research aesthetic. PRIMARY SUBJECT (must be clearly recognizable, real laboratory object, sharp and centered): vial with shrink-band tamper evidence. Physical detail: clear shrink band over cap and neck. Setting surface: mirrored chrome instrument tray. Lighting: cool clinical blue-white LED. Camera: extreme macro push-in. No abstract shapes, no glass orbs, no crystal balls, no surreal spheres, no CGI blobs, no nebula, no galaxies, no fantasy energy, no particle portals, no impossible geometry, no melting objects, no dreamscape, no people, no faces, no hands, no bare skin, no needles penetrating skin, no injection act, no clinic patient scene, no gym, no lifestyle, no wellness claims, no nicknames, no supplements aesthetic. Quality: ultra detailed, extremely detailed, hyper-detailed, razor sharp focus, tack sharp, crystal clear, ultra sharp, 8k resolution, photorealistic, hyperrealistic, ultra realistic, HDR. creation motif 026/250 · LAB-026. Keep product identity and any on-screen research typography sharp and unchanged. For laboratory research use only. Not for human use or consumption.",Active,0,
PBVita-Lab-027,27,LAB-027,vials_containers,cold-labeled vial with frost on glass,"light frost on exterior, cold-chain implication","cold-labeled vial with frost on glass on white melamine cleanroom table, single hard key light with controlled fill, gentle top-down descending move",12,"ultra detailed, extremely detailed, hyper-detailed, razor sharp focus, tack sharp, crystal clear, ultra sharp, 8k resolution, photorealistic, hyperrealistic, ultra realistic, HDR",9:16,8,1080p,grok-imagine-image-quality,grok-imagine-video-1.5,2k,"Photoreal vertical 9:16 Palm Beach Vitality laboratory research catalog film, chemical research material only, premium American research aesthetic. PRIMARY SUBJECT (must be clearly recognizable, real laboratory object, sharp and centered): cold-labeled vial with frost on glass. Physical detail: light frost on exterior, cold-chain implication. Setting surface: white melamine cleanroom table. Lighting: single hard key light with controlled fill. Camera: gentle top-down descending move. No abstract shapes, no glass orbs, no crystal balls, no surreal spheres, no CGI blobs, no nebula, no galaxies, no fantasy energy, no particle portals, no impossible geometry, no melting objects, no dreamscape, no people, no faces, no hands, no bare skin, no needles penetrating skin, no injection act, no clinic patient scene, no gym, no lifestyle, no wellness claims, no nicknames, no supplements aesthetic. Quality: ultra detailed, extremely detailed, hyper-detailed, razor sharp focus, tack sharp, crystal clear, ultra sharp, 8k resolution, photorealistic, hyperrealistic, ultra realistic, HDR. creation motif 027/250 · LAB-027. Keep product identity and any on-screen research typography sharp and unchanged. For laboratory research use only. Not for human use or consumption.",Active,0,
PBVita-Lab-028,28,LAB-028,vials_containers,vial standing in stainless steel vial block,precision machined block holding one vial,"vial standing in stainless steel vial block on textured slate sample board, soft overhead softbox, even catalog lighting, locked tripod hero frame with subtle push",12,"ultra detailed, extremely detailed, hyper-detailed, razor sharp focus, tack sharp, crystal clear, ultra sharp, 8k resolution, photorealistic, hyperrealistic, ultra realistic, HDR",9:16,8,1080p,grok-imagine-image-quality,grok-imagine-video-1.5,2k,"Photoreal vertical 9:16 Palm Beach Vitality laboratory research catalog film, chemical research material only, premium American research aesthetic. PRIMARY SUBJECT (must be clearly recognizable, real laboratory object, sharp and centered): vial standing in stainless steel vial block. Physical detail: precision machined block holding one vial. Setting surface: textured slate sample board. Lighting: soft overhead softbox, even catalog lighting. Camera: locked tripod hero frame with subtle push. No abstract shapes, no glass orbs, no crystal balls, no surreal spheres, no CGI blobs, no nebula, no galaxies, no fantasy energy, no particle portals, no impossible geometry, no melting objects, no dreamscape, no people, no faces, no hands, no bare skin, no needles penetrating skin, no injection act, no clinic patient scene, no gym, no lifestyle, no wellness claims, no nicknames, no supplements aesthetic. Quality: ultra detailed, extremely detailed, hyper-detailed, razor sharp focus, tack sharp, crystal clear, ultra sharp, 8k resolution, photorealistic, hyperrealistic, ultra realistic, HDR. creation motif 028/250 · LAB-028. Keep product identity and any on-screen research typography sharp and unchanged. For laboratory research use only. Not for human use or consumption.",Active,0,
PBVita-Lab-029,29,LAB-029,vials_containers,amber vial backlit to show liquid meniscus,"meniscus sharp, liquid clarity visible","amber vial backlit to show liquid meniscus on soft gray seamless paper backdrop, warm neutral side light, still clinical, low angle tracking slide",12,"ultra detailed, extremely detailed, hyper-detailed, razor sharp focus, tack sharp, crystal clear, ultra sharp, 8k resolution, photorealistic, hyperrealistic, ultra realistic, HDR",9:16,8,1080p,grok-imagine-image-quality,grok-imagine-video-1.5,2k,"Photoreal vertical 9:16 Palm Beach Vitality laboratory research catalog film, chemical research material only, premium American research aesthetic. PRIMARY SUBJECT (must be clearly recognizable, real laboratory object, sharp and centered): amber vial backlit to show liquid meniscus. Physical detail: meniscus sharp, liquid clarity visible. Setting surface: soft gray seamless paper backdrop. Lighting: warm neutral side light, still clinical. Camera: low angle tracking slide. No abstract shapes, no glass orbs, no crystal balls, no surreal spheres, no CGI blobs, no nebula, no galaxies, no fantasy energy, no particle portals, no impossible geometry, no melting objects, no dreamscape, no people, no faces, no hands, no bare skin, no needles penetrating skin, no injection act, no clinic patient scene, no gym, no lifestyle, no wellness claims, no nicknames, no supplements aesthetic. Quality: ultra detailed, extremely detailed, hyper-detailed, razor sharp focus, tack sharp, crystal clear, ultra sharp, 8k resolution, photorealistic, hyperrealistic, ultra realistic, HDR. creation motif 029/250 · LAB-029. Keep product identity and any on-screen research typography sharp and unchanged. For laboratory research use only. Not for human use or consumption.",Active,0,
PBVita-Lab-030,30,LAB-030,vials_containers,clear vial with colored cap insert blue,"blue cap insert, inventory coding","clear vial with colored cap insert blue on anodized aluminum tray, split soft key and gentle bounce, circular arc that never fully completes",12,"ultra detailed, extremely detailed, hyper-detailed, razor sharp focus, tack sharp, crystal clear, ultra sharp, 8k resolution, photorealistic, hyperrealistic, ultra realistic, HDR",9:16,8,1080p,grok-imagine-image-quality,grok-imagine-video-1.5,2k,"Photoreal vertical 9:16 Palm Beach Vitality laboratory research catalog film, chemical research material only, premium American research aesthetic. PRIMARY SUBJECT (must be clearly recognizable, real laboratory object, sharp and centered): clear vial with colored cap insert blue. Physical detail: blue cap insert, inventory coding. Setting surface: anodized aluminum tray. Lighting: split soft key and gentle bounce. Camera: circular arc that never fully completes. No abstract shapes, no glass orbs, no crystal balls, no surreal spheres, no CGI blobs, no nebula, no galaxies, no fantasy energy, no particle portals, no impossible geometry, no melting objects, no dreamscape, no people, no faces, no hands, no bare skin, no needles penetrating skin, no injection act, no clinic patient scene, no gym, no lifestyle, no wellness claims, no nicknames, no supplements aesthetic. Quality: ultra detailed, extremely detailed, hyper-detailed, razor sharp focus, tack sharp, crystal clear, ultra sharp, 8k resolution, photorealistic, hyperrealistic, ultra realistic, HDR. creation motif 030/250 · LAB-030. Keep product identity and any on-screen research typography sharp and unchanged. For laboratory research use only. Not for human use or consumption.",Active,0,
PBVita-Lab-031,31,LAB-031,vials_containers,research vial on anti-vibration pad,small black lab pad under vial base,"research vial on anti-vibration pad on polished black reflective acrylic, high-key seamless catalog lighting, vertical rise from base to label",12,"ultra detailed, extremely detailed, hyper-detailed, razor sharp focus, tack sharp, crystal clear, ultra sharp, 8k resolution, photorealistic, hyperrealistic, ultra realistic, HDR",9:16,8,1080p,grok-imagine-image-quality,grok-imagine-video-1.5,2k,"Photoreal vertical 9:16 Palm Beach Vitality laboratory research catalog film, chemical research material only, premium American research aesthetic. PRIMARY SUBJECT (must be clearly recognizable, real laboratory object, sharp and centered): research vial on anti-vibration pad. Physical detail: small black lab pad under vial base. Setting surface: polished black reflective acrylic. Lighting: high-key seamless catalog lighting. Camera: vertical rise from base to label. No abstract shapes, no glass orbs, no crystal balls, no surreal spheres, no CGI blobs, no nebula, no galaxies, no fantasy energy, no particle portals, no impossible geometry, no melting objects, no dreamscape, no people, no faces, no hands, no bare skin, no needles penetrating skin, no injection act, no clinic patient scene, no gym, no lifestyle, no wellness claims, no nicknames, no supplements aesthetic. Quality: ultra detailed, extremely detailed, hyper-detailed, razor sharp focus, tack sharp, crystal clear, ultra sharp, 8k resolution, photorealistic, hyperrealistic, ultra realistic, HDR. creation motif 031/250 · LAB-031. Keep product identity and any on-screen research typography sharp and unchanged. For laboratory research use only. Not for human use or consumption.",Active,0,
PBVita-Lab-032,32,LAB-032,vials_containers,septum vial with needle-free research adapter nearby,"adapter as object only, no injection into skin","septum vial with needle-free research adapter nearby on matte pure white infinity surface, low-key selective highlight on glass edges, fast resolve into locked hero frame",12,"ultra detailed, extremely detailed, hyper-detailed, razor sharp focus, tack sharp, crystal clear, ultra sharp, 8k resolution, photorealistic, hyperrealistic, ultra realistic, HDR",9:16,8,1080p,grok-imagine-image-quality,grok-imagine-video-1.5,2k,"Photoreal vertical 9:16 Palm Beach Vitality laboratory research catalog film, chemical research material only, premium American research aesthetic. PRIMARY SUBJECT (must be clearly recognizable, real laboratory object, sharp and centered): septum vial with needle-free research adapter nearby. Physical detail: adapter as object only, no injection into skin. Setting surface: matte pure white infinity surface. Lighting: low-key selective highlight on glass edges. Camera: fast resolve into locked hero frame. No abstract shapes, no glass orbs, no crystal balls, no surreal spheres, no CGI blobs, no nebula, no galaxies, no fantasy energy, no particle portals, no impossible geometry, no melting objects, no dreamscape, no people, no faces, no hands, no bare skin, no needles penetrating skin, no injection act, no clinic patient scene, no gym, no lifestyle, no wellness claims, no nicknames, no supplements aesthetic. Quality: ultra detailed, extremely detailed, hyper-detailed, razor sharp focus, tack sharp, crystal clear, ultra sharp, 8k resolution, photorealistic, hyperrealistic, ultra realistic, HDR. creation motif 032/250 · LAB-032. Keep product identity and any on-screen research typography sharp and unchanged. For laboratory research use only. Not for human use or consumption.",Active,0,
PBVita-Lab-033,33,LAB-033,vials_containers,glass vial with desiccant canister beside it,small desiccant tin next to sealed vial,"glass vial with desiccant canister beside it on brushed stainless steel lab bench, soft rim light from behind, slow 360 degree orbit at eye level",12,"ultra detailed, extremely detailed, hyper-detailed, razor sharp focus, tack sharp, crystal clear, ultra sharp, 8k resolution, photorealistic, hyperrealistic, ultra realistic, HDR",9:16,8,1080p,grok-imagine-image-quality,grok-imagine-video-1.5,2k,"Photoreal vertical 9:16 Palm Beach Vitality laboratory research catalog film, chemical research material only, premium American research aesthetic. PRIMARY SUBJECT (must be clearly recognizable, real laboratory object, sharp and centered): glass vial with desiccant canister beside it. Physical detail: small desiccant tin next to sealed vial. Setting surface: brushed stainless steel lab bench. Lighting: soft rim light from behind. Camera: slow 360 degree orbit at eye level. No abstract shapes, no glass orbs, no crystal balls, no surreal spheres, no CGI blobs, no nebula, no galaxies, no fantasy energy, no particle portals, no impossible geometry, no melting objects, no dreamscape, no people, no faces, no hands, no bare skin, no needles penetrating skin, no injection act, no clinic patient scene, no gym, no lifestyle, no wellness claims, no nicknames, no supplements aesthetic. Quality: ultra detailed, extremely detailed, hyper-detailed, razor sharp focus, tack sharp, crystal clear, ultra sharp, 8k resolution, photorealistic, hyperrealistic, ultra realistic, HDR. creation motif 033/250 · LAB-033. Keep product identity and any on-screen research typography sharp and unchanged. For laboratory research use only. Not for human use or consumption.",Active,0,
PBVita-Lab-034,34,LAB-034,vials_containers,amber vial wrapped in light-protective sleeve,black sleeve partially covering amber glass,"amber vial wrapped in light-protective sleeve on dark charcoal epoxy resin countertop, cool clinical blue-white LED, extreme macro push-in",12,"ultra detailed, extremely detailed, hyper-detailed, razor sharp focus, tack sharp, crystal clear, ultra sharp, 8k resolution, photorealistic, hyperrealistic, ultra realistic, HDR",9:16,8,1080p,grok-imagine-image-quality,grok-imagine-video-1.5,2k,"Photoreal vertical 9:16 Palm Beach Vitality laboratory research catalog film, chemical research material only, premium American research aesthetic. PRIMARY SUBJECT (must be clearly recognizable, real laboratory object, sharp and centered): amber vial wrapped in light-protective sleeve. Physical detail: black sleeve partially covering amber glass. Setting surface: dark charcoal epoxy resin countertop. Lighting: cool clinical blue-white LED. Camera: extreme macro push-in. No abstract shapes, no glass orbs, no crystal balls, no surreal spheres, no CGI blobs, no nebula, no galaxies, no fantasy energy, no particle portals, no impossible geometry, no melting objects, no dreamscape, no people, no faces, no hands, no bare skin, no needles penetrating skin, no injection act, no clinic patient scene, no gym, no lifestyle, no wellness claims, no nicknames, no supplements aesthetic. Quality: ultra detailed, extremely detailed, hyper-detailed, razor sharp focus, tack sharp, crystal clear, ultra sharp, 8k resolution, photorealistic, hyperrealistic, ultra realistic, HDR. creation motif 034/250 · LAB-034. Keep product identity and any on-screen research typography sharp and unchanged. For laboratory research use only. Not for human use or consumption.",Active,0,
PBVita-Lab-035,35,LAB-035,vials_containers,clear vial with batch tag string tie,"small paper tag tied to neck, catalog prop","clear vial with batch tag string tie on cool gray ceramic tile, single hard key light with controlled fill, gentle top-down descending move",12,"ultra detailed, extremely detailed, hyper-detailed, razor sharp focus, tack sharp, crystal clear, ultra sharp, 8k resolution, photorealistic, hyperrealistic, ultra realistic, HDR",9:16,8,1080p,grok-imagine-image-quality,grok-imagine-video-1.5,2k,"Photoreal vertical 9:16 Palm Beach Vitality laboratory research catalog film, chemical research material only, premium American research aesthetic. PRIMARY SUBJECT (must be clearly recognizable, real laboratory object, sharp and centered): clear vial with batch tag string tie. Physical detail: small paper tag tied to neck, catalog prop. Setting surface: cool gray ceramic tile. Lighting: single hard key light with controlled fill. Camera: gentle top-down descending move. No abstract shapes, no glass orbs, no crystal balls, no surreal spheres, no CGI blobs, no nebula, no galaxies, no fantasy energy, no particle portals, no impossible geometry, no melting objects, no dreamscape, no people, no faces, no hands, no bare skin, no needles penetrating skin, no injection act, no clinic patient scene, no gym, no lifestyle, no wellness claims, no nicknames, no supplements aesthetic. Quality: ultra detailed, extremely detailed, hyper-detailed, razor sharp focus, tack sharp, crystal clear, ultra sharp, 8k resolution, photorealistic, hyperrealistic, ultra realistic, HDR. creation motif 035/250 · LAB-035. Keep product identity and any on-screen research typography sharp and unchanged. For laboratory research use only. Not for human use or consumption.",Active,0,
PBVita-Lab-036,36,LAB-036,vials_containers,vial in clear acrylic display stand,"angled acrylic stand, product-hero pose","vial in clear acrylic display stand on mirrored chrome instrument tray, soft overhead softbox, even catalog lighting, locked tripod hero frame with subtle push",12,"ultra detailed, extremely detailed, hyper-detailed, razor sharp focus, tack sharp, crystal clear, ultra sharp, 8k resolution, photorealistic, hyperrealistic, ultra realistic, HDR",9:16,8,1080p,grok-imagine-image-quality,grok-imagine-video-1.5,2k,"Photoreal vertical 9:16 Palm Beach Vitality laboratory research catalog film, chemical research material only, premium American research aesthetic. PRIMARY SUBJECT (must be clearly recognizable, real laboratory object, sharp and centered): vial in clear acrylic display stand. Physical detail: angled acrylic stand, product-hero pose. Setting surface: mirrored chrome instrument tray. Lighting: soft overhead softbox, even catalog lighting. Camera: locked tripod hero frame with subtle push. No abstract shapes, no glass orbs, no crystal balls, no surreal spheres, no CGI blobs, no nebula, no galaxies, no fantasy energy, no particle portals, no impossible geometry, no melting objects, no dreamscape, no people, no faces, no hands, no bare skin, no needles penetrating skin, no injection act, no clinic patient scene, no gym, no lifestyle, no wellness claims, no nicknames, no supplements aesthetic. Quality: ultra detailed, extremely detailed, hyper-detailed, razor sharp focus, tack sharp, crystal clear, ultra sharp, 8k resolution, photorealistic, hyperrealistic, ultra realistic, HDR. creation motif 036/250 · LAB-036. Keep product identity and any on-screen research typography sharp and unchanged. For laboratory research use only. Not for human use or consumption.",Active,0,
PBVita-Lab-037,37,LAB-037,vials_containers,wide-mouth powder research jar sealed,"clear jar of lyophilized powder, sealed lid","wide-mouth powder research jar sealed on white melamine cleanroom table, warm neutral side light, still clinical, low angle tracking slide",12,"ultra detailed, extremely detailed, hyper-detailed, razor sharp focus, tack sharp, crystal clear, ultra sharp, 8k resolution, photorealistic, hyperrealistic, ultra realistic, HDR",9:16,8,1080p,grok-imagine-image-quality,grok-imagine-video-1.5,2k,"Photoreal vertical 9:16 Palm Beach Vitality laboratory research catalog film, chemical research material only, premium American research aesthetic. PRIMARY SUBJECT (must be clearly recognizable, real laboratory object, sharp and centered): wide-mouth powder research jar sealed. Physical detail: clear jar of lyophilized powder, sealed lid. Setting surface: white melamine cleanroom table. Lighting: warm neutral side light, still clinical. Camera: low angle tracking slide. No abstract shapes, no glass orbs, no crystal balls, no surreal spheres, no CGI blobs, no nebula, no galaxies, no fantasy energy, no particle portals, no impossible geometry, no melting objects, no dreamscape, no people, no faces, no hands, no bare skin, no needles penetrating skin, no injection act, no clinic patient scene, no gym, no lifestyle, no wellness claims, no nicknames, no supplements aesthetic. Quality: ultra detailed, extremely detailed, hyper-detailed, razor sharp focus, tack sharp, crystal clear, ultra sharp, 8k resolution, photorealistic, hyperrealistic, ultra realistic, HDR. creation motif 037/250 · LAB-037. Keep product identity and any on-screen research typography sharp and unchanged. For laboratory research use only. Not for human use or consumption.",Active,0,
PBVita-Lab-038,38,LAB-038,vials_containers,amber powder jar with scoop nested on lid,"lab scoop resting on sealed jar, no hands","amber powder jar with scoop nested on lid on textured slate sample board, split soft key and gentle bounce, circular arc that never fully completes",12,"ultra detailed, extremely detailed, hyper-detailed, razor sharp focus, tack sharp, crystal clear, ultra sharp, 8k resolution, photorealistic, hyperrealistic, ultra realistic, HDR",9:16,8,1080p,grok-imagine-image-quality,grok-imagine-video-1.5,2k,"Photoreal vertical 9:16 Palm Beach Vitality laboratory research catalog film, chemical research material only, premium American research aesthetic. PRIMARY SUBJECT (must be clearly recognizable, real laboratory object, sharp and centered): amber powder jar with scoop nested on lid. Physical detail: lab scoop resting on sealed jar, no hands. Setting surface: textured slate sample board. Lighting: split soft key and gentle bounce. Camera: circular arc that never fully completes. No abstract shapes, no glass orbs, no crystal balls, no surreal spheres, no CGI blobs, no nebula, no galaxies, no fantasy energy, no particle portals, no impossible geometry, no melting objects, no dreamscape, no people, no faces, no hands, no bare skin, no needles penetrating skin, no injection act, no clinic patient scene, no gym, no lifestyle, no wellness claims, no nicknames, no supplements aesthetic. Quality: ultra detailed, extremely detailed, hyper-detailed, razor sharp focus, tack sharp, crystal clear, ultra sharp, 8k resolution, photorealistic, hyperrealistic, ultra realistic, HDR. creation motif 038/250 · LAB-038. Keep product identity and any on-screen research typography sharp and unchanged. For laboratory research use only. Not for human use or consumption.",Active,0,
PBVita-Lab-039,39,LAB-039,vials_containers,micro-vial 0.5ml with tiny label,"very small vial, macroscopic detail","micro-vial 0.5ml with tiny label on soft gray seamless paper backdrop, high-key seamless catalog lighting, vertical rise from base to label",12,"ultra detailed, extremely detailed, hyper-detailed, razor sharp focus, tack sharp, crystal clear, ultra sharp, 8k resolution, photorealistic, hyperrealistic, ultra realistic, HDR",9:16,8,1080p,grok-imagine-image-quality,grok-imagine-video-1.5,2k,"Photoreal vertical 9:16 Palm Beach Vitality laboratory research catalog film, chemical research material only, premium American research aesthetic. PRIMARY SUBJECT (must be clearly recognizable, real laboratory object, sharp and centered): micro-vial 0.5ml with tiny label. Physical detail: very small vial, macroscopic detail. Setting surface: soft gray seamless paper backdrop. Lighting: high-key seamless catalog lighting. Camera: vertical rise from base to label. No abstract shapes, no glass orbs, no crystal balls, no surreal spheres, no CGI blobs, no nebula, no galaxies, no fantasy energy, no particle portals, no impossible geometry, no melting objects, no dreamscape, no people, no faces, no hands, no bare skin, no needles penetrating skin, no injection act, no clinic patient scene, no gym, no lifestyle, no wellness claims, no nicknames, no supplements aesthetic. Quality: ultra detailed, extremely detailed, hyper-detailed, razor sharp focus, tack sharp, crystal clear, ultra sharp, 8k resolution, photorealistic, hyperrealistic, ultra realistic, HDR. creation motif 039/250 · LAB-039. Keep product identity and any on-screen research typography sharp and unchanged. For laboratory research use only. Not for human use or consumption.",Active,0,
PBVita-Lab-040,40,LAB-040,vials_containers,research vial next to calibrated weight set,vial and stainless calibration weights,"research vial next to calibrated weight set on anodized aluminum tray, low-key selective highlight on glass edges, fast resolve into locked hero frame",12,"ultra detailed, extremely detailed, hyper-detailed, razor sharp focus, tack sharp, crystal clear, ultra sharp, 8k resolution, photorealistic, hyperrealistic, ultra realistic, HDR",9:16,8,1080p,grok-imagine-image-quality,grok-imagine-video-1.5,2k,"Photoreal vertical 9:16 Palm Beach Vitality laboratory research catalog film, chemical research material only, premium American research aesthetic. PRIMARY SUBJECT (must be clearly recognizable, real laboratory object, sharp and centered): research vial next to calibrated weight set. Physical detail: vial and stainless calibration weights. Setting surface: anodized aluminum tray. Lighting: low-key selective highlight on glass edges. Camera: fast resolve into locked hero frame. No abstract shapes, no glass orbs, no crystal balls, no surreal spheres, no CGI blobs, no nebula, no galaxies, no fantasy energy, no particle portals, no impossible geometry, no melting objects, no dreamscape, no people, no faces, no hands, no bare skin, no needles penetrating skin, no injection act, no clinic patient scene, no gym, no lifestyle, no wellness claims, no nicknames, no supplements aesthetic. Quality: ultra detailed, extremely detailed, hyper-detailed, razor sharp focus, tack sharp, crystal clear, ultra sharp, 8k resolution, photorealistic, hyperrealistic, ultra realistic, HDR. creation motif 040/250 · LAB-040. Keep product identity and any on-screen research typography sharp and unchanged. For laboratory research use only. Not for human use or consumption.",Active,0,
PBVita-Lab-041,41,LAB-041,research_pens,pre-filled research pen on matte black acrylic,"clear barrel window, dial collar, capped tip cover on","pre-filled research pen on matte black acrylic on polished black reflective acrylic, soft rim light from behind, slow 360 degree orbit at eye level",12,"ultra detailed, extremely detailed, hyper-detailed, razor sharp focus, tack sharp, crystal clear, ultra sharp, 8k resolution, photorealistic, hyperrealistic, ultra realistic, HDR",9:16,8,1080p,grok-imagine-image-quality,grok-imagine-video-1.5,2k,"Photoreal vertical 9:16 Palm Beach Vitality laboratory research catalog film, chemical research material only, premium American research aesthetic. PRIMARY SUBJECT (must be clearly recognizable, real laboratory object, sharp and centered): pre-filled research pen on matte black acrylic. Physical detail: clear barrel window, dial collar, capped tip cover on. Setting surface: polished black reflective acrylic. Lighting: soft rim light from behind. Camera: slow 360 degree orbit at eye level. No abstract shapes, no glass orbs, no crystal balls, no surreal spheres, no CGI blobs, no nebula, no galaxies, no fantasy energy, no particle portals, no impossible geometry, no melting objects, no dreamscape, no people, no faces, no hands, no bare skin, no needles penetrating skin, no injection act, no clinic patient scene, no gym, no lifestyle, no wellness claims, no nicknames, no supplements aesthetic. Quality: ultra detailed, extremely detailed, hyper-detailed, razor sharp focus, tack sharp, crystal clear, ultra sharp, 8k resolution, photorealistic, hyperrealistic, ultra realistic, HDR. creation motif 041/250 · LAB-041. Keep product identity and any on-screen research typography sharp and unchanged. For laboratory research use only. Not for human use or consumption.",Active,0,
PBVita-Lab-042,42,LAB-042,research_pens,research pen with visible liquid barrel macro,"meniscus and glass barrel detail, cap beside pen","research pen with visible liquid barrel macro on matte pure white infinity surface, cool clinical blue-white LED, extreme macro push-in",12,"ultra detailed, extremely detailed, hyper-detailed, razor sharp focus, tack sharp, crystal clear, ultra sharp, 8k resolution, photorealistic, hyperrealistic, ultra realistic, HDR",9:16,8,1080p,grok-imagine-image-quality,grok-imagine-video-1.5,2k,"Photoreal vertical 9:16 Palm Beach Vitality laboratory research catalog film, chemical research material only, premium American research aesthetic. PRIMARY SUBJECT (must be clearly recognizable, real laboratory object, sharp and centered): research pen with visible liquid barrel macro. Physical detail: meniscus and glass barrel detail, cap beside pen. Setting surface: matte pure white infinity surface. Lighting: cool clinical blue-white LED. Camera: extreme macro push-in. No abstract shapes, no glass orbs, no crystal balls, no surreal spheres, no CGI blobs, no nebula, no galaxies, no fantasy energy, no particle portals, no impossible geometry, no melting objects, no dreamscape, no people, no faces, no hands, no bare skin, no needles penetrating skin, no injection act, no clinic patient scene, no gym, no lifestyle, no wellness claims, no nicknames, no supplements aesthetic. Quality: ultra detailed, extremely detailed, hyper-detailed, razor sharp focus, tack sharp, crystal clear, ultra sharp, 8k resolution, photorealistic, hyperrealistic, ultra realistic, HDR. creation motif 042/250 · LAB-042. Keep product identity and any on-screen research typography sharp and unchanged. For laboratory research use only. Not for human use or consumption.",Active,0,
PBVita-Lab-043,43,LAB-043,research_pens,precision research pen standing upright,"vertical hero, soft reflection, cap on","precision research pen standing upright on brushed stainless steel lab bench, single hard key light with controlled fill, gentle top-down descending move",12,"ultra detailed, extremely detailed, hyper-detailed, razor sharp focus, tack sharp, crystal clear, ultra sharp, 8k resolution, photorealistic, hyperrealistic, ultra realistic, HDR",9:16,8,1080p,grok-imagine-image-quality,grok-imagine-video-1.5,2k,"Photoreal vertical 9:16 Palm Beach Vitality laboratory research catalog film, chemical research material only, premium American research aesthetic. PRIMARY SUBJECT (must be clearly recognizable, real laboratory object, sharp and centered): precision research pen standing upright. Physical detail: vertical hero, soft reflection, cap on. Setting surface: brushed stainless steel lab bench. Lighting: single hard key light with controlled fill. Camera: gentle top-down descending move. No abstract shapes, no glass orbs, no crystal balls, no surreal spheres, no CGI blobs, no nebula, no galaxies, no fantasy energy, no particle portals, no impossible geometry, no melting objects, no dreamscape, no people, no faces, no hands, no bare skin, no needles penetrating skin, no injection act, no clinic patient scene, no gym, no lifestyle, no wellness claims, no nicknames, no supplements aesthetic. Quality: ultra detailed, extremely detailed, hyper-detailed, razor sharp focus, tack sharp, crystal clear, ultra sharp, 8k resolution, photorealistic, hyperrealistic, ultra realistic, HDR. creation motif 043/250 · LAB-043. Keep product identity and any on-screen research typography sharp and unchanged. For laboratory research use only. Not for human use or consumption.",Active,0,
PBVita-Lab-044,44,LAB-044,research_pens,two research pens parallel on slate,"matched pens, slight angle, clinical spacing","two research pens parallel on slate on dark charcoal epoxy resin countertop, soft overhead softbox, even catalog lighting, locked tripod hero frame with subtle push",12,"ultra detailed, extremely detailed, hyper-detailed, razor sharp focus, tack sharp, crystal clear, ultra sharp, 8k resolution, photorealistic, hyperrealistic, ultra realistic, HDR",9:16,8,1080p,grok-imagine-image-quality,grok-imagine-video-1.5,2k,"Photoreal vertical 9:16 Palm Beach Vitality laboratory research catalog film, chemical research material only, premium American research aesthetic. PRIMARY SUBJECT (must be clearly recognizable, real laboratory object, sharp and centered): two research pens parallel on slate. Physical detail: matched pens, slight angle, clinical spacing. Setting surface: dark charcoal epoxy resin countertop. Lighting: soft overhead softbox, even catalog lighting. Camera: locked tripod hero frame with subtle push. No abstract shapes, no glass orbs, no crystal balls, no surreal spheres, no CGI blobs, no nebula, no galaxies, no fantasy energy, no particle portals, no impossible geometry, no melting objects, no dreamscape, no people, no faces, no hands, no bare skin, no needles penetrating skin, no injection act, no clinic patient scene, no gym, no lifestyle, no wellness claims, no nicknames, no supplements aesthetic. Quality: ultra detailed, extremely detailed, hyper-detailed, razor sharp focus, tack sharp, crystal clear, ultra sharp, 8k resolution, photorealistic, hyperrealistic, ultra realistic, HDR. creation motif 044/250 · LAB-044. Keep product identity and any on-screen research typography sharp and unchanged. For laboratory research use only. Not for human use or consumption.",Active,0,
PBVita-Lab-045,45,LAB-045,research_pens,research pen cap removed resting beside barrel,"cap and pen as still life, no skin contact","research pen cap removed resting beside barrel on cool gray ceramic tile, warm neutral side light, still clinical, low angle tracking slide",12,"ultra detailed, extremely detailed, hyper-detailed, razor sharp focus, tack sharp, crystal clear, ultra sharp, 8k resolution, photorealistic, hyperrealistic, ultra realistic, HDR",9:16,8,1080p,grok-imagine-image-quality,grok-imagine-video-1.5,2k,"Photoreal vertical 9:16 Palm Beach Vitality laboratory research catalog film, chemical research material only, premium American research aesthetic. PRIMARY SUBJECT (must be clearly recognizable, real laboratory object, sharp and centered): research pen cap removed resting beside barrel. Physical detail: cap and pen as still life, no skin contact. Setting surface: cool gray ceramic tile. Lighting: warm neutral side light, still clinical. Camera: low angle tracking slide. No abstract shapes, no glass orbs, no crystal balls, no surreal spheres, no CGI blobs, no nebula, no galaxies, no fantasy energy, no particle portals, no impossible geometry, no melting objects, no dreamscape, no people, no faces, no hands, no bare skin, no needles penetrating skin, no injection act, no clinic patient scene, no gym, no lifestyle, no wellness claims, no nicknames, no supplements aesthetic. Quality: ultra detailed, extremely detailed, hyper-detailed, razor sharp focus, tack sharp, crystal clear, ultra sharp, 8k resolution, photorealistic, hyperrealistic, ultra realistic, HDR. creation motif 045/250 · LAB-045. Keep product identity and any on-screen research typography sharp and unchanged. For laboratory research use only. Not for human use or consumption.",Active,0,
PBVita-Lab-046,46,LAB-046,research_pens,research pen on mirrored chrome plate,"hard specular highlights, product catalog","research pen on mirrored chrome plate on mirrored chrome instrument tray, split soft key and gentle bounce, circular arc that never fully completes",12,"ultra detailed, extremely detailed, hyper-detailed, razor sharp focus, tack sharp, crystal clear, ultra sharp, 8k resolution, photorealistic, hyperrealistic, ultra realistic, HDR",9:16,8,1080p,grok-imagine-image-quality,grok-imagine-video-1.5,2k,"Photoreal vertical 9:16 Palm Beach Vitality laboratory research catalog film, chemical research material only, premium American research aesthetic. PRIMARY SUBJECT (must be clearly recognizable, real laboratory object, sharp and centered): research pen on mirrored chrome plate. Physical detail: hard specular highlights, product catalog. Setting surface: mirrored chrome instrument tray. Lighting: split soft key and gentle bounce. Camera: circular arc that never fully completes. No abstract shapes, no glass orbs, no crystal balls, no surreal spheres, no CGI blobs, no nebula, no galaxies, no fantasy energy, no particle portals, no impossible geometry, no melting objects, no dreamscape, no people, no faces, no hands, no bare skin, no needles penetrating skin, no injection act, no clinic patient scene, no gym, no lifestyle, no wellness claims, no nicknames, no supplements aesthetic. Quality: ultra detailed, extremely detailed, hyper-detailed, razor sharp focus, tack sharp, crystal clear, ultra sharp, 8k resolution, photorealistic, hyperrealistic, ultra realistic, HDR. creation motif 046/250 · LAB-046. Keep product identity and any on-screen research typography sharp and unchanged. For laboratory research use only. Not for human use or consumption.",Active,0,
PBVita-Lab-047,47,LAB-047,research_pens,research pen with dose window close-up,"numeric window readable, shallow depth","research pen with dose window close-up on white melamine cleanroom table, high-key seamless catalog lighting, vertical rise from base to label",12,"ultra detailed, extremely detailed, hyper-detailed, razor sharp focus, tack sharp, crystal clear, ultra sharp, 8k resolution, photorealistic, hyperrealistic, ultra realistic, HDR",9:16,8,1080p,grok-imagine-image-quality,grok-imagine-video-1.5,2k,"Photoreal vertical 9:16 Palm Beach Vitality laboratory research catalog film, chemical research material only, premium American research aesthetic. PRIMARY SUBJECT (must be clearly recognizable, real laboratory object, sharp and centered): research pen with dose window close-up. Physical detail: numeric window readable, shallow depth. Setting surface: white melamine cleanroom table. Lighting: high-key seamless catalog lighting. Camera: vertical rise from base to label. No abstract shapes, no glass orbs, no crystal balls, no surreal spheres, no CGI blobs, no nebula, no galaxies, no fantasy energy, no particle portals, no impossible geometry, no melting objects, no dreamscape, no people, no faces, no hands, no bare skin, no needles penetrating skin, no injection act, no clinic patient scene, no gym, no lifestyle, no wellness claims, no nicknames, no supplements aesthetic. Quality: ultra detailed, extremely detailed, hyper-detailed, razor sharp focus, tack sharp, crystal clear, ultra sharp, 8k resolution, photorealistic, hyperrealistic, ultra realistic, HDR. creation motif 047/250 · LAB-047. Keep product identity and any on-screen research typography sharp and unchanged. For laboratory research use only. Not for human use or consumption.",Active,0,
PBVita-Lab-048,48,LAB-048,research_pens,cartridge for research pen alone,"glass cartridge with plunger, no pen body","cartridge for research pen alone on textured slate sample board, low-key selective highlight on glass edges, fast resolve into locked hero frame",12,"ultra detailed, extremely detailed, hyper-detailed, razor sharp focus, tack sharp, crystal clear, ultra sharp, 8k resolution, photorealistic, hyperrealistic, ultra realistic, HDR",9:16,8,1080p,grok-imagine-image-quality,grok-imagine-video-1.5,2k,"Photoreal vertical 9:16 Palm Beach Vitality laboratory research catalog film, chemical research material only, premium American research aesthetic. PRIMARY SUBJECT (must be clearly recognizable, real laboratory object, sharp and centered): cartridge for research pen alone. Physical detail: glass cartridge with plunger, no pen body. Setting surface: textured slate sample board. Lighting: low-key selective highlight on glass edges. Camera: fast resolve into locked hero frame. No abstract shapes, no glass orbs, no crystal balls, no surreal spheres, no CGI blobs, no nebula, no galaxies, no fantasy energy, no particle portals, no impossible geometry, no melting objects, no dreamscape, no people, no faces, no hands, no bare skin, no needles penetrating skin, no injection act, no clinic patient scene, no gym, no lifestyle, no wellness claims, no nicknames, no supplements aesthetic. Quality: ultra detailed, extremely detailed, hyper-detailed, razor sharp focus, tack sharp, crystal clear, ultra sharp, 8k resolution, photorealistic, hyperrealistic, ultra realistic, HDR. creation motif 048/250 · LAB-048. Keep product identity and any on-screen research typography sharp and unchanged. For laboratory research use only. Not for human use or consumption.",Active,0,
PBVita-Lab-049,49,LAB-049,research_pens,research pen in open hard case insert,"foam-cut case, pen seated, lid open","research pen in open hard case insert on soft gray seamless paper backdrop, soft rim light from behind, slow 360 degree orbit at eye level",12,"ultra detailed, extremely detailed, hyper-detailed, razor sharp focus, tack sharp, crystal clear, ultra sharp, 8k resolution, photorealistic, hyperrealistic, ultra realistic, HDR",9:16,8,1080p,grok-imagine-image-quality,grok-imagine-video-1.5,2k,"Photoreal vertical 9:16 Palm Beach Vitality laboratory research catalog film, chemical research material only, premium American research aesthetic. PRIMARY SUBJECT (must be clearly recognizable, real laboratory object, sharp and centered): research pen in open hard case insert. Physical detail: foam-cut case, pen seated, lid open. Setting surface: soft gray seamless paper backdrop. Lighting: soft rim light from behind. Camera: slow 360 degree orbit at eye level. No abstract shapes, no glass orbs, no crystal balls, no surreal spheres, no CGI blobs, no nebula, no galaxies, no fantasy energy, no particle portals, no impossible geometry, no melting objects, no dreamscape, no people, no faces, no hands, no bare skin, no needles penetrating skin, no injection act, no clinic patient scene, no gym, no lifestyle, no wellness claims, no nicknames, no supplements aesthetic. Quality: ultra detailed, extremely detailed, hyper-detailed, razor sharp focus, tack sharp, crystal clear, ultra sharp, 8k resolution, photorealistic, hyperrealistic, ultra realistic, HDR. creation motif 049/250 · LAB-049. Keep product identity and any on-screen research typography sharp and unchanged. For laboratory research use only. Not for human use or consumption.",Active,0,
PBVita-Lab-050,50,LAB-050,research_pens,research pen beside sealed cartridge blister,blister pack and pen as kit components,"research pen beside sealed cartridge blister on anodized aluminum tray, cool clinical blue-white LED, extreme macro push-in",12,"ultra detailed, extremely detailed, hyper-detailed, razor sharp focus, tack sharp, crystal clear, ultra sharp, 8k resolution, photorealistic, hyperrealistic, ultra realistic, HDR",9:16,8,1080p,grok-imagine-image-quality,grok-imagine-video-1.5,2k,"Photoreal vertical 9:16 Palm Beach Vitality laboratory research catalog film, chemical research material only, premium American research aesthetic. PRIMARY SUBJECT (must be clearly recognizable, real laboratory object, sharp and centered): research pen beside sealed cartridge blister. Physical detail: blister pack and pen as kit components. Setting surface: anodized aluminum tray. Lighting: cool clinical blue-white LED. Camera: extreme macro push-in. No abstract shapes, no glass orbs, no crystal balls, no surreal spheres, no CGI blobs, no nebula, no galaxies, no fantasy energy, no particle portals, no impossible geometry, no melting objects, no dreamscape, no people, no faces, no hands, no bare skin, no needles penetrating skin, no injection act, no clinic patient scene, no gym, no lifestyle, no wellness claims, no nicknames, no supplements aesthetic. Quality: ultra detailed, extremely detailed, hyper-detailed, razor sharp focus, tack sharp, crystal clear, ultra sharp, 8k resolution, photorealistic, hyperrealistic, ultra realistic, HDR. creation motif 050/250 · LAB-050. Keep product identity and any on-screen research typography sharp and unchanged. For laboratory research use only. Not for human use or consumption.",Active,0,
PBVita-Lab-051,51,LAB-051,research_pens,frosted research pen body with metal clip,"matte body texture, metal pocket clip","frosted research pen body with metal clip on polished black reflective acrylic, single hard key light with controlled fill, gentle top-down descending move",12,"ultra detailed, extremely detailed, hyper-detailed, razor sharp focus, tack sharp, crystal clear, ultra sharp, 8k resolution, photorealistic, hyperrealistic, ultra realistic, HDR",9:16,8,1080p,grok-imagine-image-quality,grok-imagine-video-1.5,2k,"Photoreal vertical 9:16 Palm Beach Vitality laboratory research catalog film, chemical research material only, premium American research aesthetic. PRIMARY SUBJECT (must be clearly recognizable, real laboratory object, sharp and centered): frosted research pen body with metal clip. Physical detail: matte body texture, metal pocket clip. Setting surface: polished black reflective acrylic. Lighting: single hard key light with controlled fill. Camera: gentle top-down descending move. No abstract shapes, no glass orbs, no crystal balls, no surreal spheres, no CGI blobs, no nebula, no galaxies, no fantasy energy, no particle portals, no impossible geometry, no melting objects, no dreamscape, no people, no faces, no hands, no bare skin, no needles penetrating skin, no injection act, no clinic patient scene, no gym, no lifestyle, no wellness claims, no nicknames, no supplements aesthetic. Quality: ultra detailed, extremely detailed, hyper-detailed, razor sharp focus, tack sharp, crystal clear, ultra sharp, 8k resolution, photorealistic, hyperrealistic, ultra realistic, HDR. creation motif 051/250 · LAB-051. Keep product identity and any on-screen research typography sharp and unchanged. For laboratory research use only. Not for human use or consumption.",Active,0,
PBVita-Lab-052,52,LAB-052,research_pens,transparent research pen showing internal mechanism,gears/dial visible through clear housing,"transparent research pen showing internal mechanism on matte pure white infinity surface, soft overhead softbox, even catalog lighting, locked tripod hero frame with subtle push",12,"ultra detailed, extremely detailed, hyper-detailed, razor sharp focus, tack sharp, crystal clear, ultra sharp, 8k resolution, photorealistic, hyperrealistic, ultra realistic, HDR",9:16,8,1080p,grok-imagine-image-quality,grok-imagine-video-1.5,2k,"Photoreal vertical 9:16 Palm Beach Vitality laboratory research catalog film, chemical research material only, premium American research aesthetic. PRIMARY SUBJECT (must be clearly recognizable, real laboratory object, sharp and centered): transparent research pen showing internal mechanism. Physical detail: gears/dial visible through clear housing. Setting surface: matte pure white infinity surface. Lighting: soft overhead softbox, even catalog lighting. Camera: locked tripod hero frame with subtle push. No abstract shapes, no glass orbs, no crystal balls, no surreal spheres, no CGI blobs, no nebula, no galaxies, no fantasy energy, no particle portals, no impossible geometry, no melting objects, no dreamscape, no people, no faces, no hands, no bare skin, no needles penetrating skin, no injection act, no clinic patient scene, no gym, no lifestyle, no wellness claims, no nicknames, no supplements aesthetic. Quality: ultra detailed, extremely detailed, hyper-detailed, razor sharp focus, tack sharp, crystal clear, ultra sharp, 8k resolution, photorealistic, hyperrealistic, ultra realistic, HDR. creation motif 052/250 · LAB-052. Keep product identity and any on-screen research typography sharp and unchanged. For laboratory research use only. Not for human use or consumption.",Active,0,
PBVita-Lab-053,53,LAB-053,research_pens,research pen on folded sterile wrap paper,"medical-grade wrap texture, product only","research pen on folded sterile wrap paper on brushed stainless steel lab bench, warm neutral side light, still clinical, low angle tracking slide",12,"ultra detailed, extremely detailed, hyper-detailed, razor sharp focus, tack sharp, crystal clear, ultra sharp, 8k resolution, photorealistic, hyperrealistic, ultra realistic, HDR",9:16,8,1080p,grok-imagine-image-quality,grok-imagine-video-1.5,2k,"Photoreal vertical 9:16 Palm Beach Vitality laboratory research catalog film, chemical research material only, premium American research aesthetic. PRIMARY SUBJECT (must be clearly recognizable, real laboratory object, sharp and centered): research pen on folded sterile wrap paper. Physical detail: medical-grade wrap texture, product only. Setting surface: brushed stainless steel lab bench. Lighting: warm neutral side light, still clinical. Camera: low angle tracking slide. No abstract shapes, no glass orbs, no crystal balls, no surreal spheres, no CGI blobs, no nebula, no galaxies, no fantasy energy, no particle portals, no impossible geometry, no melting objects, no dreamscape, no people, no faces, no hands, no bare skin, no needles penetrating skin, no injection act, no clinic patient scene, no gym, no lifestyle, no wellness claims, no nicknames, no supplements aesthetic. Quality: ultra detailed, extremely detailed, hyper-detailed, razor sharp focus, tack sharp, crystal clear, ultra sharp, 8k resolution, photorealistic, hyperrealistic, ultra realistic, HDR. creation motif 053/250 · LAB-053. Keep product identity and any on-screen research typography sharp and unchanged. For laboratory research use only. Not for human use or consumption.",Active,0,
PBVita-Lab-054,54,LAB-054,research_pens,research pen low-angle hero on concrete lab bench,premium American lab aesthetic,"research pen low-angle hero on concrete lab bench on dark charcoal epoxy resin countertop, split soft key and gentle bounce, circular arc that never fully completes",12,"ultra detailed, extremely detailed, hyper-detailed, razor sharp focus, tack sharp, crystal clear, ultra sharp, 8k resolution, photorealistic, hyperrealistic, ultra realistic, HDR",9:16,8,1080p,grok-imagine-image-quality,grok-imagine-video-1.5,2k,"Photoreal vertical 9:16 Palm Beach Vitality laboratory research catalog film, chemical research material only, premium American research aesthetic. PRIMARY SUBJECT (must be clearly recognizable, real laboratory object, sharp and centered): research pen low-angle hero on concrete lab bench. Physical detail: premium American lab aesthetic. Setting surface: dark charcoal epoxy resin countertop. Lighting: split soft key and gentle bounce. Camera: circular arc that never fully completes. No abstract shapes, no glass orbs, no crystal balls, no surreal spheres, no CGI blobs, no nebula, no galaxies, no fantasy energy, no particle portals, no impossible geometry, no melting objects, no dreamscape, no people, no faces, no hands, no bare skin, no needles penetrating skin, no injection act, no clinic patient scene, no gym, no lifestyle, no wellness claims, no nicknames, no supplements aesthetic. Quality: ultra detailed, extremely detailed, hyper-detailed, razor sharp focus, tack sharp, crystal clear, ultra sharp, 8k resolution, photorealistic, hyperrealistic, ultra realistic, HDR. creation motif 054/250 · LAB-054. Keep product identity and any on-screen research typography sharp and unchanged. For laboratory research use only. Not for human use or consumption.",Active,0,
PBVita-Lab-055,55,LAB-055,research_pens,research pen next to empty packaging tray,thermoformed tray and pen,"research pen next to empty packaging tray on cool gray ceramic tile, high-key seamless catalog lighting, vertical rise from base to label",12,"ultra detailed, extremely detailed, hyper-detailed, razor sharp focus, tack sharp, crystal clear, ultra sharp, 8k resolution, photorealistic, hyperrealistic, ultra realistic, HDR",9:16,8,1080p,grok-imagine-image-quality,grok-imagine-video-1.5,2k,"Photoreal vertical 9:16 Palm Beach Vitality laboratory research catalog film, chemical research material only, premium American research aesthetic. PRIMARY SUBJECT (must be clearly recognizable, real laboratory object, sharp and centered): research pen next to empty packaging tray. Physical detail: thermoformed tray and pen. Setting surface: cool gray ceramic tile. Lighting: high-key seamless catalog lighting. Camera: vertical rise from base to label. No abstract shapes, no glass orbs, no crystal balls, no surreal spheres, no CGI blobs, no nebula, no galaxies, no fantasy energy, no particle portals, no impossible geometry, no melting objects, no dreamscape, no people, no faces, no hands, no bare skin, no needles penetrating skin, no injection act, no clinic patient scene, no gym, no lifestyle, no wellness claims, no nicknames, no supplements aesthetic. Quality: ultra detailed, extremely detailed, hyper-detailed, razor sharp focus, tack sharp, crystal clear, ultra sharp, 8k resolution, photorealistic, hyperrealistic, ultra realistic, HDR. creation motif 055/250 · LAB-055. Keep product identity and any on-screen research typography sharp and unchanged. For laboratory research use only. Not for human use or consumption.",Active,0,
PBVita-Lab-056,56,LAB-056,research_pens,dual research pens crossed at 15 degrees,"minimal overlap, symmetric composition","dual research pens crossed at 15 degrees on mirrored chrome instrument tray, low-key selective highlight on glass edges, fast resolve into locked hero frame",12,"ultra detailed, extremely detailed, hyper-detailed, razor sharp focus, tack sharp, crystal clear, ultra sharp, 8k resolution, photorealistic, hyperrealistic, ultra realistic, HDR",9:16,8,1080p,grok-imagine-image-quality,grok-imagine-video-1.5,2k,"Photoreal vertical 9:16 Palm Beach Vitality laboratory research catalog film, chemical research material only, premium American research aesthetic. PRIMARY SUBJECT (must be clearly recognizable, real laboratory object, sharp and centered): dual research pens crossed at 15 degrees. Physical detail: minimal overlap, symmetric composition. Setting surface: mirrored chrome instrument tray. Lighting: low-key selective highlight on glass edges. Camera: fast resolve into locked hero frame. No abstract shapes, no glass orbs, no crystal balls, no surreal spheres, no CGI blobs, no nebula, no galaxies, no fantasy energy, no particle portals, no impossible geometry, no melting objects, no dreamscape, no people, no faces, no hands, no bare skin, no needles penetrating skin, no injection act, no clinic patient scene, no gym, no lifestyle, no wellness claims, no nicknames, no supplements aesthetic. Quality: ultra detailed, extremely detailed, hyper-detailed, razor sharp focus, tack sharp, crystal clear, ultra sharp, 8k resolution, photorealistic, hyperrealistic, ultra realistic, HDR. creation motif 056/250 · LAB-056. Keep product identity and any on-screen research typography sharp and unchanged. For laboratory research use only. Not for human use or consumption.",Active,0,
PBVita-Lab-057,57,LAB-057,research_pens,research pen with color-coded ring marker,ring marker as inventory ID only,"research pen with color-coded ring marker on white melamine cleanroom table, soft rim light from behind, slow 360 degree orbit at eye level",12,"ultra detailed, extremely detailed, hyper-detailed, razor sharp focus, tack sharp, crystal clear, ultra sharp, 8k resolution, photorealistic, hyperrealistic, ultra realistic, HDR",9:16,8,1080p,grok-imagine-image-quality,grok-imagine-video-1.5,2k,"Photoreal vertical 9:16 Palm Beach Vitality laboratory research catalog film, chemical research material only, premium American research aesthetic. PRIMARY SUBJECT (must be clearly recognizable, real laboratory object, sharp and centered): research pen with color-coded ring marker. Physical detail: ring marker as inventory ID only. Setting surface: white melamine cleanroom table. Lighting: soft rim light from behind. Camera: slow 360 degree orbit at eye level. No abstract shapes, no glass orbs, no crystal balls, no surreal spheres, no CGI blobs, no nebula, no galaxies, no fantasy energy, no particle portals, no impossible geometry, no melting objects, no dreamscape, no people, no faces, no hands, no bare skin, no needles penetrating skin, no injection act, no clinic patient scene, no gym, no lifestyle, no wellness claims, no nicknames, no supplements aesthetic. Quality: ultra detailed, extremely detailed, hyper-detailed, razor sharp focus, tack sharp, crystal clear, ultra sharp, 8k resolution, photorealistic, hyperrealistic, ultra realistic, HDR. creation motif 057/250 · LAB-057. Keep product identity and any on-screen research typography sharp and unchanged. For laboratory research use only. Not for human use or consumption.",Active,0,
PBVita-Lab-058,58,LAB-058,research_pens,research pen barrel filled with clear solution,optical clarity of liquid emphasized,"research pen barrel filled with clear solution on textured slate sample board, cool clinical blue-white LED, extreme macro push-in",12,"ultra detailed, extremely detailed, hyper-detailed, razor sharp focus, tack sharp, crystal clear, ultra sharp, 8k resolution, photorealistic, hyperrealistic, ultra realistic, HDR",9:16,8,1080p,grok-imagine-image-quality,grok-imagine-video-1.5,2k,"Photoreal vertical 9:16 Palm Beach Vitality laboratory research catalog film, chemical research material only, premium American research aesthetic. PRIMARY SUBJECT (must be clearly recognizable, real laboratory object, sharp and centered): research pen barrel filled with clear solution. Physical detail: optical clarity of liquid emphasized. Setting surface: textured slate sample board. Lighting: cool clinical blue-white LED. Camera: extreme macro push-in. No abstract shapes, no glass orbs, no crystal balls, no surreal spheres, no CGI blobs, no nebula, no galaxies, no fantasy energy, no particle portals, no impossible geometry, no melting objects, no dreamscape, no people, no faces, no hands, no bare skin, no needles penetrating skin, no injection act, no clinic patient scene, no gym, no lifestyle, no wellness claims, no nicknames, no supplements aesthetic. Quality: ultra detailed, extremely detailed, hyper-detailed, razor sharp focus, tack sharp, crystal clear, ultra sharp, 8k resolution, photorealistic, hyperrealistic, ultra realistic, HDR. creation motif 058/250 · LAB-058. Keep product identity and any on-screen research typography sharp and unchanged. For laboratory research use only. Not for human use or consumption.",Active,0,
PBVita-Lab-059,59,LAB-059,research_pens,research pen on white infinity cyclorama,pure catalog seamless background,"research pen on white infinity cyclorama on soft gray seamless paper backdrop, single hard key light with controlled fill, gentle top-down descending move",12,"ultra detailed, extremely detailed, hyper-detailed, razor sharp focus, tack sharp, crystal clear, ultra sharp, 8k resolution, photorealistic, hyperrealistic, ultra realistic, HDR",9:16,8,1080p,grok-imagine-image-quality,grok-imagine-video-1.5,2k,"Photoreal vertical 9:16 Palm Beach Vitality laboratory research catalog film, chemical research material only, premium American research aesthetic. PRIMARY SUBJECT (must be clearly recognizable, real laboratory object, sharp and centered): research pen on white infinity cyclorama. Physical detail: pure catalog seamless background. Setting surface: soft gray seamless paper backdrop. Lighting: single hard key light with controlled fill. Camera: gentle top-down descending move. No abstract shapes, no glass orbs, no crystal balls, no surreal spheres, no CGI blobs, no nebula, no galaxies, no fantasy energy, no particle portals, no impossible geometry, no melting objects, no dreamscape, no people, no faces, no hands, no bare skin, no needles penetrating skin, no injection act, no clinic patient scene, no gym, no lifestyle, no wellness claims, no nicknames, no supplements aesthetic. Quality: ultra detailed, extremely detailed, hyper-detailed, razor sharp focus, tack sharp, crystal clear, ultra sharp, 8k resolution, photorealistic, hyperrealistic, ultra realistic, HDR. creation motif 059/250 · LAB-059. Keep product identity and any on-screen research typography sharp and unchanged. For laboratory research use only. Not for human use or consumption.",Active,0,
PBVita-Lab-060,60,LAB-060,research_pens,research pen silhouette edge-lit,"rim light outlining form, dark field","research pen silhouette edge-lit on anodized aluminum tray, soft overhead softbox, even catalog lighting, locked tripod hero frame with subtle push",12,"ultra detailed, extremely detailed, hyper-detailed, razor sharp focus, tack sharp, crystal clear, ultra sharp, 8k resolution, photorealistic, hyperrealistic, ultra realistic, HDR",9:16,8,1080p,grok-imagine-image-quality,grok-imagine-video-1.5,2k,"Photoreal vertical 9:16 Palm Beach Vitality laboratory research catalog film, chemical research material only, premium American research aesthetic. PRIMARY SUBJECT (must be clearly recognizable, real laboratory object, sharp and centered): research pen silhouette edge-lit. Physical detail: rim light outlining form, dark field. Setting surface: anodized aluminum tray. Lighting: soft overhead softbox, even catalog lighting. Camera: locked tripod hero frame with subtle push. No abstract shapes, no glass orbs, no crystal balls, no surreal spheres, no CGI blobs, no nebula, no galaxies, no fantasy energy, no particle portals, no impossible geometry, no melting objects, no dreamscape, no people, no faces, no hands, no bare skin, no needles penetrating skin, no injection act, no clinic patient scene, no gym, no lifestyle, no wellness claims, no nicknames, no supplements aesthetic. Quality: ultra detailed, extremely detailed, hyper-detailed, razor sharp focus, tack sharp, crystal clear, ultra sharp, 8k resolution, photorealistic, hyperrealistic, ultra realistic, HDR. creation motif 060/250 · LAB-060. Keep product identity and any on-screen research typography sharp and unchanged. For laboratory research use only. Not for human use or consumption.",Active,0,
PBVita-Lab-061,61,LAB-061,research_pens,compact travel research pen shorter body,"shorter form factor, capped","compact travel research pen shorter body on polished black reflective acrylic, warm neutral side light, still clinical, low angle tracking slide",12,"ultra detailed, extremely detailed, hyper-detailed, razor sharp focus, tack sharp, crystal clear, ultra sharp, 8k resolution, photorealistic, hyperrealistic, ultra realistic, HDR",9:16,8,1080p,grok-imagine-image-quality,grok-imagine-video-1.5,2k,"Photoreal vertical 9:16 Palm Beach Vitality laboratory research catalog film, chemical research material only, premium American research aesthetic. PRIMARY SUBJECT (must be clearly recognizable, real laboratory object, sharp and centered): compact travel research pen shorter body. Physical detail: shorter form factor, capped. Setting surface: polished black reflective acrylic. Lighting: warm neutral side light, still clinical. Camera: low angle tracking slide. No abstract shapes, no glass orbs, no crystal balls, no surreal spheres, no CGI blobs, no nebula, no galaxies, no fantasy energy, no particle portals, no impossible geometry, no melting objects, no dreamscape, no people, no faces, no hands, no bare skin, no needles penetrating skin, no injection act, no clinic patient scene, no gym, no lifestyle, no wellness claims, no nicknames, no supplements aesthetic. Quality: ultra detailed, extremely detailed, hyper-detailed, razor sharp focus, tack sharp, crystal clear, ultra sharp, 8k resolution, photorealistic, hyperrealistic, ultra realistic, HDR. creation motif 061/250 · LAB-061. Keep product identity and any on-screen research typography sharp and unchanged. For laboratory research use only. Not for human use or consumption.",Active,0,
PBVita-Lab-062,62,LAB-062,research_pens,research pen components laid out as kit,"barrel, cartridge, cap arranged linearly","research pen components laid out as kit on matte pure white infinity surface, split soft key and gentle bounce, circular arc that never fully completes",12,"ultra detailed, extremely detailed, hyper-detailed, razor sharp focus, tack sharp, crystal clear, ultra sharp, 8k resolution, photorealistic, hyperrealistic, ultra realistic, HDR",9:16,8,1080p,grok-imagine-image-quality,grok-imagine-video-1.5,2k,"Photoreal vertical 9:16 Palm Beach Vitality laboratory research catalog film, chemical research material only, premium American research aesthetic. PRIMARY SUBJECT (must be clearly recognizable, real laboratory object, sharp and centered): research pen components laid out as kit. Physical detail: barrel, cartridge, cap arranged linearly. Setting surface: matte pure white infinity surface. Lighting: split soft key and gentle bounce. Camera: circular arc that never fully completes. No abstract shapes, no glass orbs, no crystal balls, no surreal spheres, no CGI blobs, no nebula, no galaxies, no fantasy energy, no particle portals, no impossible geometry, no melting objects, no dreamscape, no people, no faces, no hands, no bare skin, no needles penetrating skin, no injection act, no clinic patient scene, no gym, no lifestyle, no wellness claims, no nicknames, no supplements aesthetic. Quality: ultra detailed, extremely detailed, hyper-detailed, razor sharp focus, tack sharp, crystal clear, ultra sharp, 8k resolution, photorealistic, hyperrealistic, ultra realistic, HDR. creation motif 062/250 · LAB-062. Keep product identity and any on-screen research typography sharp and unchanged. For laboratory research use only. Not for human use or consumption.",Active,0,
PBVita-Lab-063,63,LAB-063,research_pens,research pen clipped to lab coat pocket fabric still,"fabric swatch only, no person","research pen clipped to lab coat pocket fabric still on brushed stainless steel lab bench, high-key seamless catalog lighting, vertical rise from base to label",12,"ultra detailed, extremely detailed, hyper-detailed, razor sharp focus, tack sharp, crystal clear, ultra sharp, 8k resolution, photorealistic, hyperrealistic, ultra realistic, HDR",9:16,8,1080p,grok-imagine-image-quality,grok-imagine-video-1.5,2k,"Photoreal vertical 9:16 Palm Beach Vitality laboratory research catalog film, chemical research material only, premium American research aesthetic. PRIMARY SUBJECT (must be clearly recognizable, real laboratory object, sharp and centered): research pen clipped to lab coat pocket fabric still. Physical detail: fabric swatch only, no person. Setting surface: brushed stainless steel lab bench. Lighting: high-key seamless catalog lighting. Camera: vertical rise from base to label. No abstract shapes, no glass orbs, no crystal balls, no surreal spheres, no CGI blobs, no nebula, no galaxies, no fantasy energy, no particle portals, no impossible geometry, no melting objects, no dreamscape, no people, no faces, no hands, no bare skin, no needles penetrating skin, no injection act, no clinic patient scene, no gym, no lifestyle, no wellness claims, no nicknames, no supplements aesthetic. Quality: ultra detailed, extremely detailed, hyper-detailed, razor sharp focus, tack sharp, crystal clear, ultra sharp, 8k resolution, photorealistic, hyperrealistic, ultra realistic, HDR. creation motif 063/250 · LAB-063. Keep product identity and any on-screen research typography sharp and unchanged. For laboratory research use only. Not for human use or consumption.",Active,0,
PBVita-Lab-064,64,LAB-064,research_pens,research pen on brushed aluminum tray,"anodized tray, clinical metal","research pen on brushed aluminum tray on dark charcoal epoxy resin countertop, low-key selective highlight on glass edges, fast resolve into locked hero frame",12,"ultra detailed, extremely detailed, hyper-detailed, razor sharp focus, tack sharp, crystal clear, ultra sharp, 8k resolution, photorealistic, hyperrealistic, ultra realistic, HDR",9:16,8,1080p,grok-imagine-image-quality,grok-imagine-video-1.5,2k,"Photoreal vertical 9:16 Palm Beach Vitality laboratory research catalog film, chemical research material only, premium American research aesthetic. PRIMARY SUBJECT (must be clearly recognizable, real laboratory object, sharp and centered): research pen on brushed aluminum tray. Physical detail: anodized tray, clinical metal. Setting surface: dark charcoal epoxy resin countertop. Lighting: low-key selective highlight on glass edges. Camera: fast resolve into locked hero frame. No abstract shapes, no glass orbs, no crystal balls, no surreal spheres, no CGI blobs, no nebula, no galaxies, no fantasy energy, no particle portals, no impossible geometry, no melting objects, no dreamscape, no people, no faces, no hands, no bare skin, no needles penetrating skin, no injection act, no clinic patient scene, no gym, no lifestyle, no wellness claims, no nicknames, no supplements aesthetic. Quality: ultra detailed, extremely detailed, hyper-detailed, razor sharp focus, tack sharp, crystal clear, ultra sharp, 8k resolution, photorealistic, hyperrealistic, ultra realistic, HDR. creation motif 064/250 · LAB-064. Keep product identity and any on-screen research typography sharp and unchanged. For laboratory research use only. Not for human use or consumption.",Active,0,
PBVita-Lab-065,65,LAB-065,research_pens,research pen with protective tip shield locked,"safety shield engaged, product-safe","research pen with protective tip shield locked on cool gray ceramic tile, soft rim light from behind, slow 360 degree orbit at eye level",12,"ultra detailed, extremely detailed, hyper-detailed, razor sharp focus, tack sharp, crystal clear, ultra sharp, 8k resolution, photorealistic, hyperrealistic, ultra realistic, HDR",9:16,8,1080p,grok-imagine-image-quality,grok-imagine-video-1.5,2k,"Photoreal vertical 9:16 Palm Beach Vitality laboratory research catalog film, chemical research material only, premium American research aesthetic. PRIMARY SUBJECT (must be clearly recognizable, real laboratory object, sharp and centered): research pen with protective tip shield locked. Physical detail: safety shield engaged, product-safe. Setting surface: cool gray ceramic tile. Lighting: soft rim light from behind. Camera: slow 360 degree orbit at eye level. No abstract shapes, no glass orbs, no crystal balls, no surreal spheres, no CGI blobs, no nebula, no galaxies, no fantasy energy, no particle portals, no impossible geometry, no melting objects, no dreamscape, no people, no faces, no hands, no bare skin, no needles penetrating skin, no injection act, no clinic patient scene, no gym, no lifestyle, no wellness claims, no nicknames, no supplements aesthetic. Quality: ultra detailed, extremely detailed, hyper-detailed, razor sharp focus, tack sharp, crystal clear, ultra sharp, 8k resolution, photorealistic, hyperrealistic, ultra realistic, HDR. creation motif 065/250 · LAB-065. Keep product identity and any on-screen research typography sharp and unchanged. For laboratory research use only. Not for human use or consumption.",Active,0,
PBVita-Lab-066,66,LAB-066,glassware,borosilicate Erlenmeyer flask 250ml empty,"classic flask, frosted marking spot","borosilicate Erlenmeyer flask 250ml empty on mirrored chrome instrument tray, cool clinical blue-white LED, extreme macro push-in",12,"ultra detailed, extremely detailed, hyper-detailed, razor sharp focus, tack sharp, crystal clear, ultra sharp, 8k resolution, photorealistic, hyperrealistic, ultra realistic, HDR",9:16,8,1080p,grok-imagine-image-quality,grok-imagine-video-1.5,2k,"Photoreal vertical 9:16 Palm Beach Vitality laboratory research catalog film, chemical research material only, premium American research aesthetic. PRIMARY SUBJECT (must be clearly recognizable, real laboratory object, sharp and centered): borosilicate Erlenmeyer flask 250ml empty. Physical detail: classic flask, frosted marking spot. Setting surface: mirrored chrome instrument tray. Lighting: cool clinical blue-white LED. Camera: extreme macro push-in. No abstract shapes, no glass orbs, no crystal balls, no surreal spheres, no CGI blobs, no nebula, no galaxies, no fantasy energy, no particle portals, no impossible geometry, no melting objects, no dreamscape, no people, no faces, no hands, no bare skin, no needles penetrating skin, no injection act, no clinic patient scene, no gym, no lifestyle, no wellness claims, no nicknames, no supplements aesthetic. Quality: ultra detailed, extremely detailed, hyper-detailed, razor sharp focus, tack sharp, crystal clear, ultra sharp, 8k resolution, photorealistic, hyperrealistic, ultra realistic, HDR. creation motif 066/250 · LAB-066. Keep product identity and any on-screen research typography sharp and unchanged. For laboratory research use only. Not for human use or consumption.",Active,0,
PBVita-Lab-067,67,LAB-067,glassware,Erlenmeyer flask with clear buffer solution,"liquid to marked line, no foam overflow","Erlenmeyer flask with clear buffer solution on white melamine cleanroom table, single hard key light with controlled fill, gentle top-down descending move",12,"ultra detailed, extremely detailed, hyper-detailed, razor sharp focus, tack sharp, crystal clear, ultra sharp, 8k resolution, photorealistic, hyperrealistic, ultra realistic, HDR",9:16,8,1080p,grok-imagine-image-quality,grok-imagine-video-1.5,2k,"Photoreal vertical 9:16 Palm Beach Vitality laboratory research catalog film, chemical research material only, premium American research aesthetic. PRIMARY SUBJECT (must be clearly recognizable, real laboratory object, sharp and centered): Erlenmeyer flask with clear buffer solution. Physical detail: liquid to marked line, no foam overflow. Setting surface: white melamine cleanroom table. Lighting: single hard key light with controlled fill. Camera: gentle top-down descending move. No abstract shapes, no glass orbs, no crystal balls, no surreal spheres, no CGI blobs, no nebula, no galaxies, no fantasy energy, no particle portals, no impossible geometry, no melting objects, no dreamscape, no people, no faces, no hands, no bare skin, no needles penetrating skin, no injection act, no clinic patient scene, no gym, no lifestyle, no wellness claims, no nicknames, no supplements aesthetic. Quality: ultra detailed, extremely detailed, hyper-detailed, razor sharp focus, tack sharp, crystal clear, ultra sharp, 8k resolution, photorealistic, hyperrealistic, ultra realistic, HDR. creation motif 067/250 · LAB-067. Keep product identity and any on-screen research typography sharp and unchanged. For laboratory research use only. Not for human use or consumption.",Active,0,
PBVita-Lab-068,68,LAB-068,glassware,volumetric flask with stopper,"class A volumetric flask, ground glass stopper","volumetric flask with stopper on textured slate sample board, soft overhead softbox, even catalog lighting, locked tripod hero frame with subtle push",12,"ultra detailed, extremely detailed, hyper-detailed, razor sharp focus, tack sharp, crystal clear, ultra sharp, 8k resolution, photorealistic, hyperrealistic, ultra realistic, HDR",9:16,8,1080p,grok-imagine-image-quality,grok-imagine-video-1.5,2k,"Photoreal vertical 9:16 Palm Beach Vitality laboratory research catalog film, chemical research material only, premium American research aesthetic. PRIMARY SUBJECT (must be clearly recognizable, real laboratory object, sharp and centered): volumetric flask with stopper. Physical detail: class A volumetric flask, ground glass stopper. Setting surface: textured slate sample board. Lighting: soft overhead softbox, even catalog lighting. Camera: locked tripod hero frame with subtle push. No abstract shapes, no glass orbs, no crystal balls, no surreal spheres, no CGI blobs, no nebula, no galaxies, no fantasy energy, no particle portals, no impossible geometry, no melting objects, no dreamscape, no people, no faces, no hands, no bare skin, no needles penetrating skin, no injection act, no clinic patient scene, no gym, no lifestyle, no wellness claims, no nicknames, no supplements aesthetic. Quality: ultra detailed, extremely detailed, hyper-detailed, razor sharp focus, tack sharp, crystal clear, ultra sharp, 8k resolution, photorealistic, hyperrealistic, ultra realistic, HDR. creation motif 068/250 · LAB-068. Keep product identity and any on-screen research typography sharp and unchanged. For laboratory research use only. Not for human use or consumption.",Active,0,
PBVita-Lab-069,69,LAB-069,glassware,graduated cylinder 100ml on stand,clear graduations facing camera,"graduated cylinder 100ml on stand on soft gray seamless paper backdrop, warm neutral side light, still clinical, low angle tracking slide",12,"ultra detailed, extremely detailed, hyper-detailed, razor sharp focus, tack sharp, crystal clear, ultra sharp, 8k resolution, photorealistic, hyperrealistic, ultra realistic, HDR",9:16,8,1080p,grok-imagine-image-quality,grok-imagine-video-1.5,2k,"Photoreal vertical 9:16 Palm Beach Vitality laboratory research catalog film, chemical research material only, premium American research aesthetic. PRIMARY SUBJECT (must be clearly recognizable, real laboratory object, sharp and centered): graduated cylinder 100ml on stand. Physical detail: clear graduations facing camera. Setting surface: soft gray seamless paper backdrop. Lighting: warm neutral side light, still clinical. Camera: low angle tracking slide. No abstract shapes, no glass orbs, no crystal balls, no surreal spheres, no CGI blobs, no nebula, no galaxies, no fantasy energy, no particle portals, no impossible geometry, no melting objects, no dreamscape, no people, no faces, no hands, no bare skin, no needles penetrating skin, no injection act, no clinic patient scene, no gym, no lifestyle, no wellness claims, no nicknames, no supplements aesthetic. Quality: ultra detailed, extremely detailed, hyper-detailed, razor sharp focus, tack sharp, crystal clear, ultra sharp, 8k resolution, photorealistic, hyperrealistic, ultra realistic, HDR. creation motif 069/250 · LAB-069. Keep product identity and any on-screen research typography sharp and unchanged. For laboratory research use only. Not for human use or consumption.",Active,0,
PBVita-Lab-070,70,LAB-070,glassware,beaker 600ml with pouring spout,"heavy wall beaker, spout detail","beaker 600ml with pouring spout on anodized aluminum tray, split soft key and gentle bounce, circular arc that never fully completes",12,"ultra detailed, extremely detailed, hyper-detailed, razor sharp focus, tack sharp, crystal clear, ultra sharp, 8k resolution, photorealistic, hyperrealistic, ultra realistic, HDR",9:16,8,1080p,grok-imagine-image-quality,grok-imagine-video-1.5,2k,"Photoreal vertical 9:16 Palm Beach Vitality laboratory research catalog film, chemical research material only, premium American research aesthetic. PRIMARY SUBJECT (must be clearly recognizable, real laboratory object, sharp and centered): beaker 600ml with pouring spout. Physical detail: heavy wall beaker, spout detail. Setting surface: anodized aluminum tray. Lighting: split soft key and gentle bounce. Camera: circular arc that never fully completes. No abstract shapes, no glass orbs, no crystal balls, no surreal spheres, no CGI blobs, no nebula, no galaxies, no fantasy energy, no particle portals, no impossible geometry, no melting objects, no dreamscape, no people, no faces, no hands, no bare skin, no needles penetrating skin, no injection act, no clinic patient scene, no gym, no lifestyle, no wellness claims, no nicknames, no supplements aesthetic. Quality: ultra detailed, extremely detailed, hyper-detailed, razor sharp focus, tack sharp, crystal clear, ultra sharp, 8k resolution, photorealistic, hyperrealistic, ultra realistic, HDR. creation motif 070/250 · LAB-070. Keep product identity and any on-screen research typography sharp and unchanged. For laboratory research use only. Not for human use or consumption.",Active,0,
PBVita-Lab-071,71,LAB-071,glassware,beaker nest set of three,"stacked sizes, clinical arrangement","beaker nest set of three on polished black reflective acrylic, high-key seamless catalog lighting, vertical rise from base to label",12,"ultra detailed, extremely detailed, hyper-detailed, razor sharp focus, tack sharp, crystal clear, ultra sharp, 8k resolution, photorealistic, hyperrealistic, ultra realistic, HDR",9:16,8,1080p,grok-imagine-image-quality,grok-imagine-video-1.5,2k,"Photoreal vertical 9:16 Palm Beach Vitality laboratory research catalog film, chemical research material only, premium American research aesthetic. PRIMARY SUBJECT (must be clearly recognizable, real laboratory object, sharp and centered): beaker nest set of three. Physical detail: stacked sizes, clinical arrangement. Setting surface: polished black reflective acrylic. Lighting: high-key seamless catalog lighting. Camera: vertical rise from base to label. No abstract shapes, no glass orbs, no crystal balls, no surreal spheres, no CGI blobs, no nebula, no galaxies, no fantasy energy, no particle portals, no impossible geometry, no melting objects, no dreamscape, no people, no faces, no hands, no bare skin, no needles penetrating skin, no injection act, no clinic patient scene, no gym, no lifestyle, no wellness claims, no nicknames, no supplements aesthetic. Quality: ultra detailed, extremely detailed, hyper-detailed, razor sharp focus, tack sharp, crystal clear, ultra sharp, 8k resolution, photorealistic, hyperrealistic, ultra realistic, HDR. creation motif 071/250 · LAB-071. Keep product identity and any on-screen research typography sharp and unchanged. For laboratory research use only. Not for human use or consumption.",Active,0,
PBVita-Lab-072,72,LAB-072,glassware,round-bottom flask on cork ring,flask seated in cork support ring,"round-bottom flask on cork ring on matte pure white infinity surface, low-key selective highlight on glass edges, fast resolve into locked hero frame",12,"ultra detailed, extremely detailed, hyper-detailed, razor sharp focus, tack sharp, crystal clear, ultra sharp, 8k resolution, photorealistic, hyperrealistic, ultra realistic, HDR",9:16,8,1080p,grok-imagine-image-quality,grok-imagine-video-1.5,2k,"Photoreal vertical 9:16 Palm Beach Vitality laboratory research catalog film, chemical research material only, premium American research aesthetic. PRIMARY SUBJECT (must be clearly recognizable, real laboratory object, sharp and centered): round-bottom flask on cork ring. Physical detail: flask seated in cork support ring. Setting surface: matte pure white infinity surface. Lighting: low-key selective highlight on glass edges. Camera: fast resolve into locked hero frame. No abstract shapes, no glass orbs, no crystal balls, no surreal spheres, no CGI blobs, no nebula, no galaxies, no fantasy energy, no particle portals, no impossible geometry, no melting objects, no dreamscape, no people, no faces, no hands, no bare skin, no needles penetrating skin, no injection act, no clinic patient scene, no gym, no lifestyle, no wellness claims, no nicknames, no supplements aesthetic. Quality: ultra detailed, extremely detailed, hyper-detailed, razor sharp focus, tack sharp, crystal clear, ultra sharp, 8k resolution, photorealistic, hyperrealistic, ultra realistic, HDR. creation motif 072/250 · LAB-072. Keep product identity and any on-screen research typography sharp and unchanged. For laboratory research use only. Not for human use or consumption.",Active,0,
PBVita-Lab-073,73,LAB-073,glassware,three-neck flask dry,"complex glass joint geometry, product still","three-neck flask dry on brushed stainless steel lab bench, soft rim light from behind, slow 360 degree orbit at eye level",12,"ultra detailed, extremely detailed, hyper-detailed, razor sharp focus, tack sharp, crystal clear, ultra sharp, 8k resolution, photorealistic, hyperrealistic, ultra realistic, HDR",9:16,8,1080p,grok-imagine-image-quality,grok-imagine-video-1.5,2k,"Photoreal vertical 9:16 Palm Beach Vitality laboratory research catalog film, chemical research material only, premium American research aesthetic. PRIMARY SUBJECT (must be clearly recognizable, real laboratory object, sharp and centered): three-neck flask dry. Physical detail: complex glass joint geometry, product still. Setting surface: brushed stainless steel lab bench. Lighting: soft rim light from behind. Camera: slow 360 degree orbit at eye level. No abstract shapes, no glass orbs, no crystal balls, no surreal spheres, no CGI blobs, no nebula, no galaxies, no fantasy energy, no particle portals, no impossible geometry, no melting objects, no dreamscape, no people, no faces, no hands, no bare skin, no needles penetrating skin, no injection act, no clinic patient scene, no gym, no lifestyle, no wellness claims, no nicknames, no supplements aesthetic. Quality: ultra detailed, extremely detailed, hyper-detailed, razor sharp focus, tack sharp, crystal clear, ultra sharp, 8k resolution, photorealistic, hyperrealistic, ultra realistic, HDR. creation motif 073/250 · LAB-073. Keep product identity and any on-screen research typography sharp and unchanged. For laboratory research use only. Not for human use or consumption.",Active,0,
PBVita-Lab-074,74,LAB-074,glassware,condenser glass column horizontal,Liebig-style condenser as object,"condenser glass column horizontal on dark charcoal epoxy resin countertop, cool clinical blue-white LED, extreme macro push-in",12,"ultra detailed, extremely detailed, hyper-detailed, razor sharp focus, tack sharp, crystal clear, ultra sharp, 8k resolution, photorealistic, hyperrealistic, ultra realistic, HDR",9:16,8,1080p,grok-imagine-image-quality,grok-imagine-video-1.5,2k,"Photoreal vertical 9:16 Palm Beach Vitality laboratory research catalog film, chemical research material only, premium American research aesthetic. PRIMARY SUBJECT (must be clearly recognizable, real laboratory object, sharp and centered): condenser glass column horizontal. Physical detail: Liebig-style condenser as object. Setting surface: dark charcoal epoxy resin countertop. Lighting: cool clinical blue-white LED. Camera: extreme macro push-in. No abstract shapes, no glass orbs, no crystal balls, no surreal spheres, no CGI blobs, no nebula, no galaxies, no fantasy energy, no particle portals, no impossible geometry, no melting objects, no dreamscape, no people, no faces, no hands, no bare skin, no needles penetrating skin, no injection act, no clinic patient scene, no gym, no lifestyle, no wellness claims, no nicknames, no supplements aesthetic. Quality: ultra detailed, extremely detailed, hyper-detailed, razor sharp focus, tack sharp, crystal clear, ultra sharp, 8k resolution, photorealistic, hyperrealistic, ultra realistic, HDR. creation motif 074/250 · LAB-074. Keep product identity and any on-screen research typography sharp and unchanged. For laboratory research use only. Not for human use or consumption.",Active,0,
PBVita-Lab-075,75,LAB-075,glassware,separatory funnel closed stopcock,"pear-shaped funnel, PTFE stopcock","separatory funnel closed stopcock on cool gray ceramic tile, single hard key light with controlled fill, gentle top-down descending move",12,"ultra detailed, extremely detailed, hyper-detailed, razor sharp focus, tack sharp, crystal clear, ultra sharp, 8k resolution, photorealistic, hyperrealistic, ultra realistic, HDR",9:16,8,1080p,grok-imagine-image-quality,grok-imagine-video-1.5,2k,"Photoreal vertical 9:16 Palm Beach Vitality laboratory research catalog film, chemical research material only, premium American research aesthetic. PRIMARY SUBJECT (must be clearly recognizable, real laboratory object, sharp and centered): separatory funnel closed stopcock. Physical detail: pear-shaped funnel, PTFE stopcock. Setting surface: cool gray ceramic tile. Lighting: single hard key light with controlled fill. Camera: gentle top-down descending move. No abstract shapes, no glass orbs, no crystal balls, no surreal spheres, no CGI blobs, no nebula, no galaxies, no fantasy energy, no particle portals, no impossible geometry, no melting objects, no dreamscape, no people, no faces, no hands, no bare skin, no needles penetrating skin, no injection act, no clinic patient scene, no gym, no lifestyle, no wellness claims, no nicknames, no supplements aesthetic. Quality: ultra detailed, extremely detailed, hyper-detailed, razor sharp focus, tack sharp, crystal clear, ultra sharp, 8k resolution, photorealistic, hyperrealistic, ultra realistic, HDR. creation motif 075/250 · LAB-075. Keep product identity and any on-screen research typography sharp and unchanged. For laboratory research use only. Not for human use or consumption.",Active,0,
PBVita-Lab-076,76,LAB-076,glassware,Petri dish closed sterile,"clear dish, condensation-free","Petri dish closed sterile on mirrored chrome instrument tray, soft overhead softbox, even catalog lighting, locked tripod hero frame with subtle push",12,"ultra detailed, extremely detailed, hyper-detailed, razor sharp focus, tack sharp, crystal clear, ultra sharp, 8k resolution, photorealistic, hyperrealistic, ultra realistic, HDR",9:16,8,1080p,grok-imagine-image-quality,grok-imagine-video-1.5,2k,"Photoreal vertical 9:16 Palm Beach Vitality laboratory research catalog film, chemical research material only, premium American research aesthetic. PRIMARY SUBJECT (must be clearly recognizable, real laboratory object, sharp and centered): Petri dish closed sterile. Physical detail: clear dish, condensation-free. Setting surface: mirrored chrome instrument tray. Lighting: soft overhead softbox, even catalog lighting. Camera: locked tripod hero frame with subtle push. No abstract shapes, no glass orbs, no crystal balls, no surreal spheres, no CGI blobs, no nebula, no galaxies, no fantasy energy, no particle portals, no impossible geometry, no melting objects, no dreamscape, no people, no faces, no hands, no bare skin, no needles penetrating skin, no injection act, no clinic patient scene, no gym, no lifestyle, no wellness claims, no nicknames, no supplements aesthetic. Quality: ultra detailed, extremely detailed, hyper-detailed, razor sharp focus, tack sharp, crystal clear, ultra sharp, 8k resolution, photorealistic, hyperrealistic, ultra realistic, HDR. creation motif 076/250 · LAB-076. Keep product identity and any on-screen research typography sharp and unchanged. For laboratory research use only. Not for human use or consumption.",Active,0,
PBVita-Lab-077,77,LAB-077,glassware,stack of Petri dishes,"three dishes nested, label areas blank","stack of Petri dishes on white melamine cleanroom table, warm neutral side light, still clinical, low angle tracking slide",12,"ultra detailed, extremely detailed, hyper-detailed, razor sharp focus, tack sharp, crystal clear, ultra sharp, 8k resolution, photorealistic, hyperrealistic, ultra realistic, HDR",9:16,8,1080p,grok-imagine-image-quality,grok-imagine-video-1.5,2k,"Photoreal vertical 9:16 Palm Beach Vitality laboratory research catalog film, chemical research material only, premium American research aesthetic. PRIMARY SUBJECT (must be clearly recognizable, real laboratory object, sharp and centered): stack of Petri dishes. Physical detail: three dishes nested, label areas blank. Setting surface: white melamine cleanroom table. Lighting: warm neutral side light, still clinical. Camera: low angle tracking slide. No abstract shapes, no glass orbs, no crystal balls, no surreal spheres, no CGI blobs, no nebula, no galaxies, no fantasy energy, no particle portals, no impossible geometry, no melting objects, no dreamscape, no people, no faces, no hands, no bare skin, no needles penetrating skin, no injection act, no clinic patient scene, no gym, no lifestyle, no wellness claims, no nicknames, no supplements aesthetic. Quality: ultra detailed, extremely detailed, hyper-detailed, razor sharp focus, tack sharp, crystal clear, ultra sharp, 8k resolution, photorealistic, hyperrealistic, ultra realistic, HDR. creation motif 077/250 · LAB-077. Keep product identity and any on-screen research typography sharp and unchanged. For laboratory research use only. Not for human use or consumption.",Active,0,
PBVita-Lab-078,78,LAB-078,glassware,watch glass covering a beaker,classic cover glass still life,"watch glass covering a beaker on textured slate sample board, split soft key and gentle bounce, circular arc that never fully completes",12,"ultra detailed, extremely detailed, hyper-detailed, razor sharp focus, tack sharp, crystal clear, ultra sharp, 8k resolution, photorealistic, hyperrealistic, ultra realistic, HDR",9:16,8,1080p,grok-imagine-image-quality,grok-imagine-video-1.5,2k,"Photoreal vertical 9:16 Palm Beach Vitality laboratory research catalog film, chemical research material only, premium American research aesthetic. PRIMARY SUBJECT (must be clearly recognizable, real laboratory object, sharp and centered): watch glass covering a beaker. Physical detail: classic cover glass still life. Setting surface: textured slate sample board. Lighting: split soft key and gentle bounce. Camera: circular arc that never fully completes. No abstract shapes, no glass orbs, no crystal balls, no surreal spheres, no CGI blobs, no nebula, no galaxies, no fantasy energy, no particle portals, no impossible geometry, no melting objects, no dreamscape, no people, no faces, no hands, no bare skin, no needles penetrating skin, no injection act, no clinic patient scene, no gym, no lifestyle, no wellness claims, no nicknames, no supplements aesthetic. Quality: ultra detailed, extremely detailed, hyper-detailed, razor sharp focus, tack sharp, crystal clear, ultra sharp, 8k resolution, photorealistic, hyperrealistic, ultra realistic, HDR. creation motif 078/250 · LAB-078. Keep product identity and any on-screen research typography sharp and unchanged. For laboratory research use only. Not for human use or consumption.",Active,0,
PBVita-Lab-079,79,LAB-079,glassware,glass stirring rod on ceramic tile,"solid rod, fire-polished ends","glass stirring rod on ceramic tile on soft gray seamless paper backdrop, high-key seamless catalog lighting, vertical rise from base to label",12,"ultra detailed, extremely detailed, hyper-detailed, razor sharp focus, tack sharp, crystal clear, ultra sharp, 8k resolution, photorealistic, hyperrealistic, ultra realistic, HDR",9:16,8,1080p,grok-imagine-image-quality,grok-imagine-video-1.5,2k,"Photoreal vertical 9:16 Palm Beach Vitality laboratory research catalog film, chemical research material only, premium American research aesthetic. PRIMARY SUBJECT (must be clearly recognizable, real laboratory object, sharp and centered): glass stirring rod on ceramic tile. Physical detail: solid rod, fire-polished ends. Setting surface: soft gray seamless paper backdrop. Lighting: high-key seamless catalog lighting. Camera: vertical rise from base to label. No abstract shapes, no glass orbs, no crystal balls, no surreal spheres, no CGI blobs, no nebula, no galaxies, no fantasy energy, no particle portals, no impossible geometry, no melting objects, no dreamscape, no people, no faces, no hands, no bare skin, no needles penetrating skin, no injection act, no clinic patient scene, no gym, no lifestyle, no wellness claims, no nicknames, no supplements aesthetic. Quality: ultra detailed, extremely detailed, hyper-detailed, razor sharp focus, tack sharp, crystal clear, ultra sharp, 8k resolution, photorealistic, hyperrealistic, ultra realistic, HDR. creation motif 079/250 · LAB-079. Keep product identity and any on-screen research typography sharp and unchanged. For laboratory research use only. Not for human use or consumption.",Active,0,
PBVita-Lab-080,80,LAB-080,glassware,reagent bottle with glass stopper,ground-glass stopper bottle,"reagent bottle with glass stopper on anodized aluminum tray, low-key selective highlight on glass edges, fast resolve into locked hero frame",12,"ultra detailed, extremely detailed, hyper-detailed, razor sharp focus, tack sharp, crystal clear, ultra sharp, 8k resolution, photorealistic, hyperrealistic, ultra realistic, HDR",9:16,8,1080p,grok-imagine-image-quality,grok-imagine-video-1.5,2k,"Photoreal vertical 9:16 Palm Beach Vitality laboratory research catalog film, chemical research material only, premium American research aesthetic. PRIMARY SUBJECT (must be clearly recognizable, real laboratory object, sharp and centered): reagent bottle with glass stopper. Physical detail: ground-glass stopper bottle. Setting surface: anodized aluminum tray. Lighting: low-key selective highlight on glass edges. Camera: fast resolve into locked hero frame. No abstract shapes, no glass orbs, no crystal balls, no surreal spheres, no CGI blobs, no nebula, no galaxies, no fantasy energy, no particle portals, no impossible geometry, no melting objects, no dreamscape, no people, no faces, no hands, no bare skin, no needles penetrating skin, no injection act, no clinic patient scene, no gym, no lifestyle, no wellness claims, no nicknames, no supplements aesthetic. Quality: ultra detailed, extremely detailed, hyper-detailed, razor sharp focus, tack sharp, crystal clear, ultra sharp, 8k resolution, photorealistic, hyperrealistic, ultra realistic, HDR. creation motif 080/250 · LAB-080. Keep product identity and any on-screen research typography sharp and unchanged. For laboratory research use only. Not for human use or consumption.",Active,0,
PBVita-Lab-081,81,LAB-081,glassware,Buchner flask side arm,"vacuum flask, thick glass","Buchner flask side arm on polished black reflective acrylic, soft rim light from behind, slow 360 degree orbit at eye level",12,"ultra detailed, extremely detailed, hyper-detailed, razor sharp focus, tack sharp, crystal clear, ultra sharp, 8k resolution, photorealistic, hyperrealistic, ultra realistic, HDR",9:16,8,1080p,grok-imagine-image-quality,grok-imagine-video-1.5,2k,"Photoreal vertical 9:16 Palm Beach Vitality laboratory research catalog film, chemical research material only, premium American research aesthetic. PRIMARY SUBJECT (must be clearly recognizable, real laboratory object, sharp and centered): Buchner flask side arm. Physical detail: vacuum flask, thick glass. Setting surface: polished black reflective acrylic. Lighting: soft rim light from behind. Camera: slow 360 degree orbit at eye level. No abstract shapes, no glass orbs, no crystal balls, no surreal spheres, no CGI blobs, no nebula, no galaxies, no fantasy energy, no particle portals, no impossible geometry, no melting objects, no dreamscape, no people, no faces, no hands, no bare skin, no needles penetrating skin, no injection act, no clinic patient scene, no gym, no lifestyle, no wellness claims, no nicknames, no supplements aesthetic. Quality: ultra detailed, extremely detailed, hyper-detailed, razor sharp focus, tack sharp, crystal clear, ultra sharp, 8k resolution, photorealistic, hyperrealistic, ultra realistic, HDR. creation motif 081/250 · LAB-081. Keep product identity and any on-screen research typography sharp and unchanged. For laboratory research use only. Not for human use or consumption.",Active,0,
PBVita-Lab-082,82,LAB-082,glassware,filter funnel in ring stand clamp,"funnel clamped, no liquid pour in progress","filter funnel in ring stand clamp on matte pure white infinity surface, cool clinical blue-white LED, extreme macro push-in",12,"ultra detailed, extremely detailed, hyper-detailed, razor sharp focus, tack sharp, crystal clear, ultra sharp, 8k resolution, photorealistic, hyperrealistic, ultra realistic, HDR",9:16,8,1080p,grok-imagine-image-quality,grok-imagine-video-1.5,2k,"Photoreal vertical 9:16 Palm Beach Vitality laboratory research catalog film, chemical research material only, premium American research aesthetic. PRIMARY SUBJECT (must be clearly recognizable, real laboratory object, sharp and centered): filter funnel in ring stand clamp. Physical detail: funnel clamped, no liquid pour in progress. Setting surface: matte pure white infinity surface. Lighting: cool clinical blue-white LED. Camera: extreme macro push-in. No abstract shapes, no glass orbs, no crystal balls, no surreal spheres, no CGI blobs, no nebula, no galaxies, no fantasy energy, no particle portals, no impossible geometry, no melting objects, no dreamscape, no people, no faces, no hands, no bare skin, no needles penetrating skin, no injection act, no clinic patient scene, no gym, no lifestyle, no wellness claims, no nicknames, no supplements aesthetic. Quality: ultra detailed, extremely detailed, hyper-detailed, razor sharp focus, tack sharp, crystal clear, ultra sharp, 8k resolution, photorealistic, hyperrealistic, ultra realistic, HDR. creation motif 082/250 · LAB-082. Keep product identity and any on-screen research typography sharp and unchanged. For laboratory research use only. Not for human use or consumption.",Active,0,
PBVita-Lab-083,83,LAB-083,glassware,test tube rack with six empty tubes,wooden or polypropylene rack filled,"test tube rack with six empty tubes on brushed stainless steel lab bench, single hard key light with controlled fill, gentle top-down descending move",12,"ultra detailed, extremely detailed, hyper-detailed, razor sharp focus, tack sharp, crystal clear, ultra sharp, 8k resolution, photorealistic, hyperrealistic, ultra realistic, HDR",9:16,8,1080p,grok-imagine-image-quality,grok-imagine-video-1.5,2k,"Photoreal vertical 9:16 Palm Beach Vitality laboratory research catalog film, chemical research material only, premium American research aesthetic. PRIMARY SUBJECT (must be clearly recognizable, real laboratory object, sharp and centered): test tube rack with six empty tubes. Physical detail: wooden or polypropylene rack filled. Setting surface: brushed stainless steel lab bench. Lighting: single hard key light with controlled fill. Camera: gentle top-down descending move. No abstract shapes, no glass orbs, no crystal balls, no surreal spheres, no CGI blobs, no nebula, no galaxies, no fantasy energy, no particle portals, no impossible geometry, no melting objects, no dreamscape, no people, no faces, no hands, no bare skin, no needles penetrating skin, no injection act, no clinic patient scene, no gym, no lifestyle, no wellness claims, no nicknames, no supplements aesthetic. Quality: ultra detailed, extremely detailed, hyper-detailed, razor sharp focus, tack sharp, crystal clear, ultra sharp, 8k resolution, photorealistic, hyperrealistic, ultra realistic, HDR. creation motif 083/250 · LAB-083. Keep product identity and any on-screen research typography sharp and unchanged. For laboratory research use only. Not for human use or consumption.",Active,0,
PBVita-Lab-084,84,LAB-084,glassware,single test tube with clear solution,tube upright in single well,"single test tube with clear solution on dark charcoal epoxy resin countertop, soft overhead softbox, even catalog lighting, locked tripod hero frame with subtle push",12,"ultra detailed, extremely detailed, hyper-detailed, razor sharp focus, tack sharp, crystal clear, ultra sharp, 8k resolution, photorealistic, hyperrealistic, ultra realistic, HDR",9:16,8,1080p,grok-imagine-image-quality,grok-imagine-video-1.5,2k,"Photoreal vertical 9:16 Palm Beach Vitality laboratory research catalog film, chemical research material only, premium American research aesthetic. PRIMARY SUBJECT (must be clearly recognizable, real laboratory object, sharp and centered): single test tube with clear solution. Physical detail: tube upright in single well. Setting surface: dark charcoal epoxy resin countertop. Lighting: soft overhead softbox, even catalog lighting. Camera: locked tripod hero frame with subtle push. No abstract shapes, no glass orbs, no crystal balls, no surreal spheres, no CGI blobs, no nebula, no galaxies, no fantasy energy, no particle portals, no impossible geometry, no melting objects, no dreamscape, no people, no faces, no hands, no bare skin, no needles penetrating skin, no injection act, no clinic patient scene, no gym, no lifestyle, no wellness claims, no nicknames, no supplements aesthetic. Quality: ultra detailed, extremely detailed, hyper-detailed, razor sharp focus, tack sharp, crystal clear, ultra sharp, 8k resolution, photorealistic, hyperrealistic, ultra realistic, HDR. creation motif 084/250 · LAB-084. Keep product identity and any on-screen research typography sharp and unchanged. For laboratory research use only. Not for human use or consumption.",Active,0,
PBVita-Lab-085,85,LAB-085,glassware,culture tube with screw cap,threaded culture tube,"culture tube with screw cap on cool gray ceramic tile, warm neutral side light, still clinical, low angle tracking slide",12,"ultra detailed, extremely detailed, hyper-detailed, razor sharp focus, tack sharp, crystal clear, ultra sharp, 8k resolution, photorealistic, hyperrealistic, ultra realistic, HDR",9:16,8,1080p,grok-imagine-image-quality,grok-imagine-video-1.5,2k,"Photoreal vertical 9:16 Palm Beach Vitality laboratory research catalog film, chemical research material only, premium American research aesthetic. PRIMARY SUBJECT (must be clearly recognizable, real laboratory object, sharp and centered): culture tube with screw cap. Physical detail: threaded culture tube. Setting surface: cool gray ceramic tile. Lighting: warm neutral side light, still clinical. Camera: low angle tracking slide. No abstract shapes, no glass orbs, no crystal balls, no surreal spheres, no CGI blobs, no nebula, no galaxies, no fantasy energy, no particle portals, no impossible geometry, no melting objects, no dreamscape, no people, no faces, no hands, no bare skin, no needles penetrating skin, no injection act, no clinic patient scene, no gym, no lifestyle, no wellness claims, no nicknames, no supplements aesthetic. Quality: ultra detailed, extremely detailed, hyper-detailed, razor sharp focus, tack sharp, crystal clear, ultra sharp, 8k resolution, photorealistic, hyperrealistic, ultra realistic, HDR. creation motif 085/250 · LAB-085. Keep product identity and any on-screen research typography sharp and unchanged. For laboratory research use only. Not for human use or consumption.",Active,0,
PBVita-Lab-086,86,LAB-086,glassware,NMR tube in foam carrier,"long thin tube, specialty glass","NMR tube in foam carrier on mirrored chrome instrument tray, split soft key and gentle bounce, circular arc that never fully completes",12,"ultra detailed, extremely detailed, hyper-detailed, razor sharp focus, tack sharp, crystal clear, ultra sharp, 8k resolution, photorealistic, hyperrealistic, ultra realistic, HDR",9:16,8,1080p,grok-imagine-image-quality,grok-imagine-video-1.5,2k,"Photoreal vertical 9:16 Palm Beach Vitality laboratory research catalog film, chemical research material only, premium American research aesthetic. PRIMARY SUBJECT (must be clearly recognizable, real laboratory object, sharp and centered): NMR tube in foam carrier. Physical detail: long thin tube, specialty glass. Setting surface: mirrored chrome instrument tray. Lighting: split soft key and gentle bounce. Camera: circular arc that never fully completes. No abstract shapes, no glass orbs, no crystal balls, no surreal spheres, no CGI blobs, no nebula, no galaxies, no fantasy energy, no particle portals, no impossible geometry, no melting objects, no dreamscape, no people, no faces, no hands, no bare skin, no needles penetrating skin, no injection act, no clinic patient scene, no gym, no lifestyle, no wellness claims, no nicknames, no supplements aesthetic. Quality: ultra detailed, extremely detailed, hyper-detailed, razor sharp focus, tack sharp, crystal clear, ultra sharp, 8k resolution, photorealistic, hyperrealistic, ultra realistic, HDR. creation motif 086/250 · LAB-086. Keep product identity and any on-screen research typography sharp and unchanged. For laboratory research use only. Not for human use or consumption.",Active,0,
PBVita-Lab-087,87,LAB-087,glassware,glass pipette graduated,"serological pipette, graduation marks","glass pipette graduated on white melamine cleanroom table, high-key seamless catalog lighting, vertical rise from base to label",12,"ultra detailed, extremely detailed, hyper-detailed, razor sharp focus, tack sharp, crystal clear, ultra sharp, 8k resolution, photorealistic, hyperrealistic, ultra realistic, HDR",9:16,8,1080p,grok-imagine-image-quality,grok-imagine-video-1.5,2k,"Photoreal vertical 9:16 Palm Beach Vitality laboratory research catalog film, chemical research material only, premium American research aesthetic. PRIMARY SUBJECT (must be clearly recognizable, real laboratory object, sharp and centered): glass pipette graduated. Physical detail: serological pipette, graduation marks. Setting surface: white melamine cleanroom table. Lighting: high-key seamless catalog lighting. Camera: vertical rise from base to label. No abstract shapes, no glass orbs, no crystal balls, no surreal spheres, no CGI blobs, no nebula, no galaxies, no fantasy energy, no particle portals, no impossible geometry, no melting objects, no dreamscape, no people, no faces, no hands, no bare skin, no needles penetrating skin, no injection act, no clinic patient scene, no gym, no lifestyle, no wellness claims, no nicknames, no supplements aesthetic. Quality: ultra detailed, extremely detailed, hyper-detailed, razor sharp focus, tack sharp, crystal clear, ultra sharp, 8k resolution, photorealistic, hyperrealistic, ultra realistic, HDR. creation motif 087/250 · LAB-087. Keep product identity and any on-screen research typography sharp and unchanged. For laboratory research use only. Not for human use or consumption.",Active,0,
PBVita-Lab-088,88,LAB-088,glassware,Pasteur pipette in glass jar holder,disposable-style glass pipettes standing,"Pasteur pipette in glass jar holder on textured slate sample board, low-key selective highlight on glass edges, fast resolve into locked hero frame",12,"ultra detailed, extremely detailed, hyper-detailed, razor sharp focus, tack sharp, crystal clear, ultra sharp, 8k resolution, photorealistic, hyperrealistic, ultra realistic, HDR",9:16,8,1080p,grok-imagine-image-quality,grok-imagine-video-1.5,2k,"Photoreal vertical 9:16 Palm Beach Vitality laboratory research catalog film, chemical research material only, premium American research aesthetic. PRIMARY SUBJECT (must be clearly recognizable, real laboratory object, sharp and centered): Pasteur pipette in glass jar holder. Physical detail: disposable-style glass pipettes standing. Setting surface: textured slate sample board. Lighting: low-key selective highlight on glass edges. Camera: fast resolve into locked hero frame. No abstract shapes, no glass orbs, no crystal balls, no surreal spheres, no CGI blobs, no nebula, no galaxies, no fantasy energy, no particle portals, no impossible geometry, no melting objects, no dreamscape, no people, no faces, no hands, no bare skin, no needles penetrating skin, no injection act, no clinic patient scene, no gym, no lifestyle, no wellness claims, no nicknames, no supplements aesthetic. Quality: ultra detailed, extremely detailed, hyper-detailed, razor sharp focus, tack sharp, crystal clear, ultra sharp, 8k resolution, photorealistic, hyperrealistic, ultra realistic, HDR. creation motif 088/250 · LAB-088. Keep product identity and any on-screen research typography sharp and unchanged. For laboratory research use only. Not for human use or consumption.",Active,0,
PBVita-Lab-089,89,LAB-089,glassware,burette clamped vertically,"precision burette, stopcock closed","burette clamped vertically on soft gray seamless paper backdrop, soft rim light from behind, slow 360 degree orbit at eye level",12,"ultra detailed, extremely detailed, hyper-detailed, razor sharp focus, tack sharp, crystal clear, ultra sharp, 8k resolution, photorealistic, hyperrealistic, ultra realistic, HDR",9:16,8,1080p,grok-imagine-image-quality,grok-imagine-video-1.5,2k,"Photoreal vertical 9:16 Palm Beach Vitality laboratory research catalog film, chemical research material only, premium American research aesthetic. PRIMARY SUBJECT (must be clearly recognizable, real laboratory object, sharp and centered): burette clamped vertically. Physical detail: precision burette, stopcock closed. Setting surface: soft gray seamless paper backdrop. Lighting: soft rim light from behind. Camera: slow 360 degree orbit at eye level. No abstract shapes, no glass orbs, no crystal balls, no surreal spheres, no CGI blobs, no nebula, no galaxies, no fantasy energy, no particle portals, no impossible geometry, no melting objects, no dreamscape, no people, no faces, no hands, no bare skin, no needles penetrating skin, no injection act, no clinic patient scene, no gym, no lifestyle, no wellness claims, no nicknames, no supplements aesthetic. Quality: ultra detailed, extremely detailed, hyper-detailed, razor sharp focus, tack sharp, crystal clear, ultra sharp, 8k resolution, photorealistic, hyperrealistic, ultra realistic, HDR. creation motif 089/250 · LAB-089. Keep product identity and any on-screen research typography sharp and unchanged. For laboratory research use only. Not for human use or consumption.",Active,0,
PBVita-Lab-090,90,LAB-090,glassware,desiccator jar with plate,"glass desiccator, lid sealed","desiccator jar with plate on anodized aluminum tray, cool clinical blue-white LED, extreme macro push-in",12,"ultra detailed, extremely detailed, hyper-detailed, razor sharp focus, tack sharp, crystal clear, ultra sharp, 8k resolution, photorealistic, hyperrealistic, ultra realistic, HDR",9:16,8,1080p,grok-imagine-image-quality,grok-imagine-video-1.5,2k,"Photoreal vertical 9:16 Palm Beach Vitality laboratory research catalog film, chemical research material only, premium American research aesthetic. PRIMARY SUBJECT (must be clearly recognizable, real laboratory object, sharp and centered): desiccator jar with plate. Physical detail: glass desiccator, lid sealed. Setting surface: anodized aluminum tray. Lighting: cool clinical blue-white LED. Camera: extreme macro push-in. No abstract shapes, no glass orbs, no crystal balls, no surreal spheres, no CGI blobs, no nebula, no galaxies, no fantasy energy, no particle portals, no impossible geometry, no melting objects, no dreamscape, no people, no faces, no hands, no bare skin, no needles penetrating skin, no injection act, no clinic patient scene, no gym, no lifestyle, no wellness claims, no nicknames, no supplements aesthetic. Quality: ultra detailed, extremely detailed, hyper-detailed, razor sharp focus, tack sharp, crystal clear, ultra sharp, 8k resolution, photorealistic, hyperrealistic, ultra realistic, HDR. creation motif 090/250 · LAB-090. Keep product identity and any on-screen research typography sharp and unchanged. For laboratory research use only. Not for human use or consumption.",Active,0,
PBVita-Lab-091,91,LAB-091,glassware,crystallizing dish,"low wide dish, clear glass","crystallizing dish on polished black reflective acrylic, single hard key light with controlled fill, gentle top-down descending move",12,"ultra detailed, extremely detailed, hyper-detailed, razor sharp focus, tack sharp, crystal clear, ultra sharp, 8k resolution, photorealistic, hyperrealistic, ultra realistic, HDR",9:16,8,1080p,grok-imagine-image-quality,grok-imagine-video-1.5,2k,"Photoreal vertical 9:16 Palm Beach Vitality laboratory research catalog film, chemical research material only, premium American research aesthetic. PRIMARY SUBJECT (must be clearly recognizable, real laboratory object, sharp and centered): crystallizing dish. Physical detail: low wide dish, clear glass. Setting surface: polished black reflective acrylic. Lighting: single hard key light with controlled fill. Camera: gentle top-down descending move. No abstract shapes, no glass orbs, no crystal balls, no surreal spheres, no CGI blobs, no nebula, no galaxies, no fantasy energy, no particle portals, no impossible geometry, no melting objects, no dreamscape, no people, no faces, no hands, no bare skin, no needles penetrating skin, no injection act, no clinic patient scene, no gym, no lifestyle, no wellness claims, no nicknames, no supplements aesthetic. Quality: ultra detailed, extremely detailed, hyper-detailed, razor sharp focus, tack sharp, crystal clear, ultra sharp, 8k resolution, photorealistic, hyperrealistic, ultra realistic, HDR. creation motif 091/250 · LAB-091. Keep product identity and any on-screen research typography sharp and unchanged. For laboratory research use only. Not for human use or consumption.",Active,0,
PBVita-Lab-092,92,LAB-092,glassware,evaporating dish porcelain,"white porcelain, pouring lip","evaporating dish porcelain on matte pure white infinity surface, soft overhead softbox, even catalog lighting, locked tripod hero frame with subtle push",12,"ultra detailed, extremely detailed, hyper-detailed, razor sharp focus, tack sharp, crystal clear, ultra sharp, 8k resolution, photorealistic, hyperrealistic, ultra realistic, HDR",9:16,8,1080p,grok-imagine-image-quality,grok-imagine-video-1.5,2k,"Photoreal vertical 9:16 Palm Beach Vitality laboratory research catalog film, chemical research material only, premium American research aesthetic. PRIMARY SUBJECT (must be clearly recognizable, real laboratory object, sharp and centered): evaporating dish porcelain. Physical detail: white porcelain, pouring lip. Setting surface: matte pure white infinity surface. Lighting: soft overhead softbox, even catalog lighting. Camera: locked tripod hero frame with subtle push. No abstract shapes, no glass orbs, no crystal balls, no surreal spheres, no CGI blobs, no nebula, no galaxies, no fantasy energy, no particle portals, no impossible geometry, no melting objects, no dreamscape, no people, no faces, no hands, no bare skin, no needles penetrating skin, no injection act, no clinic patient scene, no gym, no lifestyle, no wellness claims, no nicknames, no supplements aesthetic. Quality: ultra detailed, extremely detailed, hyper-detailed, razor sharp focus, tack sharp, crystal clear, ultra sharp, 8k resolution, photorealistic, hyperrealistic, ultra realistic, HDR. creation motif 092/250 · LAB-092. Keep product identity and any on-screen research typography sharp and unchanged. For laboratory research use only. Not for human use or consumption.",Active,0,
PBVita-Lab-093,93,LAB-093,glassware,mortar and pestle porcelain clean,"lab porcelain set, unused clean","mortar and pestle porcelain clean on brushed stainless steel lab bench, warm neutral side light, still clinical, low angle tracking slide",12,"ultra detailed, extremely detailed, hyper-detailed, razor sharp focus, tack sharp, crystal clear, ultra sharp, 8k resolution, photorealistic, hyperrealistic, ultra realistic, HDR",9:16,8,1080p,grok-imagine-image-quality,grok-imagine-video-1.5,2k,"Photoreal vertical 9:16 Palm Beach Vitality laboratory research catalog film, chemical research material only, premium American research aesthetic. PRIMARY SUBJECT (must be clearly recognizable, real laboratory object, sharp and centered): mortar and pestle porcelain clean. Physical detail: lab porcelain set, unused clean. Setting surface: brushed stainless steel lab bench. Lighting: warm neutral side light, still clinical. Camera: low angle tracking slide. No abstract shapes, no glass orbs, no crystal balls, no surreal spheres, no CGI blobs, no nebula, no galaxies, no fantasy energy, no particle portals, no impossible geometry, no melting objects, no dreamscape, no people, no faces, no hands, no bare skin, no needles penetrating skin, no injection act, no clinic patient scene, no gym, no lifestyle, no wellness claims, no nicknames, no supplements aesthetic. Quality: ultra detailed, extremely detailed, hyper-detailed, razor sharp focus, tack sharp, crystal clear, ultra sharp, 8k resolution, photorealistic, hyperrealistic, ultra realistic, HDR. creation motif 093/250 · LAB-093. Keep product identity and any on-screen research typography sharp and unchanged. For laboratory research use only. Not for human use or consumption.",Active,0,
PBVita-Lab-094,94,LAB-094,glassware,glass stirring mantle flask setup dry,"flask in heating mantle, power off, still","glass stirring mantle flask setup dry on dark charcoal epoxy resin countertop, split soft key and gentle bounce, circular arc that never fully completes",12,"ultra detailed, extremely detailed, hyper-detailed, razor sharp focus, tack sharp, crystal clear, ultra sharp, 8k resolution, photorealistic, hyperrealistic, ultra realistic, HDR",9:16,8,1080p,grok-imagine-image-quality,grok-imagine-video-1.5,2k,"Photoreal vertical 9:16 Palm Beach Vitality laboratory research catalog film, chemical research material only, premium American research aesthetic. PRIMARY SUBJECT (must be clearly recognizable, real laboratory object, sharp and centered): glass stirring mantle flask setup dry. Physical detail: flask in heating mantle, power off, still. Setting surface: dark charcoal epoxy resin countertop. Lighting: split soft key and gentle bounce. Camera: circular arc that never fully completes. No abstract shapes, no glass orbs, no crystal balls, no surreal spheres, no CGI blobs, no nebula, no galaxies, no fantasy energy, no particle portals, no impossible geometry, no melting objects, no dreamscape, no people, no faces, no hands, no bare skin, no needles penetrating skin, no injection act, no clinic patient scene, no gym, no lifestyle, no wellness claims, no nicknames, no supplements aesthetic. Quality: ultra detailed, extremely detailed, hyper-detailed, razor sharp focus, tack sharp, crystal clear, ultra sharp, 8k resolution, photorealistic, hyperrealistic, ultra realistic, HDR. creation motif 094/250 · LAB-094. Keep product identity and any on-screen research typography sharp and unchanged. For laboratory research use only. Not for human use or consumption.",Active,0,
PBVita-Lab-095,95,LAB-095,glassware,Kjeldahl flask,long-neck flask silhouette,"Kjeldahl flask on cool gray ceramic tile, high-key seamless catalog lighting, vertical rise from base to label",12,"ultra detailed, extremely detailed, hyper-detailed, razor sharp focus, tack sharp, crystal clear, ultra sharp, 8k resolution, photorealistic, hyperrealistic, ultra realistic, HDR",9:16,8,1080p,grok-imagine-image-quality,grok-imagine-video-1.5,2k,"Photoreal vertical 9:16 Palm Beach Vitality laboratory research catalog film, chemical research material only, premium American research aesthetic. PRIMARY SUBJECT (must be clearly recognizable, real laboratory object, sharp and centered): Kjeldahl flask. Physical detail: long-neck flask silhouette. Setting surface: cool gray ceramic tile. Lighting: high-key seamless catalog lighting. Camera: vertical rise from base to label. No abstract shapes, no glass orbs, no crystal balls, no surreal spheres, no CGI blobs, no nebula, no galaxies, no fantasy energy, no particle portals, no impossible geometry, no melting objects, no dreamscape, no people, no faces, no hands, no bare skin, no needles penetrating skin, no injection act, no clinic patient scene, no gym, no lifestyle, no wellness claims, no nicknames, no supplements aesthetic. Quality: ultra detailed, extremely detailed, hyper-detailed, razor sharp focus, tack sharp, crystal clear, ultra sharp, 8k resolution, photorealistic, hyperrealistic, ultra realistic, HDR. creation motif 095/250 · LAB-095. Keep product identity and any on-screen research typography sharp and unchanged. For laboratory research use only. Not for human use or consumption.",Active,0,
PBVita-Lab-096,96,LAB-096,glassware,gas washing bottle,Drechsel bottle form,"gas washing bottle on mirrored chrome instrument tray, low-key selective highlight on glass edges, fast resolve into locked hero frame",12,"ultra detailed, extremely detailed, hyper-detailed, razor sharp focus, tack sharp, crystal clear, ultra sharp, 8k resolution, photorealistic, hyperrealistic, ultra realistic, HDR",9:16,8,1080p,grok-imagine-image-quality,grok-imagine-video-1.5,2k,"Photoreal vertical 9:16 Palm Beach Vitality laboratory research catalog film, chemical research material only, premium American research aesthetic. PRIMARY SUBJECT (must be clearly recognizable, real laboratory object, sharp and centered): gas washing bottle. Physical detail: Drechsel bottle form. Setting surface: mirrored chrome instrument tray. Lighting: low-key selective highlight on glass edges. Camera: fast resolve into locked hero frame. No abstract shapes, no glass orbs, no crystal balls, no surreal spheres, no CGI blobs, no nebula, no galaxies, no fantasy energy, no particle portals, no impossible geometry, no melting objects, no dreamscape, no people, no faces, no hands, no bare skin, no needles penetrating skin, no injection act, no clinic patient scene, no gym, no lifestyle, no wellness claims, no nicknames, no supplements aesthetic. Quality: ultra detailed, extremely detailed, hyper-detailed, razor sharp focus, tack sharp, crystal clear, ultra sharp, 8k resolution, photorealistic, hyperrealistic, ultra realistic, HDR. creation motif 096/250 · LAB-096. Keep product identity and any on-screen research typography sharp and unchanged. For laboratory research use only. Not for human use or consumption.",Active,0,
PBVita-Lab-097,97,LAB-097,glassware,glass syringe without needle research only,"glass barrel and plunger only, NO needle attached","glass syringe without needle research only on white melamine cleanroom table, soft rim light from behind, slow 360 degree orbit at eye level",12,"ultra detailed, extremely detailed, hyper-detailed, razor sharp focus, tack sharp, crystal clear, ultra sharp, 8k resolution, photorealistic, hyperrealistic, ultra realistic, HDR",9:16,8,1080p,grok-imagine-image-quality,grok-imagine-video-1.5,2k,"Photoreal vertical 9:16 Palm Beach Vitality laboratory research catalog film, chemical research material only, premium American research aesthetic. PRIMARY SUBJECT (must be clearly recognizable, real laboratory object, sharp and centered): glass syringe without needle research only. Physical detail: glass barrel and plunger only, NO needle attached. Setting surface: white melamine cleanroom table. Lighting: soft rim light from behind. Camera: slow 360 degree orbit at eye level. No abstract shapes, no glass orbs, no crystal balls, no surreal spheres, no CGI blobs, no nebula, no galaxies, no fantasy energy, no particle portals, no impossible geometry, no melting objects, no dreamscape, no people, no faces, no hands, no bare skin, no needles penetrating skin, no injection act, no clinic patient scene, no gym, no lifestyle, no wellness claims, no nicknames, no supplements aesthetic. Quality: ultra detailed, extremely detailed, hyper-detailed, razor sharp focus, tack sharp, crystal clear, ultra sharp, 8k resolution, photorealistic, hyperrealistic, ultra realistic, HDR. creation motif 097/250 · LAB-097. Keep product identity and any on-screen research typography sharp and unchanged. For laboratory research use only. Not for human use or consumption.",Active,0,
PBVita-Lab-098,98,LAB-098,glassware,Luer-lock glass barrel capped,"capped research barrel, no needle","Luer-lock glass barrel capped on textured slate sample board, cool clinical blue-white LED, extreme macro push-in",12,"ultra detailed, extremely detailed, hyper-detailed, razor sharp focus, tack sharp, crystal clear, ultra sharp, 8k resolution, photorealistic, hyperrealistic, ultra realistic, HDR",9:16,8,1080p,grok-imagine-image-quality,grok-imagine-video-1.5,2k,"Photoreal vertical 9:16 Palm Beach Vitality laboratory research catalog film, chemical research material only, premium American research aesthetic. PRIMARY SUBJECT (must be clearly recognizable, real laboratory object, sharp and centered): Luer-lock glass barrel capped. Physical detail: capped research barrel, no needle. Setting surface: textured slate sample board. Lighting: cool clinical blue-white LED. Camera: extreme macro push-in. No abstract shapes, no glass orbs, no crystal balls, no surreal spheres, no CGI blobs, no nebula, no galaxies, no fantasy energy, no particle portals, no impossible geometry, no melting objects, no dreamscape, no people, no faces, no hands, no bare skin, no needles penetrating skin, no injection act, no clinic patient scene, no gym, no lifestyle, no wellness claims, no nicknames, no supplements aesthetic. Quality: ultra detailed, extremely detailed, hyper-detailed, razor sharp focus, tack sharp, crystal clear, ultra sharp, 8k resolution, photorealistic, hyperrealistic, ultra realistic, HDR. creation motif 098/250 · LAB-098. Keep product identity and any on-screen research typography sharp and unchanged. For laboratory research use only. Not for human use or consumption.",Active,0,
PBVita-Lab-099,99,LAB-099,glassware,microscope slide box open showing slides,box of blank slides,"microscope slide box open showing slides on soft gray seamless paper backdrop, single hard key light with controlled fill, gentle top-down descending move",12,"ultra detailed, extremely detailed, hyper-detailed, razor sharp focus, tack sharp, crystal clear, ultra sharp, 8k resolution, photorealistic, hyperrealistic, ultra realistic, HDR",9:16,8,1080p,grok-imagine-image-quality,grok-imagine-video-1.5,2k,"Photoreal vertical 9:16 Palm Beach Vitality laboratory research catalog film, chemical research material only, premium American research aesthetic. PRIMARY SUBJECT (must be clearly recognizable, real laboratory object, sharp and centered): microscope slide box open showing slides. Physical detail: box of blank slides. Setting surface: soft gray seamless paper backdrop. Lighting: single hard key light with controlled fill. Camera: gentle top-down descending move. No abstract shapes, no glass orbs, no crystal balls, no surreal spheres, no CGI blobs, no nebula, no galaxies, no fantasy energy, no particle portals, no impossible geometry, no melting objects, no dreamscape, no people, no faces, no hands, no bare skin, no needles penetrating skin, no injection act, no clinic patient scene, no gym, no lifestyle, no wellness claims, no nicknames, no supplements aesthetic. Quality: ultra detailed, extremely detailed, hyper-detailed, razor sharp focus, tack sharp, crystal clear, ultra sharp, 8k resolution, photorealistic, hyperrealistic, ultra realistic, HDR. creation motif 099/250 · LAB-099. Keep product identity and any on-screen research typography sharp and unchanged. For laboratory research use only. Not for human use or consumption.",Active,0,
PBVita-Lab-100,100,LAB-100,glassware,cover slips in plastic dispenser,square cover glass pack,"cover slips in plastic dispenser on anodized aluminum tray, soft overhead softbox, even catalog lighting, locked tripod hero frame with subtle push",12,"ultra detailed, extremely detailed, hyper-detailed, razor sharp focus, tack sharp, crystal clear, ultra sharp, 8k resolution, photorealistic, hyperrealistic, ultra realistic, HDR",9:16,8,1080p,grok-imagine-image-quality,grok-imagine-video-1.5,2k,"Photoreal vertical 9:16 Palm Beach Vitality laboratory research catalog film, chemical research material only, premium American research aesthetic. PRIMARY SUBJECT (must be clearly recognizable, real laboratory object, sharp and centered): cover slips in plastic dispenser. Physical detail: square cover glass pack. Setting surface: anodized aluminum tray. Lighting: soft overhead softbox, even catalog lighting. Camera: locked tripod hero frame with subtle push. No abstract shapes, no glass orbs, no crystal balls, no surreal spheres, no CGI blobs, no nebula, no galaxies, no fantasy energy, no particle portals, no impossible geometry, no melting objects, no dreamscape, no people, no faces, no hands, no bare skin, no needles penetrating skin, no injection act, no clinic patient scene, no gym, no lifestyle, no wellness claims, no nicknames, no supplements aesthetic. Quality: ultra detailed, extremely detailed, hyper-detailed, razor sharp focus, tack sharp, crystal clear, ultra sharp, 8k resolution, photorealistic, hyperrealistic, ultra realistic, HDR. creation motif 100/250 · LAB-100. Keep product identity and any on-screen research typography sharp and unchanged. For laboratory research use only. Not for human use or consumption.",Active,0,
PBVita-Lab-101,101,LAB-101,liquid_handling,single-channel micropipette upright,"adjustable volume pipette, tip ejector, no tip attached","single-channel micropipette upright on polished black reflective acrylic, warm neutral side light, still clinical, low angle tracking slide",12,"ultra detailed, extremely detailed, hyper-detailed, razor sharp focus, tack sharp, crystal clear, ultra sharp, 8k resolution, photorealistic, hyperrealistic, ultra realistic, HDR",9:16,8,1080p,grok-imagine-image-quality,grok-imagine-video-1.5,2k,"Photoreal vertical 9:16 Palm Beach Vitality laboratory research catalog film, chemical research material only, premium American research aesthetic. PRIMARY SUBJECT (must be clearly recognizable, real laboratory object, sharp and centered): single-channel micropipette upright. Physical detail: adjustable volume pipette, tip ejector, no tip attached. Setting surface: polished black reflective acrylic. Lighting: warm neutral side light, still clinical. Camera: low angle tracking slide. No abstract shapes, no glass orbs, no crystal balls, no surreal spheres, no CGI blobs, no nebula, no galaxies, no fantasy energy, no particle portals, no impossible geometry, no melting objects, no dreamscape, no people, no faces, no hands, no bare skin, no needles penetrating skin, no injection act, no clinic patient scene, no gym, no lifestyle, no wellness claims, no nicknames, no supplements aesthetic. Quality: ultra detailed, extremely detailed, hyper-detailed, razor sharp focus, tack sharp, crystal clear, ultra sharp, 8k resolution, photorealistic, hyperrealistic, ultra realistic, HDR. creation motif 101/250 · LAB-101. Keep product identity and any on-screen research typography sharp and unchanged. For laboratory research use only. Not for human use or consumption.",Active,0,
PBVita-Lab-102,102,LAB-102,liquid_handling,micropipette with sterile filtered tip attached,"tip on, never touching skin","micropipette with sterile filtered tip attached on matte pure white infinity surface, split soft key and gentle bounce, circular arc that never fully completes",12,"ultra detailed, extremely detailed, hyper-detailed, razor sharp focus, tack sharp, crystal clear, ultra sharp, 8k resolution, photorealistic, hyperrealistic, ultra realistic, HDR",9:16,8,1080p,grok-imagine-image-quality,grok-imagine-video-1.5,2k,"Photoreal vertical 9:16 Palm Beach Vitality laboratory research catalog film, chemical research material only, premium American research aesthetic. PRIMARY SUBJECT (must be clearly recognizable, real laboratory object, sharp and centered): micropipette with sterile filtered tip attached. Physical detail: tip on, never touching skin. Setting surface: matte pure white infinity surface. Lighting: split soft key and gentle bounce. Camera: circular arc that never fully completes. No abstract shapes, no glass orbs, no crystal balls, no surreal spheres, no CGI blobs, no nebula, no galaxies, no fantasy energy, no particle portals, no impossible geometry, no melting objects, no dreamscape, no people, no faces, no hands, no bare skin, no needles penetrating skin, no injection act, no clinic patient scene, no gym, no lifestyle, no wellness claims, no nicknames, no supplements aesthetic. Quality: ultra detailed, extremely detailed, hyper-detailed, razor sharp focus, tack sharp, crystal clear, ultra sharp, 8k resolution, photorealistic, hyperrealistic, ultra realistic, HDR. creation motif 102/250 · LAB-102. Keep product identity and any on-screen research typography sharp and unchanged. For laboratory research use only. Not for human use or consumption.",Active,0,
PBVita-Lab-103,103,LAB-103,liquid_handling,multicolor micropipette set in stand,P20 P200 P1000 in carousel,"multicolor micropipette set in stand on brushed stainless steel lab bench, high-key seamless catalog lighting, vertical rise from base to label",12,"ultra detailed, extremely detailed, hyper-detailed, razor sharp focus, tack sharp, crystal clear, ultra sharp, 8k resolution, photorealistic, hyperrealistic, ultra realistic, HDR",9:16,8,1080p,grok-imagine-image-quality,grok-imagine-video-1.5,2k,"Photoreal vertical 9:16 Palm Beach Vitality laboratory research catalog film, chemical research material only, premium American research aesthetic. PRIMARY SUBJECT (must be clearly recognizable, real laboratory object, sharp and centered): multicolor micropipette set in stand. Physical detail: P20 P200 P1000 in carousel. Setting surface: brushed stainless steel lab bench. Lighting: high-key seamless catalog lighting. Camera: vertical rise from base to label. No abstract shapes, no glass orbs, no crystal balls, no surreal spheres, no CGI blobs, no nebula, no galaxies, no fantasy energy, no particle portals, no impossible geometry, no melting objects, no dreamscape, no people, no faces, no hands, no bare skin, no needles penetrating skin, no injection act, no clinic patient scene, no gym, no lifestyle, no wellness claims, no nicknames, no supplements aesthetic. Quality: ultra detailed, extremely detailed, hyper-detailed, razor sharp focus, tack sharp, crystal clear, ultra sharp, 8k resolution, photorealistic, hyperrealistic, ultra realistic, HDR. creation motif 103/250 · LAB-103. Keep product identity and any on-screen research typography sharp and unchanged. For laboratory research use only. Not for human use or consumption.",Active,0,
PBVita-Lab-104,104,LAB-104,liquid_handling,electronic pipette on charging stand,modern electronic pipette docked,"electronic pipette on charging stand on dark charcoal epoxy resin countertop, low-key selective highlight on glass edges, fast resolve into locked hero frame",12,"ultra detailed, extremely detailed, hyper-detailed, razor sharp focus, tack sharp, crystal clear, ultra sharp, 8k resolution, photorealistic, hyperrealistic, ultra realistic, HDR",9:16,8,1080p,grok-imagine-image-quality,grok-imagine-video-1.5,2k,"Photoreal vertical 9:16 Palm Beach Vitality laboratory research catalog film, chemical research material only, premium American research aesthetic. PRIMARY SUBJECT (must be clearly recognizable, real laboratory object, sharp and centered): electronic pipette on charging stand. Physical detail: modern electronic pipette docked. Setting surface: dark charcoal epoxy resin countertop. Lighting: low-key selective highlight on glass edges. Camera: fast resolve into locked hero frame. No abstract shapes, no glass orbs, no crystal balls, no surreal spheres, no CGI blobs, no nebula, no galaxies, no fantasy energy, no particle portals, no impossible geometry, no melting objects, no dreamscape, no people, no faces, no hands, no bare skin, no needles penetrating skin, no injection act, no clinic patient scene, no gym, no lifestyle, no wellness claims, no nicknames, no supplements aesthetic. Quality: ultra detailed, extremely detailed, hyper-detailed, razor sharp focus, tack sharp, crystal clear, ultra sharp, 8k resolution, photorealistic, hyperrealistic, ultra realistic, HDR. creation motif 104/250 · LAB-104. Keep product identity and any on-screen research typography sharp and unchanged. For laboratory research use only. Not for human use or consumption.",Active,0,
PBVita-Lab-105,105,LAB-105,liquid_handling,repeater pipette with tip comb,combitip-style research pipette,"repeater pipette with tip comb on cool gray ceramic tile, soft rim light from behind, slow 360 degree orbit at eye level",12,"ultra detailed, extremely detailed, hyper-detailed, razor sharp focus, tack sharp, crystal clear, ultra sharp, 8k resolution, photorealistic, hyperrealistic, ultra realistic, HDR",9:16,8,1080p,grok-imagine-image-quality,grok-imagine-video-1.5,2k,"Photoreal vertical 9:16 Palm Beach Vitality laboratory research catalog film, chemical research material only, premium American research aesthetic. PRIMARY SUBJECT (must be clearly recognizable, real laboratory object, sharp and centered): repeater pipette with tip comb. Physical detail: combitip-style research pipette. Setting surface: cool gray ceramic tile. Lighting: soft rim light from behind. Camera: slow 360 degree orbit at eye level. No abstract shapes, no glass orbs, no crystal balls, no surreal spheres, no CGI blobs, no nebula, no galaxies, no fantasy energy, no particle portals, no impossible geometry, no melting objects, no dreamscape, no people, no faces, no hands, no bare skin, no needles penetrating skin, no injection act, no clinic patient scene, no gym, no lifestyle, no wellness claims, no nicknames, no supplements aesthetic. Quality: ultra detailed, extremely detailed, hyper-detailed, razor sharp focus, tack sharp, crystal clear, ultra sharp, 8k resolution, photorealistic, hyperrealistic, ultra realistic, HDR. creation motif 105/250 · LAB-105. Keep product identity and any on-screen research typography sharp and unchanged. For laboratory research use only. Not for human use or consumption.",Active,0,
PBVita-Lab-106,106,LAB-106,liquid_handling,serological pipette pump controller,pipette controller device alone,"serological pipette pump controller on mirrored chrome instrument tray, cool clinical blue-white LED, extreme macro push-in",12,"ultra detailed, extremely detailed, hyper-detailed, razor sharp focus, tack sharp, crystal clear, ultra sharp, 8k resolution, photorealistic, hyperrealistic, ultra realistic, HDR",9:16,8,1080p,grok-imagine-image-quality,grok-imagine-video-1.5,2k,"Photoreal vertical 9:16 Palm Beach Vitality laboratory research catalog film, chemical research material only, premium American research aesthetic. PRIMARY SUBJECT (must be clearly recognizable, real laboratory object, sharp and centered): serological pipette pump controller. Physical detail: pipette controller device alone. Setting surface: mirrored chrome instrument tray. Lighting: cool clinical blue-white LED. Camera: extreme macro push-in. No abstract shapes, no glass orbs, no crystal balls, no surreal spheres, no CGI blobs, no nebula, no galaxies, no fantasy energy, no particle portals, no impossible geometry, no melting objects, no dreamscape, no people, no faces, no hands, no bare skin, no needles penetrating skin, no injection act, no clinic patient scene, no gym, no lifestyle, no wellness claims, no nicknames, no supplements aesthetic. Quality: ultra detailed, extremely detailed, hyper-detailed, razor sharp focus, tack sharp, crystal clear, ultra sharp, 8k resolution, photorealistic, hyperrealistic, ultra realistic, HDR. creation motif 106/250 · LAB-106. Keep product identity and any on-screen research typography sharp and unchanged. For laboratory research use only. Not for human use or consumption.",Active,0,
PBVita-Lab-107,107,LAB-107,liquid_handling,box of sterile pipette tips closed,"hinged tip box, rack visible through lid","box of sterile pipette tips closed on white melamine cleanroom table, single hard key light with controlled fill, gentle top-down descending move",12,"ultra detailed, extremely detailed, hyper-detailed, razor sharp focus, tack sharp, crystal clear, ultra sharp, 8k resolution, photorealistic, hyperrealistic, ultra realistic, HDR",9:16,8,1080p,grok-imagine-image-quality,grok-imagine-video-1.5,2k,"Photoreal vertical 9:16 Palm Beach Vitality laboratory research catalog film, chemical research material only, premium American research aesthetic. PRIMARY SUBJECT (must be clearly recognizable, real laboratory object, sharp and centered): box of sterile pipette tips closed. Physical detail: hinged tip box, rack visible through lid. Setting surface: white melamine cleanroom table. Lighting: single hard key light with controlled fill. Camera: gentle top-down descending move. No abstract shapes, no glass orbs, no crystal balls, no surreal spheres, no CGI blobs, no nebula, no galaxies, no fantasy energy, no particle portals, no impossible geometry, no melting objects, no dreamscape, no people, no faces, no hands, no bare skin, no needles penetrating skin, no injection act, no clinic patient scene, no gym, no lifestyle, no wellness claims, no nicknames, no supplements aesthetic. Quality: ultra detailed, extremely detailed, hyper-detailed, razor sharp focus, tack sharp, crystal clear, ultra sharp, 8k resolution, photorealistic, hyperrealistic, ultra realistic, HDR. creation motif 107/250 · LAB-107. Keep product identity and any on-screen research typography sharp and unchanged. For laboratory research use only. Not for human use or consumption.",Active,0,
PBVita-Lab-108,108,LAB-108,liquid_handling,open pipette tip rack blue tips,96 tips orderly grid,"open pipette tip rack blue tips on textured slate sample board, soft overhead softbox, even catalog lighting, locked tripod hero frame with subtle push",12,"ultra detailed, extremely detailed, hyper-detailed, razor sharp focus, tack sharp, crystal clear, ultra sharp, 8k resolution, photorealistic, hyperrealistic, ultra realistic, HDR",9:16,8,1080p,grok-imagine-image-quality,grok-imagine-video-1.5,2k,"Photoreal vertical 9:16 Palm Beach Vitality laboratory research catalog film, chemical research material only, premium American research aesthetic. PRIMARY SUBJECT (must be clearly recognizable, real laboratory object, sharp and centered): open pipette tip rack blue tips. Physical detail: 96 tips orderly grid. Setting surface: textured slate sample board. Lighting: soft overhead softbox, even catalog lighting. Camera: locked tripod hero frame with subtle push. No abstract shapes, no glass orbs, no crystal balls, no surreal spheres, no CGI blobs, no nebula, no galaxies, no fantasy energy, no particle portals, no impossible geometry, no melting objects, no dreamscape, no people, no faces, no hands, no bare skin, no needles penetrating skin, no injection act, no clinic patient scene, no gym, no lifestyle, no wellness claims, no nicknames, no supplements aesthetic. Quality: ultra detailed, extremely detailed, hyper-detailed, razor sharp focus, tack sharp, crystal clear, ultra sharp, 8k resolution, photorealistic, hyperrealistic, ultra realistic, HDR. creation motif 108/250 · LAB-108. Keep product identity and any on-screen research typography sharp and unchanged. For laboratory research use only. Not for human use or consumption.",Active,0,
PBVita-Lab-109,109,LAB-109,liquid_handling,reservoir trough for multichannel,reagent reservoir empty clean,"reservoir trough for multichannel on soft gray seamless paper backdrop, warm neutral side light, still clinical, low angle tracking slide",12,"ultra detailed, extremely detailed, hyper-detailed, razor sharp focus, tack sharp, crystal clear, ultra sharp, 8k resolution, photorealistic, hyperrealistic, ultra realistic, HDR",9:16,8,1080p,grok-imagine-image-quality,grok-imagine-video-1.5,2k,"Photoreal vertical 9:16 Palm Beach Vitality laboratory research catalog film, chemical research material only, premium American research aesthetic. PRIMARY SUBJECT (must be clearly recognizable, real laboratory object, sharp and centered): reservoir trough for multichannel. Physical detail: reagent reservoir empty clean. Setting surface: soft gray seamless paper backdrop. Lighting: warm neutral side light, still clinical. Camera: low angle tracking slide. No abstract shapes, no glass orbs, no crystal balls, no surreal spheres, no CGI blobs, no nebula, no galaxies, no fantasy energy, no particle portals, no impossible geometry, no melting objects, no dreamscape, no people, no faces, no hands, no bare skin, no needles penetrating skin, no injection act, no clinic patient scene, no gym, no lifestyle, no wellness claims, no nicknames, no supplements aesthetic. Quality: ultra detailed, extremely detailed, hyper-detailed, razor sharp focus, tack sharp, crystal clear, ultra sharp, 8k resolution, photorealistic, hyperrealistic, ultra realistic, HDR. creation motif 109/250 · LAB-109. Keep product identity and any on-screen research typography sharp and unchanged. For laboratory research use only. Not for human use or consumption.",Active,0,
PBVita-Lab-110,110,LAB-110,liquid_handling,multichannel pipette 8-channel,"8-channel head, tips off","multichannel pipette 8-channel on anodized aluminum tray, split soft key and gentle bounce, circular arc that never fully completes",12,"ultra detailed, extremely detailed, hyper-detailed, razor sharp focus, tack sharp, crystal clear, ultra sharp, 8k resolution, photorealistic, hyperrealistic, ultra realistic, HDR",9:16,8,1080p,grok-imagine-image-quality,grok-imagine-video-1.5,2k,"Photoreal vertical 9:16 Palm Beach Vitality laboratory research catalog film, chemical research material only, premium American research aesthetic. PRIMARY SUBJECT (must be clearly recognizable, real laboratory object, sharp and centered): multichannel pipette 8-channel. Physical detail: 8-channel head, tips off. Setting surface: anodized aluminum tray. Lighting: split soft key and gentle bounce. Camera: circular arc that never fully completes. No abstract shapes, no glass orbs, no crystal balls, no surreal spheres, no CGI blobs, no nebula, no galaxies, no fantasy energy, no particle portals, no impossible geometry, no melting objects, no dreamscape, no people, no faces, no hands, no bare skin, no needles penetrating skin, no injection act, no clinic patient scene, no gym, no lifestyle, no wellness claims, no nicknames, no supplements aesthetic. Quality: ultra detailed, extremely detailed, hyper-detailed, razor sharp focus, tack sharp, crystal clear, ultra sharp, 8k resolution, photorealistic, hyperrealistic, ultra realistic, HDR. creation motif 110/250 · LAB-110. Keep product identity and any on-screen research typography sharp and unchanged. For laboratory research use only. Not for human use or consumption.",Active,0,
PBVita-Lab-111,111,LAB-111,liquid_handling,positive displacement pipette,specialty pipette body,"positive displacement pipette on polished black reflective acrylic, high-key seamless catalog lighting, vertical rise from base to label",12,"ultra detailed, extremely detailed, hyper-detailed, razor sharp focus, tack sharp, crystal clear, ultra sharp, 8k resolution, photorealistic, hyperrealistic, ultra realistic, HDR",9:16,8,1080p,grok-imagine-image-quality,grok-imagine-video-1.5,2k,"Photoreal vertical 9:16 Palm Beach Vitality laboratory research catalog film, chemical research material only, premium American research aesthetic. PRIMARY SUBJECT (must be clearly recognizable, real laboratory object, sharp and centered): positive displacement pipette. Physical detail: specialty pipette body. Setting surface: polished black reflective acrylic. Lighting: high-key seamless catalog lighting. Camera: vertical rise from base to label. No abstract shapes, no glass orbs, no crystal balls, no surreal spheres, no CGI blobs, no nebula, no galaxies, no fantasy energy, no particle portals, no impossible geometry, no melting objects, no dreamscape, no people, no faces, no hands, no bare skin, no needles penetrating skin, no injection act, no clinic patient scene, no gym, no lifestyle, no wellness claims, no nicknames, no supplements aesthetic. Quality: ultra detailed, extremely detailed, hyper-detailed, razor sharp focus, tack sharp, crystal clear, ultra sharp, 8k resolution, photorealistic, hyperrealistic, ultra realistic, HDR. creation motif 111/250 · LAB-111. Keep product identity and any on-screen research typography sharp and unchanged. For laboratory research use only. Not for human use or consumption.",Active,0,
PBVita-Lab-112,112,LAB-112,liquid_handling,glass Hamilton-style syringe pipette,"precision metal/glass syringe for lab, no needle tip","glass Hamilton-style syringe pipette on matte pure white infinity surface, low-key selective highlight on glass edges, fast resolve into locked hero frame",12,"ultra detailed, extremely detailed, hyper-detailed, razor sharp focus, tack sharp, crystal clear, ultra sharp, 8k resolution, photorealistic, hyperrealistic, ultra realistic, HDR",9:16,8,1080p,grok-imagine-image-quality,grok-imagine-video-1.5,2k,"Photoreal vertical 9:16 Palm Beach Vitality laboratory research catalog film, chemical research material only, premium American research aesthetic. PRIMARY SUBJECT (must be clearly recognizable, real laboratory object, sharp and centered): glass Hamilton-style syringe pipette. Physical detail: precision metal/glass syringe for lab, no needle tip. Setting surface: matte pure white infinity surface. Lighting: low-key selective highlight on glass edges. Camera: fast resolve into locked hero frame. No abstract shapes, no glass orbs, no crystal balls, no surreal spheres, no CGI blobs, no nebula, no galaxies, no fantasy energy, no particle portals, no impossible geometry, no melting objects, no dreamscape, no people, no faces, no hands, no bare skin, no needles penetrating skin, no injection act, no clinic patient scene, no gym, no lifestyle, no wellness claims, no nicknames, no supplements aesthetic. Quality: ultra detailed, extremely detailed, hyper-detailed, razor sharp focus, tack sharp, crystal clear, ultra sharp, 8k resolution, photorealistic, hyperrealistic, ultra realistic, HDR. creation motif 112/250 · LAB-112. Keep product identity and any on-screen research typography sharp and unchanged. For laboratory research use only. Not for human use or consumption.",Active,0,
PBVita-Lab-113,113,LAB-113,liquid_handling,dispense bottle with pump top,lab wash bottle adjacent optional,"dispense bottle with pump top on brushed stainless steel lab bench, soft rim light from behind, slow 360 degree orbit at eye level",12,"ultra detailed, extremely detailed, hyper-detailed, razor sharp focus, tack sharp, crystal clear, ultra sharp, 8k resolution, photorealistic, hyperrealistic, ultra realistic, HDR",9:16,8,1080p,grok-imagine-image-quality,grok-imagine-video-1.5,2k,"Photoreal vertical 9:16 Palm Beach Vitality laboratory research catalog film, chemical research material only, premium American research aesthetic. PRIMARY SUBJECT (must be clearly recognizable, real laboratory object, sharp and centered): dispense bottle with pump top. Physical detail: lab wash bottle adjacent optional. Setting surface: brushed stainless steel lab bench. Lighting: soft rim light from behind. Camera: slow 360 degree orbit at eye level. No abstract shapes, no glass orbs, no crystal balls, no surreal spheres, no CGI blobs, no nebula, no galaxies, no fantasy energy, no particle portals, no impossible geometry, no melting objects, no dreamscape, no people, no faces, no hands, no bare skin, no needles penetrating skin, no injection act, no clinic patient scene, no gym, no lifestyle, no wellness claims, no nicknames, no supplements aesthetic. Quality: ultra detailed, extremely detailed, hyper-detailed, razor sharp focus, tack sharp, crystal clear, ultra sharp, 8k resolution, photorealistic, hyperrealistic, ultra realistic, HDR. creation motif 113/250 · LAB-113. Keep product identity and any on-screen research typography sharp and unchanged. For laboratory research use only. Not for human use or consumption.",Active,0,
PBVita-Lab-114,114,LAB-114,liquid_handling,squeeze wash bottle distilled water labeled,classic wash bottle bent neck,"squeeze wash bottle distilled water labeled on dark charcoal epoxy resin countertop, cool clinical blue-white LED, extreme macro push-in",12,"ultra detailed, extremely detailed, hyper-detailed, razor sharp focus, tack sharp, crystal clear, ultra sharp, 8k resolution, photorealistic, hyperrealistic, ultra realistic, HDR",9:16,8,1080p,grok-imagine-image-quality,grok-imagine-video-1.5,2k,"Photoreal vertical 9:16 Palm Beach Vitality laboratory research catalog film, chemical research material only, premium American research aesthetic. PRIMARY SUBJECT (must be clearly recognizable, real laboratory object, sharp and centered): squeeze wash bottle distilled water labeled. Physical detail: classic wash bottle bent neck. Setting surface: dark charcoal epoxy resin countertop. Lighting: cool clinical blue-white LED. Camera: extreme macro push-in. No abstract shapes, no glass orbs, no crystal balls, no surreal spheres, no CGI blobs, no nebula, no galaxies, no fantasy energy, no particle portals, no impossible geometry, no melting objects, no dreamscape, no people, no faces, no hands, no bare skin, no needles penetrating skin, no injection act, no clinic patient scene, no gym, no lifestyle, no wellness claims, no nicknames, no supplements aesthetic. Quality: ultra detailed, extremely detailed, hyper-detailed, razor sharp focus, tack sharp, crystal clear, ultra sharp, 8k resolution, photorealistic, hyperrealistic, ultra realistic, HDR. creation motif 114/250 · LAB-114. Keep product identity and any on-screen research typography sharp and unchanged. For laboratory research use only. Not for human use or consumption.",Active,0,
PBVita-Lab-115,115,LAB-115,liquid_handling,bottle-top dispenser on reagent bottle,"dispenser unit mounted, primed closed","bottle-top dispenser on reagent bottle on cool gray ceramic tile, single hard key light with controlled fill, gentle top-down descending move",12,"ultra detailed, extremely detailed, hyper-detailed, razor sharp focus, tack sharp, crystal clear, ultra sharp, 8k resolution, photorealistic, hyperrealistic, ultra realistic, HDR",9:16,8,1080p,grok-imagine-image-quality,grok-imagine-video-1.5,2k,"Photoreal vertical 9:16 Palm Beach Vitality laboratory research catalog film, chemical research material only, premium American research aesthetic. PRIMARY SUBJECT (must be clearly recognizable, real laboratory object, sharp and centered): bottle-top dispenser on reagent bottle. Physical detail: dispenser unit mounted, primed closed. Setting surface: cool gray ceramic tile. Lighting: single hard key light with controlled fill. Camera: gentle top-down descending move. No abstract shapes, no glass orbs, no crystal balls, no surreal spheres, no CGI blobs, no nebula, no galaxies, no fantasy energy, no particle portals, no impossible geometry, no melting objects, no dreamscape, no people, no faces, no hands, no bare skin, no needles penetrating skin, no injection act, no clinic patient scene, no gym, no lifestyle, no wellness claims, no nicknames, no supplements aesthetic. Quality: ultra detailed, extremely detailed, hyper-detailed, razor sharp focus, tack sharp, crystal clear, ultra sharp, 8k resolution, photorealistic, hyperrealistic, ultra realistic, HDR. creation motif 115/250 · LAB-115. Keep product identity and any on-screen research typography sharp and unchanged. For laboratory research use only. Not for human use or consumption.",Active,0,
PBVita-Lab-116,116,LAB-116,liquid_handling,peristaltic pump head with tubing,"pump as object, tubing looped neatly","peristaltic pump head with tubing on mirrored chrome instrument tray, soft overhead softbox, even catalog lighting, locked tripod hero frame with subtle push",12,"ultra detailed, extremely detailed, hyper-detailed, razor sharp focus, tack sharp, crystal clear, ultra sharp, 8k resolution, photorealistic, hyperrealistic, ultra realistic, HDR",9:16,8,1080p,grok-imagine-image-quality,grok-imagine-video-1.5,2k,"Photoreal vertical 9:16 Palm Beach Vitality laboratory research catalog film, chemical research material only, premium American research aesthetic. PRIMARY SUBJECT (must be clearly recognizable, real laboratory object, sharp and centered): peristaltic pump head with tubing. Physical detail: pump as object, tubing looped neatly. Setting surface: mirrored chrome instrument tray. Lighting: soft overhead softbox, even catalog lighting. Camera: locked tripod hero frame with subtle push. No abstract shapes, no glass orbs, no crystal balls, no surreal spheres, no CGI blobs, no nebula, no galaxies, no fantasy energy, no particle portals, no impossible geometry, no melting objects, no dreamscape, no people, no faces, no hands, no bare skin, no needles penetrating skin, no injection act, no clinic patient scene, no gym, no lifestyle, no wellness claims, no nicknames, no supplements aesthetic. Quality: ultra detailed, extremely detailed, hyper-detailed, razor sharp focus, tack sharp, crystal clear, ultra sharp, 8k resolution, photorealistic, hyperrealistic, ultra realistic, HDR. creation motif 116/250 · LAB-116. Keep product identity and any on-screen research typography sharp and unchanged. For laboratory research use only. Not for human use or consumption.",Active,0,
PBVita-Lab-117,117,LAB-117,liquid_handling,syringe filter unit 0.22 micron,disc filter in packaging blister,"syringe filter unit 0.22 micron on white melamine cleanroom table, warm neutral side light, still clinical, low angle tracking slide",12,"ultra detailed, extremely detailed, hyper-detailed, razor sharp focus, tack sharp, crystal clear, ultra sharp, 8k resolution, photorealistic, hyperrealistic, ultra realistic, HDR",9:16,8,1080p,grok-imagine-image-quality,grok-imagine-video-1.5,2k,"Photoreal vertical 9:16 Palm Beach Vitality laboratory research catalog film, chemical research material only, premium American research aesthetic. PRIMARY SUBJECT (must be clearly recognizable, real laboratory object, sharp and centered): syringe filter unit 0.22 micron. Physical detail: disc filter in packaging blister. Setting surface: white melamine cleanroom table. Lighting: warm neutral side light, still clinical. Camera: low angle tracking slide. No abstract shapes, no glass orbs, no crystal balls, no surreal spheres, no CGI blobs, no nebula, no galaxies, no fantasy energy, no particle portals, no impossible geometry, no melting objects, no dreamscape, no people, no faces, no hands, no bare skin, no needles penetrating skin, no injection act, no clinic patient scene, no gym, no lifestyle, no wellness claims, no nicknames, no supplements aesthetic. Quality: ultra detailed, extremely detailed, hyper-detailed, razor sharp focus, tack sharp, crystal clear, ultra sharp, 8k resolution, photorealistic, hyperrealistic, ultra realistic, HDR. creation motif 117/250 · LAB-117. Keep product identity and any on-screen research typography sharp and unchanged. For laboratory research use only. Not for human use or consumption.",Active,0,
PBVita-Lab-118,118,LAB-118,liquid_handling,sterile syringe filter attached to syringe no needle,"filter on luer, no hypodermic","sterile syringe filter attached to syringe no needle on textured slate sample board, split soft key and gentle bounce, circular arc that never fully completes",12,"ultra detailed, extremely detailed, hyper-detailed, razor sharp focus, tack sharp, crystal clear, ultra sharp, 8k resolution, photorealistic, hyperrealistic, ultra realistic, HDR",9:16,8,1080p,grok-imagine-image-quality,grok-imagine-video-1.5,2k,"Photoreal vertical 9:16 Palm Beach Vitality laboratory research catalog film, chemical research material only, premium American research aesthetic. PRIMARY SUBJECT (must be clearly recognizable, real laboratory object, sharp and centered): sterile syringe filter attached to syringe no needle. Physical detail: filter on luer, no hypodermic. Setting surface: textured slate sample board. Lighting: split soft key and gentle bounce. Camera: circular arc that never fully completes. No abstract shapes, no glass orbs, no crystal balls, no surreal spheres, no CGI blobs, no nebula, no galaxies, no fantasy energy, no particle portals, no impossible geometry, no melting objects, no dreamscape, no people, no faces, no hands, no bare skin, no needles penetrating skin, no injection act, no clinic patient scene, no gym, no lifestyle, no wellness claims, no nicknames, no supplements aesthetic. Quality: ultra detailed, extremely detailed, hyper-detailed, razor sharp focus, tack sharp, crystal clear, ultra sharp, 8k resolution, photorealistic, hyperrealistic, ultra realistic, HDR. creation motif 118/250 · LAB-118. Keep product identity and any on-screen research typography sharp and unchanged. For laboratory research use only. Not for human use or consumption.",Active,0,
PBVita-Lab-119,119,LAB-119,liquid_handling,pipette tip waste container empty,bench-top tip disposal jar,"pipette tip waste container empty on soft gray seamless paper backdrop, high-key seamless catalog lighting, vertical rise from base to label",12,"ultra detailed, extremely detailed, hyper-detailed, razor sharp focus, tack sharp, crystal clear, ultra sharp, 8k resolution, photorealistic, hyperrealistic, ultra realistic, HDR",9:16,8,1080p,grok-imagine-image-quality,grok-imagine-video-1.5,2k,"Photoreal vertical 9:16 Palm Beach Vitality laboratory research catalog film, chemical research material only, premium American research aesthetic. PRIMARY SUBJECT (must be clearly recognizable, real laboratory object, sharp and centered): pipette tip waste container empty. Physical detail: bench-top tip disposal jar. Setting surface: soft gray seamless paper backdrop. Lighting: high-key seamless catalog lighting. Camera: vertical rise from base to label. No abstract shapes, no glass orbs, no crystal balls, no surreal spheres, no CGI blobs, no nebula, no galaxies, no fantasy energy, no particle portals, no impossible geometry, no melting objects, no dreamscape, no people, no faces, no hands, no bare skin, no needles penetrating skin, no injection act, no clinic patient scene, no gym, no lifestyle, no wellness claims, no nicknames, no supplements aesthetic. Quality: ultra detailed, extremely detailed, hyper-detailed, razor sharp focus, tack sharp, crystal clear, ultra sharp, 8k resolution, photorealistic, hyperrealistic, ultra realistic, HDR. creation motif 119/250 · LAB-119. Keep product identity and any on-screen research typography sharp and unchanged. For laboratory research use only. Not for human use or consumption.",Active,0,
PBVita-Lab-120,120,LAB-120,liquid_handling,calibration balance weight next to pipette,pipette accuracy still life,"calibration balance weight next to pipette on anodized aluminum tray, low-key selective highlight on glass edges, fast resolve into locked hero frame",12,"ultra detailed, extremely detailed, hyper-detailed, razor sharp focus, tack sharp, crystal clear, ultra sharp, 8k resolution, photorealistic, hyperrealistic, ultra realistic, HDR",9:16,8,1080p,grok-imagine-image-quality,grok-imagine-video-1.5,2k,"Photoreal vertical 9:16 Palm Beach Vitality laboratory research catalog film, chemical research material only, premium American research aesthetic. PRIMARY SUBJECT (must be clearly recognizable, real laboratory object, sharp and centered): calibration balance weight next to pipette. Physical detail: pipette accuracy still life. Setting surface: anodized aluminum tray. Lighting: low-key selective highlight on glass edges. Camera: fast resolve into locked hero frame. No abstract shapes, no glass orbs, no crystal balls, no surreal spheres, no CGI blobs, no nebula, no galaxies, no fantasy energy, no particle portals, no impossible geometry, no melting objects, no dreamscape, no people, no faces, no hands, no bare skin, no needles penetrating skin, no injection act, no clinic patient scene, no gym, no lifestyle, no wellness claims, no nicknames, no supplements aesthetic. Quality: ultra detailed, extremely detailed, hyper-detailed, razor sharp focus, tack sharp, crystal clear, ultra sharp, 8k resolution, photorealistic, hyperrealistic, ultra realistic, HDR. creation motif 120/250 · LAB-120. Keep product identity and any on-screen research typography sharp and unchanged. For laboratory research use only. Not for human use or consumption.",Active,0,
PBVita-Lab-121,121,LAB-121,liquid_handling,PCR plate with sealed film,"96-well plate, clear seal","PCR plate with sealed film on polished black reflective acrylic, soft rim light from behind, slow 360 degree orbit at eye level",12,"ultra detailed, extremely detailed, hyper-detailed, razor sharp focus, tack sharp, crystal clear, ultra sharp, 8k resolution, photorealistic, hyperrealistic, ultra realistic, HDR",9:16,8,1080p,grok-imagine-image-quality,grok-imagine-video-1.5,2k,"Photoreal vertical 9:16 Palm Beach Vitality laboratory research catalog film, chemical research material only, premium American research aesthetic. PRIMARY SUBJECT (must be clearly recognizable, real laboratory object, sharp and centered): PCR plate with sealed film. Physical detail: 96-well plate, clear seal. Setting surface: polished black reflective acrylic. Lighting: soft rim light from behind. Camera: slow 360 degree orbit at eye level. No abstract shapes, no glass orbs, no crystal balls, no surreal spheres, no CGI blobs, no nebula, no galaxies, no fantasy energy, no particle portals, no impossible geometry, no melting objects, no dreamscape, no people, no faces, no hands, no bare skin, no needles penetrating skin, no injection act, no clinic patient scene, no gym, no lifestyle, no wellness claims, no nicknames, no supplements aesthetic. Quality: ultra detailed, extremely detailed, hyper-detailed, razor sharp focus, tack sharp, crystal clear, ultra sharp, 8k resolution, photorealistic, hyperrealistic, ultra realistic, HDR. creation motif 121/250 · LAB-121. Keep product identity and any on-screen research typography sharp and unchanged. For laboratory research use only. Not for human use or consumption.",Active,0,
PBVita-Lab-122,122,LAB-122,liquid_handling,deep-well plate empty,2ml deep well plate,"deep-well plate empty on matte pure white infinity surface, cool clinical blue-white LED, extreme macro push-in",12,"ultra detailed, extremely detailed, hyper-detailed, razor sharp focus, tack sharp, crystal clear, ultra sharp, 8k resolution, photorealistic, hyperrealistic, ultra realistic, HDR",9:16,8,1080p,grok-imagine-image-quality,grok-imagine-video-1.5,2k,"Photoreal vertical 9:16 Palm Beach Vitality laboratory research catalog film, chemical research material only, premium American research aesthetic. PRIMARY SUBJECT (must be clearly recognizable, real laboratory object, sharp and centered): deep-well plate empty. Physical detail: 2ml deep well plate. Setting surface: matte pure white infinity surface. Lighting: cool clinical blue-white LED. Camera: extreme macro push-in. No abstract shapes, no glass orbs, no crystal balls, no surreal spheres, no CGI blobs, no nebula, no galaxies, no fantasy energy, no particle portals, no impossible geometry, no melting objects, no dreamscape, no people, no faces, no hands, no bare skin, no needles penetrating skin, no injection act, no clinic patient scene, no gym, no lifestyle, no wellness claims, no nicknames, no supplements aesthetic. Quality: ultra detailed, extremely detailed, hyper-detailed, razor sharp focus, tack sharp, crystal clear, ultra sharp, 8k resolution, photorealistic, hyperrealistic, ultra realistic, HDR. creation motif 122/250 · LAB-122. Keep product identity and any on-screen research typography sharp and unchanged. For laboratory research use only. Not for human use or consumption.",Active,0,
PBVita-Lab-123,123,LAB-123,liquid_handling,microcentrifuge tube rack full,colored tubes in rack,"microcentrifuge tube rack full on brushed stainless steel lab bench, single hard key light with controlled fill, gentle top-down descending move",12,"ultra detailed, extremely detailed, hyper-detailed, razor sharp focus, tack sharp, crystal clear, ultra sharp, 8k resolution, photorealistic, hyperrealistic, ultra realistic, HDR",9:16,8,1080p,grok-imagine-image-quality,grok-imagine-video-1.5,2k,"Photoreal vertical 9:16 Palm Beach Vitality laboratory research catalog film, chemical research material only, premium American research aesthetic. PRIMARY SUBJECT (must be clearly recognizable, real laboratory object, sharp and centered): microcentrifuge tube rack full. Physical detail: colored tubes in rack. Setting surface: brushed stainless steel lab bench. Lighting: single hard key light with controlled fill. Camera: gentle top-down descending move. No abstract shapes, no glass orbs, no crystal balls, no surreal spheres, no CGI blobs, no nebula, no galaxies, no fantasy energy, no particle portals, no impossible geometry, no melting objects, no dreamscape, no people, no faces, no hands, no bare skin, no needles penetrating skin, no injection act, no clinic patient scene, no gym, no lifestyle, no wellness claims, no nicknames, no supplements aesthetic. Quality: ultra detailed, extremely detailed, hyper-detailed, razor sharp focus, tack sharp, crystal clear, ultra sharp, 8k resolution, photorealistic, hyperrealistic, ultra realistic, HDR. creation motif 123/250 · LAB-123. Keep product identity and any on-screen research typography sharp and unchanged. For laboratory research use only. Not for human use or consumption.",Active,0,
PBVita-Lab-124,124,LAB-124,liquid_handling,single microcentrifuge tube 1.5ml closed,snap-cap tube hero,"single microcentrifuge tube 1.5ml closed on dark charcoal epoxy resin countertop, soft overhead softbox, even catalog lighting, locked tripod hero frame with subtle push",12,"ultra detailed, extremely detailed, hyper-detailed, razor sharp focus, tack sharp, crystal clear, ultra sharp, 8k resolution, photorealistic, hyperrealistic, ultra realistic, HDR",9:16,8,1080p,grok-imagine-image-quality,grok-imagine-video-1.5,2k,"Photoreal vertical 9:16 Palm Beach Vitality laboratory research catalog film, chemical research material only, premium American research aesthetic. PRIMARY SUBJECT (must be clearly recognizable, real laboratory object, sharp and centered): single microcentrifuge tube 1.5ml closed. Physical detail: snap-cap tube hero. Setting surface: dark charcoal epoxy resin countertop. Lighting: soft overhead softbox, even catalog lighting. Camera: locked tripod hero frame with subtle push. No abstract shapes, no glass orbs, no crystal balls, no surreal spheres, no CGI blobs, no nebula, no galaxies, no fantasy energy, no particle portals, no impossible geometry, no melting objects, no dreamscape, no people, no faces, no hands, no bare skin, no needles penetrating skin, no injection act, no clinic patient scene, no gym, no lifestyle, no wellness claims, no nicknames, no supplements aesthetic. Quality: ultra detailed, extremely detailed, hyper-detailed, razor sharp focus, tack sharp, crystal clear, ultra sharp, 8k resolution, photorealistic, hyperrealistic, ultra realistic, HDR. creation motif 124/250 · LAB-124. Keep product identity and any on-screen research typography sharp and unchanged. For laboratory research use only. Not for human use or consumption.",Active,0,
PBVita-Lab-125,125,LAB-125,liquid_handling,strip of PCR tubes,8-strip tubes,"strip of PCR tubes on cool gray ceramic tile, warm neutral side light, still clinical, low angle tracking slide",12,"ultra detailed, extremely detailed, hyper-detailed, razor sharp focus, tack sharp, crystal clear, ultra sharp, 8k resolution, photorealistic, hyperrealistic, ultra realistic, HDR",9:16,8,1080p,grok-imagine-image-quality,grok-imagine-video-1.5,2k,"Photoreal vertical 9:16 Palm Beach Vitality laboratory research catalog film, chemical research material only, premium American research aesthetic. PRIMARY SUBJECT (must be clearly recognizable, real laboratory object, sharp and centered): strip of PCR tubes. Physical detail: 8-strip tubes. Setting surface: cool gray ceramic tile. Lighting: warm neutral side light, still clinical. Camera: low angle tracking slide. No abstract shapes, no glass orbs, no crystal balls, no surreal spheres, no CGI blobs, no nebula, no galaxies, no fantasy energy, no particle portals, no impossible geometry, no melting objects, no dreamscape, no people, no faces, no hands, no bare skin, no needles penetrating skin, no injection act, no clinic patient scene, no gym, no lifestyle, no wellness claims, no nicknames, no supplements aesthetic. Quality: ultra detailed, extremely detailed, hyper-detailed, razor sharp focus, tack sharp, crystal clear, ultra sharp, 8k resolution, photorealistic, hyperrealistic, ultra realistic, HDR. creation motif 125/250 · LAB-125. Keep product identity and any on-screen research typography sharp and unchanged. For laboratory research use only. Not for human use or consumption.",Active,0,
PBVita-Lab-126,126,LAB-126,cold_chain,laboratory freezer box cardboard with vials,"cryobox with grid, few vials seated","laboratory freezer box cardboard with vials on mirrored chrome instrument tray, split soft key and gentle bounce, circular arc that never fully completes",12,"ultra detailed, extremely detailed, hyper-detailed, razor sharp focus, tack sharp, crystal clear, ultra sharp, 8k resolution, photorealistic, hyperrealistic, ultra realistic, HDR",9:16,8,1080p,grok-imagine-image-quality,grok-imagine-video-1.5,2k,"Photoreal vertical 9:16 Palm Beach Vitality laboratory research catalog film, chemical research material only, premium American research aesthetic. PRIMARY SUBJECT (must be clearly recognizable, real laboratory object, sharp and centered): laboratory freezer box cardboard with vials. Physical detail: cryobox with grid, few vials seated. Setting surface: mirrored chrome instrument tray. Lighting: split soft key and gentle bounce. Camera: circular arc that never fully completes. No abstract shapes, no glass orbs, no crystal balls, no surreal spheres, no CGI blobs, no nebula, no galaxies, no fantasy energy, no particle portals, no impossible geometry, no melting objects, no dreamscape, no people, no faces, no hands, no bare skin, no needles penetrating skin, no injection act, no clinic patient scene, no gym, no lifestyle, no wellness claims, no nicknames, no supplements aesthetic. Quality: ultra detailed, extremely detailed, hyper-detailed, razor sharp focus, tack sharp, crystal clear, ultra sharp, 8k resolution, photorealistic, hyperrealistic, ultra realistic, HDR. creation motif 126/250 · LAB-126. Keep product identity and any on-screen research typography sharp and unchanged. For laboratory research use only. Not for human use or consumption.",Active,0,
PBVita-Lab-127,127,LAB-127,cold_chain,polycarbonate freezer box empty grid,9x9 grid box open,"polycarbonate freezer box empty grid on white melamine cleanroom table, high-key seamless catalog lighting, vertical rise from base to label",12,"ultra detailed, extremely detailed, hyper-detailed, razor sharp focus, tack sharp, crystal clear, ultra sharp, 8k resolution, photorealistic, hyperrealistic, ultra realistic, HDR",9:16,8,1080p,grok-imagine-image-quality,grok-imagine-video-1.5,2k,"Photoreal vertical 9:16 Palm Beach Vitality laboratory research catalog film, chemical research material only, premium American research aesthetic. PRIMARY SUBJECT (must be clearly recognizable, real laboratory object, sharp and centered): polycarbonate freezer box empty grid. Physical detail: 9x9 grid box open. Setting surface: white melamine cleanroom table. Lighting: high-key seamless catalog lighting. Camera: vertical rise from base to label. No abstract shapes, no glass orbs, no crystal balls, no surreal spheres, no CGI blobs, no nebula, no galaxies, no fantasy energy, no particle portals, no impossible geometry, no melting objects, no dreamscape, no people, no faces, no hands, no bare skin, no needles penetrating skin, no injection act, no clinic patient scene, no gym, no lifestyle, no wellness claims, no nicknames, no supplements aesthetic. Quality: ultra detailed, extremely detailed, hyper-detailed, razor sharp focus, tack sharp, crystal clear, ultra sharp, 8k resolution, photorealistic, hyperrealistic, ultra realistic, HDR. creation motif 127/250 · LAB-127. Keep product identity and any on-screen research typography sharp and unchanged. For laboratory research use only. Not for human use or consumption.",Active,0,
PBVita-Lab-128,128,LAB-128,cold_chain,cold packs flanking a research carton,gel packs and white carton,"cold packs flanking a research carton on textured slate sample board, low-key selective highlight on glass edges, fast resolve into locked hero frame",12,"ultra detailed, extremely detailed, hyper-detailed, razor sharp focus, tack sharp, crystal clear, ultra sharp, 8k resolution, photorealistic, hyperrealistic, ultra realistic, HDR",9:16,8,1080p,grok-imagine-image-quality,grok-imagine-video-1.5,2k,"Photoreal vertical 9:16 Palm Beach Vitality laboratory research catalog film, chemical research material only, premium American research aesthetic. PRIMARY SUBJECT (must be clearly recognizable, real laboratory object, sharp and centered): cold packs flanking a research carton. Physical detail: gel packs and white carton. Setting surface: textured slate sample board. Lighting: low-key selective highlight on glass edges. Camera: fast resolve into locked hero frame. No abstract shapes, no glass orbs, no crystal balls, no surreal spheres, no CGI blobs, no nebula, no galaxies, no fantasy energy, no particle portals, no impossible geometry, no melting objects, no dreamscape, no people, no faces, no hands, no bare skin, no needles penetrating skin, no injection act, no clinic patient scene, no gym, no lifestyle, no wellness claims, no nicknames, no supplements aesthetic. Quality: ultra detailed, extremely detailed, hyper-detailed, razor sharp focus, tack sharp, crystal clear, ultra sharp, 8k resolution, photorealistic, hyperrealistic, ultra realistic, HDR. creation motif 128/250 · LAB-128. Keep product identity and any on-screen research typography sharp and unchanged. For laboratory research use only. Not for human use or consumption.",Active,0,
PBVita-Lab-129,129,LAB-129,cold_chain,insulated shipper open showing foam insert,"cold-chain shipper, vial well empty or filled","insulated shipper open showing foam insert on soft gray seamless paper backdrop, soft rim light from behind, slow 360 degree orbit at eye level",12,"ultra detailed, extremely detailed, hyper-detailed, razor sharp focus, tack sharp, crystal clear, ultra sharp, 8k resolution, photorealistic, hyperrealistic, ultra realistic, HDR",9:16,8,1080p,grok-imagine-image-quality,grok-imagine-video-1.5,2k,"Photoreal vertical 9:16 Palm Beach Vitality laboratory research catalog film, chemical research material only, premium American research aesthetic. PRIMARY SUBJECT (must be clearly recognizable, real laboratory object, sharp and centered): insulated shipper open showing foam insert. Physical detail: cold-chain shipper, vial well empty or filled. Setting surface: soft gray seamless paper backdrop. Lighting: soft rim light from behind. Camera: slow 360 degree orbit at eye level. No abstract shapes, no glass orbs, no crystal balls, no surreal spheres, no CGI blobs, no nebula, no galaxies, no fantasy energy, no particle portals, no impossible geometry, no melting objects, no dreamscape, no people, no faces, no hands, no bare skin, no needles penetrating skin, no injection act, no clinic patient scene, no gym, no lifestyle, no wellness claims, no nicknames, no supplements aesthetic. Quality: ultra detailed, extremely detailed, hyper-detailed, razor sharp focus, tack sharp, crystal clear, ultra sharp, 8k resolution, photorealistic, hyperrealistic, ultra realistic, HDR. creation motif 129/250 · LAB-129. Keep product identity and any on-screen research typography sharp and unchanged. For laboratory research use only. Not for human use or consumption.",Active,0,
PBVita-Lab-130,130,LAB-130,cold_chain,mini cooler bag for research samples unzipped,"soft cooler, gel pack visible","mini cooler bag for research samples unzipped on anodized aluminum tray, cool clinical blue-white LED, extreme macro push-in",12,"ultra detailed, extremely detailed, hyper-detailed, razor sharp focus, tack sharp, crystal clear, ultra sharp, 8k resolution, photorealistic, hyperrealistic, ultra realistic, HDR",9:16,8,1080p,grok-imagine-image-quality,grok-imagine-video-1.5,2k,"Photoreal vertical 9:16 Palm Beach Vitality laboratory research catalog film, chemical research material only, premium American research aesthetic. PRIMARY SUBJECT (must be clearly recognizable, real laboratory object, sharp and centered): mini cooler bag for research samples unzipped. Physical detail: soft cooler, gel pack visible. Setting surface: anodized aluminum tray. Lighting: cool clinical blue-white LED. Camera: extreme macro push-in. No abstract shapes, no glass orbs, no crystal balls, no surreal spheres, no CGI blobs, no nebula, no galaxies, no fantasy energy, no particle portals, no impossible geometry, no melting objects, no dreamscape, no people, no faces, no hands, no bare skin, no needles penetrating skin, no injection act, no clinic patient scene, no gym, no lifestyle, no wellness claims, no nicknames, no supplements aesthetic. Quality: ultra detailed, extremely detailed, hyper-detailed, razor sharp focus, tack sharp, crystal clear, ultra sharp, 8k resolution, photorealistic, hyperrealistic, ultra realistic, HDR. creation motif 130/250 · LAB-130. Keep product identity and any on-screen research typography sharp and unchanged. For laboratory research use only. Not for human use or consumption.",Active,0,
PBVita-Lab-131,131,LAB-131,cold_chain,temperature data logger on pack,small logger device with display,"temperature data logger on pack on polished black reflective acrylic, single hard key light with controlled fill, gentle top-down descending move",12,"ultra detailed, extremely detailed, hyper-detailed, razor sharp focus, tack sharp, crystal clear, ultra sharp, 8k resolution, photorealistic, hyperrealistic, ultra realistic, HDR",9:16,8,1080p,grok-imagine-image-quality,grok-imagine-video-1.5,2k,"Photoreal vertical 9:16 Palm Beach Vitality laboratory research catalog film, chemical research material only, premium American research aesthetic. PRIMARY SUBJECT (must be clearly recognizable, real laboratory object, sharp and centered): temperature data logger on pack. Physical detail: small logger device with display. Setting surface: polished black reflective acrylic. Lighting: single hard key light with controlled fill. Camera: gentle top-down descending move. No abstract shapes, no glass orbs, no crystal balls, no surreal spheres, no CGI blobs, no nebula, no galaxies, no fantasy energy, no particle portals, no impossible geometry, no melting objects, no dreamscape, no people, no faces, no hands, no bare skin, no needles penetrating skin, no injection act, no clinic patient scene, no gym, no lifestyle, no wellness claims, no nicknames, no supplements aesthetic. Quality: ultra detailed, extremely detailed, hyper-detailed, razor sharp focus, tack sharp, crystal clear, ultra sharp, 8k resolution, photorealistic, hyperrealistic, ultra realistic, HDR. creation motif 131/250 · LAB-131. Keep product identity and any on-screen research typography sharp and unchanged. For laboratory research use only. Not for human use or consumption.",Active,0,
PBVita-Lab-132,132,LAB-132,cold_chain,cryogenic gloves folded beside cryobox,"PPE as object, no person wearing","cryogenic gloves folded beside cryobox on matte pure white infinity surface, soft overhead softbox, even catalog lighting, locked tripod hero frame with subtle push",12,"ultra detailed, extremely detailed, hyper-detailed, razor sharp focus, tack sharp, crystal clear, ultra sharp, 8k resolution, photorealistic, hyperrealistic, ultra realistic, HDR",9:16,8,1080p,grok-imagine-image-quality,grok-imagine-video-1.5,2k,"Photoreal vertical 9:16 Palm Beach Vitality laboratory research catalog film, chemical research material only, premium American research aesthetic. PRIMARY SUBJECT (must be clearly recognizable, real laboratory object, sharp and centered): cryogenic gloves folded beside cryobox. Physical detail: PPE as object, no person wearing. Setting surface: matte pure white infinity surface. Lighting: soft overhead softbox, even catalog lighting. Camera: locked tripod hero frame with subtle push. No abstract shapes, no glass orbs, no crystal balls, no surreal spheres, no CGI blobs, no nebula, no galaxies, no fantasy energy, no particle portals, no impossible geometry, no melting objects, no dreamscape, no people, no faces, no hands, no bare skin, no needles penetrating skin, no injection act, no clinic patient scene, no gym, no lifestyle, no wellness claims, no nicknames, no supplements aesthetic. Quality: ultra detailed, extremely detailed, hyper-detailed, razor sharp focus, tack sharp, crystal clear, ultra sharp, 8k resolution, photorealistic, hyperrealistic, ultra realistic, HDR. creation motif 132/250 · LAB-132. Keep product identity and any on-screen research typography sharp and unchanged. For laboratory research use only. Not for human use or consumption.",Active,0,
PBVita-Lab-133,133,LAB-133,cold_chain,liquid nitrogen vapor shipper exterior,dry shipper dewar exterior only,"liquid nitrogen vapor shipper exterior on brushed stainless steel lab bench, warm neutral side light, still clinical, low angle tracking slide",12,"ultra detailed, extremely detailed, hyper-detailed, razor sharp focus, tack sharp, crystal clear, ultra sharp, 8k resolution, photorealistic, hyperrealistic, ultra realistic, HDR",9:16,8,1080p,grok-imagine-image-quality,grok-imagine-video-1.5,2k,"Photoreal vertical 9:16 Palm Beach Vitality laboratory research catalog film, chemical research material only, premium American research aesthetic. PRIMARY SUBJECT (must be clearly recognizable, real laboratory object, sharp and centered): liquid nitrogen vapor shipper exterior. Physical detail: dry shipper dewar exterior only. Setting surface: brushed stainless steel lab bench. Lighting: warm neutral side light, still clinical. Camera: low angle tracking slide. No abstract shapes, no glass orbs, no crystal balls, no surreal spheres, no CGI blobs, no nebula, no galaxies, no fantasy energy, no particle portals, no impossible geometry, no melting objects, no dreamscape, no people, no faces, no hands, no bare skin, no needles penetrating skin, no injection act, no clinic patient scene, no gym, no lifestyle, no wellness claims, no nicknames, no supplements aesthetic. Quality: ultra detailed, extremely detailed, hyper-detailed, razor sharp focus, tack sharp, crystal clear, ultra sharp, 8k resolution, photorealistic, hyperrealistic, ultra realistic, HDR. creation motif 133/250 · LAB-133. Keep product identity and any on-screen research typography sharp and unchanged. For laboratory research use only. Not for human use or consumption.",Active,0,
PBVita-Lab-134,134,LAB-134,cold_chain,frosted ice pan with sealed vials,"metal pan, light frost, vials upright","frosted ice pan with sealed vials on dark charcoal epoxy resin countertop, split soft key and gentle bounce, circular arc that never fully completes",12,"ultra detailed, extremely detailed, hyper-detailed, razor sharp focus, tack sharp, crystal clear, ultra sharp, 8k resolution, photorealistic, hyperrealistic, ultra realistic, HDR",9:16,8,1080p,grok-imagine-image-quality,grok-imagine-video-1.5,2k,"Photoreal vertical 9:16 Palm Beach Vitality laboratory research catalog film, chemical research material only, premium American research aesthetic. PRIMARY SUBJECT (must be clearly recognizable, real laboratory object, sharp and centered): frosted ice pan with sealed vials. Physical detail: metal pan, light frost, vials upright. Setting surface: dark charcoal epoxy resin countertop. Lighting: split soft key and gentle bounce. Camera: circular arc that never fully completes. No abstract shapes, no glass orbs, no crystal balls, no surreal spheres, no CGI blobs, no nebula, no galaxies, no fantasy energy, no particle portals, no impossible geometry, no melting objects, no dreamscape, no people, no faces, no hands, no bare skin, no needles penetrating skin, no injection act, no clinic patient scene, no gym, no lifestyle, no wellness claims, no nicknames, no supplements aesthetic. Quality: ultra detailed, extremely detailed, hyper-detailed, razor sharp focus, tack sharp, crystal clear, ultra sharp, 8k resolution, photorealistic, hyperrealistic, ultra realistic, HDR. creation motif 134/250 · LAB-134. Keep product identity and any on-screen research typography sharp and unchanged. For laboratory research use only. Not for human use or consumption.",Active,0,
PBVita-Lab-135,135,LAB-135,cold_chain,refrigerator shelf bin with labeled vials,lab fridge organizing bin,"refrigerator shelf bin with labeled vials on cool gray ceramic tile, high-key seamless catalog lighting, vertical rise from base to label",12,"ultra detailed, extremely detailed, hyper-detailed, razor sharp focus, tack sharp, crystal clear, ultra sharp, 8k resolution, photorealistic, hyperrealistic, ultra realistic, HDR",9:16,8,1080p,grok-imagine-image-quality,grok-imagine-video-1.5,2k,"Photoreal vertical 9:16 Palm Beach Vitality laboratory research catalog film, chemical research material only, premium American research aesthetic. PRIMARY SUBJECT (must be clearly recognizable, real laboratory object, sharp and centered): refrigerator shelf bin with labeled vials. Physical detail: lab fridge organizing bin. Setting surface: cool gray ceramic tile. Lighting: high-key seamless catalog lighting. Camera: vertical rise from base to label. No abstract shapes, no glass orbs, no crystal balls, no surreal spheres, no CGI blobs, no nebula, no galaxies, no fantasy energy, no particle portals, no impossible geometry, no melting objects, no dreamscape, no people, no faces, no hands, no bare skin, no needles penetrating skin, no injection act, no clinic patient scene, no gym, no lifestyle, no wellness claims, no nicknames, no supplements aesthetic. Quality: ultra detailed, extremely detailed, hyper-detailed, razor sharp focus, tack sharp, crystal clear, ultra sharp, 8k resolution, photorealistic, hyperrealistic, ultra realistic, HDR. creation motif 135/250 · LAB-135. Keep product identity and any on-screen research typography sharp and unchanged. For laboratory research use only. Not for human use or consumption.",Active,0,
PBVita-Lab-136,136,LAB-136,cold_chain,cold chain indicator sticker sheet,time-temp indicator labels,"cold chain indicator sticker sheet on mirrored chrome instrument tray, low-key selective highlight on glass edges, fast resolve into locked hero frame",12,"ultra detailed, extremely detailed, hyper-detailed, razor sharp focus, tack sharp, crystal clear, ultra sharp, 8k resolution, photorealistic, hyperrealistic, ultra realistic, HDR",9:16,8,1080p,grok-imagine-image-quality,grok-imagine-video-1.5,2k,"Photoreal vertical 9:16 Palm Beach Vitality laboratory research catalog film, chemical research material only, premium American research aesthetic. PRIMARY SUBJECT (must be clearly recognizable, real laboratory object, sharp and centered): cold chain indicator sticker sheet. Physical detail: time-temp indicator labels. Setting surface: mirrored chrome instrument tray. Lighting: low-key selective highlight on glass edges. Camera: fast resolve into locked hero frame. No abstract shapes, no glass orbs, no crystal balls, no surreal spheres, no CGI blobs, no nebula, no galaxies, no fantasy energy, no particle portals, no impossible geometry, no melting objects, no dreamscape, no people, no faces, no hands, no bare skin, no needles penetrating skin, no injection act, no clinic patient scene, no gym, no lifestyle, no wellness claims, no nicknames, no supplements aesthetic. Quality: ultra detailed, extremely detailed, hyper-detailed, razor sharp focus, tack sharp, crystal clear, ultra sharp, 8k resolution, photorealistic, hyperrealistic, ultra realistic, HDR. creation motif 136/250 · LAB-136. Keep product identity and any on-screen research typography sharp and unchanged. For laboratory research use only. Not for human use or consumption.",Active,0,
PBVita-Lab-137,137,LAB-137,cold_chain,phase-change pack brick,PCM pack alone,"phase-change pack brick on white melamine cleanroom table, soft rim light from behind, slow 360 degree orbit at eye level",12,"ultra detailed, extremely detailed, hyper-detailed, razor sharp focus, tack sharp, crystal clear, ultra sharp, 8k resolution, photorealistic, hyperrealistic, ultra realistic, HDR",9:16,8,1080p,grok-imagine-image-quality,grok-imagine-video-1.5,2k,"Photoreal vertical 9:16 Palm Beach Vitality laboratory research catalog film, chemical research material only, premium American research aesthetic. PRIMARY SUBJECT (must be clearly recognizable, real laboratory object, sharp and centered): phase-change pack brick. Physical detail: PCM pack alone. Setting surface: white melamine cleanroom table. Lighting: soft rim light from behind. Camera: slow 360 degree orbit at eye level. No abstract shapes, no glass orbs, no crystal balls, no surreal spheres, no CGI blobs, no nebula, no galaxies, no fantasy energy, no particle portals, no impossible geometry, no melting objects, no dreamscape, no people, no faces, no hands, no bare skin, no needles penetrating skin, no injection act, no clinic patient scene, no gym, no lifestyle, no wellness claims, no nicknames, no supplements aesthetic. Quality: ultra detailed, extremely detailed, hyper-detailed, razor sharp focus, tack sharp, crystal clear, ultra sharp, 8k resolution, photorealistic, hyperrealistic, ultra realistic, HDR. creation motif 137/250 · LAB-137. Keep product identity and any on-screen research typography sharp and unchanged. For laboratory research use only. Not for human use or consumption.",Active,0,
PBVita-Lab-138,138,LAB-138,cold_chain,styrofoam cold box lid ajar,EPS shipper interior view,"styrofoam cold box lid ajar on textured slate sample board, cool clinical blue-white LED, extreme macro push-in",12,"ultra detailed, extremely detailed, hyper-detailed, razor sharp focus, tack sharp, crystal clear, ultra sharp, 8k resolution, photorealistic, hyperrealistic, ultra realistic, HDR",9:16,8,1080p,grok-imagine-image-quality,grok-imagine-video-1.5,2k,"Photoreal vertical 9:16 Palm Beach Vitality laboratory research catalog film, chemical research material only, premium American research aesthetic. PRIMARY SUBJECT (must be clearly recognizable, real laboratory object, sharp and centered): styrofoam cold box lid ajar. Physical detail: EPS shipper interior view. Setting surface: textured slate sample board. Lighting: cool clinical blue-white LED. Camera: extreme macro push-in. No abstract shapes, no glass orbs, no crystal balls, no surreal spheres, no CGI blobs, no nebula, no galaxies, no fantasy energy, no particle portals, no impossible geometry, no melting objects, no dreamscape, no people, no faces, no hands, no bare skin, no needles penetrating skin, no injection act, no clinic patient scene, no gym, no lifestyle, no wellness claims, no nicknames, no supplements aesthetic. Quality: ultra detailed, extremely detailed, hyper-detailed, razor sharp focus, tack sharp, crystal clear, ultra sharp, 8k resolution, photorealistic, hyperrealistic, ultra realistic, HDR. creation motif 138/250 · LAB-138. Keep product identity and any on-screen research typography sharp and unchanged. For laboratory research use only. Not for human use or consumption.",Active,0,
PBVita-Lab-139,139,LAB-139,cold_chain,validated shipping carton with UN marks research,outer carton only,"validated shipping carton with UN marks research on soft gray seamless paper backdrop, single hard key light with controlled fill, gentle top-down descending move",12,"ultra detailed, extremely detailed, hyper-detailed, razor sharp focus, tack sharp, crystal clear, ultra sharp, 8k resolution, photorealistic, hyperrealistic, ultra realistic, HDR",9:16,8,1080p,grok-imagine-image-quality,grok-imagine-video-1.5,2k,"Photoreal vertical 9:16 Palm Beach Vitality laboratory research catalog film, chemical research material only, premium American research aesthetic. PRIMARY SUBJECT (must be clearly recognizable, real laboratory object, sharp and centered): validated shipping carton with UN marks research. Physical detail: outer carton only. Setting surface: soft gray seamless paper backdrop. Lighting: single hard key light with controlled fill. Camera: gentle top-down descending move. No abstract shapes, no glass orbs, no crystal balls, no surreal spheres, no CGI blobs, no nebula, no galaxies, no fantasy energy, no particle portals, no impossible geometry, no melting objects, no dreamscape, no people, no faces, no hands, no bare skin, no needles penetrating skin, no injection act, no clinic patient scene, no gym, no lifestyle, no wellness claims, no nicknames, no supplements aesthetic. Quality: ultra detailed, extremely detailed, hyper-detailed, razor sharp focus, tack sharp, crystal clear, ultra sharp, 8k resolution, photorealistic, hyperrealistic, ultra realistic, HDR. creation motif 139/250 · LAB-139. Keep product identity and any on-screen research typography sharp and unchanged. For laboratory research use only. Not for human use or consumption.",Active,0,
PBVita-Lab-140,140,LAB-140,cold_chain,thermal probe in calibration bath beaker,probe and beaker still,"thermal probe in calibration bath beaker on anodized aluminum tray, soft overhead softbox, even catalog lighting, locked tripod hero frame with subtle push",12,"ultra detailed, extremely detailed, hyper-detailed, razor sharp focus, tack sharp, crystal clear, ultra sharp, 8k resolution, photorealistic, hyperrealistic, ultra realistic, HDR",9:16,8,1080p,grok-imagine-image-quality,grok-imagine-video-1.5,2k,"Photoreal vertical 9:16 Palm Beach Vitality laboratory research catalog film, chemical research material only, premium American research aesthetic. PRIMARY SUBJECT (must be clearly recognizable, real laboratory object, sharp and centered): thermal probe in calibration bath beaker. Physical detail: probe and beaker still. Setting surface: anodized aluminum tray. Lighting: soft overhead softbox, even catalog lighting. Camera: locked tripod hero frame with subtle push. No abstract shapes, no glass orbs, no crystal balls, no surreal spheres, no CGI blobs, no nebula, no galaxies, no fantasy energy, no particle portals, no impossible geometry, no melting objects, no dreamscape, no people, no faces, no hands, no bare skin, no needles penetrating skin, no injection act, no clinic patient scene, no gym, no lifestyle, no wellness claims, no nicknames, no supplements aesthetic. Quality: ultra detailed, extremely detailed, hyper-detailed, razor sharp focus, tack sharp, crystal clear, ultra sharp, 8k resolution, photorealistic, hyperrealistic, ultra realistic, HDR. creation motif 140/250 · LAB-140. Keep product identity and any on-screen research typography sharp and unchanged. For laboratory research use only. Not for human use or consumption.",Active,0,
PBVita-Lab-141,141,LAB-141,cold_chain,freezer rack drawer pulled slightly,stainless freezer rack,"freezer rack drawer pulled slightly on polished black reflective acrylic, warm neutral side light, still clinical, low angle tracking slide",12,"ultra detailed, extremely detailed, hyper-detailed, razor sharp focus, tack sharp, crystal clear, ultra sharp, 8k resolution, photorealistic, hyperrealistic, ultra realistic, HDR",9:16,8,1080p,grok-imagine-image-quality,grok-imagine-video-1.5,2k,"Photoreal vertical 9:16 Palm Beach Vitality laboratory research catalog film, chemical research material only, premium American research aesthetic. PRIMARY SUBJECT (must be clearly recognizable, real laboratory object, sharp and centered): freezer rack drawer pulled slightly. Physical detail: stainless freezer rack. Setting surface: polished black reflective acrylic. Lighting: warm neutral side light, still clinical. Camera: low angle tracking slide. No abstract shapes, no glass orbs, no crystal balls, no surreal spheres, no CGI blobs, no nebula, no galaxies, no fantasy energy, no particle portals, no impossible geometry, no melting objects, no dreamscape, no people, no faces, no hands, no bare skin, no needles penetrating skin, no injection act, no clinic patient scene, no gym, no lifestyle, no wellness claims, no nicknames, no supplements aesthetic. Quality: ultra detailed, extremely detailed, hyper-detailed, razor sharp focus, tack sharp, crystal clear, ultra sharp, 8k resolution, photorealistic, hyperrealistic, ultra realistic, HDR. creation motif 141/250 · LAB-141. Keep product identity and any on-screen research typography sharp and unchanged. For laboratory research use only. Not for human use or consumption.",Active,0,
PBVita-Lab-142,142,LAB-142,cold_chain,cryo cane with clip for vials,aluminum cane holding vials,"cryo cane with clip for vials on matte pure white infinity surface, split soft key and gentle bounce, circular arc that never fully completes",12,"ultra detailed, extremely detailed, hyper-detailed, razor sharp focus, tack sharp, crystal clear, ultra sharp, 8k resolution, photorealistic, hyperrealistic, ultra realistic, HDR",9:16,8,1080p,grok-imagine-image-quality,grok-imagine-video-1.5,2k,"Photoreal vertical 9:16 Palm Beach Vitality laboratory research catalog film, chemical research material only, premium American research aesthetic. PRIMARY SUBJECT (must be clearly recognizable, real laboratory object, sharp and centered): cryo cane with clip for vials. Physical detail: aluminum cane holding vials. Setting surface: matte pure white infinity surface. Lighting: split soft key and gentle bounce. Camera: circular arc that never fully completes. No abstract shapes, no glass orbs, no crystal balls, no surreal spheres, no CGI blobs, no nebula, no galaxies, no fantasy energy, no particle portals, no impossible geometry, no melting objects, no dreamscape, no people, no faces, no hands, no bare skin, no needles penetrating skin, no injection act, no clinic patient scene, no gym, no lifestyle, no wellness claims, no nicknames, no supplements aesthetic. Quality: ultra detailed, extremely detailed, hyper-detailed, razor sharp focus, tack sharp, crystal clear, ultra sharp, 8k resolution, photorealistic, hyperrealistic, ultra realistic, HDR. creation motif 142/250 · LAB-142. Keep product identity and any on-screen research typography sharp and unchanged. For laboratory research use only. Not for human use or consumption.",Active,0,
PBVita-Lab-143,143,LAB-143,cold_chain,ice bucket with closed tube floating pack,lab ice bucket prop,"ice bucket with closed tube floating pack on brushed stainless steel lab bench, high-key seamless catalog lighting, vertical rise from base to label",12,"ultra detailed, extremely detailed, hyper-detailed, razor sharp focus, tack sharp, crystal clear, ultra sharp, 8k resolution, photorealistic, hyperrealistic, ultra realistic, HDR",9:16,8,1080p,grok-imagine-image-quality,grok-imagine-video-1.5,2k,"Photoreal vertical 9:16 Palm Beach Vitality laboratory research catalog film, chemical research material only, premium American research aesthetic. PRIMARY SUBJECT (must be clearly recognizable, real laboratory object, sharp and centered): ice bucket with closed tube floating pack. Physical detail: lab ice bucket prop. Setting surface: brushed stainless steel lab bench. Lighting: high-key seamless catalog lighting. Camera: vertical rise from base to label. No abstract shapes, no glass orbs, no crystal balls, no surreal spheres, no CGI blobs, no nebula, no galaxies, no fantasy energy, no particle portals, no impossible geometry, no melting objects, no dreamscape, no people, no faces, no hands, no bare skin, no needles penetrating skin, no injection act, no clinic patient scene, no gym, no lifestyle, no wellness claims, no nicknames, no supplements aesthetic. Quality: ultra detailed, extremely detailed, hyper-detailed, razor sharp focus, tack sharp, crystal clear, ultra sharp, 8k resolution, photorealistic, hyperrealistic, ultra realistic, HDR. creation motif 143/250 · LAB-143. Keep product identity and any on-screen research typography sharp and unchanged. For laboratory research use only. Not for human use or consumption.",Active,0,
PBVita-Lab-144,144,LAB-144,cold_chain,coolant bottle for centrifuge,pre-chill bottle,"coolant bottle for centrifuge on dark charcoal epoxy resin countertop, low-key selective highlight on glass edges, fast resolve into locked hero frame",12,"ultra detailed, extremely detailed, hyper-detailed, razor sharp focus, tack sharp, crystal clear, ultra sharp, 8k resolution, photorealistic, hyperrealistic, ultra realistic, HDR",9:16,8,1080p,grok-imagine-image-quality,grok-imagine-video-1.5,2k,"Photoreal vertical 9:16 Palm Beach Vitality laboratory research catalog film, chemical research material only, premium American research aesthetic. PRIMARY SUBJECT (must be clearly recognizable, real laboratory object, sharp and centered): coolant bottle for centrifuge. Physical detail: pre-chill bottle. Setting surface: dark charcoal epoxy resin countertop. Lighting: low-key selective highlight on glass edges. Camera: fast resolve into locked hero frame. No abstract shapes, no glass orbs, no crystal balls, no surreal spheres, no CGI blobs, no nebula, no galaxies, no fantasy energy, no particle portals, no impossible geometry, no melting objects, no dreamscape, no people, no faces, no hands, no bare skin, no needles penetrating skin, no injection act, no clinic patient scene, no gym, no lifestyle, no wellness claims, no nicknames, no supplements aesthetic. Quality: ultra detailed, extremely detailed, hyper-detailed, razor sharp focus, tack sharp, crystal clear, ultra sharp, 8k resolution, photorealistic, hyperrealistic, ultra realistic, HDR. creation motif 144/250 · LAB-144. Keep product identity and any on-screen research typography sharp and unchanged. For laboratory research use only. Not for human use or consumption.",Active,0,
PBVita-Lab-145,145,LAB-145,cold_chain,insulated vial sleeve neoprene,single-vial insulator sleeve,"insulated vial sleeve neoprene on cool gray ceramic tile, soft rim light from behind, slow 360 degree orbit at eye level",12,"ultra detailed, extremely detailed, hyper-detailed, razor sharp focus, tack sharp, crystal clear, ultra sharp, 8k resolution, photorealistic, hyperrealistic, ultra realistic, HDR",9:16,8,1080p,grok-imagine-image-quality,grok-imagine-video-1.5,2k,"Photoreal vertical 9:16 Palm Beach Vitality laboratory research catalog film, chemical research material only, premium American research aesthetic. PRIMARY SUBJECT (must be clearly recognizable, real laboratory object, sharp and centered): insulated vial sleeve neoprene. Physical detail: single-vial insulator sleeve. Setting surface: cool gray ceramic tile. Lighting: soft rim light from behind. Camera: slow 360 degree orbit at eye level. No abstract shapes, no glass orbs, no crystal balls, no surreal spheres, no CGI blobs, no nebula, no galaxies, no fantasy energy, no particle portals, no impossible geometry, no melting objects, no dreamscape, no people, no faces, no hands, no bare skin, no needles penetrating skin, no injection act, no clinic patient scene, no gym, no lifestyle, no wellness claims, no nicknames, no supplements aesthetic. Quality: ultra detailed, extremely detailed, hyper-detailed, razor sharp focus, tack sharp, crystal clear, ultra sharp, 8k resolution, photorealistic, hyperrealistic, ultra realistic, HDR. creation motif 145/250 · LAB-145. Keep product identity and any on-screen research typography sharp and unchanged. For laboratory research use only. Not for human use or consumption.",Active,0,
PBVita-Lab-146,146,LAB-146,instruments,analytical balance with draft shield closed,"four-point balance, doors shut, pan empty","analytical balance with draft shield closed on mirrored chrome instrument tray, cool clinical blue-white LED, extreme macro push-in",12,"ultra detailed, extremely detailed, hyper-detailed, razor sharp focus, tack sharp, crystal clear, ultra sharp, 8k resolution, photorealistic, hyperrealistic, ultra realistic, HDR",9:16,8,1080p,grok-imagine-image-quality,grok-imagine-video-1.5,2k,"Photoreal vertical 9:16 Palm Beach Vitality laboratory research catalog film, chemical research material only, premium American research aesthetic. PRIMARY SUBJECT (must be clearly recognizable, real laboratory object, sharp and centered): analytical balance with draft shield closed. Physical detail: four-point balance, doors shut, pan empty. Setting surface: mirrored chrome instrument tray. Lighting: cool clinical blue-white LED. Camera: extreme macro push-in. No abstract shapes, no glass orbs, no crystal balls, no surreal spheres, no CGI blobs, no nebula, no galaxies, no fantasy energy, no particle portals, no impossible geometry, no melting objects, no dreamscape, no people, no faces, no hands, no bare skin, no needles penetrating skin, no injection act, no clinic patient scene, no gym, no lifestyle, no wellness claims, no nicknames, no supplements aesthetic. Quality: ultra detailed, extremely detailed, hyper-detailed, razor sharp focus, tack sharp, crystal clear, ultra sharp, 8k resolution, photorealistic, hyperrealistic, ultra realistic, HDR. creation motif 146/250 · LAB-146. Keep product identity and any on-screen research typography sharp and unchanged. For laboratory research use only. Not for human use or consumption.",Active,0,
PBVita-Lab-147,147,LAB-147,instruments,analytical balance with vial on pan,"single vial being weighed concept, still","analytical balance with vial on pan on white melamine cleanroom table, single hard key light with controlled fill, gentle top-down descending move",12,"ultra detailed, extremely detailed, hyper-detailed, razor sharp focus, tack sharp, crystal clear, ultra sharp, 8k resolution, photorealistic, hyperrealistic, ultra realistic, HDR",9:16,8,1080p,grok-imagine-image-quality,grok-imagine-video-1.5,2k,"Photoreal vertical 9:16 Palm Beach Vitality laboratory research catalog film, chemical research material only, premium American research aesthetic. PRIMARY SUBJECT (must be clearly recognizable, real laboratory object, sharp and centered): analytical balance with vial on pan. Physical detail: single vial being weighed concept, still. Setting surface: white melamine cleanroom table. Lighting: single hard key light with controlled fill. Camera: gentle top-down descending move. No abstract shapes, no glass orbs, no crystal balls, no surreal spheres, no CGI blobs, no nebula, no galaxies, no fantasy energy, no particle portals, no impossible geometry, no melting objects, no dreamscape, no people, no faces, no hands, no bare skin, no needles penetrating skin, no injection act, no clinic patient scene, no gym, no lifestyle, no wellness claims, no nicknames, no supplements aesthetic. Quality: ultra detailed, extremely detailed, hyper-detailed, razor sharp focus, tack sharp, crystal clear, ultra sharp, 8k resolution, photorealistic, hyperrealistic, ultra realistic, HDR. creation motif 147/250 · LAB-147. Keep product identity and any on-screen research typography sharp and unchanged. For laboratory research use only. Not for human use or consumption.",Active,0,
PBVita-Lab-148,148,LAB-148,instruments,pH meter with electrode in holder,"benchtop pH meter, probe parked","pH meter with electrode in holder on textured slate sample board, soft overhead softbox, even catalog lighting, locked tripod hero frame with subtle push",12,"ultra detailed, extremely detailed, hyper-detailed, razor sharp focus, tack sharp, crystal clear, ultra sharp, 8k resolution, photorealistic, hyperrealistic, ultra realistic, HDR",9:16,8,1080p,grok-imagine-image-quality,grok-imagine-video-1.5,2k,"Photoreal vertical 9:16 Palm Beach Vitality laboratory research catalog film, chemical research material only, premium American research aesthetic. PRIMARY SUBJECT (must be clearly recognizable, real laboratory object, sharp and centered): pH meter with electrode in holder. Physical detail: benchtop pH meter, probe parked. Setting surface: textured slate sample board. Lighting: soft overhead softbox, even catalog lighting. Camera: locked tripod hero frame with subtle push. No abstract shapes, no glass orbs, no crystal balls, no surreal spheres, no CGI blobs, no nebula, no galaxies, no fantasy energy, no particle portals, no impossible geometry, no melting objects, no dreamscape, no people, no faces, no hands, no bare skin, no needles penetrating skin, no injection act, no clinic patient scene, no gym, no lifestyle, no wellness claims, no nicknames, no supplements aesthetic. Quality: ultra detailed, extremely detailed, hyper-detailed, razor sharp focus, tack sharp, crystal clear, ultra sharp, 8k resolution, photorealistic, hyperrealistic, ultra realistic, HDR. creation motif 148/250 · LAB-148. Keep product identity and any on-screen research typography sharp and unchanged. For laboratory research use only. Not for human use or consumption.",Active,0,
PBVita-Lab-149,149,LAB-149,instruments,magnetic stir plate with stir bar in beaker,"plate off, beaker centered","magnetic stir plate with stir bar in beaker on soft gray seamless paper backdrop, warm neutral side light, still clinical, low angle tracking slide",12,"ultra detailed, extremely detailed, hyper-detailed, razor sharp focus, tack sharp, crystal clear, ultra sharp, 8k resolution, photorealistic, hyperrealistic, ultra realistic, HDR",9:16,8,1080p,grok-imagine-image-quality,grok-imagine-video-1.5,2k,"Photoreal vertical 9:16 Palm Beach Vitality laboratory research catalog film, chemical research material only, premium American research aesthetic. PRIMARY SUBJECT (must be clearly recognizable, real laboratory object, sharp and centered): magnetic stir plate with stir bar in beaker. Physical detail: plate off, beaker centered. Setting surface: soft gray seamless paper backdrop. Lighting: warm neutral side light, still clinical. Camera: low angle tracking slide. No abstract shapes, no glass orbs, no crystal balls, no surreal spheres, no CGI blobs, no nebula, no galaxies, no fantasy energy, no particle portals, no impossible geometry, no melting objects, no dreamscape, no people, no faces, no hands, no bare skin, no needles penetrating skin, no injection act, no clinic patient scene, no gym, no lifestyle, no wellness claims, no nicknames, no supplements aesthetic. Quality: ultra detailed, extremely detailed, hyper-detailed, razor sharp focus, tack sharp, crystal clear, ultra sharp, 8k resolution, photorealistic, hyperrealistic, ultra realistic, HDR. creation motif 149/250 · LAB-149. Keep product identity and any on-screen research typography sharp and unchanged. For laboratory research use only. Not for human use or consumption.",Active,0,
PBVita-Lab-150,150,LAB-150,instruments,vortex mixer alone,classic vortexer,"vortex mixer alone on anodized aluminum tray, split soft key and gentle bounce, circular arc that never fully completes",12,"ultra detailed, extremely detailed, hyper-detailed, razor sharp focus, tack sharp, crystal clear, ultra sharp, 8k resolution, photorealistic, hyperrealistic, ultra realistic, HDR",9:16,8,1080p,grok-imagine-image-quality,grok-imagine-video-1.5,2k,"Photoreal vertical 9:16 Palm Beach Vitality laboratory research catalog film, chemical research material only, premium American research aesthetic. PRIMARY SUBJECT (must be clearly recognizable, real laboratory object, sharp and centered): vortex mixer alone. Physical detail: classic vortexer. Setting surface: anodized aluminum tray. Lighting: split soft key and gentle bounce. Camera: circular arc that never fully completes. No abstract shapes, no glass orbs, no crystal balls, no surreal spheres, no CGI blobs, no nebula, no galaxies, no fantasy energy, no particle portals, no impossible geometry, no melting objects, no dreamscape, no people, no faces, no hands, no bare skin, no needles penetrating skin, no injection act, no clinic patient scene, no gym, no lifestyle, no wellness claims, no nicknames, no supplements aesthetic. Quality: ultra detailed, extremely detailed, hyper-detailed, razor sharp focus, tack sharp, crystal clear, ultra sharp, 8k resolution, photorealistic, hyperrealistic, ultra realistic, HDR. creation motif 150/250 · LAB-150. Keep product identity and any on-screen research typography sharp and unchanged. For laboratory research use only. Not for human use or consumption.",Active,0,
PBVita-Lab-151,151,LAB-151,instruments,microcentrifuge closed lid,benchtop centrifuge,"microcentrifuge closed lid on polished black reflective acrylic, high-key seamless catalog lighting, vertical rise from base to label",12,"ultra detailed, extremely detailed, hyper-detailed, razor sharp focus, tack sharp, crystal clear, ultra sharp, 8k resolution, photorealistic, hyperrealistic, ultra realistic, HDR",9:16,8,1080p,grok-imagine-image-quality,grok-imagine-video-1.5,2k,"Photoreal vertical 9:16 Palm Beach Vitality laboratory research catalog film, chemical research material only, premium American research aesthetic. PRIMARY SUBJECT (must be clearly recognizable, real laboratory object, sharp and centered): microcentrifuge closed lid. Physical detail: benchtop centrifuge. Setting surface: polished black reflective acrylic. Lighting: high-key seamless catalog lighting. Camera: vertical rise from base to label. No abstract shapes, no glass orbs, no crystal balls, no surreal spheres, no CGI blobs, no nebula, no galaxies, no fantasy energy, no particle portals, no impossible geometry, no melting objects, no dreamscape, no people, no faces, no hands, no bare skin, no needles penetrating skin, no injection act, no clinic patient scene, no gym, no lifestyle, no wellness claims, no nicknames, no supplements aesthetic. Quality: ultra detailed, extremely detailed, hyper-detailed, razor sharp focus, tack sharp, crystal clear, ultra sharp, 8k resolution, photorealistic, hyperrealistic, ultra realistic, HDR. creation motif 151/250 · LAB-151. Keep product identity and any on-screen research typography sharp and unchanged. For laboratory research use only. Not for human use or consumption.",Active,0,
PBVita-Lab-152,152,LAB-152,instruments,open microcentrifuge showing rotor empty,rotor wells empty,"open microcentrifuge showing rotor empty on matte pure white infinity surface, low-key selective highlight on glass edges, fast resolve into locked hero frame",12,"ultra detailed, extremely detailed, hyper-detailed, razor sharp focus, tack sharp, crystal clear, ultra sharp, 8k resolution, photorealistic, hyperrealistic, ultra realistic, HDR",9:16,8,1080p,grok-imagine-image-quality,grok-imagine-video-1.5,2k,"Photoreal vertical 9:16 Palm Beach Vitality laboratory research catalog film, chemical research material only, premium American research aesthetic. PRIMARY SUBJECT (must be clearly recognizable, real laboratory object, sharp and centered): open microcentrifuge showing rotor empty. Physical detail: rotor wells empty. Setting surface: matte pure white infinity surface. Lighting: low-key selective highlight on glass edges. Camera: fast resolve into locked hero frame. No abstract shapes, no glass orbs, no crystal balls, no surreal spheres, no CGI blobs, no nebula, no galaxies, no fantasy energy, no particle portals, no impossible geometry, no melting objects, no dreamscape, no people, no faces, no hands, no bare skin, no needles penetrating skin, no injection act, no clinic patient scene, no gym, no lifestyle, no wellness claims, no nicknames, no supplements aesthetic. Quality: ultra detailed, extremely detailed, hyper-detailed, razor sharp focus, tack sharp, crystal clear, ultra sharp, 8k resolution, photorealistic, hyperrealistic, ultra realistic, HDR. creation motif 152/250 · LAB-152. Keep product identity and any on-screen research typography sharp and unchanged. For laboratory research use only. Not for human use or consumption.",Active,0,
PBVita-Lab-153,153,LAB-153,instruments,tube rotator wheel with clips,rotator with empty clips,"tube rotator wheel with clips on brushed stainless steel lab bench, soft rim light from behind, slow 360 degree orbit at eye level",12,"ultra detailed, extremely detailed, hyper-detailed, razor sharp focus, tack sharp, crystal clear, ultra sharp, 8k resolution, photorealistic, hyperrealistic, ultra realistic, HDR",9:16,8,1080p,grok-imagine-image-quality,grok-imagine-video-1.5,2k,"Photoreal vertical 9:16 Palm Beach Vitality laboratory research catalog film, chemical research material only, premium American research aesthetic. PRIMARY SUBJECT (must be clearly recognizable, real laboratory object, sharp and centered): tube rotator wheel with clips. Physical detail: rotator with empty clips. Setting surface: brushed stainless steel lab bench. Lighting: soft rim light from behind. Camera: slow 360 degree orbit at eye level. No abstract shapes, no glass orbs, no crystal balls, no surreal spheres, no CGI blobs, no nebula, no galaxies, no fantasy energy, no particle portals, no impossible geometry, no melting objects, no dreamscape, no people, no faces, no hands, no bare skin, no needles penetrating skin, no injection act, no clinic patient scene, no gym, no lifestyle, no wellness claims, no nicknames, no supplements aesthetic. Quality: ultra detailed, extremely detailed, hyper-detailed, razor sharp focus, tack sharp, crystal clear, ultra sharp, 8k resolution, photorealistic, hyperrealistic, ultra realistic, HDR. creation motif 153/250 · LAB-153. Keep product identity and any on-screen research typography sharp and unchanged. For laboratory research use only. Not for human use or consumption.",Active,0,
PBVita-Lab-154,154,LAB-154,instruments,benchtop orbital-platform shaker empty,shaker deck clear,"benchtop orbital-platform shaker empty on dark charcoal epoxy resin countertop, cool clinical blue-white LED, extreme macro push-in",12,"ultra detailed, extremely detailed, hyper-detailed, razor sharp focus, tack sharp, crystal clear, ultra sharp, 8k resolution, photorealistic, hyperrealistic, ultra realistic, HDR",9:16,8,1080p,grok-imagine-image-quality,grok-imagine-video-1.5,2k,"Photoreal vertical 9:16 Palm Beach Vitality laboratory research catalog film, chemical research material only, premium American research aesthetic. PRIMARY SUBJECT (must be clearly recognizable, real laboratory object, sharp and centered): benchtop orbital-platform shaker empty. Physical detail: shaker deck clear. Setting surface: dark charcoal epoxy resin countertop. Lighting: cool clinical blue-white LED. Camera: extreme macro push-in. No abstract shapes, no glass orbs, no crystal balls, no surreal spheres, no CGI blobs, no nebula, no galaxies, no fantasy energy, no particle portals, no impossible geometry, no melting objects, no dreamscape, no people, no faces, no hands, no bare skin, no needles penetrating skin, no injection act, no clinic patient scene, no gym, no lifestyle, no wellness claims, no nicknames, no supplements aesthetic. Quality: ultra detailed, extremely detailed, hyper-detailed, razor sharp focus, tack sharp, crystal clear, ultra sharp, 8k resolution, photorealistic, hyperrealistic, ultra realistic, HDR. creation motif 154/250 · LAB-154. Keep product identity and any on-screen research typography sharp and unchanged. For laboratory research use only. Not for human use or consumption.",Active,0,
PBVita-Lab-155,155,LAB-155,instruments,hot plate stirrer ceramic top,ceramic top clean,"hot plate stirrer ceramic top on cool gray ceramic tile, single hard key light with controlled fill, gentle top-down descending move",12,"ultra detailed, extremely detailed, hyper-detailed, razor sharp focus, tack sharp, crystal clear, ultra sharp, 8k resolution, photorealistic, hyperrealistic, ultra realistic, HDR",9:16,8,1080p,grok-imagine-image-quality,grok-imagine-video-1.5,2k,"Photoreal vertical 9:16 Palm Beach Vitality laboratory research catalog film, chemical research material only, premium American research aesthetic. PRIMARY SUBJECT (must be clearly recognizable, real laboratory object, sharp and centered): hot plate stirrer ceramic top. Physical detail: ceramic top clean. Setting surface: cool gray ceramic tile. Lighting: single hard key light with controlled fill. Camera: gentle top-down descending move. No abstract shapes, no glass orbs, no crystal balls, no surreal spheres, no CGI blobs, no nebula, no galaxies, no fantasy energy, no particle portals, no impossible geometry, no melting objects, no dreamscape, no people, no faces, no hands, no bare skin, no needles penetrating skin, no injection act, no clinic patient scene, no gym, no lifestyle, no wellness claims, no nicknames, no supplements aesthetic. Quality: ultra detailed, extremely detailed, hyper-detailed, razor sharp focus, tack sharp, crystal clear, ultra sharp, 8k resolution, photorealistic, hyperrealistic, ultra realistic, HDR. creation motif 155/250 · LAB-155. Keep product identity and any on-screen research typography sharp and unchanged. For laboratory research use only. Not for human use or consumption.",Active,0,
PBVita-Lab-156,156,LAB-156,instruments,lab jack raised under flask,support jack,"lab jack raised under flask on mirrored chrome instrument tray, soft overhead softbox, even catalog lighting, locked tripod hero frame with subtle push",12,"ultra detailed, extremely detailed, hyper-detailed, razor sharp focus, tack sharp, crystal clear, ultra sharp, 8k resolution, photorealistic, hyperrealistic, ultra realistic, HDR",9:16,8,1080p,grok-imagine-image-quality,grok-imagine-video-1.5,2k,"Photoreal vertical 9:16 Palm Beach Vitality laboratory research catalog film, chemical research material only, premium American research aesthetic. PRIMARY SUBJECT (must be clearly recognizable, real laboratory object, sharp and centered): lab jack raised under flask. Physical detail: support jack. Setting surface: mirrored chrome instrument tray. Lighting: soft overhead softbox, even catalog lighting. Camera: locked tripod hero frame with subtle push. No abstract shapes, no glass orbs, no crystal balls, no surreal spheres, no CGI blobs, no nebula, no galaxies, no fantasy energy, no particle portals, no impossible geometry, no melting objects, no dreamscape, no people, no faces, no hands, no bare skin, no needles penetrating skin, no injection act, no clinic patient scene, no gym, no lifestyle, no wellness claims, no nicknames, no supplements aesthetic. Quality: ultra detailed, extremely detailed, hyper-detailed, razor sharp focus, tack sharp, crystal clear, ultra sharp, 8k resolution, photorealistic, hyperrealistic, ultra realistic, HDR. creation motif 156/250 · LAB-156. Keep product identity and any on-screen research typography sharp and unchanged. For laboratory research use only. Not for human use or consumption.",Active,0,
PBVita-Lab-157,157,LAB-157,instruments,ring stand with clamps bare,retort stand geometry,"ring stand with clamps bare on white melamine cleanroom table, warm neutral side light, still clinical, low angle tracking slide",12,"ultra detailed, extremely detailed, hyper-detailed, razor sharp focus, tack sharp, crystal clear, ultra sharp, 8k resolution, photorealistic, hyperrealistic, ultra realistic, HDR",9:16,8,1080p,grok-imagine-image-quality,grok-imagine-video-1.5,2k,"Photoreal vertical 9:16 Palm Beach Vitality laboratory research catalog film, chemical research material only, premium American research aesthetic. PRIMARY SUBJECT (must be clearly recognizable, real laboratory object, sharp and centered): ring stand with clamps bare. Physical detail: retort stand geometry. Setting surface: white melamine cleanroom table. Lighting: warm neutral side light, still clinical. Camera: low angle tracking slide. No abstract shapes, no glass orbs, no crystal balls, no surreal spheres, no CGI blobs, no nebula, no galaxies, no fantasy energy, no particle portals, no impossible geometry, no melting objects, no dreamscape, no people, no faces, no hands, no bare skin, no needles penetrating skin, no injection act, no clinic patient scene, no gym, no lifestyle, no wellness claims, no nicknames, no supplements aesthetic. Quality: ultra detailed, extremely detailed, hyper-detailed, razor sharp focus, tack sharp, crystal clear, ultra sharp, 8k resolution, photorealistic, hyperrealistic, ultra realistic, HDR. creation motif 157/250 · LAB-157. Keep product identity and any on-screen research typography sharp and unchanged. For laboratory research use only. Not for human use or consumption.",Active,0,
PBVita-Lab-158,158,LAB-158,instruments,digital timer on bench,lab timer device,"digital timer on bench on textured slate sample board, split soft key and gentle bounce, circular arc that never fully completes",12,"ultra detailed, extremely detailed, hyper-detailed, razor sharp focus, tack sharp, crystal clear, ultra sharp, 8k resolution, photorealistic, hyperrealistic, ultra realistic, HDR",9:16,8,1080p,grok-imagine-image-quality,grok-imagine-video-1.5,2k,"Photoreal vertical 9:16 Palm Beach Vitality laboratory research catalog film, chemical research material only, premium American research aesthetic. PRIMARY SUBJECT (must be clearly recognizable, real laboratory object, sharp and centered): digital timer on bench. Physical detail: lab timer device. Setting surface: textured slate sample board. Lighting: split soft key and gentle bounce. Camera: circular arc that never fully completes. No abstract shapes, no glass orbs, no crystal balls, no surreal spheres, no CGI blobs, no nebula, no galaxies, no fantasy energy, no particle portals, no impossible geometry, no melting objects, no dreamscape, no people, no faces, no hands, no bare skin, no needles penetrating skin, no injection act, no clinic patient scene, no gym, no lifestyle, no wellness claims, no nicknames, no supplements aesthetic. Quality: ultra detailed, extremely detailed, hyper-detailed, razor sharp focus, tack sharp, crystal clear, ultra sharp, 8k resolution, photorealistic, hyperrealistic, ultra realistic, HDR. creation motif 158/250 · LAB-158. Keep product identity and any on-screen research typography sharp and unchanged. For laboratory research use only. Not for human use or consumption.",Active,0,
PBVita-Lab-159,159,LAB-159,instruments,calipers measuring a vial diameter,calipers and vial still life,"calipers measuring a vial diameter on soft gray seamless paper backdrop, high-key seamless catalog lighting, vertical rise from base to label",12,"ultra detailed, extremely detailed, hyper-detailed, razor sharp focus, tack sharp, crystal clear, ultra sharp, 8k resolution, photorealistic, hyperrealistic, ultra realistic, HDR",9:16,8,1080p,grok-imagine-image-quality,grok-imagine-video-1.5,2k,"Photoreal vertical 9:16 Palm Beach Vitality laboratory research catalog film, chemical research material only, premium American research aesthetic. PRIMARY SUBJECT (must be clearly recognizable, real laboratory object, sharp and centered): calipers measuring a vial diameter. Physical detail: calipers and vial still life. Setting surface: soft gray seamless paper backdrop. Lighting: high-key seamless catalog lighting. Camera: vertical rise from base to label. No abstract shapes, no glass orbs, no crystal balls, no surreal spheres, no CGI blobs, no nebula, no galaxies, no fantasy energy, no particle portals, no impossible geometry, no melting objects, no dreamscape, no people, no faces, no hands, no bare skin, no needles penetrating skin, no injection act, no clinic patient scene, no gym, no lifestyle, no wellness claims, no nicknames, no supplements aesthetic. Quality: ultra detailed, extremely detailed, hyper-detailed, razor sharp focus, tack sharp, crystal clear, ultra sharp, 8k resolution, photorealistic, hyperrealistic, ultra realistic, HDR. creation motif 159/250 · LAB-159. Keep product identity and any on-screen research typography sharp and unchanged. For laboratory research use only. Not for human use or consumption.",Active,0,
PBVita-Lab-160,160,LAB-160,instruments,USB laboratory camera on boom arm,inspection camera aimed at product,"USB laboratory camera on boom arm on anodized aluminum tray, low-key selective highlight on glass edges, fast resolve into locked hero frame",12,"ultra detailed, extremely detailed, hyper-detailed, razor sharp focus, tack sharp, crystal clear, ultra sharp, 8k resolution, photorealistic, hyperrealistic, ultra realistic, HDR",9:16,8,1080p,grok-imagine-image-quality,grok-imagine-video-1.5,2k,"Photoreal vertical 9:16 Palm Beach Vitality laboratory research catalog film, chemical research material only, premium American research aesthetic. PRIMARY SUBJECT (must be clearly recognizable, real laboratory object, sharp and centered): USB laboratory camera on boom arm. Physical detail: inspection camera aimed at product. Setting surface: anodized aluminum tray. Lighting: low-key selective highlight on glass edges. Camera: fast resolve into locked hero frame. No abstract shapes, no glass orbs, no crystal balls, no surreal spheres, no CGI blobs, no nebula, no galaxies, no fantasy energy, no particle portals, no impossible geometry, no melting objects, no dreamscape, no people, no faces, no hands, no bare skin, no needles penetrating skin, no injection act, no clinic patient scene, no gym, no lifestyle, no wellness claims, no nicknames, no supplements aesthetic. Quality: ultra detailed, extremely detailed, hyper-detailed, razor sharp focus, tack sharp, crystal clear, ultra sharp, 8k resolution, photorealistic, hyperrealistic, ultra realistic, HDR. creation motif 160/250 · LAB-160. Keep product identity and any on-screen research typography sharp and unchanged. For laboratory research use only. Not for human use or consumption.",Active,0,
PBVita-Lab-161,161,LAB-161,instruments,stereo microscope head over stage,scope over empty stage,"stereo microscope head over stage on polished black reflective acrylic, soft rim light from behind, slow 360 degree orbit at eye level",12,"ultra detailed, extremely detailed, hyper-detailed, razor sharp focus, tack sharp, crystal clear, ultra sharp, 8k resolution, photorealistic, hyperrealistic, ultra realistic, HDR",9:16,8,1080p,grok-imagine-image-quality,grok-imagine-video-1.5,2k,"Photoreal vertical 9:16 Palm Beach Vitality laboratory research catalog film, chemical research material only, premium American research aesthetic. PRIMARY SUBJECT (must be clearly recognizable, real laboratory object, sharp and centered): stereo microscope head over stage. Physical detail: scope over empty stage. Setting surface: polished black reflective acrylic. Lighting: soft rim light from behind. Camera: slow 360 degree orbit at eye level. No abstract shapes, no glass orbs, no crystal balls, no surreal spheres, no CGI blobs, no nebula, no galaxies, no fantasy energy, no particle portals, no impossible geometry, no melting objects, no dreamscape, no people, no faces, no hands, no bare skin, no needles penetrating skin, no injection act, no clinic patient scene, no gym, no lifestyle, no wellness claims, no nicknames, no supplements aesthetic. Quality: ultra detailed, extremely detailed, hyper-detailed, razor sharp focus, tack sharp, crystal clear, ultra sharp, 8k resolution, photorealistic, hyperrealistic, ultra realistic, HDR. creation motif 161/250 · LAB-161. Keep product identity and any on-screen research typography sharp and unchanged. For laboratory research use only. Not for human use or consumption.",Active,0,
PBVita-Lab-162,162,LAB-162,instruments,compound microscope side profile,classic lab microscope,"compound microscope side profile on matte pure white infinity surface, cool clinical blue-white LED, extreme macro push-in",12,"ultra detailed, extremely detailed, hyper-detailed, razor sharp focus, tack sharp, crystal clear, ultra sharp, 8k resolution, photorealistic, hyperrealistic, ultra realistic, HDR",9:16,8,1080p,grok-imagine-image-quality,grok-imagine-video-1.5,2k,"Photoreal vertical 9:16 Palm Beach Vitality laboratory research catalog film, chemical research material only, premium American research aesthetic. PRIMARY SUBJECT (must be clearly recognizable, real laboratory object, sharp and centered): compound microscope side profile. Physical detail: classic lab microscope. Setting surface: matte pure white infinity surface. Lighting: cool clinical blue-white LED. Camera: extreme macro push-in. No abstract shapes, no glass orbs, no crystal balls, no surreal spheres, no CGI blobs, no nebula, no galaxies, no fantasy energy, no particle portals, no impossible geometry, no melting objects, no dreamscape, no people, no faces, no hands, no bare skin, no needles penetrating skin, no injection act, no clinic patient scene, no gym, no lifestyle, no wellness claims, no nicknames, no supplements aesthetic. Quality: ultra detailed, extremely detailed, hyper-detailed, razor sharp focus, tack sharp, crystal clear, ultra sharp, 8k resolution, photorealistic, hyperrealistic, ultra realistic, HDR. creation motif 162/250 · LAB-162. Keep product identity and any on-screen research typography sharp and unchanged. For laboratory research use only. Not for human use or consumption.",Active,0,
PBVita-Lab-163,163,LAB-163,instruments,spectrophotometer closed sample door,UV-Vis instrument,"spectrophotometer closed sample door on brushed stainless steel lab bench, single hard key light with controlled fill, gentle top-down descending move",12,"ultra detailed, extremely detailed, hyper-detailed, razor sharp focus, tack sharp, crystal clear, ultra sharp, 8k resolution, photorealistic, hyperrealistic, ultra realistic, HDR",9:16,8,1080p,grok-imagine-image-quality,grok-imagine-video-1.5,2k,"Photoreal vertical 9:16 Palm Beach Vitality laboratory research catalog film, chemical research material only, premium American research aesthetic. PRIMARY SUBJECT (must be clearly recognizable, real laboratory object, sharp and centered): spectrophotometer closed sample door. Physical detail: UV-Vis instrument. Setting surface: brushed stainless steel lab bench. Lighting: single hard key light with controlled fill. Camera: gentle top-down descending move. No abstract shapes, no glass orbs, no crystal balls, no surreal spheres, no CGI blobs, no nebula, no galaxies, no fantasy energy, no particle portals, no impossible geometry, no melting objects, no dreamscape, no people, no faces, no hands, no bare skin, no needles penetrating skin, no injection act, no clinic patient scene, no gym, no lifestyle, no wellness claims, no nicknames, no supplements aesthetic. Quality: ultra detailed, extremely detailed, hyper-detailed, razor sharp focus, tack sharp, crystal clear, ultra sharp, 8k resolution, photorealistic, hyperrealistic, ultra realistic, HDR. creation motif 163/250 · LAB-163. Keep product identity and any on-screen research typography sharp and unchanged. For laboratory research use only. Not for human use or consumption.",Active,0,
PBVita-Lab-164,164,LAB-164,instruments,cuvette pair in foam,quartz cuvettes,"cuvette pair in foam on dark charcoal epoxy resin countertop, soft overhead softbox, even catalog lighting, locked tripod hero frame with subtle push",12,"ultra detailed, extremely detailed, hyper-detailed, razor sharp focus, tack sharp, crystal clear, ultra sharp, 8k resolution, photorealistic, hyperrealistic, ultra realistic, HDR",9:16,8,1080p,grok-imagine-image-quality,grok-imagine-video-1.5,2k,"Photoreal vertical 9:16 Palm Beach Vitality laboratory research catalog film, chemical research material only, premium American research aesthetic. PRIMARY SUBJECT (must be clearly recognizable, real laboratory object, sharp and centered): cuvette pair in foam. Physical detail: quartz cuvettes. Setting surface: dark charcoal epoxy resin countertop. Lighting: soft overhead softbox, even catalog lighting. Camera: locked tripod hero frame with subtle push. No abstract shapes, no glass orbs, no crystal balls, no surreal spheres, no CGI blobs, no nebula, no galaxies, no fantasy energy, no particle portals, no impossible geometry, no melting objects, no dreamscape, no people, no faces, no hands, no bare skin, no needles penetrating skin, no injection act, no clinic patient scene, no gym, no lifestyle, no wellness claims, no nicknames, no supplements aesthetic. Quality: ultra detailed, extremely detailed, hyper-detailed, razor sharp focus, tack sharp, crystal clear, ultra sharp, 8k resolution, photorealistic, hyperrealistic, ultra realistic, HDR. creation motif 164/250 · LAB-164. Keep product identity and any on-screen research typography sharp and unchanged. For laboratory research use only. Not for human use or consumption.",Active,0,
PBVita-Lab-165,165,LAB-165,instruments,HPLC system front panel detail,"instrument face, status idle","HPLC system front panel detail on cool gray ceramic tile, warm neutral side light, still clinical, low angle tracking slide",12,"ultra detailed, extremely detailed, hyper-detailed, razor sharp focus, tack sharp, crystal clear, ultra sharp, 8k resolution, photorealistic, hyperrealistic, ultra realistic, HDR",9:16,8,1080p,grok-imagine-image-quality,grok-imagine-video-1.5,2k,"Photoreal vertical 9:16 Palm Beach Vitality laboratory research catalog film, chemical research material only, premium American research aesthetic. PRIMARY SUBJECT (must be clearly recognizable, real laboratory object, sharp and centered): HPLC system front panel detail. Physical detail: instrument face, status idle. Setting surface: cool gray ceramic tile. Lighting: warm neutral side light, still clinical. Camera: low angle tracking slide. No abstract shapes, no glass orbs, no crystal balls, no surreal spheres, no CGI blobs, no nebula, no galaxies, no fantasy energy, no particle portals, no impossible geometry, no melting objects, no dreamscape, no people, no faces, no hands, no bare skin, no needles penetrating skin, no injection act, no clinic patient scene, no gym, no lifestyle, no wellness claims, no nicknames, no supplements aesthetic. Quality: ultra detailed, extremely detailed, hyper-detailed, razor sharp focus, tack sharp, crystal clear, ultra sharp, 8k resolution, photorealistic, hyperrealistic, ultra realistic, HDR. creation motif 165/250 · LAB-165. Keep product identity and any on-screen research typography sharp and unchanged. For laboratory research use only. Not for human use or consumption.",Active,0,
PBVita-Lab-166,166,LAB-166,instruments,fraction collector carousel,carousel empty tubes,"fraction collector carousel on mirrored chrome instrument tray, split soft key and gentle bounce, circular arc that never fully completes",12,"ultra detailed, extremely detailed, hyper-detailed, razor sharp focus, tack sharp, crystal clear, ultra sharp, 8k resolution, photorealistic, hyperrealistic, ultra realistic, HDR",9:16,8,1080p,grok-imagine-image-quality,grok-imagine-video-1.5,2k,"Photoreal vertical 9:16 Palm Beach Vitality laboratory research catalog film, chemical research material only, premium American research aesthetic. PRIMARY SUBJECT (must be clearly recognizable, real laboratory object, sharp and centered): fraction collector carousel. Physical detail: carousel empty tubes. Setting surface: mirrored chrome instrument tray. Lighting: split soft key and gentle bounce. Camera: circular arc that never fully completes. No abstract shapes, no glass orbs, no crystal balls, no surreal spheres, no CGI blobs, no nebula, no galaxies, no fantasy energy, no particle portals, no impossible geometry, no melting objects, no dreamscape, no people, no faces, no hands, no bare skin, no needles penetrating skin, no injection act, no clinic patient scene, no gym, no lifestyle, no wellness claims, no nicknames, no supplements aesthetic. Quality: ultra detailed, extremely detailed, hyper-detailed, razor sharp focus, tack sharp, crystal clear, ultra sharp, 8k resolution, photorealistic, hyperrealistic, ultra realistic, HDR. creation motif 166/250 · LAB-166. Keep product identity and any on-screen research typography sharp and unchanged. For laboratory research use only. Not for human use or consumption.",Active,0,
PBVita-Lab-167,167,LAB-167,instruments,gel electrophoresis tank empty,tank and lid beside,"gel electrophoresis tank empty on white melamine cleanroom table, high-key seamless catalog lighting, vertical rise from base to label",12,"ultra detailed, extremely detailed, hyper-detailed, razor sharp focus, tack sharp, crystal clear, ultra sharp, 8k resolution, photorealistic, hyperrealistic, ultra realistic, HDR",9:16,8,1080p,grok-imagine-image-quality,grok-imagine-video-1.5,2k,"Photoreal vertical 9:16 Palm Beach Vitality laboratory research catalog film, chemical research material only, premium American research aesthetic. PRIMARY SUBJECT (must be clearly recognizable, real laboratory object, sharp and centered): gel electrophoresis tank empty. Physical detail: tank and lid beside. Setting surface: white melamine cleanroom table. Lighting: high-key seamless catalog lighting. Camera: vertical rise from base to label. No abstract shapes, no glass orbs, no crystal balls, no surreal spheres, no CGI blobs, no nebula, no galaxies, no fantasy energy, no particle portals, no impossible geometry, no melting objects, no dreamscape, no people, no faces, no hands, no bare skin, no needles penetrating skin, no injection act, no clinic patient scene, no gym, no lifestyle, no wellness claims, no nicknames, no supplements aesthetic. Quality: ultra detailed, extremely detailed, hyper-detailed, razor sharp focus, tack sharp, crystal clear, ultra sharp, 8k resolution, photorealistic, hyperrealistic, ultra realistic, HDR. creation motif 167/250 · LAB-167. Keep product identity and any on-screen research typography sharp and unchanged. For laboratory research use only. Not for human use or consumption.",Active,0,
PBVita-Lab-168,168,LAB-168,instruments,power supply for electrophoresis,compact power supply unit,"power supply for electrophoresis on textured slate sample board, low-key selective highlight on glass edges, fast resolve into locked hero frame",12,"ultra detailed, extremely detailed, hyper-detailed, razor sharp focus, tack sharp, crystal clear, ultra sharp, 8k resolution, photorealistic, hyperrealistic, ultra realistic, HDR",9:16,8,1080p,grok-imagine-image-quality,grok-imagine-video-1.5,2k,"Photoreal vertical 9:16 Palm Beach Vitality laboratory research catalog film, chemical research material only, premium American research aesthetic. PRIMARY SUBJECT (must be clearly recognizable, real laboratory object, sharp and centered): power supply for electrophoresis. Physical detail: compact power supply unit. Setting surface: textured slate sample board. Lighting: low-key selective highlight on glass edges. Camera: fast resolve into locked hero frame. No abstract shapes, no glass orbs, no crystal balls, no surreal spheres, no CGI blobs, no nebula, no galaxies, no fantasy energy, no particle portals, no impossible geometry, no melting objects, no dreamscape, no people, no faces, no hands, no bare skin, no needles penetrating skin, no injection act, no clinic patient scene, no gym, no lifestyle, no wellness claims, no nicknames, no supplements aesthetic. Quality: ultra detailed, extremely detailed, hyper-detailed, razor sharp focus, tack sharp, crystal clear, ultra sharp, 8k resolution, photorealistic, hyperrealistic, ultra realistic, HDR. creation motif 168/250 · LAB-168. Keep product identity and any on-screen research typography sharp and unchanged. For laboratory research use only. Not for human use or consumption.",Active,0,
PBVita-Lab-169,169,LAB-169,instruments,laminar flow hood interior empty product tray,"hood interior, stainless work tray with vial","laminar flow hood interior empty product tray on soft gray seamless paper backdrop, soft rim light from behind, slow 360 degree orbit at eye level",12,"ultra detailed, extremely detailed, hyper-detailed, razor sharp focus, tack sharp, crystal clear, ultra sharp, 8k resolution, photorealistic, hyperrealistic, ultra realistic, HDR",9:16,8,1080p,grok-imagine-image-quality,grok-imagine-video-1.5,2k,"Photoreal vertical 9:16 Palm Beach Vitality laboratory research catalog film, chemical research material only, premium American research aesthetic. PRIMARY SUBJECT (must be clearly recognizable, real laboratory object, sharp and centered): laminar flow hood interior empty product tray. Physical detail: hood interior, stainless work tray with vial. Setting surface: soft gray seamless paper backdrop. Lighting: soft rim light from behind. Camera: slow 360 degree orbit at eye level. No abstract shapes, no glass orbs, no crystal balls, no surreal spheres, no CGI blobs, no nebula, no galaxies, no fantasy energy, no particle portals, no impossible geometry, no melting objects, no dreamscape, no people, no faces, no hands, no bare skin, no needles penetrating skin, no injection act, no clinic patient scene, no gym, no lifestyle, no wellness claims, no nicknames, no supplements aesthetic. Quality: ultra detailed, extremely detailed, hyper-detailed, razor sharp focus, tack sharp, crystal clear, ultra sharp, 8k resolution, photorealistic, hyperrealistic, ultra realistic, HDR. creation motif 169/250 · LAB-169. Keep product identity and any on-screen research typography sharp and unchanged. For laboratory research use only. Not for human use or consumption.",Active,0,
PBVita-Lab-170,170,LAB-170,instruments,biosafety cabinet sash closed exterior,cabinet exterior only,"biosafety cabinet sash closed exterior on anodized aluminum tray, cool clinical blue-white LED, extreme macro push-in",12,"ultra detailed, extremely detailed, hyper-detailed, razor sharp focus, tack sharp, crystal clear, ultra sharp, 8k resolution, photorealistic, hyperrealistic, ultra realistic, HDR",9:16,8,1080p,grok-imagine-image-quality,grok-imagine-video-1.5,2k,"Photoreal vertical 9:16 Palm Beach Vitality laboratory research catalog film, chemical research material only, premium American research aesthetic. PRIMARY SUBJECT (must be clearly recognizable, real laboratory object, sharp and centered): biosafety cabinet sash closed exterior. Physical detail: cabinet exterior only. Setting surface: anodized aluminum tray. Lighting: cool clinical blue-white LED. Camera: extreme macro push-in. No abstract shapes, no glass orbs, no crystal balls, no surreal spheres, no CGI blobs, no nebula, no galaxies, no fantasy energy, no particle portals, no impossible geometry, no melting objects, no dreamscape, no people, no faces, no hands, no bare skin, no needles penetrating skin, no injection act, no clinic patient scene, no gym, no lifestyle, no wellness claims, no nicknames, no supplements aesthetic. Quality: ultra detailed, extremely detailed, hyper-detailed, razor sharp focus, tack sharp, crystal clear, ultra sharp, 8k resolution, photorealistic, hyperrealistic, ultra realistic, HDR. creation motif 170/250 · LAB-170. Keep product identity and any on-screen research typography sharp and unchanged. For laboratory research use only. Not for human use or consumption.",Active,0,
PBVita-Lab-171,171,LAB-171,instruments,autoclave tape roll and indicator vial,sterility indicators as objects,"autoclave tape roll and indicator vial on polished black reflective acrylic, single hard key light with controlled fill, gentle top-down descending move",12,"ultra detailed, extremely detailed, hyper-detailed, razor sharp focus, tack sharp, crystal clear, ultra sharp, 8k resolution, photorealistic, hyperrealistic, ultra realistic, HDR",9:16,8,1080p,grok-imagine-image-quality,grok-imagine-video-1.5,2k,"Photoreal vertical 9:16 Palm Beach Vitality laboratory research catalog film, chemical research material only, premium American research aesthetic. PRIMARY SUBJECT (must be clearly recognizable, real laboratory object, sharp and centered): autoclave tape roll and indicator vial. Physical detail: sterility indicators as objects. Setting surface: polished black reflective acrylic. Lighting: single hard key light with controlled fill. Camera: gentle top-down descending move. No abstract shapes, no glass orbs, no crystal balls, no surreal spheres, no CGI blobs, no nebula, no galaxies, no fantasy energy, no particle portals, no impossible geometry, no melting objects, no dreamscape, no people, no faces, no hands, no bare skin, no needles penetrating skin, no injection act, no clinic patient scene, no gym, no lifestyle, no wellness claims, no nicknames, no supplements aesthetic. Quality: ultra detailed, extremely detailed, hyper-detailed, razor sharp focus, tack sharp, crystal clear, ultra sharp, 8k resolution, photorealistic, hyperrealistic, ultra realistic, HDR. creation motif 171/250 · LAB-171. Keep product identity and any on-screen research typography sharp and unchanged. For laboratory research use only. Not for human use or consumption.",Active,0,
PBVita-Lab-172,172,LAB-172,instruments,lab oven window view empty shelves,drying oven,"lab oven window view empty shelves on matte pure white infinity surface, soft overhead softbox, even catalog lighting, locked tripod hero frame with subtle push",12,"ultra detailed, extremely detailed, hyper-detailed, razor sharp focus, tack sharp, crystal clear, ultra sharp, 8k resolution, photorealistic, hyperrealistic, ultra realistic, HDR",9:16,8,1080p,grok-imagine-image-quality,grok-imagine-video-1.5,2k,"Photoreal vertical 9:16 Palm Beach Vitality laboratory research catalog film, chemical research material only, premium American research aesthetic. PRIMARY SUBJECT (must be clearly recognizable, real laboratory object, sharp and centered): lab oven window view empty shelves. Physical detail: drying oven. Setting surface: matte pure white infinity surface. Lighting: soft overhead softbox, even catalog lighting. Camera: locked tripod hero frame with subtle push. No abstract shapes, no glass orbs, no crystal balls, no surreal spheres, no CGI blobs, no nebula, no galaxies, no fantasy energy, no particle portals, no impossible geometry, no melting objects, no dreamscape, no people, no faces, no hands, no bare skin, no needles penetrating skin, no injection act, no clinic patient scene, no gym, no lifestyle, no wellness claims, no nicknames, no supplements aesthetic. Quality: ultra detailed, extremely detailed, hyper-detailed, razor sharp focus, tack sharp, crystal clear, ultra sharp, 8k resolution, photorealistic, hyperrealistic, ultra realistic, HDR. creation motif 172/250 · LAB-172. Keep product identity and any on-screen research typography sharp and unchanged. For laboratory research use only. Not for human use or consumption.",Active,0,
PBVita-Lab-173,173,LAB-173,instruments,vacuum pump compact oil-free,bench vacuum pump,"vacuum pump compact oil-free on brushed stainless steel lab bench, warm neutral side light, still clinical, low angle tracking slide",12,"ultra detailed, extremely detailed, hyper-detailed, razor sharp focus, tack sharp, crystal clear, ultra sharp, 8k resolution, photorealistic, hyperrealistic, ultra realistic, HDR",9:16,8,1080p,grok-imagine-image-quality,grok-imagine-video-1.5,2k,"Photoreal vertical 9:16 Palm Beach Vitality laboratory research catalog film, chemical research material only, premium American research aesthetic. PRIMARY SUBJECT (must be clearly recognizable, real laboratory object, sharp and centered): vacuum pump compact oil-free. Physical detail: bench vacuum pump. Setting surface: brushed stainless steel lab bench. Lighting: warm neutral side light, still clinical. Camera: low angle tracking slide. No abstract shapes, no glass orbs, no crystal balls, no surreal spheres, no CGI blobs, no nebula, no galaxies, no fantasy energy, no particle portals, no impossible geometry, no melting objects, no dreamscape, no people, no faces, no hands, no bare skin, no needles penetrating skin, no injection act, no clinic patient scene, no gym, no lifestyle, no wellness claims, no nicknames, no supplements aesthetic. Quality: ultra detailed, extremely detailed, hyper-detailed, razor sharp focus, tack sharp, crystal clear, ultra sharp, 8k resolution, photorealistic, hyperrealistic, ultra realistic, HDR. creation motif 173/250 · LAB-173. Keep product identity and any on-screen research typography sharp and unchanged. For laboratory research use only. Not for human use or consumption.",Active,0,
PBVita-Lab-174,174,LAB-174,instruments,diaphragm vacuum gauge,analog/digital gauge,"diaphragm vacuum gauge on dark charcoal epoxy resin countertop, split soft key and gentle bounce, circular arc that never fully completes",12,"ultra detailed, extremely detailed, hyper-detailed, razor sharp focus, tack sharp, crystal clear, ultra sharp, 8k resolution, photorealistic, hyperrealistic, ultra realistic, HDR",9:16,8,1080p,grok-imagine-image-quality,grok-imagine-video-1.5,2k,"Photoreal vertical 9:16 Palm Beach Vitality laboratory research catalog film, chemical research material only, premium American research aesthetic. PRIMARY SUBJECT (must be clearly recognizable, real laboratory object, sharp and centered): diaphragm vacuum gauge. Physical detail: analog/digital gauge. Setting surface: dark charcoal epoxy resin countertop. Lighting: split soft key and gentle bounce. Camera: circular arc that never fully completes. No abstract shapes, no glass orbs, no crystal balls, no surreal spheres, no CGI blobs, no nebula, no galaxies, no fantasy energy, no particle portals, no impossible geometry, no melting objects, no dreamscape, no people, no faces, no hands, no bare skin, no needles penetrating skin, no injection act, no clinic patient scene, no gym, no lifestyle, no wellness claims, no nicknames, no supplements aesthetic. Quality: ultra detailed, extremely detailed, hyper-detailed, razor sharp focus, tack sharp, crystal clear, ultra sharp, 8k resolution, photorealistic, hyperrealistic, ultra realistic, HDR. creation motif 174/250 · LAB-174. Keep product identity and any on-screen research typography sharp and unchanged. For laboratory research use only. Not for human use or consumption.",Active,0,
PBVita-Lab-175,175,LAB-175,instruments,sonic bath lid closed,ultrasonic cleaner,"sonic bath lid closed on cool gray ceramic tile, high-key seamless catalog lighting, vertical rise from base to label",12,"ultra detailed, extremely detailed, hyper-detailed, razor sharp focus, tack sharp, crystal clear, ultra sharp, 8k resolution, photorealistic, hyperrealistic, ultra realistic, HDR",9:16,8,1080p,grok-imagine-image-quality,grok-imagine-video-1.5,2k,"Photoreal vertical 9:16 Palm Beach Vitality laboratory research catalog film, chemical research material only, premium American research aesthetic. PRIMARY SUBJECT (must be clearly recognizable, real laboratory object, sharp and centered): sonic bath lid closed. Physical detail: ultrasonic cleaner. Setting surface: cool gray ceramic tile. Lighting: high-key seamless catalog lighting. Camera: vertical rise from base to label. No abstract shapes, no glass orbs, no crystal balls, no surreal spheres, no CGI blobs, no nebula, no galaxies, no fantasy energy, no particle portals, no impossible geometry, no melting objects, no dreamscape, no people, no faces, no hands, no bare skin, no needles penetrating skin, no injection act, no clinic patient scene, no gym, no lifestyle, no wellness claims, no nicknames, no supplements aesthetic. Quality: ultra detailed, extremely detailed, hyper-detailed, razor sharp focus, tack sharp, crystal clear, ultra sharp, 8k resolution, photorealistic, hyperrealistic, ultra realistic, HDR. creation motif 175/250 · LAB-175. Keep product identity and any on-screen research typography sharp and unchanged. For laboratory research use only. Not for human use or consumption.",Active,0,
PBVita-Lab-176,176,LAB-176,instruments,lab microwave digester exterior,closed unit,"lab microwave digester exterior on mirrored chrome instrument tray, low-key selective highlight on glass edges, fast resolve into locked hero frame",12,"ultra detailed, extremely detailed, hyper-detailed, razor sharp focus, tack sharp, crystal clear, ultra sharp, 8k resolution, photorealistic, hyperrealistic, ultra realistic, HDR",9:16,8,1080p,grok-imagine-image-quality,grok-imagine-video-1.5,2k,"Photoreal vertical 9:16 Palm Beach Vitality laboratory research catalog film, chemical research material only, premium American research aesthetic. PRIMARY SUBJECT (must be clearly recognizable, real laboratory object, sharp and centered): lab microwave digester exterior. Physical detail: closed unit. Setting surface: mirrored chrome instrument tray. Lighting: low-key selective highlight on glass edges. Camera: fast resolve into locked hero frame. No abstract shapes, no glass orbs, no crystal balls, no surreal spheres, no CGI blobs, no nebula, no galaxies, no fantasy energy, no particle portals, no impossible geometry, no melting objects, no dreamscape, no people, no faces, no hands, no bare skin, no needles penetrating skin, no injection act, no clinic patient scene, no gym, no lifestyle, no wellness claims, no nicknames, no supplements aesthetic. Quality: ultra detailed, extremely detailed, hyper-detailed, razor sharp focus, tack sharp, crystal clear, ultra sharp, 8k resolution, photorealistic, hyperrealistic, ultra realistic, HDR. creation motif 176/250 · LAB-176. Keep product identity and any on-screen research typography sharp and unchanged. For laboratory research use only. Not for human use or consumption.",Active,0,
PBVita-Lab-177,177,LAB-177,instruments,fume hood sash partially open with empty clamp,"hood as environment, product clamp empty","fume hood sash partially open with empty clamp on white melamine cleanroom table, soft rim light from behind, slow 360 degree orbit at eye level",12,"ultra detailed, extremely detailed, hyper-detailed, razor sharp focus, tack sharp, crystal clear, ultra sharp, 8k resolution, photorealistic, hyperrealistic, ultra realistic, HDR",9:16,8,1080p,grok-imagine-image-quality,grok-imagine-video-1.5,2k,"Photoreal vertical 9:16 Palm Beach Vitality laboratory research catalog film, chemical research material only, premium American research aesthetic. PRIMARY SUBJECT (must be clearly recognizable, real laboratory object, sharp and centered): fume hood sash partially open with empty clamp. Physical detail: hood as environment, product clamp empty. Setting surface: white melamine cleanroom table. Lighting: soft rim light from behind. Camera: slow 360 degree orbit at eye level. No abstract shapes, no glass orbs, no crystal balls, no surreal spheres, no CGI blobs, no nebula, no galaxies, no fantasy energy, no particle portals, no impossible geometry, no melting objects, no dreamscape, no people, no faces, no hands, no bare skin, no needles penetrating skin, no injection act, no clinic patient scene, no gym, no lifestyle, no wellness claims, no nicknames, no supplements aesthetic. Quality: ultra detailed, extremely detailed, hyper-detailed, razor sharp focus, tack sharp, crystal clear, ultra sharp, 8k resolution, photorealistic, hyperrealistic, ultra realistic, HDR. creation motif 177/250 · LAB-177. Keep product identity and any on-screen research typography sharp and unchanged. For laboratory research use only. Not for human use or consumption.",Active,0,
PBVita-Lab-178,178,LAB-178,instruments,anti-static bar on packaging station,pack desk tools,"anti-static bar on packaging station on textured slate sample board, cool clinical blue-white LED, extreme macro push-in",12,"ultra detailed, extremely detailed, hyper-detailed, razor sharp focus, tack sharp, crystal clear, ultra sharp, 8k resolution, photorealistic, hyperrealistic, ultra realistic, HDR",9:16,8,1080p,grok-imagine-image-quality,grok-imagine-video-1.5,2k,"Photoreal vertical 9:16 Palm Beach Vitality laboratory research catalog film, chemical research material only, premium American research aesthetic. PRIMARY SUBJECT (must be clearly recognizable, real laboratory object, sharp and centered): anti-static bar on packaging station. Physical detail: pack desk tools. Setting surface: textured slate sample board. Lighting: cool clinical blue-white LED. Camera: extreme macro push-in. No abstract shapes, no glass orbs, no crystal balls, no surreal spheres, no CGI blobs, no nebula, no galaxies, no fantasy energy, no particle portals, no impossible geometry, no melting objects, no dreamscape, no people, no faces, no hands, no bare skin, no needles penetrating skin, no injection act, no clinic patient scene, no gym, no lifestyle, no wellness claims, no nicknames, no supplements aesthetic. Quality: ultra detailed, extremely detailed, hyper-detailed, razor sharp focus, tack sharp, crystal clear, ultra sharp, 8k resolution, photorealistic, hyperrealistic, ultra realistic, HDR. creation motif 178/250 · LAB-178. Keep product identity and any on-screen research typography sharp and unchanged. For laboratory research use only. Not for human use or consumption.",Active,0,
PBVita-Lab-179,179,LAB-179,instruments,barcode scanner beside vial,scanner gun and vial,"barcode scanner beside vial on soft gray seamless paper backdrop, single hard key light with controlled fill, gentle top-down descending move",12,"ultra detailed, extremely detailed, hyper-detailed, razor sharp focus, tack sharp, crystal clear, ultra sharp, 8k resolution, photorealistic, hyperrealistic, ultra realistic, HDR",9:16,8,1080p,grok-imagine-image-quality,grok-imagine-video-1.5,2k,"Photoreal vertical 9:16 Palm Beach Vitality laboratory research catalog film, chemical research material only, premium American research aesthetic. PRIMARY SUBJECT (must be clearly recognizable, real laboratory object, sharp and centered): barcode scanner beside vial. Physical detail: scanner gun and vial. Setting surface: soft gray seamless paper backdrop. Lighting: single hard key light with controlled fill. Camera: gentle top-down descending move. No abstract shapes, no glass orbs, no crystal balls, no surreal spheres, no CGI blobs, no nebula, no galaxies, no fantasy energy, no particle portals, no impossible geometry, no melting objects, no dreamscape, no people, no faces, no hands, no bare skin, no needles penetrating skin, no injection act, no clinic patient scene, no gym, no lifestyle, no wellness claims, no nicknames, no supplements aesthetic. Quality: ultra detailed, extremely detailed, hyper-detailed, razor sharp focus, tack sharp, crystal clear, ultra sharp, 8k resolution, photorealistic, hyperrealistic, ultra realistic, HDR. creation motif 179/250 · LAB-179. Keep product identity and any on-screen research typography sharp and unchanged. For laboratory research use only. Not for human use or consumption.",Active,0,
PBVita-Lab-180,180,LAB-180,instruments,label printer with research label stock,desktop lab printer,"label printer with research label stock on anodized aluminum tray, soft overhead softbox, even catalog lighting, locked tripod hero frame with subtle push",12,"ultra detailed, extremely detailed, hyper-detailed, razor sharp focus, tack sharp, crystal clear, ultra sharp, 8k resolution, photorealistic, hyperrealistic, ultra realistic, HDR",9:16,8,1080p,grok-imagine-image-quality,grok-imagine-video-1.5,2k,"Photoreal vertical 9:16 Palm Beach Vitality laboratory research catalog film, chemical research material only, premium American research aesthetic. PRIMARY SUBJECT (must be clearly recognizable, real laboratory object, sharp and centered): label printer with research label stock. Physical detail: desktop lab printer. Setting surface: anodized aluminum tray. Lighting: soft overhead softbox, even catalog lighting. Camera: locked tripod hero frame with subtle push. No abstract shapes, no glass orbs, no crystal balls, no surreal spheres, no CGI blobs, no nebula, no galaxies, no fantasy energy, no particle portals, no impossible geometry, no melting objects, no dreamscape, no people, no faces, no hands, no bare skin, no needles penetrating skin, no injection act, no clinic patient scene, no gym, no lifestyle, no wellness claims, no nicknames, no supplements aesthetic. Quality: ultra detailed, extremely detailed, hyper-detailed, razor sharp focus, tack sharp, crystal clear, ultra sharp, 8k resolution, photorealistic, hyperrealistic, ultra realistic, HDR. creation motif 180/250 · LAB-180. Keep product identity and any on-screen research typography sharp and unchanged. For laboratory research use only. Not for human use or consumption.",Active,0,
PBVita-Lab-181,181,LAB-181,surfaces_org,brushed stainless steel lab tray with vial,"medical tray, single vial centered","brushed stainless steel lab tray with vial on polished black reflective acrylic, warm neutral side light, still clinical, low angle tracking slide",12,"ultra detailed, extremely detailed, hyper-detailed, razor sharp focus, tack sharp, crystal clear, ultra sharp, 8k resolution, photorealistic, hyperrealistic, ultra realistic, HDR",9:16,8,1080p,grok-imagine-image-quality,grok-imagine-video-1.5,2k,"Photoreal vertical 9:16 Palm Beach Vitality laboratory research catalog film, chemical research material only, premium American research aesthetic. PRIMARY SUBJECT (must be clearly recognizable, real laboratory object, sharp and centered): brushed stainless steel lab tray with vial. Physical detail: medical tray, single vial centered. Setting surface: polished black reflective acrylic. Lighting: warm neutral side light, still clinical. Camera: low angle tracking slide. No abstract shapes, no glass orbs, no crystal balls, no surreal spheres, no CGI blobs, no nebula, no galaxies, no fantasy energy, no particle portals, no impossible geometry, no melting objects, no dreamscape, no people, no faces, no hands, no bare skin, no needles penetrating skin, no injection act, no clinic patient scene, no gym, no lifestyle, no wellness claims, no nicknames, no supplements aesthetic. Quality: ultra detailed, extremely detailed, hyper-detailed, razor sharp focus, tack sharp, crystal clear, ultra sharp, 8k resolution, photorealistic, hyperrealistic, ultra realistic, HDR. creation motif 181/250 · LAB-181. Keep product identity and any on-screen research typography sharp and unchanged. For laboratory research use only. Not for human use or consumption.",Active,0,
PBVita-Lab-182,182,LAB-182,surfaces_org,black anodized aluminum instrument tray,matte black metal tray,"black anodized aluminum instrument tray on matte pure white infinity surface, split soft key and gentle bounce, circular arc that never fully completes",12,"ultra detailed, extremely detailed, hyper-detailed, razor sharp focus, tack sharp, crystal clear, ultra sharp, 8k resolution, photorealistic, hyperrealistic, ultra realistic, HDR",9:16,8,1080p,grok-imagine-image-quality,grok-imagine-video-1.5,2k,"Photoreal vertical 9:16 Palm Beach Vitality laboratory research catalog film, chemical research material only, premium American research aesthetic. PRIMARY SUBJECT (must be clearly recognizable, real laboratory object, sharp and centered): black anodized aluminum instrument tray. Physical detail: matte black metal tray. Setting surface: matte pure white infinity surface. Lighting: split soft key and gentle bounce. Camera: circular arc that never fully completes. No abstract shapes, no glass orbs, no crystal balls, no surreal spheres, no CGI blobs, no nebula, no galaxies, no fantasy energy, no particle portals, no impossible geometry, no melting objects, no dreamscape, no people, no faces, no hands, no bare skin, no needles penetrating skin, no injection act, no clinic patient scene, no gym, no lifestyle, no wellness claims, no nicknames, no supplements aesthetic. Quality: ultra detailed, extremely detailed, hyper-detailed, razor sharp focus, tack sharp, crystal clear, ultra sharp, 8k resolution, photorealistic, hyperrealistic, ultra realistic, HDR. creation motif 182/250 · LAB-182. Keep product identity and any on-screen research typography sharp and unchanged. For laboratory research use only. Not for human use or consumption.",Active,0,
PBVita-Lab-183,183,LAB-183,surfaces_org,white melamine lab bench section,"clean bench surface, product only","white melamine lab bench section on brushed stainless steel lab bench, high-key seamless catalog lighting, vertical rise from base to label",12,"ultra detailed, extremely detailed, hyper-detailed, razor sharp focus, tack sharp, crystal clear, ultra sharp, 8k resolution, photorealistic, hyperrealistic, ultra realistic, HDR",9:16,8,1080p,grok-imagine-image-quality,grok-imagine-video-1.5,2k,"Photoreal vertical 9:16 Palm Beach Vitality laboratory research catalog film, chemical research material only, premium American research aesthetic. PRIMARY SUBJECT (must be clearly recognizable, real laboratory object, sharp and centered): white melamine lab bench section. Physical detail: clean bench surface, product only. Setting surface: brushed stainless steel lab bench. Lighting: high-key seamless catalog lighting. Camera: vertical rise from base to label. No abstract shapes, no glass orbs, no crystal balls, no surreal spheres, no CGI blobs, no nebula, no galaxies, no fantasy energy, no particle portals, no impossible geometry, no melting objects, no dreamscape, no people, no faces, no hands, no bare skin, no needles penetrating skin, no injection act, no clinic patient scene, no gym, no lifestyle, no wellness claims, no nicknames, no supplements aesthetic. Quality: ultra detailed, extremely detailed, hyper-detailed, razor sharp focus, tack sharp, crystal clear, ultra sharp, 8k resolution, photorealistic, hyperrealistic, ultra realistic, HDR. creation motif 183/250 · LAB-183. Keep product identity and any on-screen research typography sharp and unchanged. For laboratory research use only. Not for human use or consumption.",Active,0,
PBVita-Lab-184,184,LAB-184,surfaces_org,epoxy resin lab countertop swatch with beaker,chemical-resistant surface,"epoxy resin lab countertop swatch with beaker on dark charcoal epoxy resin countertop, low-key selective highlight on glass edges, fast resolve into locked hero frame",12,"ultra detailed, extremely detailed, hyper-detailed, razor sharp focus, tack sharp, crystal clear, ultra sharp, 8k resolution, photorealistic, hyperrealistic, ultra realistic, HDR",9:16,8,1080p,grok-imagine-image-quality,grok-imagine-video-1.5,2k,"Photoreal vertical 9:16 Palm Beach Vitality laboratory research catalog film, chemical research material only, premium American research aesthetic. PRIMARY SUBJECT (must be clearly recognizable, real laboratory object, sharp and centered): epoxy resin lab countertop swatch with beaker. Physical detail: chemical-resistant surface. Setting surface: dark charcoal epoxy resin countertop. Lighting: low-key selective highlight on glass edges. Camera: fast resolve into locked hero frame. No abstract shapes, no glass orbs, no crystal balls, no surreal spheres, no CGI blobs, no nebula, no galaxies, no fantasy energy, no particle portals, no impossible geometry, no melting objects, no dreamscape, no people, no faces, no hands, no bare skin, no needles penetrating skin, no injection act, no clinic patient scene, no gym, no lifestyle, no wellness claims, no nicknames, no supplements aesthetic. Quality: ultra detailed, extremely detailed, hyper-detailed, razor sharp focus, tack sharp, crystal clear, ultra sharp, 8k resolution, photorealistic, hyperrealistic, ultra realistic, HDR. creation motif 184/250 · LAB-184. Keep product identity and any on-screen research typography sharp and unchanged. For laboratory research use only. Not for human use or consumption.",Active,0,
PBVita-Lab-185,185,LAB-185,surfaces_org,blue absorbent bench underpad with pen,"absorbent bench underpad, research pen","blue absorbent bench underpad with pen on cool gray ceramic tile, soft rim light from behind, slow 360 degree orbit at eye level",12,"ultra detailed, extremely detailed, hyper-detailed, razor sharp focus, tack sharp, crystal clear, ultra sharp, 8k resolution, photorealistic, hyperrealistic, ultra realistic, HDR",9:16,8,1080p,grok-imagine-image-quality,grok-imagine-video-1.5,2k,"Photoreal vertical 9:16 Palm Beach Vitality laboratory research catalog film, chemical research material only, premium American research aesthetic. PRIMARY SUBJECT (must be clearly recognizable, real laboratory object, sharp and centered): blue absorbent bench underpad with pen. Physical detail: absorbent bench underpad, research pen. Setting surface: cool gray ceramic tile. Lighting: soft rim light from behind. Camera: slow 360 degree orbit at eye level. No abstract shapes, no glass orbs, no crystal balls, no surreal spheres, no CGI blobs, no nebula, no galaxies, no fantasy energy, no particle portals, no impossible geometry, no melting objects, no dreamscape, no people, no faces, no hands, no bare skin, no needles penetrating skin, no injection act, no clinic patient scene, no gym, no lifestyle, no wellness claims, no nicknames, no supplements aesthetic. Quality: ultra detailed, extremely detailed, hyper-detailed, razor sharp focus, tack sharp, crystal clear, ultra sharp, 8k resolution, photorealistic, hyperrealistic, ultra realistic, HDR. creation motif 185/250 · LAB-185. Keep product identity and any on-screen research typography sharp and unchanged. For laboratory research use only. Not for human use or consumption.",Active,0,
PBVita-Lab-186,186,LAB-186,surfaces_org,perforated stainless drying rack with glassware,pegs holding flasks,"perforated stainless drying rack with glassware on mirrored chrome instrument tray, cool clinical blue-white LED, extreme macro push-in",12,"ultra detailed, extremely detailed, hyper-detailed, razor sharp focus, tack sharp, crystal clear, ultra sharp, 8k resolution, photorealistic, hyperrealistic, ultra realistic, HDR",9:16,8,1080p,grok-imagine-image-quality,grok-imagine-video-1.5,2k,"Photoreal vertical 9:16 Palm Beach Vitality laboratory research catalog film, chemical research material only, premium American research aesthetic. PRIMARY SUBJECT (must be clearly recognizable, real laboratory object, sharp and centered): perforated stainless drying rack with glassware. Physical detail: pegs holding flasks. Setting surface: mirrored chrome instrument tray. Lighting: cool clinical blue-white LED. Camera: extreme macro push-in. No abstract shapes, no glass orbs, no crystal balls, no surreal spheres, no CGI blobs, no nebula, no galaxies, no fantasy energy, no particle portals, no impossible geometry, no melting objects, no dreamscape, no people, no faces, no hands, no bare skin, no needles penetrating skin, no injection act, no clinic patient scene, no gym, no lifestyle, no wellness claims, no nicknames, no supplements aesthetic. Quality: ultra detailed, extremely detailed, hyper-detailed, razor sharp focus, tack sharp, crystal clear, ultra sharp, 8k resolution, photorealistic, hyperrealistic, ultra realistic, HDR. creation motif 186/250 · LAB-186. Keep product identity and any on-screen research typography sharp and unchanged. For laboratory research use only. Not for human use or consumption.",Active,0,
PBVita-Lab-187,187,LAB-187,surfaces_org,acrylic glove box exterior gloves hanging,"box exterior, no person","acrylic glove box exterior gloves hanging on white melamine cleanroom table, single hard key light with controlled fill, gentle top-down descending move",12,"ultra detailed, extremely detailed, hyper-detailed, razor sharp focus, tack sharp, crystal clear, ultra sharp, 8k resolution, photorealistic, hyperrealistic, ultra realistic, HDR",9:16,8,1080p,grok-imagine-image-quality,grok-imagine-video-1.5,2k,"Photoreal vertical 9:16 Palm Beach Vitality laboratory research catalog film, chemical research material only, premium American research aesthetic. PRIMARY SUBJECT (must be clearly recognizable, real laboratory object, sharp and centered): acrylic glove box exterior gloves hanging. Physical detail: box exterior, no person. Setting surface: white melamine cleanroom table. Lighting: single hard key light with controlled fill. Camera: gentle top-down descending move. No abstract shapes, no glass orbs, no crystal balls, no surreal spheres, no CGI blobs, no nebula, no galaxies, no fantasy energy, no particle portals, no impossible geometry, no melting objects, no dreamscape, no people, no faces, no hands, no bare skin, no needles penetrating skin, no injection act, no clinic patient scene, no gym, no lifestyle, no wellness claims, no nicknames, no supplements aesthetic. Quality: ultra detailed, extremely detailed, hyper-detailed, razor sharp focus, tack sharp, crystal clear, ultra sharp, 8k resolution, photorealistic, hyperrealistic, ultra realistic, HDR. creation motif 187/250 · LAB-187. Keep product identity and any on-screen research typography sharp and unchanged. For laboratory research use only. Not for human use or consumption.",Active,0,
PBVita-Lab-188,188,LAB-188,surfaces_org,modular lab shelving with neat reagent bottles,organized shelf hero,"modular lab shelving with neat reagent bottles on textured slate sample board, soft overhead softbox, even catalog lighting, locked tripod hero frame with subtle push",12,"ultra detailed, extremely detailed, hyper-detailed, razor sharp focus, tack sharp, crystal clear, ultra sharp, 8k resolution, photorealistic, hyperrealistic, ultra realistic, HDR",9:16,8,1080p,grok-imagine-image-quality,grok-imagine-video-1.5,2k,"Photoreal vertical 9:16 Palm Beach Vitality laboratory research catalog film, chemical research material only, premium American research aesthetic. PRIMARY SUBJECT (must be clearly recognizable, real laboratory object, sharp and centered): modular lab shelving with neat reagent bottles. Physical detail: organized shelf hero. Setting surface: textured slate sample board. Lighting: soft overhead softbox, even catalog lighting. Camera: locked tripod hero frame with subtle push. No abstract shapes, no glass orbs, no crystal balls, no surreal spheres, no CGI blobs, no nebula, no galaxies, no fantasy energy, no particle portals, no impossible geometry, no melting objects, no dreamscape, no people, no faces, no hands, no bare skin, no needles penetrating skin, no injection act, no clinic patient scene, no gym, no lifestyle, no wellness claims, no nicknames, no supplements aesthetic. Quality: ultra detailed, extremely detailed, hyper-detailed, razor sharp focus, tack sharp, crystal clear, ultra sharp, 8k resolution, photorealistic, hyperrealistic, ultra realistic, HDR. creation motif 188/250 · LAB-188. Keep product identity and any on-screen research typography sharp and unchanged. For laboratory research use only. Not for human use or consumption.",Active,0,
PBVita-Lab-189,189,LAB-189,surfaces_org,pegboard with hanging clamps and rings,tools arranged,"pegboard with hanging clamps and rings on soft gray seamless paper backdrop, warm neutral side light, still clinical, low angle tracking slide",12,"ultra detailed, extremely detailed, hyper-detailed, razor sharp focus, tack sharp, crystal clear, ultra sharp, 8k resolution, photorealistic, hyperrealistic, ultra realistic, HDR",9:16,8,1080p,grok-imagine-image-quality,grok-imagine-video-1.5,2k,"Photoreal vertical 9:16 Palm Beach Vitality laboratory research catalog film, chemical research material only, premium American research aesthetic. PRIMARY SUBJECT (must be clearly recognizable, real laboratory object, sharp and centered): pegboard with hanging clamps and rings. Physical detail: tools arranged. Setting surface: soft gray seamless paper backdrop. Lighting: warm neutral side light, still clinical. Camera: low angle tracking slide. No abstract shapes, no glass orbs, no crystal balls, no surreal spheres, no CGI blobs, no nebula, no galaxies, no fantasy energy, no particle portals, no impossible geometry, no melting objects, no dreamscape, no people, no faces, no hands, no bare skin, no needles penetrating skin, no injection act, no clinic patient scene, no gym, no lifestyle, no wellness claims, no nicknames, no supplements aesthetic. Quality: ultra detailed, extremely detailed, hyper-detailed, razor sharp focus, tack sharp, crystal clear, ultra sharp, 8k resolution, photorealistic, hyperrealistic, ultra realistic, HDR. creation motif 189/250 · LAB-189. Keep product identity and any on-screen research typography sharp and unchanged. For laboratory research use only. Not for human use or consumption.",Active,0,
PBVita-Lab-190,190,LAB-190,surfaces_org,ESD mat with research carton,static-dissipative mat,"ESD mat with research carton on anodized aluminum tray, split soft key and gentle bounce, circular arc that never fully completes",12,"ultra detailed, extremely detailed, hyper-detailed, razor sharp focus, tack sharp, crystal clear, ultra sharp, 8k resolution, photorealistic, hyperrealistic, ultra realistic, HDR",9:16,8,1080p,grok-imagine-image-quality,grok-imagine-video-1.5,2k,"Photoreal vertical 9:16 Palm Beach Vitality laboratory research catalog film, chemical research material only, premium American research aesthetic. PRIMARY SUBJECT (must be clearly recognizable, real laboratory object, sharp and centered): ESD mat with research carton. Physical detail: static-dissipative mat. Setting surface: anodized aluminum tray. Lighting: split soft key and gentle bounce. Camera: circular arc that never fully completes. No abstract shapes, no glass orbs, no crystal balls, no surreal spheres, no CGI blobs, no nebula, no galaxies, no fantasy energy, no particle portals, no impossible geometry, no melting objects, no dreamscape, no people, no faces, no hands, no bare skin, no needles penetrating skin, no injection act, no clinic patient scene, no gym, no lifestyle, no wellness claims, no nicknames, no supplements aesthetic. Quality: ultra detailed, extremely detailed, hyper-detailed, razor sharp focus, tack sharp, crystal clear, ultra sharp, 8k resolution, photorealistic, hyperrealistic, ultra realistic, HDR. creation motif 190/250 · LAB-190. Keep product identity and any on-screen research typography sharp and unchanged. For laboratory research use only. Not for human use or consumption.",Active,0,
PBVita-Lab-191,191,LAB-191,surfaces_org,ceramic tile sample with amber vial,cool clinical tile,"ceramic tile sample with amber vial on polished black reflective acrylic, high-key seamless catalog lighting, vertical rise from base to label",12,"ultra detailed, extremely detailed, hyper-detailed, razor sharp focus, tack sharp, crystal clear, ultra sharp, 8k resolution, photorealistic, hyperrealistic, ultra realistic, HDR",9:16,8,1080p,grok-imagine-image-quality,grok-imagine-video-1.5,2k,"Photoreal vertical 9:16 Palm Beach Vitality laboratory research catalog film, chemical research material only, premium American research aesthetic. PRIMARY SUBJECT (must be clearly recognizable, real laboratory object, sharp and centered): ceramic tile sample with amber vial. Physical detail: cool clinical tile. Setting surface: polished black reflective acrylic. Lighting: high-key seamless catalog lighting. Camera: vertical rise from base to label. No abstract shapes, no glass orbs, no crystal balls, no surreal spheres, no CGI blobs, no nebula, no galaxies, no fantasy energy, no particle portals, no impossible geometry, no melting objects, no dreamscape, no people, no faces, no hands, no bare skin, no needles penetrating skin, no injection act, no clinic patient scene, no gym, no lifestyle, no wellness claims, no nicknames, no supplements aesthetic. Quality: ultra detailed, extremely detailed, hyper-detailed, razor sharp focus, tack sharp, crystal clear, ultra sharp, 8k resolution, photorealistic, hyperrealistic, ultra realistic, HDR. creation motif 191/250 · LAB-191. Keep product identity and any on-screen research typography sharp and unchanged. For laboratory research use only. Not for human use or consumption.",Active,0,
PBVita-Lab-192,192,LAB-192,surfaces_org,marble pass-through shelf with sealed box,cleanroom pass aesthetic,"marble pass-through shelf with sealed box on matte pure white infinity surface, low-key selective highlight on glass edges, fast resolve into locked hero frame",12,"ultra detailed, extremely detailed, hyper-detailed, razor sharp focus, tack sharp, crystal clear, ultra sharp, 8k resolution, photorealistic, hyperrealistic, ultra realistic, HDR",9:16,8,1080p,grok-imagine-image-quality,grok-imagine-video-1.5,2k,"Photoreal vertical 9:16 Palm Beach Vitality laboratory research catalog film, chemical research material only, premium American research aesthetic. PRIMARY SUBJECT (must be clearly recognizable, real laboratory object, sharp and centered): marble pass-through shelf with sealed box. Physical detail: cleanroom pass aesthetic. Setting surface: matte pure white infinity surface. Lighting: low-key selective highlight on glass edges. Camera: fast resolve into locked hero frame. No abstract shapes, no glass orbs, no crystal balls, no surreal spheres, no CGI blobs, no nebula, no galaxies, no fantasy energy, no particle portals, no impossible geometry, no melting objects, no dreamscape, no people, no faces, no hands, no bare skin, no needles penetrating skin, no injection act, no clinic patient scene, no gym, no lifestyle, no wellness claims, no nicknames, no supplements aesthetic. Quality: ultra detailed, extremely detailed, hyper-detailed, razor sharp focus, tack sharp, crystal clear, ultra sharp, 8k resolution, photorealistic, hyperrealistic, ultra realistic, HDR. creation motif 192/250 · LAB-192. Keep product identity and any on-screen research typography sharp and unchanged. For laboratory research use only. Not for human use or consumption.",Active,0,
PBVita-Lab-193,193,LAB-193,surfaces_org,wire chrome basket with cleaned vials,basket of vials,"wire chrome basket with cleaned vials on brushed stainless steel lab bench, soft rim light from behind, slow 360 degree orbit at eye level",12,"ultra detailed, extremely detailed, hyper-detailed, razor sharp focus, tack sharp, crystal clear, ultra sharp, 8k resolution, photorealistic, hyperrealistic, ultra realistic, HDR",9:16,8,1080p,grok-imagine-image-quality,grok-imagine-video-1.5,2k,"Photoreal vertical 9:16 Palm Beach Vitality laboratory research catalog film, chemical research material only, premium American research aesthetic. PRIMARY SUBJECT (must be clearly recognizable, real laboratory object, sharp and centered): wire chrome basket with cleaned vials. Physical detail: basket of vials. Setting surface: brushed stainless steel lab bench. Lighting: soft rim light from behind. Camera: slow 360 degree orbit at eye level. No abstract shapes, no glass orbs, no crystal balls, no surreal spheres, no CGI blobs, no nebula, no galaxies, no fantasy energy, no particle portals, no impossible geometry, no melting objects, no dreamscape, no people, no faces, no hands, no bare skin, no needles penetrating skin, no injection act, no clinic patient scene, no gym, no lifestyle, no wellness claims, no nicknames, no supplements aesthetic. Quality: ultra detailed, extremely detailed, hyper-detailed, razor sharp focus, tack sharp, crystal clear, ultra sharp, 8k resolution, photorealistic, hyperrealistic, ultra realistic, HDR. creation motif 193/250 · LAB-193. Keep product identity and any on-screen research typography sharp and unchanged. For laboratory research use only. Not for human use or consumption.",Active,0,
PBVita-Lab-194,194,LAB-194,surfaces_org,parts bin drawer open showing caps,inventory of vial caps,"parts bin drawer open showing caps on dark charcoal epoxy resin countertop, cool clinical blue-white LED, extreme macro push-in",12,"ultra detailed, extremely detailed, hyper-detailed, razor sharp focus, tack sharp, crystal clear, ultra sharp, 8k resolution, photorealistic, hyperrealistic, ultra realistic, HDR",9:16,8,1080p,grok-imagine-image-quality,grok-imagine-video-1.5,2k,"Photoreal vertical 9:16 Palm Beach Vitality laboratory research catalog film, chemical research material only, premium American research aesthetic. PRIMARY SUBJECT (must be clearly recognizable, real laboratory object, sharp and centered): parts bin drawer open showing caps. Physical detail: inventory of vial caps. Setting surface: dark charcoal epoxy resin countertop. Lighting: cool clinical blue-white LED. Camera: extreme macro push-in. No abstract shapes, no glass orbs, no crystal balls, no surreal spheres, no CGI blobs, no nebula, no galaxies, no fantasy energy, no particle portals, no impossible geometry, no melting objects, no dreamscape, no people, no faces, no hands, no bare skin, no needles penetrating skin, no injection act, no clinic patient scene, no gym, no lifestyle, no wellness claims, no nicknames, no supplements aesthetic. Quality: ultra detailed, extremely detailed, hyper-detailed, razor sharp focus, tack sharp, crystal clear, ultra sharp, 8k resolution, photorealistic, hyperrealistic, ultra realistic, HDR. creation motif 194/250 · LAB-194. Keep product identity and any on-screen research typography sharp and unchanged. For laboratory research use only. Not for human use or consumption.",Active,0,
PBVita-Lab-195,195,LAB-195,surfaces_org,kanban bin with pipette tip boxes,lean lab storage,"kanban bin with pipette tip boxes on cool gray ceramic tile, single hard key light with controlled fill, gentle top-down descending move",12,"ultra detailed, extremely detailed, hyper-detailed, razor sharp focus, tack sharp, crystal clear, ultra sharp, 8k resolution, photorealistic, hyperrealistic, ultra realistic, HDR",9:16,8,1080p,grok-imagine-image-quality,grok-imagine-video-1.5,2k,"Photoreal vertical 9:16 Palm Beach Vitality laboratory research catalog film, chemical research material only, premium American research aesthetic. PRIMARY SUBJECT (must be clearly recognizable, real laboratory object, sharp and centered): kanban bin with pipette tip boxes. Physical detail: lean lab storage. Setting surface: cool gray ceramic tile. Lighting: single hard key light with controlled fill. Camera: gentle top-down descending move. No abstract shapes, no glass orbs, no crystal balls, no surreal spheres, no CGI blobs, no nebula, no galaxies, no fantasy energy, no particle portals, no impossible geometry, no melting objects, no dreamscape, no people, no faces, no hands, no bare skin, no needles penetrating skin, no injection act, no clinic patient scene, no gym, no lifestyle, no wellness claims, no nicknames, no supplements aesthetic. Quality: ultra detailed, extremely detailed, hyper-detailed, razor sharp focus, tack sharp, crystal clear, ultra sharp, 8k resolution, photorealistic, hyperrealistic, ultra realistic, HDR. creation motif 195/250 · LAB-195. Keep product identity and any on-screen research typography sharp and unchanged. For laboratory research use only. Not for human use or consumption.",Active,0,
PBVita-Lab-196,196,LAB-196,surfaces_org,magnetic tool strip with metal spatulas,spatulas hanging,"magnetic tool strip with metal spatulas on mirrored chrome instrument tray, soft overhead softbox, even catalog lighting, locked tripod hero frame with subtle push",12,"ultra detailed, extremely detailed, hyper-detailed, razor sharp focus, tack sharp, crystal clear, ultra sharp, 8k resolution, photorealistic, hyperrealistic, ultra realistic, HDR",9:16,8,1080p,grok-imagine-image-quality,grok-imagine-video-1.5,2k,"Photoreal vertical 9:16 Palm Beach Vitality laboratory research catalog film, chemical research material only, premium American research aesthetic. PRIMARY SUBJECT (must be clearly recognizable, real laboratory object, sharp and centered): magnetic tool strip with metal spatulas. Physical detail: spatulas hanging. Setting surface: mirrored chrome instrument tray. Lighting: soft overhead softbox, even catalog lighting. Camera: locked tripod hero frame with subtle push. No abstract shapes, no glass orbs, no crystal balls, no surreal spheres, no CGI blobs, no nebula, no galaxies, no fantasy energy, no particle portals, no impossible geometry, no melting objects, no dreamscape, no people, no faces, no hands, no bare skin, no needles penetrating skin, no injection act, no clinic patient scene, no gym, no lifestyle, no wellness claims, no nicknames, no supplements aesthetic. Quality: ultra detailed, extremely detailed, hyper-detailed, razor sharp focus, tack sharp, crystal clear, ultra sharp, 8k resolution, photorealistic, hyperrealistic, ultra realistic, HDR. creation motif 196/250 · LAB-196. Keep product identity and any on-screen research typography sharp and unchanged. For laboratory research use only. Not for human use or consumption.",Active,0,
PBVita-Lab-197,197,LAB-197,surfaces_org,weighing paper book open,glassine weighing papers,"weighing paper book open on white melamine cleanroom table, warm neutral side light, still clinical, low angle tracking slide",12,"ultra detailed, extremely detailed, hyper-detailed, razor sharp focus, tack sharp, crystal clear, ultra sharp, 8k resolution, photorealistic, hyperrealistic, ultra realistic, HDR",9:16,8,1080p,grok-imagine-image-quality,grok-imagine-video-1.5,2k,"Photoreal vertical 9:16 Palm Beach Vitality laboratory research catalog film, chemical research material only, premium American research aesthetic. PRIMARY SUBJECT (must be clearly recognizable, real laboratory object, sharp and centered): weighing paper book open. Physical detail: glassine weighing papers. Setting surface: white melamine cleanroom table. Lighting: warm neutral side light, still clinical. Camera: low angle tracking slide. No abstract shapes, no glass orbs, no crystal balls, no surreal spheres, no CGI blobs, no nebula, no galaxies, no fantasy energy, no particle portals, no impossible geometry, no melting objects, no dreamscape, no people, no faces, no hands, no bare skin, no needles penetrating skin, no injection act, no clinic patient scene, no gym, no lifestyle, no wellness claims, no nicknames, no supplements aesthetic. Quality: ultra detailed, extremely detailed, hyper-detailed, razor sharp focus, tack sharp, crystal clear, ultra sharp, 8k resolution, photorealistic, hyperrealistic, ultra realistic, HDR. creation motif 197/250 · LAB-197. Keep product identity and any on-screen research typography sharp and unchanged. For laboratory research use only. Not for human use or consumption.",Active,0,
PBVita-Lab-198,198,LAB-198,surfaces_org,lab notebook closed with pen on top research,"bound notebook, no handwriting readable claims","lab notebook closed with pen on top research on textured slate sample board, split soft key and gentle bounce, circular arc that never fully completes",12,"ultra detailed, extremely detailed, hyper-detailed, razor sharp focus, tack sharp, crystal clear, ultra sharp, 8k resolution, photorealistic, hyperrealistic, ultra realistic, HDR",9:16,8,1080p,grok-imagine-image-quality,grok-imagine-video-1.5,2k,"Photoreal vertical 9:16 Palm Beach Vitality laboratory research catalog film, chemical research material only, premium American research aesthetic. PRIMARY SUBJECT (must be clearly recognizable, real laboratory object, sharp and centered): lab notebook closed with pen on top research. Physical detail: bound notebook, no handwriting readable claims. Setting surface: textured slate sample board. Lighting: split soft key and gentle bounce. Camera: circular arc that never fully completes. No abstract shapes, no glass orbs, no crystal balls, no surreal spheres, no CGI blobs, no nebula, no galaxies, no fantasy energy, no particle portals, no impossible geometry, no melting objects, no dreamscape, no people, no faces, no hands, no bare skin, no needles penetrating skin, no injection act, no clinic patient scene, no gym, no lifestyle, no wellness claims, no nicknames, no supplements aesthetic. Quality: ultra detailed, extremely detailed, hyper-detailed, razor sharp focus, tack sharp, crystal clear, ultra sharp, 8k resolution, photorealistic, hyperrealistic, ultra realistic, HDR. creation motif 198/250 · LAB-198. Keep product identity and any on-screen research typography sharp and unchanged. For laboratory research use only. Not for human use or consumption.",Active,0,
PBVita-Lab-199,199,LAB-199,surfaces_org,clipboard with blank COA template,"certificate layout blank, no medical claims","clipboard with blank COA template on soft gray seamless paper backdrop, high-key seamless catalog lighting, vertical rise from base to label",12,"ultra detailed, extremely detailed, hyper-detailed, razor sharp focus, tack sharp, crystal clear, ultra sharp, 8k resolution, photorealistic, hyperrealistic, ultra realistic, HDR",9:16,8,1080p,grok-imagine-image-quality,grok-imagine-video-1.5,2k,"Photoreal vertical 9:16 Palm Beach Vitality laboratory research catalog film, chemical research material only, premium American research aesthetic. PRIMARY SUBJECT (must be clearly recognizable, real laboratory object, sharp and centered): clipboard with blank COA template. Physical detail: certificate layout blank, no medical claims. Setting surface: soft gray seamless paper backdrop. Lighting: high-key seamless catalog lighting. Camera: vertical rise from base to label. No abstract shapes, no glass orbs, no crystal balls, no surreal spheres, no CGI blobs, no nebula, no galaxies, no fantasy energy, no particle portals, no impossible geometry, no melting objects, no dreamscape, no people, no faces, no hands, no bare skin, no needles penetrating skin, no injection act, no clinic patient scene, no gym, no lifestyle, no wellness claims, no nicknames, no supplements aesthetic. Quality: ultra detailed, extremely detailed, hyper-detailed, razor sharp focus, tack sharp, crystal clear, ultra sharp, 8k resolution, photorealistic, hyperrealistic, ultra realistic, HDR. creation motif 199/250 · LAB-199. Keep product identity and any on-screen research typography sharp and unchanged. For laboratory research use only. Not for human use or consumption.",Active,0,
PBVita-Lab-200,200,LAB-200,surfaces_org,sample log binder spine,lab records binder,"sample log binder spine on anodized aluminum tray, low-key selective highlight on glass edges, fast resolve into locked hero frame",12,"ultra detailed, extremely detailed, hyper-detailed, razor sharp focus, tack sharp, crystal clear, ultra sharp, 8k resolution, photorealistic, hyperrealistic, ultra realistic, HDR",9:16,8,1080p,grok-imagine-image-quality,grok-imagine-video-1.5,2k,"Photoreal vertical 9:16 Palm Beach Vitality laboratory research catalog film, chemical research material only, premium American research aesthetic. PRIMARY SUBJECT (must be clearly recognizable, real laboratory object, sharp and centered): sample log binder spine. Physical detail: lab records binder. Setting surface: anodized aluminum tray. Lighting: low-key selective highlight on glass edges. Camera: fast resolve into locked hero frame. No abstract shapes, no glass orbs, no crystal balls, no surreal spheres, no CGI blobs, no nebula, no galaxies, no fantasy energy, no particle portals, no impossible geometry, no melting objects, no dreamscape, no people, no faces, no hands, no bare skin, no needles penetrating skin, no injection act, no clinic patient scene, no gym, no lifestyle, no wellness claims, no nicknames, no supplements aesthetic. Quality: ultra detailed, extremely detailed, hyper-detailed, razor sharp focus, tack sharp, crystal clear, ultra sharp, 8k resolution, photorealistic, hyperrealistic, ultra realistic, HDR. creation motif 200/250 · LAB-200. Keep product identity and any on-screen research typography sharp and unchanged. For laboratory research use only. Not for human use or consumption.",Active,0,
PBVita-Lab-201,201,LAB-201,surfaces_org,color-coded tape rolls for lab labeling,tape assortment,"color-coded tape rolls for lab labeling on polished black reflective acrylic, soft rim light from behind, slow 360 degree orbit at eye level",12,"ultra detailed, extremely detailed, hyper-detailed, razor sharp focus, tack sharp, crystal clear, ultra sharp, 8k resolution, photorealistic, hyperrealistic, ultra realistic, HDR",9:16,8,1080p,grok-imagine-image-quality,grok-imagine-video-1.5,2k,"Photoreal vertical 9:16 Palm Beach Vitality laboratory research catalog film, chemical research material only, premium American research aesthetic. PRIMARY SUBJECT (must be clearly recognizable, real laboratory object, sharp and centered): color-coded tape rolls for lab labeling. Physical detail: tape assortment. Setting surface: polished black reflective acrylic. Lighting: soft rim light from behind. Camera: slow 360 degree orbit at eye level. No abstract shapes, no glass orbs, no crystal balls, no surreal spheres, no CGI blobs, no nebula, no galaxies, no fantasy energy, no particle portals, no impossible geometry, no melting objects, no dreamscape, no people, no faces, no hands, no bare skin, no needles penetrating skin, no injection act, no clinic patient scene, no gym, no lifestyle, no wellness claims, no nicknames, no supplements aesthetic. Quality: ultra detailed, extremely detailed, hyper-detailed, razor sharp focus, tack sharp, crystal clear, ultra sharp, 8k resolution, photorealistic, hyperrealistic, ultra realistic, HDR. creation motif 201/250 · LAB-201. Keep product identity and any on-screen research typography sharp and unchanged. For laboratory research use only. Not for human use or consumption.",Active,0,
PBVita-Lab-202,202,LAB-202,surfaces_org,sharpies and lab markers in cup,marking tools only,"sharpies and lab markers in cup on matte pure white infinity surface, cool clinical blue-white LED, extreme macro push-in",12,"ultra detailed, extremely detailed, hyper-detailed, razor sharp focus, tack sharp, crystal clear, ultra sharp, 8k resolution, photorealistic, hyperrealistic, ultra realistic, HDR",9:16,8,1080p,grok-imagine-image-quality,grok-imagine-video-1.5,2k,"Photoreal vertical 9:16 Palm Beach Vitality laboratory research catalog film, chemical research material only, premium American research aesthetic. PRIMARY SUBJECT (must be clearly recognizable, real laboratory object, sharp and centered): sharpies and lab markers in cup. Physical detail: marking tools only. Setting surface: matte pure white infinity surface. Lighting: cool clinical blue-white LED. Camera: extreme macro push-in. No abstract shapes, no glass orbs, no crystal balls, no surreal spheres, no CGI blobs, no nebula, no galaxies, no fantasy energy, no particle portals, no impossible geometry, no melting objects, no dreamscape, no people, no faces, no hands, no bare skin, no needles penetrating skin, no injection act, no clinic patient scene, no gym, no lifestyle, no wellness claims, no nicknames, no supplements aesthetic. Quality: ultra detailed, extremely detailed, hyper-detailed, razor sharp focus, tack sharp, crystal clear, ultra sharp, 8k resolution, photorealistic, hyperrealistic, ultra realistic, HDR. creation motif 202/250 · LAB-202. Keep product identity and any on-screen research typography sharp and unchanged. For laboratory research use only. Not for human use or consumption.",Active,0,
PBVita-Lab-203,203,LAB-203,surfaces_org,kimwipe box and glass cleaner bottle,cleaning station still,"kimwipe box and glass cleaner bottle on brushed stainless steel lab bench, single hard key light with controlled fill, gentle top-down descending move",12,"ultra detailed, extremely detailed, hyper-detailed, razor sharp focus, tack sharp, crystal clear, ultra sharp, 8k resolution, photorealistic, hyperrealistic, ultra realistic, HDR",9:16,8,1080p,grok-imagine-image-quality,grok-imagine-video-1.5,2k,"Photoreal vertical 9:16 Palm Beach Vitality laboratory research catalog film, chemical research material only, premium American research aesthetic. PRIMARY SUBJECT (must be clearly recognizable, real laboratory object, sharp and centered): kimwipe box and glass cleaner bottle. Physical detail: cleaning station still. Setting surface: brushed stainless steel lab bench. Lighting: single hard key light with controlled fill. Camera: gentle top-down descending move. No abstract shapes, no glass orbs, no crystal balls, no surreal spheres, no CGI blobs, no nebula, no galaxies, no fantasy energy, no particle portals, no impossible geometry, no melting objects, no dreamscape, no people, no faces, no hands, no bare skin, no needles penetrating skin, no injection act, no clinic patient scene, no gym, no lifestyle, no wellness claims, no nicknames, no supplements aesthetic. Quality: ultra detailed, extremely detailed, hyper-detailed, razor sharp focus, tack sharp, crystal clear, ultra sharp, 8k resolution, photorealistic, hyperrealistic, ultra realistic, HDR. creation motif 203/250 · LAB-203. Keep product identity and any on-screen research typography sharp and unchanged. For laboratory research use only. Not for human use or consumption.",Active,0,
PBVita-Lab-204,204,LAB-204,surfaces_org,spill kit tray sealed,chemical spill kit closed,"spill kit tray sealed on dark charcoal epoxy resin countertop, soft overhead softbox, even catalog lighting, locked tripod hero frame with subtle push",12,"ultra detailed, extremely detailed, hyper-detailed, razor sharp focus, tack sharp, crystal clear, ultra sharp, 8k resolution, photorealistic, hyperrealistic, ultra realistic, HDR",9:16,8,1080p,grok-imagine-image-quality,grok-imagine-video-1.5,2k,"Photoreal vertical 9:16 Palm Beach Vitality laboratory research catalog film, chemical research material only, premium American research aesthetic. PRIMARY SUBJECT (must be clearly recognizable, real laboratory object, sharp and centered): spill kit tray sealed. Physical detail: chemical spill kit closed. Setting surface: dark charcoal epoxy resin countertop. Lighting: soft overhead softbox, even catalog lighting. Camera: locked tripod hero frame with subtle push. No abstract shapes, no glass orbs, no crystal balls, no surreal spheres, no CGI blobs, no nebula, no galaxies, no fantasy energy, no particle portals, no impossible geometry, no melting objects, no dreamscape, no people, no faces, no hands, no bare skin, no needles penetrating skin, no injection act, no clinic patient scene, no gym, no lifestyle, no wellness claims, no nicknames, no supplements aesthetic. Quality: ultra detailed, extremely detailed, hyper-detailed, razor sharp focus, tack sharp, crystal clear, ultra sharp, 8k resolution, photorealistic, hyperrealistic, ultra realistic, HDR. creation motif 204/250 · LAB-204. Keep product identity and any on-screen research typography sharp and unchanged. For laboratory research use only. Not for human use or consumption.",Active,0,
PBVita-Lab-205,205,LAB-205,surfaces_org,first-aid cabinet closed wall mount,"cabinet only, not injury scene","first-aid cabinet closed wall mount on cool gray ceramic tile, warm neutral side light, still clinical, low angle tracking slide",12,"ultra detailed, extremely detailed, hyper-detailed, razor sharp focus, tack sharp, crystal clear, ultra sharp, 8k resolution, photorealistic, hyperrealistic, ultra realistic, HDR",9:16,8,1080p,grok-imagine-image-quality,grok-imagine-video-1.5,2k,"Photoreal vertical 9:16 Palm Beach Vitality laboratory research catalog film, chemical research material only, premium American research aesthetic. PRIMARY SUBJECT (must be clearly recognizable, real laboratory object, sharp and centered): first-aid cabinet closed wall mount. Physical detail: cabinet only, not injury scene. Setting surface: cool gray ceramic tile. Lighting: warm neutral side light, still clinical. Camera: low angle tracking slide. No abstract shapes, no glass orbs, no crystal balls, no surreal spheres, no CGI blobs, no nebula, no galaxies, no fantasy energy, no particle portals, no impossible geometry, no melting objects, no dreamscape, no people, no faces, no hands, no bare skin, no needles penetrating skin, no injection act, no clinic patient scene, no gym, no lifestyle, no wellness claims, no nicknames, no supplements aesthetic. Quality: ultra detailed, extremely detailed, hyper-detailed, razor sharp focus, tack sharp, crystal clear, ultra sharp, 8k resolution, photorealistic, hyperrealistic, ultra realistic, HDR. creation motif 205/250 · LAB-205. Keep product identity and any on-screen research typography sharp and unchanged. For laboratory research use only. Not for human use or consumption.",Active,0,
PBVita-Lab-206,206,LAB-206,packaging,white research product carton closed,"matte white carton, minimal branding area","white research product carton closed on mirrored chrome instrument tray, split soft key and gentle bounce, circular arc that never fully completes",12,"ultra detailed, extremely detailed, hyper-detailed, razor sharp focus, tack sharp, crystal clear, ultra sharp, 8k resolution, photorealistic, hyperrealistic, ultra realistic, HDR",9:16,8,1080p,grok-imagine-image-quality,grok-imagine-video-1.5,2k,"Photoreal vertical 9:16 Palm Beach Vitality laboratory research catalog film, chemical research material only, premium American research aesthetic. PRIMARY SUBJECT (must be clearly recognizable, real laboratory object, sharp and centered): white research product carton closed. Physical detail: matte white carton, minimal branding area. Setting surface: mirrored chrome instrument tray. Lighting: split soft key and gentle bounce. Camera: circular arc that never fully completes. No abstract shapes, no glass orbs, no crystal balls, no surreal spheres, no CGI blobs, no nebula, no galaxies, no fantasy energy, no particle portals, no impossible geometry, no melting objects, no dreamscape, no people, no faces, no hands, no bare skin, no needles penetrating skin, no injection act, no clinic patient scene, no gym, no lifestyle, no wellness claims, no nicknames, no supplements aesthetic. Quality: ultra detailed, extremely detailed, hyper-detailed, razor sharp focus, tack sharp, crystal clear, ultra sharp, 8k resolution, photorealistic, hyperrealistic, ultra realistic, HDR. creation motif 206/250 · LAB-206. Keep product identity and any on-screen research typography sharp and unchanged. For laboratory research use only. Not for human use or consumption.",Active,0,
PBVita-Lab-207,207,LAB-207,packaging,open carton revealing foam-cradled vial,"unboxing still, vial in foam","open carton revealing foam-cradled vial on white melamine cleanroom table, high-key seamless catalog lighting, vertical rise from base to label",12,"ultra detailed, extremely detailed, hyper-detailed, razor sharp focus, tack sharp, crystal clear, ultra sharp, 8k resolution, photorealistic, hyperrealistic, ultra realistic, HDR",9:16,8,1080p,grok-imagine-image-quality,grok-imagine-video-1.5,2k,"Photoreal vertical 9:16 Palm Beach Vitality laboratory research catalog film, chemical research material only, premium American research aesthetic. PRIMARY SUBJECT (must be clearly recognizable, real laboratory object, sharp and centered): open carton revealing foam-cradled vial. Physical detail: unboxing still, vial in foam. Setting surface: white melamine cleanroom table. Lighting: high-key seamless catalog lighting. Camera: vertical rise from base to label. No abstract shapes, no glass orbs, no crystal balls, no surreal spheres, no CGI blobs, no nebula, no galaxies, no fantasy energy, no particle portals, no impossible geometry, no melting objects, no dreamscape, no people, no faces, no hands, no bare skin, no needles penetrating skin, no injection act, no clinic patient scene, no gym, no lifestyle, no wellness claims, no nicknames, no supplements aesthetic. Quality: ultra detailed, extremely detailed, hyper-detailed, razor sharp focus, tack sharp, crystal clear, ultra sharp, 8k resolution, photorealistic, hyperrealistic, ultra realistic, HDR. creation motif 207/250 · LAB-207. Keep product identity and any on-screen research typography sharp and unchanged. For laboratory research use only. Not for human use or consumption.",Active,0,
PBVita-Lab-208,208,LAB-208,packaging,blister card of research cartridges,retail-style research blister,"blister card of research cartridges on textured slate sample board, low-key selective highlight on glass edges, fast resolve into locked hero frame",12,"ultra detailed, extremely detailed, hyper-detailed, razor sharp focus, tack sharp, crystal clear, ultra sharp, 8k resolution, photorealistic, hyperrealistic, ultra realistic, HDR",9:16,8,1080p,grok-imagine-image-quality,grok-imagine-video-1.5,2k,"Photoreal vertical 9:16 Palm Beach Vitality laboratory research catalog film, chemical research material only, premium American research aesthetic. PRIMARY SUBJECT (must be clearly recognizable, real laboratory object, sharp and centered): blister card of research cartridges. Physical detail: retail-style research blister. Setting surface: textured slate sample board. Lighting: low-key selective highlight on glass edges. Camera: fast resolve into locked hero frame. No abstract shapes, no glass orbs, no crystal balls, no surreal spheres, no CGI blobs, no nebula, no galaxies, no fantasy energy, no particle portals, no impossible geometry, no melting objects, no dreamscape, no people, no faces, no hands, no bare skin, no needles penetrating skin, no injection act, no clinic patient scene, no gym, no lifestyle, no wellness claims, no nicknames, no supplements aesthetic. Quality: ultra detailed, extremely detailed, hyper-detailed, razor sharp focus, tack sharp, crystal clear, ultra sharp, 8k resolution, photorealistic, hyperrealistic, ultra realistic, HDR. creation motif 208/250 · LAB-208. Keep product identity and any on-screen research typography sharp and unchanged. For laboratory research use only. Not for human use or consumption.",Active,0,
PBVita-Lab-209,209,LAB-209,packaging,foil pouch resealable with vial silhouette,barrier pouch,"foil pouch resealable with vial silhouette on soft gray seamless paper backdrop, soft rim light from behind, slow 360 degree orbit at eye level",12,"ultra detailed, extremely detailed, hyper-detailed, razor sharp focus, tack sharp, crystal clear, ultra sharp, 8k resolution, photorealistic, hyperrealistic, ultra realistic, HDR",9:16,8,1080p,grok-imagine-image-quality,grok-imagine-video-1.5,2k,"Photoreal vertical 9:16 Palm Beach Vitality laboratory research catalog film, chemical research material only, premium American research aesthetic. PRIMARY SUBJECT (must be clearly recognizable, real laboratory object, sharp and centered): foil pouch resealable with vial silhouette. Physical detail: barrier pouch. Setting surface: soft gray seamless paper backdrop. Lighting: soft rim light from behind. Camera: slow 360 degree orbit at eye level. No abstract shapes, no glass orbs, no crystal balls, no surreal spheres, no CGI blobs, no nebula, no galaxies, no fantasy energy, no particle portals, no impossible geometry, no melting objects, no dreamscape, no people, no faces, no hands, no bare skin, no needles penetrating skin, no injection act, no clinic patient scene, no gym, no lifestyle, no wellness claims, no nicknames, no supplements aesthetic. Quality: ultra detailed, extremely detailed, hyper-detailed, razor sharp focus, tack sharp, crystal clear, ultra sharp, 8k resolution, photorealistic, hyperrealistic, ultra realistic, HDR. creation motif 209/250 · LAB-209. Keep product identity and any on-screen research typography sharp and unchanged. For laboratory research use only. Not for human use or consumption.",Active,0,
PBVita-Lab-210,210,LAB-210,packaging,corrugated mailer for vials,small shipper,"corrugated mailer for vials on anodized aluminum tray, cool clinical blue-white LED, extreme macro push-in",12,"ultra detailed, extremely detailed, hyper-detailed, razor sharp focus, tack sharp, crystal clear, ultra sharp, 8k resolution, photorealistic, hyperrealistic, ultra realistic, HDR",9:16,8,1080p,grok-imagine-image-quality,grok-imagine-video-1.5,2k,"Photoreal vertical 9:16 Palm Beach Vitality laboratory research catalog film, chemical research material only, premium American research aesthetic. PRIMARY SUBJECT (must be clearly recognizable, real laboratory object, sharp and centered): corrugated mailer for vials. Physical detail: small shipper. Setting surface: anodized aluminum tray. Lighting: cool clinical blue-white LED. Camera: extreme macro push-in. No abstract shapes, no glass orbs, no crystal balls, no surreal spheres, no CGI blobs, no nebula, no galaxies, no fantasy energy, no particle portals, no impossible geometry, no melting objects, no dreamscape, no people, no faces, no hands, no bare skin, no needles penetrating skin, no injection act, no clinic patient scene, no gym, no lifestyle, no wellness claims, no nicknames, no supplements aesthetic. Quality: ultra detailed, extremely detailed, hyper-detailed, razor sharp focus, tack sharp, crystal clear, ultra sharp, 8k resolution, photorealistic, hyperrealistic, ultra realistic, HDR. creation motif 210/250 · LAB-210. Keep product identity and any on-screen research typography sharp and unchanged. For laboratory research use only. Not for human use or consumption.",Active,0,
PBVita-Lab-211,211,LAB-211,packaging,tamper-evident label sheet,void labels,"tamper-evident label sheet on polished black reflective acrylic, single hard key light with controlled fill, gentle top-down descending move",12,"ultra detailed, extremely detailed, hyper-detailed, razor sharp focus, tack sharp, crystal clear, ultra sharp, 8k resolution, photorealistic, hyperrealistic, ultra realistic, HDR",9:16,8,1080p,grok-imagine-image-quality,grok-imagine-video-1.5,2k,"Photoreal vertical 9:16 Palm Beach Vitality laboratory research catalog film, chemical research material only, premium American research aesthetic. PRIMARY SUBJECT (must be clearly recognizable, real laboratory object, sharp and centered): tamper-evident label sheet. Physical detail: void labels. Setting surface: polished black reflective acrylic. Lighting: single hard key light with controlled fill. Camera: gentle top-down descending move. No abstract shapes, no glass orbs, no crystal balls, no surreal spheres, no CGI blobs, no nebula, no galaxies, no fantasy energy, no particle portals, no impossible geometry, no melting objects, no dreamscape, no people, no faces, no hands, no bare skin, no needles penetrating skin, no injection act, no clinic patient scene, no gym, no lifestyle, no wellness claims, no nicknames, no supplements aesthetic. Quality: ultra detailed, extremely detailed, hyper-detailed, razor sharp focus, tack sharp, crystal clear, ultra sharp, 8k resolution, photorealistic, hyperrealistic, ultra realistic, HDR. creation motif 211/250 · LAB-211. Keep product identity and any on-screen research typography sharp and unchanged. For laboratory research use only. Not for human use or consumption.",Active,0,
PBVita-Lab-212,212,LAB-212,packaging,roll of thermal lab labels,label stock roll,"roll of thermal lab labels on matte pure white infinity surface, soft overhead softbox, even catalog lighting, locked tripod hero frame with subtle push",12,"ultra detailed, extremely detailed, hyper-detailed, razor sharp focus, tack sharp, crystal clear, ultra sharp, 8k resolution, photorealistic, hyperrealistic, ultra realistic, HDR",9:16,8,1080p,grok-imagine-image-quality,grok-imagine-video-1.5,2k,"Photoreal vertical 9:16 Palm Beach Vitality laboratory research catalog film, chemical research material only, premium American research aesthetic. PRIMARY SUBJECT (must be clearly recognizable, real laboratory object, sharp and centered): roll of thermal lab labels. Physical detail: label stock roll. Setting surface: matte pure white infinity surface. Lighting: soft overhead softbox, even catalog lighting. Camera: locked tripod hero frame with subtle push. No abstract shapes, no glass orbs, no crystal balls, no surreal spheres, no CGI blobs, no nebula, no galaxies, no fantasy energy, no particle portals, no impossible geometry, no melting objects, no dreamscape, no people, no faces, no hands, no bare skin, no needles penetrating skin, no injection act, no clinic patient scene, no gym, no lifestyle, no wellness claims, no nicknames, no supplements aesthetic. Quality: ultra detailed, extremely detailed, hyper-detailed, razor sharp focus, tack sharp, crystal clear, ultra sharp, 8k resolution, photorealistic, hyperrealistic, ultra realistic, HDR. creation motif 212/250 · LAB-212. Keep product identity and any on-screen research typography sharp and unchanged. For laboratory research use only. Not for human use or consumption.",Active,0,
PBVita-Lab-213,213,LAB-213,packaging,serialized hologram sticker pack,anti-counterfeit stickers,"serialized hologram sticker pack on brushed stainless steel lab bench, warm neutral side light, still clinical, low angle tracking slide",12,"ultra detailed, extremely detailed, hyper-detailed, razor sharp focus, tack sharp, crystal clear, ultra sharp, 8k resolution, photorealistic, hyperrealistic, ultra realistic, HDR",9:16,8,1080p,grok-imagine-image-quality,grok-imagine-video-1.5,2k,"Photoreal vertical 9:16 Palm Beach Vitality laboratory research catalog film, chemical research material only, premium American research aesthetic. PRIMARY SUBJECT (must be clearly recognizable, real laboratory object, sharp and centered): serialized hologram sticker pack. Physical detail: anti-counterfeit stickers. Setting surface: brushed stainless steel lab bench. Lighting: warm neutral side light, still clinical. Camera: low angle tracking slide. No abstract shapes, no glass orbs, no crystal balls, no surreal spheres, no CGI blobs, no nebula, no galaxies, no fantasy energy, no particle portals, no impossible geometry, no melting objects, no dreamscape, no people, no faces, no hands, no bare skin, no needles penetrating skin, no injection act, no clinic patient scene, no gym, no lifestyle, no wellness claims, no nicknames, no supplements aesthetic. Quality: ultra detailed, extremely detailed, hyper-detailed, razor sharp focus, tack sharp, crystal clear, ultra sharp, 8k resolution, photorealistic, hyperrealistic, ultra realistic, HDR. creation motif 213/250 · LAB-213. Keep product identity and any on-screen research typography sharp and unchanged. For laboratory research use only. Not for human use or consumption.",Active,0,
PBVita-Lab-214,214,LAB-214,packaging,insert card folded research use only,"paper insert, disclaimer visible briefly","insert card folded research use only on dark charcoal epoxy resin countertop, split soft key and gentle bounce, circular arc that never fully completes",12,"ultra detailed, extremely detailed, hyper-detailed, razor sharp focus, tack sharp, crystal clear, ultra sharp, 8k resolution, photorealistic, hyperrealistic, ultra realistic, HDR",9:16,8,1080p,grok-imagine-image-quality,grok-imagine-video-1.5,2k,"Photoreal vertical 9:16 Palm Beach Vitality laboratory research catalog film, chemical research material only, premium American research aesthetic. PRIMARY SUBJECT (must be clearly recognizable, real laboratory object, sharp and centered): insert card folded research use only. Physical detail: paper insert, disclaimer visible briefly. Setting surface: dark charcoal epoxy resin countertop. Lighting: split soft key and gentle bounce. Camera: circular arc that never fully completes. No abstract shapes, no glass orbs, no crystal balls, no surreal spheres, no CGI blobs, no nebula, no galaxies, no fantasy energy, no particle portals, no impossible geometry, no melting objects, no dreamscape, no people, no faces, no hands, no bare skin, no needles penetrating skin, no injection act, no clinic patient scene, no gym, no lifestyle, no wellness claims, no nicknames, no supplements aesthetic. Quality: ultra detailed, extremely detailed, hyper-detailed, razor sharp focus, tack sharp, crystal clear, ultra sharp, 8k resolution, photorealistic, hyperrealistic, ultra realistic, HDR. creation motif 214/250 · LAB-214. Keep product identity and any on-screen research typography sharp and unchanged. For laboratory research use only. Not for human use or consumption.",Active,0,
PBVita-Lab-215,215,LAB-215,packaging,desiccant packets arranged,silica gel packs,"desiccant packets arranged on cool gray ceramic tile, high-key seamless catalog lighting, vertical rise from base to label",12,"ultra detailed, extremely detailed, hyper-detailed, razor sharp focus, tack sharp, crystal clear, ultra sharp, 8k resolution, photorealistic, hyperrealistic, ultra realistic, HDR",9:16,8,1080p,grok-imagine-image-quality,grok-imagine-video-1.5,2k,"Photoreal vertical 9:16 Palm Beach Vitality laboratory research catalog film, chemical research material only, premium American research aesthetic. PRIMARY SUBJECT (must be clearly recognizable, real laboratory object, sharp and centered): desiccant packets arranged. Physical detail: silica gel packs. Setting surface: cool gray ceramic tile. Lighting: high-key seamless catalog lighting. Camera: vertical rise from base to label. No abstract shapes, no glass orbs, no crystal balls, no surreal spheres, no CGI blobs, no nebula, no galaxies, no fantasy energy, no particle portals, no impossible geometry, no melting objects, no dreamscape, no people, no faces, no hands, no bare skin, no needles penetrating skin, no injection act, no clinic patient scene, no gym, no lifestyle, no wellness claims, no nicknames, no supplements aesthetic. Quality: ultra detailed, extremely detailed, hyper-detailed, razor sharp focus, tack sharp, crystal clear, ultra sharp, 8k resolution, photorealistic, hyperrealistic, ultra realistic, HDR. creation motif 215/250 · LAB-215. Keep product identity and any on-screen research typography sharp and unchanged. For laboratory research use only. Not for human use or consumption.",Active,0,
PBVita-Lab-216,216,LAB-216,packaging,oxygen absorber packets,packet still life,"oxygen absorber packets on mirrored chrome instrument tray, low-key selective highlight on glass edges, fast resolve into locked hero frame",12,"ultra detailed, extremely detailed, hyper-detailed, razor sharp focus, tack sharp, crystal clear, ultra sharp, 8k resolution, photorealistic, hyperrealistic, ultra realistic, HDR",9:16,8,1080p,grok-imagine-image-quality,grok-imagine-video-1.5,2k,"Photoreal vertical 9:16 Palm Beach Vitality laboratory research catalog film, chemical research material only, premium American research aesthetic. PRIMARY SUBJECT (must be clearly recognizable, real laboratory object, sharp and centered): oxygen absorber packets. Physical detail: packet still life. Setting surface: mirrored chrome instrument tray. Lighting: low-key selective highlight on glass edges. Camera: fast resolve into locked hero frame. No abstract shapes, no glass orbs, no crystal balls, no surreal spheres, no CGI blobs, no nebula, no galaxies, no fantasy energy, no particle portals, no impossible geometry, no melting objects, no dreamscape, no people, no faces, no hands, no bare skin, no needles penetrating skin, no injection act, no clinic patient scene, no gym, no lifestyle, no wellness claims, no nicknames, no supplements aesthetic. Quality: ultra detailed, extremely detailed, hyper-detailed, razor sharp focus, tack sharp, crystal clear, ultra sharp, 8k resolution, photorealistic, hyperrealistic, ultra realistic, HDR. creation motif 216/250 · LAB-216. Keep product identity and any on-screen research typography sharp and unchanged. For laboratory research use only. Not for human use or consumption.",Active,0,
PBVita-Lab-217,217,LAB-217,packaging,bubble wrap coil beside carton,pack materials,"bubble wrap coil beside carton on white melamine cleanroom table, soft rim light from behind, slow 360 degree orbit at eye level",12,"ultra detailed, extremely detailed, hyper-detailed, razor sharp focus, tack sharp, crystal clear, ultra sharp, 8k resolution, photorealistic, hyperrealistic, ultra realistic, HDR",9:16,8,1080p,grok-imagine-image-quality,grok-imagine-video-1.5,2k,"Photoreal vertical 9:16 Palm Beach Vitality laboratory research catalog film, chemical research material only, premium American research aesthetic. PRIMARY SUBJECT (must be clearly recognizable, real laboratory object, sharp and centered): bubble wrap coil beside carton. Physical detail: pack materials. Setting surface: white melamine cleanroom table. Lighting: soft rim light from behind. Camera: slow 360 degree orbit at eye level. No abstract shapes, no glass orbs, no crystal balls, no surreal spheres, no CGI blobs, no nebula, no galaxies, no fantasy energy, no particle portals, no impossible geometry, no melting objects, no dreamscape, no people, no faces, no hands, no bare skin, no needles penetrating skin, no injection act, no clinic patient scene, no gym, no lifestyle, no wellness claims, no nicknames, no supplements aesthetic. Quality: ultra detailed, extremely detailed, hyper-detailed, razor sharp focus, tack sharp, crystal clear, ultra sharp, 8k resolution, photorealistic, hyperrealistic, ultra realistic, HDR. creation motif 217/250 · LAB-217. Keep product identity and any on-screen research typography sharp and unchanged. For laboratory research use only. Not for human use or consumption.",Active,0,
PBVita-Lab-218,218,LAB-218,packaging,void fill kraft paper and vial box,sustainable pack,"void fill kraft paper and vial box on textured slate sample board, cool clinical blue-white LED, extreme macro push-in",12,"ultra detailed, extremely detailed, hyper-detailed, razor sharp focus, tack sharp, crystal clear, ultra sharp, 8k resolution, photorealistic, hyperrealistic, ultra realistic, HDR",9:16,8,1080p,grok-imagine-image-quality,grok-imagine-video-1.5,2k,"Photoreal vertical 9:16 Palm Beach Vitality laboratory research catalog film, chemical research material only, premium American research aesthetic. PRIMARY SUBJECT (must be clearly recognizable, real laboratory object, sharp and centered): void fill kraft paper and vial box. Physical detail: sustainable pack. Setting surface: textured slate sample board. Lighting: cool clinical blue-white LED. Camera: extreme macro push-in. No abstract shapes, no glass orbs, no crystal balls, no surreal spheres, no CGI blobs, no nebula, no galaxies, no fantasy energy, no particle portals, no impossible geometry, no melting objects, no dreamscape, no people, no faces, no hands, no bare skin, no needles penetrating skin, no injection act, no clinic patient scene, no gym, no lifestyle, no wellness claims, no nicknames, no supplements aesthetic. Quality: ultra detailed, extremely detailed, hyper-detailed, razor sharp focus, tack sharp, crystal clear, ultra sharp, 8k resolution, photorealistic, hyperrealistic, ultra realistic, HDR. creation motif 218/250 · LAB-218. Keep product identity and any on-screen research typography sharp and unchanged. For laboratory research use only. Not for human use or consumption.",Active,0,
PBVita-Lab-219,219,LAB-219,packaging,unit carton with window showing pen,window box,"unit carton with window showing pen on soft gray seamless paper backdrop, single hard key light with controlled fill, gentle top-down descending move",12,"ultra detailed, extremely detailed, hyper-detailed, razor sharp focus, tack sharp, crystal clear, ultra sharp, 8k resolution, photorealistic, hyperrealistic, ultra realistic, HDR",9:16,8,1080p,grok-imagine-image-quality,grok-imagine-video-1.5,2k,"Photoreal vertical 9:16 Palm Beach Vitality laboratory research catalog film, chemical research material only, premium American research aesthetic. PRIMARY SUBJECT (must be clearly recognizable, real laboratory object, sharp and centered): unit carton with window showing pen. Physical detail: window box. Setting surface: soft gray seamless paper backdrop. Lighting: single hard key light with controlled fill. Camera: gentle top-down descending move. No abstract shapes, no glass orbs, no crystal balls, no surreal spheres, no CGI blobs, no nebula, no galaxies, no fantasy energy, no particle portals, no impossible geometry, no melting objects, no dreamscape, no people, no faces, no hands, no bare skin, no needles penetrating skin, no injection act, no clinic patient scene, no gym, no lifestyle, no wellness claims, no nicknames, no supplements aesthetic. Quality: ultra detailed, extremely detailed, hyper-detailed, razor sharp focus, tack sharp, crystal clear, ultra sharp, 8k resolution, photorealistic, hyperrealistic, ultra realistic, HDR. creation motif 219/250 · LAB-219. Keep product identity and any on-screen research typography sharp and unchanged. For laboratory research use only. Not for human use or consumption.",Active,0,
PBVita-Lab-220,220,LAB-220,packaging,multipack sleeve holding three cartons,sleeve packaging,"multipack sleeve holding three cartons on anodized aluminum tray, soft overhead softbox, even catalog lighting, locked tripod hero frame with subtle push",12,"ultra detailed, extremely detailed, hyper-detailed, razor sharp focus, tack sharp, crystal clear, ultra sharp, 8k resolution, photorealistic, hyperrealistic, ultra realistic, HDR",9:16,8,1080p,grok-imagine-image-quality,grok-imagine-video-1.5,2k,"Photoreal vertical 9:16 Palm Beach Vitality laboratory research catalog film, chemical research material only, premium American research aesthetic. PRIMARY SUBJECT (must be clearly recognizable, real laboratory object, sharp and centered): multipack sleeve holding three cartons. Physical detail: sleeve packaging. Setting surface: anodized aluminum tray. Lighting: soft overhead softbox, even catalog lighting. Camera: locked tripod hero frame with subtle push. No abstract shapes, no glass orbs, no crystal balls, no surreal spheres, no CGI blobs, no nebula, no galaxies, no fantasy energy, no particle portals, no impossible geometry, no melting objects, no dreamscape, no people, no faces, no hands, no bare skin, no needles penetrating skin, no injection act, no clinic patient scene, no gym, no lifestyle, no wellness claims, no nicknames, no supplements aesthetic. Quality: ultra detailed, extremely detailed, hyper-detailed, razor sharp focus, tack sharp, crystal clear, ultra sharp, 8k resolution, photorealistic, hyperrealistic, ultra realistic, HDR. creation motif 220/250 · LAB-220. Keep product identity and any on-screen research typography sharp and unchanged. For laboratory research use only. Not for human use or consumption.",Active,0,
PBVita-Lab-221,221,LAB-221,packaging,shipping label pouch on carton,document pouch,"shipping label pouch on carton on polished black reflective acrylic, warm neutral side light, still clinical, low angle tracking slide",12,"ultra detailed, extremely detailed, hyper-detailed, razor sharp focus, tack sharp, crystal clear, ultra sharp, 8k resolution, photorealistic, hyperrealistic, ultra realistic, HDR",9:16,8,1080p,grok-imagine-image-quality,grok-imagine-video-1.5,2k,"Photoreal vertical 9:16 Palm Beach Vitality laboratory research catalog film, chemical research material only, premium American research aesthetic. PRIMARY SUBJECT (must be clearly recognizable, real laboratory object, sharp and centered): shipping label pouch on carton. Physical detail: document pouch. Setting surface: polished black reflective acrylic. Lighting: warm neutral side light, still clinical. Camera: low angle tracking slide. No abstract shapes, no glass orbs, no crystal balls, no surreal spheres, no CGI blobs, no nebula, no galaxies, no fantasy energy, no particle portals, no impossible geometry, no melting objects, no dreamscape, no people, no faces, no hands, no bare skin, no needles penetrating skin, no injection act, no clinic patient scene, no gym, no lifestyle, no wellness claims, no nicknames, no supplements aesthetic. Quality: ultra detailed, extremely detailed, hyper-detailed, razor sharp focus, tack sharp, crystal clear, ultra sharp, 8k resolution, photorealistic, hyperrealistic, ultra realistic, HDR. creation motif 221/250 · LAB-221. Keep product identity and any on-screen research typography sharp and unchanged. For laboratory research use only. Not for human use or consumption.",Active,0,
PBVita-Lab-222,222,LAB-222,packaging,pallet of identical research cartons cropped,"warehouse catalog crop, tidy","pallet of identical research cartons cropped on matte pure white infinity surface, split soft key and gentle bounce, circular arc that never fully completes",12,"ultra detailed, extremely detailed, hyper-detailed, razor sharp focus, tack sharp, crystal clear, ultra sharp, 8k resolution, photorealistic, hyperrealistic, ultra realistic, HDR",9:16,8,1080p,grok-imagine-image-quality,grok-imagine-video-1.5,2k,"Photoreal vertical 9:16 Palm Beach Vitality laboratory research catalog film, chemical research material only, premium American research aesthetic. PRIMARY SUBJECT (must be clearly recognizable, real laboratory object, sharp and centered): pallet of identical research cartons cropped. Physical detail: warehouse catalog crop, tidy. Setting surface: matte pure white infinity surface. Lighting: split soft key and gentle bounce. Camera: circular arc that never fully completes. No abstract shapes, no glass orbs, no crystal balls, no surreal spheres, no CGI blobs, no nebula, no galaxies, no fantasy energy, no particle portals, no impossible geometry, no melting objects, no dreamscape, no people, no faces, no hands, no bare skin, no needles penetrating skin, no injection act, no clinic patient scene, no gym, no lifestyle, no wellness claims, no nicknames, no supplements aesthetic. Quality: ultra detailed, extremely detailed, hyper-detailed, razor sharp focus, tack sharp, crystal clear, ultra sharp, 8k resolution, photorealistic, hyperrealistic, ultra realistic, HDR. creation motif 222/250 · LAB-222. Keep product identity and any on-screen research typography sharp and unchanged. For laboratory research use only. Not for human use or consumption.",Active,0,
PBVita-Lab-223,223,LAB-223,packaging,retail shelf strip with one facing carton,facing product,"retail shelf strip with one facing carton on brushed stainless steel lab bench, high-key seamless catalog lighting, vertical rise from base to label",12,"ultra detailed, extremely detailed, hyper-detailed, razor sharp focus, tack sharp, crystal clear, ultra sharp, 8k resolution, photorealistic, hyperrealistic, ultra realistic, HDR",9:16,8,1080p,grok-imagine-image-quality,grok-imagine-video-1.5,2k,"Photoreal vertical 9:16 Palm Beach Vitality laboratory research catalog film, chemical research material only, premium American research aesthetic. PRIMARY SUBJECT (must be clearly recognizable, real laboratory object, sharp and centered): retail shelf strip with one facing carton. Physical detail: facing product. Setting surface: brushed stainless steel lab bench. Lighting: high-key seamless catalog lighting. Camera: vertical rise from base to label. No abstract shapes, no glass orbs, no crystal balls, no surreal spheres, no CGI blobs, no nebula, no galaxies, no fantasy energy, no particle portals, no impossible geometry, no melting objects, no dreamscape, no people, no faces, no hands, no bare skin, no needles penetrating skin, no injection act, no clinic patient scene, no gym, no lifestyle, no wellness claims, no nicknames, no supplements aesthetic. Quality: ultra detailed, extremely detailed, hyper-detailed, razor sharp focus, tack sharp, crystal clear, ultra sharp, 8k resolution, photorealistic, hyperrealistic, ultra realistic, HDR. creation motif 223/250 · LAB-223. Keep product identity and any on-screen research typography sharp and unchanged. For laboratory research use only. Not for human use or consumption.",Active,0,
PBVita-Lab-224,224,LAB-224,packaging,gift-unrelated plain kraft research mailer,plain mailer,"gift-unrelated plain kraft research mailer on dark charcoal epoxy resin countertop, low-key selective highlight on glass edges, fast resolve into locked hero frame",12,"ultra detailed, extremely detailed, hyper-detailed, razor sharp focus, tack sharp, crystal clear, ultra sharp, 8k resolution, photorealistic, hyperrealistic, ultra realistic, HDR",9:16,8,1080p,grok-imagine-image-quality,grok-imagine-video-1.5,2k,"Photoreal vertical 9:16 Palm Beach Vitality laboratory research catalog film, chemical research material only, premium American research aesthetic. PRIMARY SUBJECT (must be clearly recognizable, real laboratory object, sharp and centered): gift-unrelated plain kraft research mailer. Physical detail: plain mailer. Setting surface: dark charcoal epoxy resin countertop. Lighting: low-key selective highlight on glass edges. Camera: fast resolve into locked hero frame. No abstract shapes, no glass orbs, no crystal balls, no surreal spheres, no CGI blobs, no nebula, no galaxies, no fantasy energy, no particle portals, no impossible geometry, no melting objects, no dreamscape, no people, no faces, no hands, no bare skin, no needles penetrating skin, no injection act, no clinic patient scene, no gym, no lifestyle, no wellness claims, no nicknames, no supplements aesthetic. Quality: ultra detailed, extremely detailed, hyper-detailed, razor sharp focus, tack sharp, crystal clear, ultra sharp, 8k resolution, photorealistic, hyperrealistic, ultra realistic, HDR. creation motif 224/250 · LAB-224. Keep product identity and any on-screen research typography sharp and unchanged. For laboratory research use only. Not for human use or consumption.",Active,0,
PBVita-Lab-225,225,LAB-225,packaging,plastic clamshell for research pen,clear clamshell,"plastic clamshell for research pen on cool gray ceramic tile, soft rim light from behind, slow 360 degree orbit at eye level",12,"ultra detailed, extremely detailed, hyper-detailed, razor sharp focus, tack sharp, crystal clear, ultra sharp, 8k resolution, photorealistic, hyperrealistic, ultra realistic, HDR",9:16,8,1080p,grok-imagine-image-quality,grok-imagine-video-1.5,2k,"Photoreal vertical 9:16 Palm Beach Vitality laboratory research catalog film, chemical research material only, premium American research aesthetic. PRIMARY SUBJECT (must be clearly recognizable, real laboratory object, sharp and centered): plastic clamshell for research pen. Physical detail: clear clamshell. Setting surface: cool gray ceramic tile. Lighting: soft rim light from behind. Camera: slow 360 degree orbit at eye level. No abstract shapes, no glass orbs, no crystal balls, no surreal spheres, no CGI blobs, no nebula, no galaxies, no fantasy energy, no particle portals, no impossible geometry, no melting objects, no dreamscape, no people, no faces, no hands, no bare skin, no needles penetrating skin, no injection act, no clinic patient scene, no gym, no lifestyle, no wellness claims, no nicknames, no supplements aesthetic. Quality: ultra detailed, extremely detailed, hyper-detailed, razor sharp focus, tack sharp, crystal clear, ultra sharp, 8k resolution, photorealistic, hyperrealistic, ultra realistic, HDR. creation motif 225/250 · LAB-225. Keep product identity and any on-screen research typography sharp and unchanged. For laboratory research use only. Not for human use or consumption.",Active,0,
PBVita-Lab-226,226,LAB-226,packaging,tubular glassine sleeve for labels,protective sleeve,"tubular glassine sleeve for labels on mirrored chrome instrument tray, cool clinical blue-white LED, extreme macro push-in",12,"ultra detailed, extremely detailed, hyper-detailed, razor sharp focus, tack sharp, crystal clear, ultra sharp, 8k resolution, photorealistic, hyperrealistic, ultra realistic, HDR",9:16,8,1080p,grok-imagine-image-quality,grok-imagine-video-1.5,2k,"Photoreal vertical 9:16 Palm Beach Vitality laboratory research catalog film, chemical research material only, premium American research aesthetic. PRIMARY SUBJECT (must be clearly recognizable, real laboratory object, sharp and centered): tubular glassine sleeve for labels. Physical detail: protective sleeve. Setting surface: mirrored chrome instrument tray. Lighting: cool clinical blue-white LED. Camera: extreme macro push-in. No abstract shapes, no glass orbs, no crystal balls, no surreal spheres, no CGI blobs, no nebula, no galaxies, no fantasy energy, no particle portals, no impossible geometry, no melting objects, no dreamscape, no people, no faces, no hands, no bare skin, no needles penetrating skin, no injection act, no clinic patient scene, no gym, no lifestyle, no wellness claims, no nicknames, no supplements aesthetic. Quality: ultra detailed, extremely detailed, hyper-detailed, razor sharp focus, tack sharp, crystal clear, ultra sharp, 8k resolution, photorealistic, hyperrealistic, ultra realistic, HDR. creation motif 226/250 · LAB-226. Keep product identity and any on-screen research typography sharp and unchanged. For laboratory research use only. Not for human use or consumption.",Active,0,
PBVita-Lab-227,227,LAB-227,packaging,cap assortment in compartment box,caps sorted,"cap assortment in compartment box on white melamine cleanroom table, single hard key light with controlled fill, gentle top-down descending move",12,"ultra detailed, extremely detailed, hyper-detailed, razor sharp focus, tack sharp, crystal clear, ultra sharp, 8k resolution, photorealistic, hyperrealistic, ultra realistic, HDR",9:16,8,1080p,grok-imagine-image-quality,grok-imagine-video-1.5,2k,"Photoreal vertical 9:16 Palm Beach Vitality laboratory research catalog film, chemical research material only, premium American research aesthetic. PRIMARY SUBJECT (must be clearly recognizable, real laboratory object, sharp and centered): cap assortment in compartment box. Physical detail: caps sorted. Setting surface: white melamine cleanroom table. Lighting: single hard key light with controlled fill. Camera: gentle top-down descending move. No abstract shapes, no glass orbs, no crystal balls, no surreal spheres, no CGI blobs, no nebula, no galaxies, no fantasy energy, no particle portals, no impossible geometry, no melting objects, no dreamscape, no people, no faces, no hands, no bare skin, no needles penetrating skin, no injection act, no clinic patient scene, no gym, no lifestyle, no wellness claims, no nicknames, no supplements aesthetic. Quality: ultra detailed, extremely detailed, hyper-detailed, razor sharp focus, tack sharp, crystal clear, ultra sharp, 8k resolution, photorealistic, hyperrealistic, ultra realistic, HDR. creation motif 227/250 · LAB-227. Keep product identity and any on-screen research typography sharp and unchanged. For laboratory research use only. Not for human use or consumption.",Active,0,
PBVita-Lab-228,228,LAB-228,packaging,induction seal wad samples,seal liners,"induction seal wad samples on textured slate sample board, soft overhead softbox, even catalog lighting, locked tripod hero frame with subtle push",12,"ultra detailed, extremely detailed, hyper-detailed, razor sharp focus, tack sharp, crystal clear, ultra sharp, 8k resolution, photorealistic, hyperrealistic, ultra realistic, HDR",9:16,8,1080p,grok-imagine-image-quality,grok-imagine-video-1.5,2k,"Photoreal vertical 9:16 Palm Beach Vitality laboratory research catalog film, chemical research material only, premium American research aesthetic. PRIMARY SUBJECT (must be clearly recognizable, real laboratory object, sharp and centered): induction seal wad samples. Physical detail: seal liners. Setting surface: textured slate sample board. Lighting: soft overhead softbox, even catalog lighting. Camera: locked tripod hero frame with subtle push. No abstract shapes, no glass orbs, no crystal balls, no surreal spheres, no CGI blobs, no nebula, no galaxies, no fantasy energy, no particle portals, no impossible geometry, no melting objects, no dreamscape, no people, no faces, no hands, no bare skin, no needles penetrating skin, no injection act, no clinic patient scene, no gym, no lifestyle, no wellness claims, no nicknames, no supplements aesthetic. Quality: ultra detailed, extremely detailed, hyper-detailed, razor sharp focus, tack sharp, crystal clear, ultra sharp, 8k resolution, photorealistic, hyperrealistic, ultra realistic, HDR. creation motif 228/250 · LAB-228. Keep product identity and any on-screen research typography sharp and unchanged. For laboratory research use only. Not for human use or consumption.",Active,0,
PBVita-Lab-229,229,LAB-229,packaging,carton die-cut flat unfolded,packaging flat,"carton die-cut flat unfolded on soft gray seamless paper backdrop, warm neutral side light, still clinical, low angle tracking slide",12,"ultra detailed, extremely detailed, hyper-detailed, razor sharp focus, tack sharp, crystal clear, ultra sharp, 8k resolution, photorealistic, hyperrealistic, ultra realistic, HDR",9:16,8,1080p,grok-imagine-image-quality,grok-imagine-video-1.5,2k,"Photoreal vertical 9:16 Palm Beach Vitality laboratory research catalog film, chemical research material only, premium American research aesthetic. PRIMARY SUBJECT (must be clearly recognizable, real laboratory object, sharp and centered): carton die-cut flat unfolded. Physical detail: packaging flat. Setting surface: soft gray seamless paper backdrop. Lighting: warm neutral side light, still clinical. Camera: low angle tracking slide. No abstract shapes, no glass orbs, no crystal balls, no surreal spheres, no CGI blobs, no nebula, no galaxies, no fantasy energy, no particle portals, no impossible geometry, no melting objects, no dreamscape, no people, no faces, no hands, no bare skin, no needles penetrating skin, no injection act, no clinic patient scene, no gym, no lifestyle, no wellness claims, no nicknames, no supplements aesthetic. Quality: ultra detailed, extremely detailed, hyper-detailed, razor sharp focus, tack sharp, crystal clear, ultra sharp, 8k resolution, photorealistic, hyperrealistic, ultra realistic, HDR. creation motif 229/250 · LAB-229. Keep product identity and any on-screen research typography sharp and unchanged. For laboratory research use only. Not for human use or consumption.",Active,0,
PBVita-Lab-230,230,LAB-230,packaging,brand stamp block and ink pad unused,print shop still for labels,"brand stamp block and ink pad unused on anodized aluminum tray, split soft key and gentle bounce, circular arc that never fully completes",12,"ultra detailed, extremely detailed, hyper-detailed, razor sharp focus, tack sharp, crystal clear, ultra sharp, 8k resolution, photorealistic, hyperrealistic, ultra realistic, HDR",9:16,8,1080p,grok-imagine-image-quality,grok-imagine-video-1.5,2k,"Photoreal vertical 9:16 Palm Beach Vitality laboratory research catalog film, chemical research material only, premium American research aesthetic. PRIMARY SUBJECT (must be clearly recognizable, real laboratory object, sharp and centered): brand stamp block and ink pad unused. Physical detail: print shop still for labels. Setting surface: anodized aluminum tray. Lighting: split soft key and gentle bounce. Camera: circular arc that never fully completes. No abstract shapes, no glass orbs, no crystal balls, no surreal spheres, no CGI blobs, no nebula, no galaxies, no fantasy energy, no particle portals, no impossible geometry, no melting objects, no dreamscape, no people, no faces, no hands, no bare skin, no needles penetrating skin, no injection act, no clinic patient scene, no gym, no lifestyle, no wellness claims, no nicknames, no supplements aesthetic. Quality: ultra detailed, extremely detailed, hyper-detailed, razor sharp focus, tack sharp, crystal clear, ultra sharp, 8k resolution, photorealistic, hyperrealistic, ultra realistic, HDR. creation motif 230/250 · LAB-230. Keep product identity and any on-screen research typography sharp and unchanged. For laboratory research use only. Not for human use or consumption.",Active,0,
PBVita-Lab-231,231,LAB-231,ppe_sterile,box of nitrile gloves blue closed,"glove box, no hands","box of nitrile gloves blue closed on polished black reflective acrylic, high-key seamless catalog lighting, vertical rise from base to label",12,"ultra detailed, extremely detailed, hyper-detailed, razor sharp focus, tack sharp, crystal clear, ultra sharp, 8k resolution, photorealistic, hyperrealistic, ultra realistic, HDR",9:16,8,1080p,grok-imagine-image-quality,grok-imagine-video-1.5,2k,"Photoreal vertical 9:16 Palm Beach Vitality laboratory research catalog film, chemical research material only, premium American research aesthetic. PRIMARY SUBJECT (must be clearly recognizable, real laboratory object, sharp and centered): box of nitrile gloves blue closed. Physical detail: glove box, no hands. Setting surface: polished black reflective acrylic. Lighting: high-key seamless catalog lighting. Camera: vertical rise from base to label. No abstract shapes, no glass orbs, no crystal balls, no surreal spheres, no CGI blobs, no nebula, no galaxies, no fantasy energy, no particle portals, no impossible geometry, no melting objects, no dreamscape, no people, no faces, no hands, no bare skin, no needles penetrating skin, no injection act, no clinic patient scene, no gym, no lifestyle, no wellness claims, no nicknames, no supplements aesthetic. Quality: ultra detailed, extremely detailed, hyper-detailed, razor sharp focus, tack sharp, crystal clear, ultra sharp, 8k resolution, photorealistic, hyperrealistic, ultra realistic, HDR. creation motif 231/250 · LAB-231. Keep product identity and any on-screen research typography sharp and unchanged. For laboratory research use only. Not for human use or consumption.",Active,0,
PBVita-Lab-232,232,LAB-232,ppe_sterile,pair of nitrile gloves laid flat unused,gloves as objects,"pair of nitrile gloves laid flat unused on matte pure white infinity surface, low-key selective highlight on glass edges, fast resolve into locked hero frame",12,"ultra detailed, extremely detailed, hyper-detailed, razor sharp focus, tack sharp, crystal clear, ultra sharp, 8k resolution, photorealistic, hyperrealistic, ultra realistic, HDR",9:16,8,1080p,grok-imagine-image-quality,grok-imagine-video-1.5,2k,"Photoreal vertical 9:16 Palm Beach Vitality laboratory research catalog film, chemical research material only, premium American research aesthetic. PRIMARY SUBJECT (must be clearly recognizable, real laboratory object, sharp and centered): pair of nitrile gloves laid flat unused. Physical detail: gloves as objects. Setting surface: matte pure white infinity surface. Lighting: low-key selective highlight on glass edges. Camera: fast resolve into locked hero frame. No abstract shapes, no glass orbs, no crystal balls, no surreal spheres, no CGI blobs, no nebula, no galaxies, no fantasy energy, no particle portals, no impossible geometry, no melting objects, no dreamscape, no people, no faces, no hands, no bare skin, no needles penetrating skin, no injection act, no clinic patient scene, no gym, no lifestyle, no wellness claims, no nicknames, no supplements aesthetic. Quality: ultra detailed, extremely detailed, hyper-detailed, razor sharp focus, tack sharp, crystal clear, ultra sharp, 8k resolution, photorealistic, hyperrealistic, ultra realistic, HDR. creation motif 232/250 · LAB-232. Keep product identity and any on-screen research typography sharp and unchanged. For laboratory research use only. Not for human use or consumption.",Active,0,
PBVita-Lab-233,233,LAB-233,ppe_sterile,sterile sleeve covers packaged,PPE pack,"sterile sleeve covers packaged on brushed stainless steel lab bench, soft rim light from behind, slow 360 degree orbit at eye level",12,"ultra detailed, extremely detailed, hyper-detailed, razor sharp focus, tack sharp, crystal clear, ultra sharp, 8k resolution, photorealistic, hyperrealistic, ultra realistic, HDR",9:16,8,1080p,grok-imagine-image-quality,grok-imagine-video-1.5,2k,"Photoreal vertical 9:16 Palm Beach Vitality laboratory research catalog film, chemical research material only, premium American research aesthetic. PRIMARY SUBJECT (must be clearly recognizable, real laboratory object, sharp and centered): sterile sleeve covers packaged. Physical detail: PPE pack. Setting surface: brushed stainless steel lab bench. Lighting: soft rim light from behind. Camera: slow 360 degree orbit at eye level. No abstract shapes, no glass orbs, no crystal balls, no surreal spheres, no CGI blobs, no nebula, no galaxies, no fantasy energy, no particle portals, no impossible geometry, no melting objects, no dreamscape, no people, no faces, no hands, no bare skin, no needles penetrating skin, no injection act, no clinic patient scene, no gym, no lifestyle, no wellness claims, no nicknames, no supplements aesthetic. Quality: ultra detailed, extremely detailed, hyper-detailed, razor sharp focus, tack sharp, crystal clear, ultra sharp, 8k resolution, photorealistic, hyperrealistic, ultra realistic, HDR. creation motif 233/250 · LAB-233. Keep product identity and any on-screen research typography sharp and unchanged. For laboratory research use only. Not for human use or consumption.",Active,0,
PBVita-Lab-234,234,LAB-234,ppe_sterile,bouffant cap package,hair cover pack,"bouffant cap package on dark charcoal epoxy resin countertop, cool clinical blue-white LED, extreme macro push-in",12,"ultra detailed, extremely detailed, hyper-detailed, razor sharp focus, tack sharp, crystal clear, ultra sharp, 8k resolution, photorealistic, hyperrealistic, ultra realistic, HDR",9:16,8,1080p,grok-imagine-image-quality,grok-imagine-video-1.5,2k,"Photoreal vertical 9:16 Palm Beach Vitality laboratory research catalog film, chemical research material only, premium American research aesthetic. PRIMARY SUBJECT (must be clearly recognizable, real laboratory object, sharp and centered): bouffant cap package. Physical detail: hair cover pack. Setting surface: dark charcoal epoxy resin countertop. Lighting: cool clinical blue-white LED. Camera: extreme macro push-in. No abstract shapes, no glass orbs, no crystal balls, no surreal spheres, no CGI blobs, no nebula, no galaxies, no fantasy energy, no particle portals, no impossible geometry, no melting objects, no dreamscape, no people, no faces, no hands, no bare skin, no needles penetrating skin, no injection act, no clinic patient scene, no gym, no lifestyle, no wellness claims, no nicknames, no supplements aesthetic. Quality: ultra detailed, extremely detailed, hyper-detailed, razor sharp focus, tack sharp, crystal clear, ultra sharp, 8k resolution, photorealistic, hyperrealistic, ultra realistic, HDR. creation motif 234/250 · LAB-234. Keep product identity and any on-screen research typography sharp and unchanged. For laboratory research use only. Not for human use or consumption.",Active,0,
PBVita-Lab-235,235,LAB-235,ppe_sterile,safety glasses on lab tray,clear safety glasses,"safety glasses on lab tray on cool gray ceramic tile, single hard key light with controlled fill, gentle top-down descending move",12,"ultra detailed, extremely detailed, hyper-detailed, razor sharp focus, tack sharp, crystal clear, ultra sharp, 8k resolution, photorealistic, hyperrealistic, ultra realistic, HDR",9:16,8,1080p,grok-imagine-image-quality,grok-imagine-video-1.5,2k,"Photoreal vertical 9:16 Palm Beach Vitality laboratory research catalog film, chemical research material only, premium American research aesthetic. PRIMARY SUBJECT (must be clearly recognizable, real laboratory object, sharp and centered): safety glasses on lab tray. Physical detail: clear safety glasses. Setting surface: cool gray ceramic tile. Lighting: single hard key light with controlled fill. Camera: gentle top-down descending move. No abstract shapes, no glass orbs, no crystal balls, no surreal spheres, no CGI blobs, no nebula, no galaxies, no fantasy energy, no particle portals, no impossible geometry, no melting objects, no dreamscape, no people, no faces, no hands, no bare skin, no needles penetrating skin, no injection act, no clinic patient scene, no gym, no lifestyle, no wellness claims, no nicknames, no supplements aesthetic. Quality: ultra detailed, extremely detailed, hyper-detailed, razor sharp focus, tack sharp, crystal clear, ultra sharp, 8k resolution, photorealistic, hyperrealistic, ultra realistic, HDR. creation motif 235/250 · LAB-235. Keep product identity and any on-screen research typography sharp and unchanged. For laboratory research use only. Not for human use or consumption.",Active,0,
PBVita-Lab-236,236,LAB-236,ppe_sterile,face shield on stand,shield alone,"face shield on stand on mirrored chrome instrument tray, soft overhead softbox, even catalog lighting, locked tripod hero frame with subtle push",12,"ultra detailed, extremely detailed, hyper-detailed, razor sharp focus, tack sharp, crystal clear, ultra sharp, 8k resolution, photorealistic, hyperrealistic, ultra realistic, HDR",9:16,8,1080p,grok-imagine-image-quality,grok-imagine-video-1.5,2k,"Photoreal vertical 9:16 Palm Beach Vitality laboratory research catalog film, chemical research material only, premium American research aesthetic. PRIMARY SUBJECT (must be clearly recognizable, real laboratory object, sharp and centered): face shield on stand. Physical detail: shield alone. Setting surface: mirrored chrome instrument tray. Lighting: soft overhead softbox, even catalog lighting. Camera: locked tripod hero frame with subtle push. No abstract shapes, no glass orbs, no crystal balls, no surreal spheres, no CGI blobs, no nebula, no galaxies, no fantasy energy, no particle portals, no impossible geometry, no melting objects, no dreamscape, no people, no faces, no hands, no bare skin, no needles penetrating skin, no injection act, no clinic patient scene, no gym, no lifestyle, no wellness claims, no nicknames, no supplements aesthetic. Quality: ultra detailed, extremely detailed, hyper-detailed, razor sharp focus, tack sharp, crystal clear, ultra sharp, 8k resolution, photorealistic, hyperrealistic, ultra realistic, HDR. creation motif 236/250 · LAB-236. Keep product identity and any on-screen research typography sharp and unchanged. For laboratory research use only. Not for human use or consumption.",Active,0,
PBVita-Lab-237,237,LAB-237,ppe_sterile,lab coat on hanger cropped torso-less,"white coat garment only, no body","lab coat on hanger cropped torso-less on white melamine cleanroom table, warm neutral side light, still clinical, low angle tracking slide",12,"ultra detailed, extremely detailed, hyper-detailed, razor sharp focus, tack sharp, crystal clear, ultra sharp, 8k resolution, photorealistic, hyperrealistic, ultra realistic, HDR",9:16,8,1080p,grok-imagine-image-quality,grok-imagine-video-1.5,2k,"Photoreal vertical 9:16 Palm Beach Vitality laboratory research catalog film, chemical research material only, premium American research aesthetic. PRIMARY SUBJECT (must be clearly recognizable, real laboratory object, sharp and centered): lab coat on hanger cropped torso-less. Physical detail: white coat garment only, no body. Setting surface: white melamine cleanroom table. Lighting: warm neutral side light, still clinical. Camera: low angle tracking slide. No abstract shapes, no glass orbs, no crystal balls, no surreal spheres, no CGI blobs, no nebula, no galaxies, no fantasy energy, no particle portals, no impossible geometry, no melting objects, no dreamscape, no people, no faces, no hands, no bare skin, no needles penetrating skin, no injection act, no clinic patient scene, no gym, no lifestyle, no wellness claims, no nicknames, no supplements aesthetic. Quality: ultra detailed, extremely detailed, hyper-detailed, razor sharp focus, tack sharp, crystal clear, ultra sharp, 8k resolution, photorealistic, hyperrealistic, ultra realistic, HDR. creation motif 237/250 · LAB-237. Keep product identity and any on-screen research typography sharp and unchanged. For laboratory research use only. Not for human use or consumption.",Active,0,
PBVita-Lab-238,238,LAB-238,ppe_sterile,shoe covers packaged,disposable covers,"shoe covers packaged on textured slate sample board, split soft key and gentle bounce, circular arc that never fully completes",12,"ultra detailed, extremely detailed, hyper-detailed, razor sharp focus, tack sharp, crystal clear, ultra sharp, 8k resolution, photorealistic, hyperrealistic, ultra realistic, HDR",9:16,8,1080p,grok-imagine-image-quality,grok-imagine-video-1.5,2k,"Photoreal vertical 9:16 Palm Beach Vitality laboratory research catalog film, chemical research material only, premium American research aesthetic. PRIMARY SUBJECT (must be clearly recognizable, real laboratory object, sharp and centered): shoe covers packaged. Physical detail: disposable covers. Setting surface: textured slate sample board. Lighting: split soft key and gentle bounce. Camera: circular arc that never fully completes. No abstract shapes, no glass orbs, no crystal balls, no surreal spheres, no CGI blobs, no nebula, no galaxies, no fantasy energy, no particle portals, no impossible geometry, no melting objects, no dreamscape, no people, no faces, no hands, no bare skin, no needles penetrating skin, no injection act, no clinic patient scene, no gym, no lifestyle, no wellness claims, no nicknames, no supplements aesthetic. Quality: ultra detailed, extremely detailed, hyper-detailed, razor sharp focus, tack sharp, crystal clear, ultra sharp, 8k resolution, photorealistic, hyperrealistic, ultra realistic, HDR. creation motif 238/250 · LAB-238. Keep product identity and any on-screen research typography sharp and unchanged. For laboratory research use only. Not for human use or consumption.",Active,0,
PBVita-Lab-239,239,LAB-239,ppe_sterile,sterile alcohol prep pads box,pads box,"sterile alcohol prep pads box on soft gray seamless paper backdrop, high-key seamless catalog lighting, vertical rise from base to label",12,"ultra detailed, extremely detailed, hyper-detailed, razor sharp focus, tack sharp, crystal clear, ultra sharp, 8k resolution, photorealistic, hyperrealistic, ultra realistic, HDR",9:16,8,1080p,grok-imagine-image-quality,grok-imagine-video-1.5,2k,"Photoreal vertical 9:16 Palm Beach Vitality laboratory research catalog film, chemical research material only, premium American research aesthetic. PRIMARY SUBJECT (must be clearly recognizable, real laboratory object, sharp and centered): sterile alcohol prep pads box. Physical detail: pads box. Setting surface: soft gray seamless paper backdrop. Lighting: high-key seamless catalog lighting. Camera: vertical rise from base to label. No abstract shapes, no glass orbs, no crystal balls, no surreal spheres, no CGI blobs, no nebula, no galaxies, no fantasy energy, no particle portals, no impossible geometry, no melting objects, no dreamscape, no people, no faces, no hands, no bare skin, no needles penetrating skin, no injection act, no clinic patient scene, no gym, no lifestyle, no wellness claims, no nicknames, no supplements aesthetic. Quality: ultra detailed, extremely detailed, hyper-detailed, razor sharp focus, tack sharp, crystal clear, ultra sharp, 8k resolution, photorealistic, hyperrealistic, ultra realistic, HDR. creation motif 239/250 · LAB-239. Keep product identity and any on-screen research typography sharp and unchanged. For laboratory research use only. Not for human use or consumption.",Active,0,
PBVita-Lab-240,240,LAB-240,ppe_sterile,sterile gauze stack in tray,gauze,"sterile gauze stack in tray on anodized aluminum tray, low-key selective highlight on glass edges, fast resolve into locked hero frame",12,"ultra detailed, extremely detailed, hyper-detailed, razor sharp focus, tack sharp, crystal clear, ultra sharp, 8k resolution, photorealistic, hyperrealistic, ultra realistic, HDR",9:16,8,1080p,grok-imagine-image-quality,grok-imagine-video-1.5,2k,"Photoreal vertical 9:16 Palm Beach Vitality laboratory research catalog film, chemical research material only, premium American research aesthetic. PRIMARY SUBJECT (must be clearly recognizable, real laboratory object, sharp and centered): sterile gauze stack in tray. Physical detail: gauze. Setting surface: anodized aluminum tray. Lighting: low-key selective highlight on glass edges. Camera: fast resolve into locked hero frame. No abstract shapes, no glass orbs, no crystal balls, no surreal spheres, no CGI blobs, no nebula, no galaxies, no fantasy energy, no particle portals, no impossible geometry, no melting objects, no dreamscape, no people, no faces, no hands, no bare skin, no needles penetrating skin, no injection act, no clinic patient scene, no gym, no lifestyle, no wellness claims, no nicknames, no supplements aesthetic. Quality: ultra detailed, extremely detailed, hyper-detailed, razor sharp focus, tack sharp, crystal clear, ultra sharp, 8k resolution, photorealistic, hyperrealistic, ultra realistic, HDR. creation motif 240/250 · LAB-240. Keep product identity and any on-screen research typography sharp and unchanged. For laboratory research use only. Not for human use or consumption.",Active,0,
PBVita-Lab-241,241,LAB-241,ppe_sterile,autoclaved instrument pouch sealed,sterile pouch,"autoclaved instrument pouch sealed on polished black reflective acrylic, soft rim light from behind, slow 360 degree orbit at eye level",12,"ultra detailed, extremely detailed, hyper-detailed, razor sharp focus, tack sharp, crystal clear, ultra sharp, 8k resolution, photorealistic, hyperrealistic, ultra realistic, HDR",9:16,8,1080p,grok-imagine-image-quality,grok-imagine-video-1.5,2k,"Photoreal vertical 9:16 Palm Beach Vitality laboratory research catalog film, chemical research material only, premium American research aesthetic. PRIMARY SUBJECT (must be clearly recognizable, real laboratory object, sharp and centered): autoclaved instrument pouch sealed. Physical detail: sterile pouch. Setting surface: polished black reflective acrylic. Lighting: soft rim light from behind. Camera: slow 360 degree orbit at eye level. No abstract shapes, no glass orbs, no crystal balls, no surreal spheres, no CGI blobs, no nebula, no galaxies, no fantasy energy, no particle portals, no impossible geometry, no melting objects, no dreamscape, no people, no faces, no hands, no bare skin, no needles penetrating skin, no injection act, no clinic patient scene, no gym, no lifestyle, no wellness claims, no nicknames, no supplements aesthetic. Quality: ultra detailed, extremely detailed, hyper-detailed, razor sharp focus, tack sharp, crystal clear, ultra sharp, 8k resolution, photorealistic, hyperrealistic, ultra realistic, HDR. creation motif 241/250 · LAB-241. Keep product identity and any on-screen research typography sharp and unchanged. For laboratory research use only. Not for human use or consumption.",Active,0,
PBVita-Lab-242,242,LAB-242,ppe_sterile,indicator tape on sterilized tray wrap,wrapped tray,"indicator tape on sterilized tray wrap on matte pure white infinity surface, cool clinical blue-white LED, extreme macro push-in",12,"ultra detailed, extremely detailed, hyper-detailed, razor sharp focus, tack sharp, crystal clear, ultra sharp, 8k resolution, photorealistic, hyperrealistic, ultra realistic, HDR",9:16,8,1080p,grok-imagine-image-quality,grok-imagine-video-1.5,2k,"Photoreal vertical 9:16 Palm Beach Vitality laboratory research catalog film, chemical research material only, premium American research aesthetic. PRIMARY SUBJECT (must be clearly recognizable, real laboratory object, sharp and centered): indicator tape on sterilized tray wrap. Physical detail: wrapped tray. Setting surface: matte pure white infinity surface. Lighting: cool clinical blue-white LED. Camera: extreme macro push-in. No abstract shapes, no glass orbs, no crystal balls, no surreal spheres, no CGI blobs, no nebula, no galaxies, no fantasy energy, no particle portals, no impossible geometry, no melting objects, no dreamscape, no people, no faces, no hands, no bare skin, no needles penetrating skin, no injection act, no clinic patient scene, no gym, no lifestyle, no wellness claims, no nicknames, no supplements aesthetic. Quality: ultra detailed, extremely detailed, hyper-detailed, razor sharp focus, tack sharp, crystal clear, ultra sharp, 8k resolution, photorealistic, hyperrealistic, ultra realistic, HDR. creation motif 242/250 · LAB-242. Keep product identity and any on-screen research typography sharp and unchanged. For laboratory research use only. Not for human use or consumption.",Active,0,
PBVita-Lab-243,243,LAB-243,ppe_sterile,hand sanitizer pump bottle lab brand-agnostic,pump bottle on bench,"hand sanitizer pump bottle lab brand-agnostic on brushed stainless steel lab bench, single hard key light with controlled fill, gentle top-down descending move",12,"ultra detailed, extremely detailed, hyper-detailed, razor sharp focus, tack sharp, crystal clear, ultra sharp, 8k resolution, photorealistic, hyperrealistic, ultra realistic, HDR",9:16,8,1080p,grok-imagine-image-quality,grok-imagine-video-1.5,2k,"Photoreal vertical 9:16 Palm Beach Vitality laboratory research catalog film, chemical research material only, premium American research aesthetic. PRIMARY SUBJECT (must be clearly recognizable, real laboratory object, sharp and centered): hand sanitizer pump bottle lab brand-agnostic. Physical detail: pump bottle on bench. Setting surface: brushed stainless steel lab bench. Lighting: single hard key light with controlled fill. Camera: gentle top-down descending move. No abstract shapes, no glass orbs, no crystal balls, no surreal spheres, no CGI blobs, no nebula, no galaxies, no fantasy energy, no particle portals, no impossible geometry, no melting objects, no dreamscape, no people, no faces, no hands, no bare skin, no needles penetrating skin, no injection act, no clinic patient scene, no gym, no lifestyle, no wellness claims, no nicknames, no supplements aesthetic. Quality: ultra detailed, extremely detailed, hyper-detailed, razor sharp focus, tack sharp, crystal clear, ultra sharp, 8k resolution, photorealistic, hyperrealistic, ultra realistic, HDR. creation motif 243/250 · LAB-243. Keep product identity and any on-screen research typography sharp and unchanged. For laboratory research use only. Not for human use or consumption.",Active,0,
PBVita-Lab-244,244,LAB-244,ppe_sterile,eye wash bottle sealed,emergency eyewash bottle object,"eye wash bottle sealed on dark charcoal epoxy resin countertop, soft overhead softbox, even catalog lighting, locked tripod hero frame with subtle push",12,"ultra detailed, extremely detailed, hyper-detailed, razor sharp focus, tack sharp, crystal clear, ultra sharp, 8k resolution, photorealistic, hyperrealistic, ultra realistic, HDR",9:16,8,1080p,grok-imagine-image-quality,grok-imagine-video-1.5,2k,"Photoreal vertical 9:16 Palm Beach Vitality laboratory research catalog film, chemical research material only, premium American research aesthetic. PRIMARY SUBJECT (must be clearly recognizable, real laboratory object, sharp and centered): eye wash bottle sealed. Physical detail: emergency eyewash bottle object. Setting surface: dark charcoal epoxy resin countertop. Lighting: soft overhead softbox, even catalog lighting. Camera: locked tripod hero frame with subtle push. No abstract shapes, no glass orbs, no crystal balls, no surreal spheres, no CGI blobs, no nebula, no galaxies, no fantasy energy, no particle portals, no impossible geometry, no melting objects, no dreamscape, no people, no faces, no hands, no bare skin, no needles penetrating skin, no injection act, no clinic patient scene, no gym, no lifestyle, no wellness claims, no nicknames, no supplements aesthetic. Quality: ultra detailed, extremely detailed, hyper-detailed, razor sharp focus, tack sharp, crystal clear, ultra sharp, 8k resolution, photorealistic, hyperrealistic, ultra realistic, HDR. creation motif 244/250 · LAB-244. Keep product identity and any on-screen research typography sharp and unchanged. For laboratory research use only. Not for human use or consumption.",Active,0,
PBVita-Lab-245,245,LAB-245,ppe_sterile,biohazard sharps container closed unused,"closed container, not in use scene","biohazard sharps container closed unused on cool gray ceramic tile, warm neutral side light, still clinical, low angle tracking slide",12,"ultra detailed, extremely detailed, hyper-detailed, razor sharp focus, tack sharp, crystal clear, ultra sharp, 8k resolution, photorealistic, hyperrealistic, ultra realistic, HDR",9:16,8,1080p,grok-imagine-image-quality,grok-imagine-video-1.5,2k,"Photoreal vertical 9:16 Palm Beach Vitality laboratory research catalog film, chemical research material only, premium American research aesthetic. PRIMARY SUBJECT (must be clearly recognizable, real laboratory object, sharp and centered): biohazard sharps container closed unused. Physical detail: closed container, not in use scene. Setting surface: cool gray ceramic tile. Lighting: warm neutral side light, still clinical. Camera: low angle tracking slide. No abstract shapes, no glass orbs, no crystal balls, no surreal spheres, no CGI blobs, no nebula, no galaxies, no fantasy energy, no particle portals, no impossible geometry, no melting objects, no dreamscape, no people, no faces, no hands, no bare skin, no needles penetrating skin, no injection act, no clinic patient scene, no gym, no lifestyle, no wellness claims, no nicknames, no supplements aesthetic. Quality: ultra detailed, extremely detailed, hyper-detailed, razor sharp focus, tack sharp, crystal clear, ultra sharp, 8k resolution, photorealistic, hyperrealistic, ultra realistic, HDR. creation motif 245/250 · LAB-245. Keep product identity and any on-screen research typography sharp and unchanged. For laboratory research use only. Not for human use or consumption.",Active,0,
PBVita-Lab-246,246,LAB-246,ppe_sterile,specimen transport bag with pouch,bio bag empty,"specimen transport bag with pouch on mirrored chrome instrument tray, split soft key and gentle bounce, circular arc that never fully completes",12,"ultra detailed, extremely detailed, hyper-detailed, razor sharp focus, tack sharp, crystal clear, ultra sharp, 8k resolution, photorealistic, hyperrealistic, ultra realistic, HDR",9:16,8,1080p,grok-imagine-image-quality,grok-imagine-video-1.5,2k,"Photoreal vertical 9:16 Palm Beach Vitality laboratory research catalog film, chemical research material only, premium American research aesthetic. PRIMARY SUBJECT (must be clearly recognizable, real laboratory object, sharp and centered): specimen transport bag with pouch. Physical detail: bio bag empty. Setting surface: mirrored chrome instrument tray. Lighting: split soft key and gentle bounce. Camera: circular arc that never fully completes. No abstract shapes, no glass orbs, no crystal balls, no surreal spheres, no CGI blobs, no nebula, no galaxies, no fantasy energy, no particle portals, no impossible geometry, no melting objects, no dreamscape, no people, no faces, no hands, no bare skin, no needles penetrating skin, no injection act, no clinic patient scene, no gym, no lifestyle, no wellness claims, no nicknames, no supplements aesthetic. Quality: ultra detailed, extremely detailed, hyper-detailed, razor sharp focus, tack sharp, crystal clear, ultra sharp, 8k resolution, photorealistic, hyperrealistic, ultra realistic, HDR. creation motif 246/250 · LAB-246. Keep product identity and any on-screen research typography sharp and unchanged. For laboratory research use only. Not for human use or consumption.",Active,0,
PBVita-Lab-247,247,LAB-247,ppe_sterile,cleanroom sticky mat sheet roll,tacky mat,"cleanroom sticky mat sheet roll on white melamine cleanroom table, high-key seamless catalog lighting, vertical rise from base to label",12,"ultra detailed, extremely detailed, hyper-detailed, razor sharp focus, tack sharp, crystal clear, ultra sharp, 8k resolution, photorealistic, hyperrealistic, ultra realistic, HDR",9:16,8,1080p,grok-imagine-image-quality,grok-imagine-video-1.5,2k,"Photoreal vertical 9:16 Palm Beach Vitality laboratory research catalog film, chemical research material only, premium American research aesthetic. PRIMARY SUBJECT (must be clearly recognizable, real laboratory object, sharp and centered): cleanroom sticky mat sheet roll. Physical detail: tacky mat. Setting surface: white melamine cleanroom table. Lighting: high-key seamless catalog lighting. Camera: vertical rise from base to label. No abstract shapes, no glass orbs, no crystal balls, no surreal spheres, no CGI blobs, no nebula, no galaxies, no fantasy energy, no particle portals, no impossible geometry, no melting objects, no dreamscape, no people, no faces, no hands, no bare skin, no needles penetrating skin, no injection act, no clinic patient scene, no gym, no lifestyle, no wellness claims, no nicknames, no supplements aesthetic. Quality: ultra detailed, extremely detailed, hyper-detailed, razor sharp focus, tack sharp, crystal clear, ultra sharp, 8k resolution, photorealistic, hyperrealistic, ultra realistic, HDR. creation motif 247/250 · LAB-247. Keep product identity and any on-screen research typography sharp and unchanged. For laboratory research use only. Not for human use or consumption.",Active,0,
PBVita-Lab-248,248,LAB-248,ppe_sterile,IPA spray bottle 70 percent labeled research,solvent bottle,"IPA spray bottle 70 percent labeled research on textured slate sample board, low-key selective highlight on glass edges, fast resolve into locked hero frame",12,"ultra detailed, extremely detailed, hyper-detailed, razor sharp focus, tack sharp, crystal clear, ultra sharp, 8k resolution, photorealistic, hyperrealistic, ultra realistic, HDR",9:16,8,1080p,grok-imagine-image-quality,grok-imagine-video-1.5,2k,"Photoreal vertical 9:16 Palm Beach Vitality laboratory research catalog film, chemical research material only, premium American research aesthetic. PRIMARY SUBJECT (must be clearly recognizable, real laboratory object, sharp and centered): IPA spray bottle 70 percent labeled research. Physical detail: solvent bottle. Setting surface: textured slate sample board. Lighting: low-key selective highlight on glass edges. Camera: fast resolve into locked hero frame. No abstract shapes, no glass orbs, no crystal balls, no surreal spheres, no CGI blobs, no nebula, no galaxies, no fantasy energy, no particle portals, no impossible geometry, no melting objects, no dreamscape, no people, no faces, no hands, no bare skin, no needles penetrating skin, no injection act, no clinic patient scene, no gym, no lifestyle, no wellness claims, no nicknames, no supplements aesthetic. Quality: ultra detailed, extremely detailed, hyper-detailed, razor sharp focus, tack sharp, crystal clear, ultra sharp, 8k resolution, photorealistic, hyperrealistic, ultra realistic, HDR. creation motif 248/250 · LAB-248. Keep product identity and any on-screen research typography sharp and unchanged. For laboratory research use only. Not for human use or consumption.",Active,0,
PBVita-Lab-249,249,LAB-249,ppe_sterile,lint-free wipes canister,wipes,"lint-free wipes canister on soft gray seamless paper backdrop, soft rim light from behind, slow 360 degree orbit at eye level",12,"ultra detailed, extremely detailed, hyper-detailed, razor sharp focus, tack sharp, crystal clear, ultra sharp, 8k resolution, photorealistic, hyperrealistic, ultra realistic, HDR",9:16,8,1080p,grok-imagine-image-quality,grok-imagine-video-1.5,2k,"Photoreal vertical 9:16 Palm Beach Vitality laboratory research catalog film, chemical research material only, premium American research aesthetic. PRIMARY SUBJECT (must be clearly recognizable, real laboratory object, sharp and centered): lint-free wipes canister. Physical detail: wipes. Setting surface: soft gray seamless paper backdrop. Lighting: soft rim light from behind. Camera: slow 360 degree orbit at eye level. No abstract shapes, no glass orbs, no crystal balls, no surreal spheres, no CGI blobs, no nebula, no galaxies, no fantasy energy, no particle portals, no impossible geometry, no melting objects, no dreamscape, no people, no faces, no hands, no bare skin, no needles penetrating skin, no injection act, no clinic patient scene, no gym, no lifestyle, no wellness claims, no nicknames, no supplements aesthetic. Quality: ultra detailed, extremely detailed, hyper-detailed, razor sharp focus, tack sharp, crystal clear, ultra sharp, 8k resolution, photorealistic, hyperrealistic, ultra realistic, HDR. creation motif 249/250 · LAB-249. Keep product identity and any on-screen research typography sharp and unchanged. For laboratory research use only. Not for human use or consumption.",Active,0,
PBVita-Lab-250,250,LAB-250,ppe_sterile,sterile field wrap unfolded empty,blue sterile wrap,"sterile field wrap unfolded empty on anodized aluminum tray, cool clinical blue-white LED, extreme macro push-in",12,"ultra detailed, extremely detailed, hyper-detailed, razor sharp focus, tack sharp, crystal clear, ultra sharp, 8k resolution, photorealistic, hyperrealistic, ultra realistic, HDR",9:16,8,1080p,grok-imagine-image-quality,grok-imagine-video-1.5,2k,"Photoreal vertical 9:16 Palm Beach Vitality laboratory research catalog film, chemical research material only, premium American research aesthetic. PRIMARY SUBJECT (must be clearly recognizable, real laboratory object, sharp and centered): sterile field wrap unfolded empty. Physical detail: blue sterile wrap. Setting surface: anodized aluminum tray. Lighting: cool clinical blue-white LED. Camera: extreme macro push-in. No abstract shapes, no glass orbs, no crystal balls, no surreal spheres, no CGI blobs, no nebula, no galaxies, no fantasy energy, no particle portals, no impossible geometry, no melting objects, no dreamscape, no people, no faces, no hands, no bare skin, no needles penetrating skin, no injection act, no clinic patient scene, no gym, no lifestyle, no wellness claims, no nicknames, no supplements aesthetic. Quality: ultra detailed, extremely detailed, hyper-detailed, razor sharp focus, tack sharp, crystal clear, ultra sharp, 8k resolution, photorealistic, hyperrealistic, ultra realistic, HDR. creation motif 250/250 · LAB-250. Keep product identity and any on-screen research typography sharp and unchanged. For laboratory research use only. Not for human use or consumption.",Active,0,
