creation_id,rank,lab_item_id,category,lab_item,material_detail,scene_brief,quality_var_count,quality_suffix,aspect_ratio,duration_seconds,resolution,model_still,model_video,still_resolution,video_prompt,status,times_used,last_used_at
PBVita-Lab-001,1,LAB-001,vials_containers,amber glass research vial with rubber stopper,"amber glass, aluminum crimp seal, white rubber stopper, clear fill line","amber glass research vial with rubber stopper on polished black reflective acrylic, soft rim light from behind, slow 360 degree orbit at eye level",12,"ultra detailed, extremely detailed, hyper-detailed, razor sharp focus, tack sharp, crystal clear, ultra sharp, 8k resolution, photorealistic, hyperrealistic, ultra realistic, HDR",9:16,8,1080p,grok-imagine-image-quality,grok-imagine-video-1.5,2k,"Photoreal vertical 9:16 Palm Beach Vitality laboratory research catalog film, chemical research material only, premium American research aesthetic. PRIMARY SUBJECT (must be clearly recognizable, real laboratory object, sharp and centered): amber glass research vial with rubber stopper. Physical detail: amber glass, aluminum crimp seal, white rubber stopper, clear fill line. Setting surface: polished black reflective acrylic. Lighting: soft rim light from behind. Camera: slow 360 degree orbit at eye level. No abstract shapes, no glass orbs, no crystal balls, no surreal spheres, no CGI blobs, no nebula, no galaxies, no fantasy energy, no particle portals, no impossible geometry, no melting objects, no dreamscape, no people, no faces, no hands, no bare skin, no needles penetrating skin, no injection act, no clinic patient scene, no gym, no lifestyle, no wellness claims, no nicknames, no supplements aesthetic. Quality: ultra detailed, extremely detailed, hyper-detailed, razor sharp focus, tack sharp, crystal clear, ultra sharp, 8k resolution, photorealistic, hyperrealistic, ultra realistic, HDR. creation motif 001/500 · LAB-001. Keep product identity and any on-screen research typography sharp and unchanged. For laboratory research use only. Not for human use or consumption.",Active,0,
PBVita-Lab-002,2,LAB-002,vials_containers,clear borosilicate peptide vial upright,"type I borosilicate, 10ml scale markings, sterile cap","clear borosilicate peptide vial upright on matte pure white infinity surface, cool clinical blue-white LED, extreme macro push-in",12,"ultra detailed, extremely detailed, hyper-detailed, razor sharp focus, tack sharp, crystal clear, ultra sharp, 8k resolution, photorealistic, hyperrealistic, ultra realistic, HDR",9:16,8,1080p,grok-imagine-image-quality,grok-imagine-video-1.5,2k,"Photoreal vertical 9:16 Palm Beach Vitality laboratory research catalog film, chemical research material only, premium American research aesthetic. PRIMARY SUBJECT (must be clearly recognizable, real laboratory object, sharp and centered): clear borosilicate peptide vial upright. Physical detail: type I borosilicate, 10ml scale markings, sterile cap. Setting surface: matte pure white infinity surface. Lighting: cool clinical blue-white LED. Camera: extreme macro push-in. No abstract shapes, no glass orbs, no crystal balls, no surreal spheres, no CGI blobs, no nebula, no galaxies, no fantasy energy, no particle portals, no impossible geometry, no melting objects, no dreamscape, no people, no faces, no hands, no bare skin, no needles penetrating skin, no injection act, no clinic patient scene, no gym, no lifestyle, no wellness claims, no nicknames, no supplements aesthetic. Quality: ultra detailed, extremely detailed, hyper-detailed, razor sharp focus, tack sharp, crystal clear, ultra sharp, 8k resolution, photorealistic, hyperrealistic, ultra realistic, HDR. creation motif 002/500 · LAB-002. Keep product identity and any on-screen research typography sharp and unchanged. For laboratory research use only. Not for human use or consumption.",Active,0,
PBVita-Lab-003,3,LAB-003,vials_containers,frosted white research vial with matte label panel,"opaque white glass, flat label face, sealed top","frosted white research vial with matte label panel on brushed stainless steel lab bench, single hard key light with controlled fill, gentle top-down descending move",12,"ultra detailed, extremely detailed, hyper-detailed, razor sharp focus, tack sharp, crystal clear, ultra sharp, 8k resolution, photorealistic, hyperrealistic, ultra realistic, HDR",9:16,8,1080p,grok-imagine-image-quality,grok-imagine-video-1.5,2k,"Photoreal vertical 9:16 Palm Beach Vitality laboratory research catalog film, chemical research material only, premium American research aesthetic. PRIMARY SUBJECT (must be clearly recognizable, real laboratory object, sharp and centered): frosted white research vial with matte label panel. Physical detail: opaque white glass, flat label face, sealed top. Setting surface: brushed stainless steel lab bench. Lighting: single hard key light with controlled fill. Camera: gentle top-down descending move. No abstract shapes, no glass orbs, no crystal balls, no surreal spheres, no CGI blobs, no nebula, no galaxies, no fantasy energy, no particle portals, no impossible geometry, no melting objects, no dreamscape, no people, no faces, no hands, no bare skin, no needles penetrating skin, no injection act, no clinic patient scene, no gym, no lifestyle, no wellness claims, no nicknames, no supplements aesthetic. Quality: ultra detailed, extremely detailed, hyper-detailed, razor sharp focus, tack sharp, crystal clear, ultra sharp, 8k resolution, photorealistic, hyperrealistic, ultra realistic, HDR. creation motif 003/500 · LAB-003. Keep product identity and any on-screen research typography sharp and unchanged. For laboratory research use only. Not for human use or consumption.",Active,0,
PBVita-Lab-004,4,LAB-004,vials_containers,dual-chamber lyophilized research vial,"glass vial with lyophilized cake visible, sealed septum","dual-chamber lyophilized research vial on dark charcoal epoxy resin countertop, soft overhead softbox, even catalog lighting, locked tripod hero frame with subtle push",12,"ultra detailed, extremely detailed, hyper-detailed, razor sharp focus, tack sharp, crystal clear, ultra sharp, 8k resolution, photorealistic, hyperrealistic, ultra realistic, HDR",9:16,8,1080p,grok-imagine-image-quality,grok-imagine-video-1.5,2k,"Photoreal vertical 9:16 Palm Beach Vitality laboratory research catalog film, chemical research material only, premium American research aesthetic. PRIMARY SUBJECT (must be clearly recognizable, real laboratory object, sharp and centered): dual-chamber lyophilized research vial. Physical detail: glass vial with lyophilized cake visible, sealed septum. Setting surface: dark charcoal epoxy resin countertop. Lighting: soft overhead softbox, even catalog lighting. Camera: locked tripod hero frame with subtle push. No abstract shapes, no glass orbs, no crystal balls, no surreal spheres, no CGI blobs, no nebula, no galaxies, no fantasy energy, no particle portals, no impossible geometry, no melting objects, no dreamscape, no people, no faces, no hands, no bare skin, no needles penetrating skin, no injection act, no clinic patient scene, no gym, no lifestyle, no wellness claims, no nicknames, no supplements aesthetic. Quality: ultra detailed, extremely detailed, hyper-detailed, razor sharp focus, tack sharp, crystal clear, ultra sharp, 8k resolution, photorealistic, hyperrealistic, ultra realistic, HDR. creation motif 004/500 · LAB-004. Keep product identity and any on-screen research typography sharp and unchanged. For laboratory research use only. Not for human use or consumption.",Active,0,
PBVita-Lab-005,5,LAB-005,vials_containers,screw-cap scintillation vial,"glass body, white screw cap, lab inventory barcode","screw-cap scintillation vial on cool gray ceramic tile, warm neutral side light, still clinical, low angle tracking slide",12,"ultra detailed, extremely detailed, hyper-detailed, razor sharp focus, tack sharp, crystal clear, ultra sharp, 8k resolution, photorealistic, hyperrealistic, ultra realistic, HDR",9:16,8,1080p,grok-imagine-image-quality,grok-imagine-video-1.5,2k,"Photoreal vertical 9:16 Palm Beach Vitality laboratory research catalog film, chemical research material only, premium American research aesthetic. PRIMARY SUBJECT (must be clearly recognizable, real laboratory object, sharp and centered): screw-cap scintillation vial. Physical detail: glass body, white screw cap, lab inventory barcode. Setting surface: cool gray ceramic tile. Lighting: warm neutral side light, still clinical. Camera: low angle tracking slide. No abstract shapes, no glass orbs, no crystal balls, no surreal spheres, no CGI blobs, no nebula, no galaxies, no fantasy energy, no particle portals, no impossible geometry, no melting objects, no dreamscape, no people, no faces, no hands, no bare skin, no needles penetrating skin, no injection act, no clinic patient scene, no gym, no lifestyle, no wellness claims, no nicknames, no supplements aesthetic. Quality: ultra detailed, extremely detailed, hyper-detailed, razor sharp focus, tack sharp, crystal clear, ultra sharp, 8k resolution, photorealistic, hyperrealistic, ultra realistic, HDR. creation motif 005/500 · LAB-005. Keep product identity and any on-screen research typography sharp and unchanged. For laboratory research use only. Not for human use or consumption.",Active,0,
PBVita-Lab-006,6,LAB-006,vials_containers,cryovial with silicone gasket cap,"polypropylene cryovial, external threads, color-coded cap insert","cryovial with silicone gasket cap on mirrored chrome instrument tray, split soft key and gentle bounce, circular arc that never fully completes",12,"ultra detailed, extremely detailed, hyper-detailed, razor sharp focus, tack sharp, crystal clear, ultra sharp, 8k resolution, photorealistic, hyperrealistic, ultra realistic, HDR",9:16,8,1080p,grok-imagine-image-quality,grok-imagine-video-1.5,2k,"Photoreal vertical 9:16 Palm Beach Vitality laboratory research catalog film, chemical research material only, premium American research aesthetic. PRIMARY SUBJECT (must be clearly recognizable, real laboratory object, sharp and centered): cryovial with silicone gasket cap. Physical detail: polypropylene cryovial, external threads, color-coded cap insert. Setting surface: mirrored chrome instrument tray. Lighting: split soft key and gentle bounce. Camera: circular arc that never fully completes. No abstract shapes, no glass orbs, no crystal balls, no surreal spheres, no CGI blobs, no nebula, no galaxies, no fantasy energy, no particle portals, no impossible geometry, no melting objects, no dreamscape, no people, no faces, no hands, no bare skin, no needles penetrating skin, no injection act, no clinic patient scene, no gym, no lifestyle, no wellness claims, no nicknames, no supplements aesthetic. Quality: ultra detailed, extremely detailed, hyper-detailed, razor sharp focus, tack sharp, crystal clear, ultra sharp, 8k resolution, photorealistic, hyperrealistic, ultra realistic, HDR. creation motif 006/500 · LAB-006. Keep product identity and any on-screen research typography sharp and unchanged. For laboratory research use only. Not for human use or consumption.",Active,0,
PBVita-Lab-007,7,LAB-007,vials_containers,amber dropper-style research bottle sealed,"amber glass, child-resistant research cap, no lifestyle cues","amber dropper-style research bottle sealed on white melamine cleanroom table, high-key seamless catalog lighting, vertical rise from base to label",12,"ultra detailed, extremely detailed, hyper-detailed, razor sharp focus, tack sharp, crystal clear, ultra sharp, 8k resolution, photorealistic, hyperrealistic, ultra realistic, HDR",9:16,8,1080p,grok-imagine-image-quality,grok-imagine-video-1.5,2k,"Photoreal vertical 9:16 Palm Beach Vitality laboratory research catalog film, chemical research material only, premium American research aesthetic. PRIMARY SUBJECT (must be clearly recognizable, real laboratory object, sharp and centered): amber dropper-style research bottle sealed. Physical detail: amber glass, child-resistant research cap, no lifestyle cues. Setting surface: white melamine cleanroom table. Lighting: high-key seamless catalog lighting. Camera: vertical rise from base to label. No abstract shapes, no glass orbs, no crystal balls, no surreal spheres, no CGI blobs, no nebula, no galaxies, no fantasy energy, no particle portals, no impossible geometry, no melting objects, no dreamscape, no people, no faces, no hands, no bare skin, no needles penetrating skin, no injection act, no clinic patient scene, no gym, no lifestyle, no wellness claims, no nicknames, no supplements aesthetic. Quality: ultra detailed, extremely detailed, hyper-detailed, razor sharp focus, tack sharp, crystal clear, ultra sharp, 8k resolution, photorealistic, hyperrealistic, ultra realistic, HDR. creation motif 007/500 · LAB-007. Keep product identity and any on-screen research typography sharp and unchanged. For laboratory research use only. Not for human use or consumption.",Active,0,
PBVita-Lab-008,8,LAB-008,vials_containers,HPLC sample vial with insert,"2ml autosampler vial, PTFE/silicone septum, glass insert","HPLC sample vial with insert on textured slate sample board, low-key selective highlight on glass edges, fast resolve into locked hero frame",12,"ultra detailed, extremely detailed, hyper-detailed, razor sharp focus, tack sharp, crystal clear, ultra sharp, 8k resolution, photorealistic, hyperrealistic, ultra realistic, HDR",9:16,8,1080p,grok-imagine-image-quality,grok-imagine-video-1.5,2k,"Photoreal vertical 9:16 Palm Beach Vitality laboratory research catalog film, chemical research material only, premium American research aesthetic. PRIMARY SUBJECT (must be clearly recognizable, real laboratory object, sharp and centered): HPLC sample vial with insert. Physical detail: 2ml autosampler vial, PTFE/silicone septum, glass insert. Setting surface: textured slate sample board. Lighting: low-key selective highlight on glass edges. Camera: fast resolve into locked hero frame. No abstract shapes, no glass orbs, no crystal balls, no surreal spheres, no CGI blobs, no nebula, no galaxies, no fantasy energy, no particle portals, no impossible geometry, no melting objects, no dreamscape, no people, no faces, no hands, no bare skin, no needles penetrating skin, no injection act, no clinic patient scene, no gym, no lifestyle, no wellness claims, no nicknames, no supplements aesthetic. Quality: ultra detailed, extremely detailed, hyper-detailed, razor sharp focus, tack sharp, crystal clear, ultra sharp, 8k resolution, photorealistic, hyperrealistic, ultra realistic, HDR. creation motif 008/500 · LAB-008. Keep product identity and any on-screen research typography sharp and unchanged. For laboratory research use only. Not for human use or consumption.",Active,0,
PBVita-Lab-009,9,LAB-009,vials_containers,headspace vial with crimp cap,"clear glass, aluminum crimp, blue septum","headspace vial with crimp cap on soft gray seamless paper backdrop, soft rim light from behind, slow 360 degree orbit at eye level",12,"ultra detailed, extremely detailed, hyper-detailed, razor sharp focus, tack sharp, crystal clear, ultra sharp, 8k resolution, photorealistic, hyperrealistic, ultra realistic, HDR",9:16,8,1080p,grok-imagine-image-quality,grok-imagine-video-1.5,2k,"Photoreal vertical 9:16 Palm Beach Vitality laboratory research catalog film, chemical research material only, premium American research aesthetic. PRIMARY SUBJECT (must be clearly recognizable, real laboratory object, sharp and centered): headspace vial with crimp cap. Physical detail: clear glass, aluminum crimp, blue septum. Setting surface: soft gray seamless paper backdrop. Lighting: soft rim light from behind. Camera: slow 360 degree orbit at eye level. No abstract shapes, no glass orbs, no crystal balls, no surreal spheres, no CGI blobs, no nebula, no galaxies, no fantasy energy, no particle portals, no impossible geometry, no melting objects, no dreamscape, no people, no faces, no hands, no bare skin, no needles penetrating skin, no injection act, no clinic patient scene, no gym, no lifestyle, no wellness claims, no nicknames, no supplements aesthetic. Quality: ultra detailed, extremely detailed, hyper-detailed, razor sharp focus, tack sharp, crystal clear, ultra sharp, 8k resolution, photorealistic, hyperrealistic, ultra realistic, HDR. creation motif 009/500 · LAB-009. Keep product identity and any on-screen research typography sharp and unchanged. For laboratory research use only. Not for human use or consumption.",Active,0,
PBVita-Lab-010,10,LAB-010,vials_containers,amber serum vial lying on side,"20ml amber vial, rubber stopper, reflective glass","amber serum vial lying on side on anodized aluminum tray, cool clinical blue-white LED, extreme macro push-in",12,"ultra detailed, extremely detailed, hyper-detailed, razor sharp focus, tack sharp, crystal clear, ultra sharp, 8k resolution, photorealistic, hyperrealistic, ultra realistic, HDR",9:16,8,1080p,grok-imagine-image-quality,grok-imagine-video-1.5,2k,"Photoreal vertical 9:16 Palm Beach Vitality laboratory research catalog film, chemical research material only, premium American research aesthetic. PRIMARY SUBJECT (must be clearly recognizable, real laboratory object, sharp and centered): amber serum vial lying on side. Physical detail: 20ml amber vial, rubber stopper, reflective glass. Setting surface: anodized aluminum tray. Lighting: cool clinical blue-white LED. Camera: extreme macro push-in. No abstract shapes, no glass orbs, no crystal balls, no surreal spheres, no CGI blobs, no nebula, no galaxies, no fantasy energy, no particle portals, no impossible geometry, no melting objects, no dreamscape, no people, no faces, no hands, no bare skin, no needles penetrating skin, no injection act, no clinic patient scene, no gym, no lifestyle, no wellness claims, no nicknames, no supplements aesthetic. Quality: ultra detailed, extremely detailed, hyper-detailed, razor sharp focus, tack sharp, crystal clear, ultra sharp, 8k resolution, photorealistic, hyperrealistic, ultra realistic, HDR. creation motif 010/500 · LAB-010. Keep product identity and any on-screen research typography sharp and unchanged. For laboratory research use only. Not for human use or consumption.",Active,0,
PBVita-Lab-011,11,LAB-011,vials_containers,clear vial cluster in cardboard vial tray,"five vials seated in die-cut tray, labels facing camera","clear vial cluster in cardboard vial tray on polished black reflective acrylic, single hard key light with controlled fill, gentle top-down descending move",12,"ultra detailed, extremely detailed, hyper-detailed, razor sharp focus, tack sharp, crystal clear, ultra sharp, 8k resolution, photorealistic, hyperrealistic, ultra realistic, HDR",9:16,8,1080p,grok-imagine-image-quality,grok-imagine-video-1.5,2k,"Photoreal vertical 9:16 Palm Beach Vitality laboratory research catalog film, chemical research material only, premium American research aesthetic. PRIMARY SUBJECT (must be clearly recognizable, real laboratory object, sharp and centered): clear vial cluster in cardboard vial tray. Physical detail: five vials seated in die-cut tray, labels facing camera. Setting surface: polished black reflective acrylic. Lighting: single hard key light with controlled fill. Camera: gentle top-down descending move. No abstract shapes, no glass orbs, no crystal balls, no surreal spheres, no CGI blobs, no nebula, no galaxies, no fantasy energy, no particle portals, no impossible geometry, no melting objects, no dreamscape, no people, no faces, no hands, no bare skin, no needles penetrating skin, no injection act, no clinic patient scene, no gym, no lifestyle, no wellness claims, no nicknames, no supplements aesthetic. Quality: ultra detailed, extremely detailed, hyper-detailed, razor sharp focus, tack sharp, crystal clear, ultra sharp, 8k resolution, photorealistic, hyperrealistic, ultra realistic, HDR. creation motif 011/500 · LAB-011. Keep product identity and any on-screen research typography sharp and unchanged. For laboratory research use only. Not for human use or consumption.",Active,0,
PBVita-Lab-012,12,LAB-012,vials_containers,vacuum-sealed research vial in foil pouch open flap,glass vial partially revealed from foil barrier pouch,"vacuum-sealed research vial in foil pouch open flap on matte pure white infinity surface, soft overhead softbox, even catalog lighting, locked tripod hero frame with subtle push",12,"ultra detailed, extremely detailed, hyper-detailed, razor sharp focus, tack sharp, crystal clear, ultra sharp, 8k resolution, photorealistic, hyperrealistic, ultra realistic, HDR",9:16,8,1080p,grok-imagine-image-quality,grok-imagine-video-1.5,2k,"Photoreal vertical 9:16 Palm Beach Vitality laboratory research catalog film, chemical research material only, premium American research aesthetic. PRIMARY SUBJECT (must be clearly recognizable, real laboratory object, sharp and centered): vacuum-sealed research vial in foil pouch open flap. Physical detail: glass vial partially revealed from foil barrier pouch. Setting surface: matte pure white infinity surface. Lighting: soft overhead softbox, even catalog lighting. Camera: locked tripod hero frame with subtle push. No abstract shapes, no glass orbs, no crystal balls, no surreal spheres, no CGI blobs, no nebula, no galaxies, no fantasy energy, no particle portals, no impossible geometry, no melting objects, no dreamscape, no people, no faces, no hands, no bare skin, no needles penetrating skin, no injection act, no clinic patient scene, no gym, no lifestyle, no wellness claims, no nicknames, no supplements aesthetic. Quality: ultra detailed, extremely detailed, hyper-detailed, razor sharp focus, tack sharp, crystal clear, ultra sharp, 8k resolution, photorealistic, hyperrealistic, ultra realistic, HDR. creation motif 012/500 · LAB-012. Keep product identity and any on-screen research typography sharp and unchanged. For laboratory research use only. Not for human use or consumption.",Active,0,
PBVita-Lab-013,13,LAB-013,vials_containers,graduated media bottle 100ml,"borosilicate media bottle, blue GL45 cap, volume graduations","graduated media bottle 100ml on brushed stainless steel lab bench, warm neutral side light, still clinical, low angle tracking slide",12,"ultra detailed, extremely detailed, hyper-detailed, razor sharp focus, tack sharp, crystal clear, ultra sharp, 8k resolution, photorealistic, hyperrealistic, ultra realistic, HDR",9:16,8,1080p,grok-imagine-image-quality,grok-imagine-video-1.5,2k,"Photoreal vertical 9:16 Palm Beach Vitality laboratory research catalog film, chemical research material only, premium American research aesthetic. PRIMARY SUBJECT (must be clearly recognizable, real laboratory object, sharp and centered): graduated media bottle 100ml. Physical detail: borosilicate media bottle, blue GL45 cap, volume graduations. Setting surface: brushed stainless steel lab bench. Lighting: warm neutral side light, still clinical. Camera: low angle tracking slide. No abstract shapes, no glass orbs, no crystal balls, no surreal spheres, no CGI blobs, no nebula, no galaxies, no fantasy energy, no particle portals, no impossible geometry, no melting objects, no dreamscape, no people, no faces, no hands, no bare skin, no needles penetrating skin, no injection act, no clinic patient scene, no gym, no lifestyle, no wellness claims, no nicknames, no supplements aesthetic. Quality: ultra detailed, extremely detailed, hyper-detailed, razor sharp focus, tack sharp, crystal clear, ultra sharp, 8k resolution, photorealistic, hyperrealistic, ultra realistic, HDR. creation motif 013/500 · LAB-013. Keep product identity and any on-screen research typography sharp and unchanged. For laboratory research use only. Not for human use or consumption.",Active,0,
PBVita-Lab-014,14,LAB-014,vials_containers,amber reagent bottle with pour ring,"amber glass reagent bottle, white polypropylene cap","amber reagent bottle with pour ring on dark charcoal epoxy resin countertop, split soft key and gentle bounce, circular arc that never fully completes",12,"ultra detailed, extremely detailed, hyper-detailed, razor sharp focus, tack sharp, crystal clear, ultra sharp, 8k resolution, photorealistic, hyperrealistic, ultra realistic, HDR",9:16,8,1080p,grok-imagine-image-quality,grok-imagine-video-1.5,2k,"Photoreal vertical 9:16 Palm Beach Vitality laboratory research catalog film, chemical research material only, premium American research aesthetic. PRIMARY SUBJECT (must be clearly recognizable, real laboratory object, sharp and centered): amber reagent bottle with pour ring. Physical detail: amber glass reagent bottle, white polypropylene cap. Setting surface: dark charcoal epoxy resin countertop. Lighting: split soft key and gentle bounce. Camera: circular arc that never fully completes. No abstract shapes, no glass orbs, no crystal balls, no surreal spheres, no CGI blobs, no nebula, no galaxies, no fantasy energy, no particle portals, no impossible geometry, no melting objects, no dreamscape, no people, no faces, no hands, no bare skin, no needles penetrating skin, no injection act, no clinic patient scene, no gym, no lifestyle, no wellness claims, no nicknames, no supplements aesthetic. Quality: ultra detailed, extremely detailed, hyper-detailed, razor sharp focus, tack sharp, crystal clear, ultra sharp, 8k resolution, photorealistic, hyperrealistic, ultra realistic, HDR. creation motif 014/500 · LAB-014. Keep product identity and any on-screen research typography sharp and unchanged. For laboratory research use only. Not for human use or consumption.",Active,0,
PBVita-Lab-015,15,LAB-015,vials_containers,sterile water for research bottle,"clear plastic research bottle, tamper band intact","sterile water for research bottle on cool gray ceramic tile, high-key seamless catalog lighting, vertical rise from base to label",12,"ultra detailed, extremely detailed, hyper-detailed, razor sharp focus, tack sharp, crystal clear, ultra sharp, 8k resolution, photorealistic, hyperrealistic, ultra realistic, HDR",9:16,8,1080p,grok-imagine-image-quality,grok-imagine-video-1.5,2k,"Photoreal vertical 9:16 Palm Beach Vitality laboratory research catalog film, chemical research material only, premium American research aesthetic. PRIMARY SUBJECT (must be clearly recognizable, real laboratory object, sharp and centered): sterile water for research bottle. Physical detail: clear plastic research bottle, tamper band intact. Setting surface: cool gray ceramic tile. Lighting: high-key seamless catalog lighting. Camera: vertical rise from base to label. No abstract shapes, no glass orbs, no crystal balls, no surreal spheres, no CGI blobs, no nebula, no galaxies, no fantasy energy, no particle portals, no impossible geometry, no melting objects, no dreamscape, no people, no faces, no hands, no bare skin, no needles penetrating skin, no injection act, no clinic patient scene, no gym, no lifestyle, no wellness claims, no nicknames, no supplements aesthetic. Quality: ultra detailed, extremely detailed, hyper-detailed, razor sharp focus, tack sharp, crystal clear, ultra sharp, 8k resolution, photorealistic, hyperrealistic, ultra realistic, HDR. creation motif 015/500 · LAB-015. Keep product identity and any on-screen research typography sharp and unchanged. For laboratory research use only. Not for human use or consumption.",Active,0,
PBVita-Lab-016,16,LAB-016,vials_containers,glass ampule scored neck sealed,"clear ampule, scored neck ring, liquid fill visible","glass ampule scored neck sealed on mirrored chrome instrument tray, low-key selective highlight on glass edges, fast resolve into locked hero frame",12,"ultra detailed, extremely detailed, hyper-detailed, razor sharp focus, tack sharp, crystal clear, ultra sharp, 8k resolution, photorealistic, hyperrealistic, ultra realistic, HDR",9:16,8,1080p,grok-imagine-image-quality,grok-imagine-video-1.5,2k,"Photoreal vertical 9:16 Palm Beach Vitality laboratory research catalog film, chemical research material only, premium American research aesthetic. PRIMARY SUBJECT (must be clearly recognizable, real laboratory object, sharp and centered): glass ampule scored neck sealed. Physical detail: clear ampule, scored neck ring, liquid fill visible. Setting surface: mirrored chrome instrument tray. Lighting: low-key selective highlight on glass edges. Camera: fast resolve into locked hero frame. No abstract shapes, no glass orbs, no crystal balls, no surreal spheres, no CGI blobs, no nebula, no galaxies, no fantasy energy, no particle portals, no impossible geometry, no melting objects, no dreamscape, no people, no faces, no hands, no bare skin, no needles penetrating skin, no injection act, no clinic patient scene, no gym, no lifestyle, no wellness claims, no nicknames, no supplements aesthetic. Quality: ultra detailed, extremely detailed, hyper-detailed, razor sharp focus, tack sharp, crystal clear, ultra sharp, 8k resolution, photorealistic, hyperrealistic, ultra realistic, HDR. creation motif 016/500 · LAB-016. Keep product identity and any on-screen research typography sharp and unchanged. For laboratory research use only. Not for human use or consumption.",Active,0,
PBVita-Lab-017,17,LAB-017,vials_containers,amber ampule on reflective tray,"brown ampule, precise fill, clinical reflection","amber ampule on reflective tray on white melamine cleanroom table, soft rim light from behind, slow 360 degree orbit at eye level",12,"ultra detailed, extremely detailed, hyper-detailed, razor sharp focus, tack sharp, crystal clear, ultra sharp, 8k resolution, photorealistic, hyperrealistic, ultra realistic, HDR",9:16,8,1080p,grok-imagine-image-quality,grok-imagine-video-1.5,2k,"Photoreal vertical 9:16 Palm Beach Vitality laboratory research catalog film, chemical research material only, premium American research aesthetic. PRIMARY SUBJECT (must be clearly recognizable, real laboratory object, sharp and centered): amber ampule on reflective tray. Physical detail: brown ampule, precise fill, clinical reflection. Setting surface: white melamine cleanroom table. Lighting: soft rim light from behind. Camera: slow 360 degree orbit at eye level. No abstract shapes, no glass orbs, no crystal balls, no surreal spheres, no CGI blobs, no nebula, no galaxies, no fantasy energy, no particle portals, no impossible geometry, no melting objects, no dreamscape, no people, no faces, no hands, no bare skin, no needles penetrating skin, no injection act, no clinic patient scene, no gym, no lifestyle, no wellness claims, no nicknames, no supplements aesthetic. Quality: ultra detailed, extremely detailed, hyper-detailed, razor sharp focus, tack sharp, crystal clear, ultra sharp, 8k resolution, photorealistic, hyperrealistic, ultra realistic, HDR. creation motif 017/500 · LAB-017. Keep product identity and any on-screen research typography sharp and unchanged. For laboratory research use only. Not for human use or consumption.",Active,0,
PBVita-Lab-018,18,LAB-018,vials_containers,multi-dose research vial with intact seal,"crimp seal unbroken, lot stub area blank","multi-dose research vial with intact seal on textured slate sample board, cool clinical blue-white LED, extreme macro push-in",12,"ultra detailed, extremely detailed, hyper-detailed, razor sharp focus, tack sharp, crystal clear, ultra sharp, 8k resolution, photorealistic, hyperrealistic, ultra realistic, HDR",9:16,8,1080p,grok-imagine-image-quality,grok-imagine-video-1.5,2k,"Photoreal vertical 9:16 Palm Beach Vitality laboratory research catalog film, chemical research material only, premium American research aesthetic. PRIMARY SUBJECT (must be clearly recognizable, real laboratory object, sharp and centered): multi-dose research vial with intact seal. Physical detail: crimp seal unbroken, lot stub area blank. Setting surface: textured slate sample board. Lighting: cool clinical blue-white LED. Camera: extreme macro push-in. No abstract shapes, no glass orbs, no crystal balls, no surreal spheres, no CGI blobs, no nebula, no galaxies, no fantasy energy, no particle portals, no impossible geometry, no melting objects, no dreamscape, no people, no faces, no hands, no bare skin, no needles penetrating skin, no injection act, no clinic patient scene, no gym, no lifestyle, no wellness claims, no nicknames, no supplements aesthetic. Quality: ultra detailed, extremely detailed, hyper-detailed, razor sharp focus, tack sharp, crystal clear, ultra sharp, 8k resolution, photorealistic, hyperrealistic, ultra realistic, HDR. creation motif 018/500 · LAB-018. Keep product identity and any on-screen research typography sharp and unchanged. For laboratory research use only. Not for human use or consumption.",Active,0,
PBVita-Lab-019,19,LAB-019,vials_containers,clear vial with lyophilized white cake,freeze-dried plug visible through glass,"clear vial with lyophilized white cake on soft gray seamless paper backdrop, single hard key light with controlled fill, gentle top-down descending move",12,"ultra detailed, extremely detailed, hyper-detailed, razor sharp focus, tack sharp, crystal clear, ultra sharp, 8k resolution, photorealistic, hyperrealistic, ultra realistic, HDR",9:16,8,1080p,grok-imagine-image-quality,grok-imagine-video-1.5,2k,"Photoreal vertical 9:16 Palm Beach Vitality laboratory research catalog film, chemical research material only, premium American research aesthetic. PRIMARY SUBJECT (must be clearly recognizable, real laboratory object, sharp and centered): clear vial with lyophilized white cake. Physical detail: freeze-dried plug visible through glass. Setting surface: soft gray seamless paper backdrop. Lighting: single hard key light with controlled fill. Camera: gentle top-down descending move. No abstract shapes, no glass orbs, no crystal balls, no surreal spheres, no CGI blobs, no nebula, no galaxies, no fantasy energy, no particle portals, no impossible geometry, no melting objects, no dreamscape, no people, no faces, no hands, no bare skin, no needles penetrating skin, no injection act, no clinic patient scene, no gym, no lifestyle, no wellness claims, no nicknames, no supplements aesthetic. Quality: ultra detailed, extremely detailed, hyper-detailed, razor sharp focus, tack sharp, crystal clear, ultra sharp, 8k resolution, photorealistic, hyperrealistic, ultra realistic, HDR. creation motif 019/500 · LAB-019. Keep product identity and any on-screen research typography sharp and unchanged. For laboratory research use only. Not for human use or consumption.",Active,0,
PBVita-Lab-020,20,LAB-020,vials_containers,tall chromatography collection vial,"narrow clear vial, labeled rack slot","tall chromatography collection vial on anodized aluminum tray, soft overhead softbox, even catalog lighting, locked tripod hero frame with subtle push",12,"ultra detailed, extremely detailed, hyper-detailed, razor sharp focus, tack sharp, crystal clear, ultra sharp, 8k resolution, photorealistic, hyperrealistic, ultra realistic, HDR",9:16,8,1080p,grok-imagine-image-quality,grok-imagine-video-1.5,2k,"Photoreal vertical 9:16 Palm Beach Vitality laboratory research catalog film, chemical research material only, premium American research aesthetic. PRIMARY SUBJECT (must be clearly recognizable, real laboratory object, sharp and centered): tall chromatography collection vial. Physical detail: narrow clear vial, labeled rack slot. Setting surface: anodized aluminum tray. Lighting: soft overhead softbox, even catalog lighting. Camera: locked tripod hero frame with subtle push. No abstract shapes, no glass orbs, no crystal balls, no surreal spheres, no CGI blobs, no nebula, no galaxies, no fantasy energy, no particle portals, no impossible geometry, no melting objects, no dreamscape, no people, no faces, no hands, no bare skin, no needles penetrating skin, no injection act, no clinic patient scene, no gym, no lifestyle, no wellness claims, no nicknames, no supplements aesthetic. Quality: ultra detailed, extremely detailed, hyper-detailed, razor sharp focus, tack sharp, crystal clear, ultra sharp, 8k resolution, photorealistic, hyperrealistic, ultra realistic, HDR. creation motif 020/500 · LAB-020. Keep product identity and any on-screen research typography sharp and unchanged. For laboratory research use only. Not for human use or consumption.",Active,0,
PBVita-Lab-021,21,LAB-021,vials_containers,short stubby sample vial with red cap,"wide-mouth sample vial, red screw cap","short stubby sample vial with red cap on polished black reflective acrylic, warm neutral side light, still clinical, low angle tracking slide",12,"ultra detailed, extremely detailed, hyper-detailed, razor sharp focus, tack sharp, crystal clear, ultra sharp, 8k resolution, photorealistic, hyperrealistic, ultra realistic, HDR",9:16,8,1080p,grok-imagine-image-quality,grok-imagine-video-1.5,2k,"Photoreal vertical 9:16 Palm Beach Vitality laboratory research catalog film, chemical research material only, premium American research aesthetic. PRIMARY SUBJECT (must be clearly recognizable, real laboratory object, sharp and centered): short stubby sample vial with red cap. Physical detail: wide-mouth sample vial, red screw cap. Setting surface: polished black reflective acrylic. Lighting: warm neutral side light, still clinical. Camera: low angle tracking slide. No abstract shapes, no glass orbs, no crystal balls, no surreal spheres, no CGI blobs, no nebula, no galaxies, no fantasy energy, no particle portals, no impossible geometry, no melting objects, no dreamscape, no people, no faces, no hands, no bare skin, no needles penetrating skin, no injection act, no clinic patient scene, no gym, no lifestyle, no wellness claims, no nicknames, no supplements aesthetic. Quality: ultra detailed, extremely detailed, hyper-detailed, razor sharp focus, tack sharp, crystal clear, ultra sharp, 8k resolution, photorealistic, hyperrealistic, ultra realistic, HDR. creation motif 021/500 · LAB-021. Keep product identity and any on-screen research typography sharp and unchanged. For laboratory research use only. Not for human use or consumption.",Active,0,
PBVita-Lab-022,22,LAB-022,vials_containers,UV-protective amber vial in foam well,amber vial nested in black foam insert,"UV-protective amber vial in foam well on matte pure white infinity surface, split soft key and gentle bounce, circular arc that never fully completes",12,"ultra detailed, extremely detailed, hyper-detailed, razor sharp focus, tack sharp, crystal clear, ultra sharp, 8k resolution, photorealistic, hyperrealistic, ultra realistic, HDR",9:16,8,1080p,grok-imagine-image-quality,grok-imagine-video-1.5,2k,"Photoreal vertical 9:16 Palm Beach Vitality laboratory research catalog film, chemical research material only, premium American research aesthetic. PRIMARY SUBJECT (must be clearly recognizable, real laboratory object, sharp and centered): UV-protective amber vial in foam well. Physical detail: amber vial nested in black foam insert. Setting surface: matte pure white infinity surface. Lighting: split soft key and gentle bounce. Camera: circular arc that never fully completes. No abstract shapes, no glass orbs, no crystal balls, no surreal spheres, no CGI blobs, no nebula, no galaxies, no fantasy energy, no particle portals, no impossible geometry, no melting objects, no dreamscape, no people, no faces, no hands, no bare skin, no needles penetrating skin, no injection act, no clinic patient scene, no gym, no lifestyle, no wellness claims, no nicknames, no supplements aesthetic. Quality: ultra detailed, extremely detailed, hyper-detailed, razor sharp focus, tack sharp, crystal clear, ultra sharp, 8k resolution, photorealistic, hyperrealistic, ultra realistic, HDR. creation motif 022/500 · LAB-022. Keep product identity and any on-screen research typography sharp and unchanged. For laboratory research use only. Not for human use or consumption.",Active,0,
PBVita-Lab-023,23,LAB-023,vials_containers,glass vial with PTFE-lined cap,"clear vial, white PTFE liner visible under cap","glass vial with PTFE-lined cap on brushed stainless steel lab bench, high-key seamless catalog lighting, vertical rise from base to label",12,"ultra detailed, extremely detailed, hyper-detailed, razor sharp focus, tack sharp, crystal clear, ultra sharp, 8k resolution, photorealistic, hyperrealistic, ultra realistic, HDR",9:16,8,1080p,grok-imagine-image-quality,grok-imagine-video-1.5,2k,"Photoreal vertical 9:16 Palm Beach Vitality laboratory research catalog film, chemical research material only, premium American research aesthetic. PRIMARY SUBJECT (must be clearly recognizable, real laboratory object, sharp and centered): glass vial with PTFE-lined cap. Physical detail: clear vial, white PTFE liner visible under cap. Setting surface: brushed stainless steel lab bench. Lighting: high-key seamless catalog lighting. Camera: vertical rise from base to label. No abstract shapes, no glass orbs, no crystal balls, no surreal spheres, no CGI blobs, no nebula, no galaxies, no fantasy energy, no particle portals, no impossible geometry, no melting objects, no dreamscape, no people, no faces, no hands, no bare skin, no needles penetrating skin, no injection act, no clinic patient scene, no gym, no lifestyle, no wellness claims, no nicknames, no supplements aesthetic. Quality: ultra detailed, extremely detailed, hyper-detailed, razor sharp focus, tack sharp, crystal clear, ultra sharp, 8k resolution, photorealistic, hyperrealistic, ultra realistic, HDR. creation motif 023/500 · LAB-023. Keep product identity and any on-screen research typography sharp and unchanged. For laboratory research use only. Not for human use or consumption.",Active,0,
PBVita-Lab-024,24,LAB-024,vials_containers,research vial beside matching empty carton,"vial and small white product carton, catalog style","research vial beside matching empty carton on dark charcoal epoxy resin countertop, low-key selective highlight on glass edges, fast resolve into locked hero frame",12,"ultra detailed, extremely detailed, hyper-detailed, razor sharp focus, tack sharp, crystal clear, ultra sharp, 8k resolution, photorealistic, hyperrealistic, ultra realistic, HDR",9:16,8,1080p,grok-imagine-image-quality,grok-imagine-video-1.5,2k,"Photoreal vertical 9:16 Palm Beach Vitality laboratory research catalog film, chemical research material only, premium American research aesthetic. PRIMARY SUBJECT (must be clearly recognizable, real laboratory object, sharp and centered): research vial beside matching empty carton. Physical detail: vial and small white product carton, catalog style. Setting surface: dark charcoal epoxy resin countertop. Lighting: low-key selective highlight on glass edges. Camera: fast resolve into locked hero frame. No abstract shapes, no glass orbs, no crystal balls, no surreal spheres, no CGI blobs, no nebula, no galaxies, no fantasy energy, no particle portals, no impossible geometry, no melting objects, no dreamscape, no people, no faces, no hands, no bare skin, no needles penetrating skin, no injection act, no clinic patient scene, no gym, no lifestyle, no wellness claims, no nicknames, no supplements aesthetic. Quality: ultra detailed, extremely detailed, hyper-detailed, razor sharp focus, tack sharp, crystal clear, ultra sharp, 8k resolution, photorealistic, hyperrealistic, ultra realistic, HDR. creation motif 024/500 · LAB-024. Keep product identity and any on-screen research typography sharp and unchanged. For laboratory research use only. Not for human use or consumption.",Active,0,
PBVita-Lab-025,25,LAB-025,vials_containers,pair of matched peptide vials side by side,"identical clear vials, slight fill height difference","pair of matched peptide vials side by side on cool gray ceramic tile, soft rim light from behind, slow 360 degree orbit at eye level",12,"ultra detailed, extremely detailed, hyper-detailed, razor sharp focus, tack sharp, crystal clear, ultra sharp, 8k resolution, photorealistic, hyperrealistic, ultra realistic, HDR",9:16,8,1080p,grok-imagine-image-quality,grok-imagine-video-1.5,2k,"Photoreal vertical 9:16 Palm Beach Vitality laboratory research catalog film, chemical research material only, premium American research aesthetic. PRIMARY SUBJECT (must be clearly recognizable, real laboratory object, sharp and centered): pair of matched peptide vials side by side. Physical detail: identical clear vials, slight fill height difference. Setting surface: cool gray ceramic tile. Lighting: soft rim light from behind. Camera: slow 360 degree orbit at eye level. No abstract shapes, no glass orbs, no crystal balls, no surreal spheres, no CGI blobs, no nebula, no galaxies, no fantasy energy, no particle portals, no impossible geometry, no melting objects, no dreamscape, no people, no faces, no hands, no bare skin, no needles penetrating skin, no injection act, no clinic patient scene, no gym, no lifestyle, no wellness claims, no nicknames, no supplements aesthetic. Quality: ultra detailed, extremely detailed, hyper-detailed, razor sharp focus, tack sharp, crystal clear, ultra sharp, 8k resolution, photorealistic, hyperrealistic, ultra realistic, HDR. creation motif 025/500 · LAB-025. Keep product identity and any on-screen research typography sharp and unchanged. For laboratory research use only. Not for human use or consumption.",Active,0,
PBVita-Lab-026,26,LAB-026,vials_containers,vial with shrink-band tamper evidence,clear shrink band over cap and neck,"vial with shrink-band tamper evidence on mirrored chrome instrument tray, cool clinical blue-white LED, extreme macro push-in",12,"ultra detailed, extremely detailed, hyper-detailed, razor sharp focus, tack sharp, crystal clear, ultra sharp, 8k resolution, photorealistic, hyperrealistic, ultra realistic, HDR",9:16,8,1080p,grok-imagine-image-quality,grok-imagine-video-1.5,2k,"Photoreal vertical 9:16 Palm Beach Vitality laboratory research catalog film, chemical research material only, premium American research aesthetic. PRIMARY SUBJECT (must be clearly recognizable, real laboratory object, sharp and centered): vial with shrink-band tamper evidence. Physical detail: clear shrink band over cap and neck. Setting surface: mirrored chrome instrument tray. Lighting: cool clinical blue-white LED. Camera: extreme macro push-in. No abstract shapes, no glass orbs, no crystal balls, no surreal spheres, no CGI blobs, no nebula, no galaxies, no fantasy energy, no particle portals, no impossible geometry, no melting objects, no dreamscape, no people, no faces, no hands, no bare skin, no needles penetrating skin, no injection act, no clinic patient scene, no gym, no lifestyle, no wellness claims, no nicknames, no supplements aesthetic. Quality: ultra detailed, extremely detailed, hyper-detailed, razor sharp focus, tack sharp, crystal clear, ultra sharp, 8k resolution, photorealistic, hyperrealistic, ultra realistic, HDR. creation motif 026/500 · LAB-026. Keep product identity and any on-screen research typography sharp and unchanged. For laboratory research use only. Not for human use or consumption.",Active,0,
PBVita-Lab-027,27,LAB-027,vials_containers,cold-labeled vial with frost on glass,"light frost on exterior, cold-chain implication","cold-labeled vial with frost on glass on white melamine cleanroom table, single hard key light with controlled fill, gentle top-down descending move",12,"ultra detailed, extremely detailed, hyper-detailed, razor sharp focus, tack sharp, crystal clear, ultra sharp, 8k resolution, photorealistic, hyperrealistic, ultra realistic, HDR",9:16,8,1080p,grok-imagine-image-quality,grok-imagine-video-1.5,2k,"Photoreal vertical 9:16 Palm Beach Vitality laboratory research catalog film, chemical research material only, premium American research aesthetic. PRIMARY SUBJECT (must be clearly recognizable, real laboratory object, sharp and centered): cold-labeled vial with frost on glass. Physical detail: light frost on exterior, cold-chain implication. Setting surface: white melamine cleanroom table. Lighting: single hard key light with controlled fill. Camera: gentle top-down descending move. No abstract shapes, no glass orbs, no crystal balls, no surreal spheres, no CGI blobs, no nebula, no galaxies, no fantasy energy, no particle portals, no impossible geometry, no melting objects, no dreamscape, no people, no faces, no hands, no bare skin, no needles penetrating skin, no injection act, no clinic patient scene, no gym, no lifestyle, no wellness claims, no nicknames, no supplements aesthetic. Quality: ultra detailed, extremely detailed, hyper-detailed, razor sharp focus, tack sharp, crystal clear, ultra sharp, 8k resolution, photorealistic, hyperrealistic, ultra realistic, HDR. creation motif 027/500 · LAB-027. Keep product identity and any on-screen research typography sharp and unchanged. For laboratory research use only. Not for human use or consumption.",Active,0,
PBVita-Lab-028,28,LAB-028,vials_containers,vial standing in stainless steel vial block,precision machined block holding one vial,"vial standing in stainless steel vial block on textured slate sample board, soft overhead softbox, even catalog lighting, locked tripod hero frame with subtle push",12,"ultra detailed, extremely detailed, hyper-detailed, razor sharp focus, tack sharp, crystal clear, ultra sharp, 8k resolution, photorealistic, hyperrealistic, ultra realistic, HDR",9:16,8,1080p,grok-imagine-image-quality,grok-imagine-video-1.5,2k,"Photoreal vertical 9:16 Palm Beach Vitality laboratory research catalog film, chemical research material only, premium American research aesthetic. PRIMARY SUBJECT (must be clearly recognizable, real laboratory object, sharp and centered): vial standing in stainless steel vial block. Physical detail: precision machined block holding one vial. Setting surface: textured slate sample board. Lighting: soft overhead softbox, even catalog lighting. Camera: locked tripod hero frame with subtle push. No abstract shapes, no glass orbs, no crystal balls, no surreal spheres, no CGI blobs, no nebula, no galaxies, no fantasy energy, no particle portals, no impossible geometry, no melting objects, no dreamscape, no people, no faces, no hands, no bare skin, no needles penetrating skin, no injection act, no clinic patient scene, no gym, no lifestyle, no wellness claims, no nicknames, no supplements aesthetic. Quality: ultra detailed, extremely detailed, hyper-detailed, razor sharp focus, tack sharp, crystal clear, ultra sharp, 8k resolution, photorealistic, hyperrealistic, ultra realistic, HDR. creation motif 028/500 · LAB-028. Keep product identity and any on-screen research typography sharp and unchanged. For laboratory research use only. Not for human use or consumption.",Active,0,
PBVita-Lab-029,29,LAB-029,vials_containers,amber vial backlit to show liquid meniscus,"meniscus sharp, liquid clarity visible","amber vial backlit to show liquid meniscus on soft gray seamless paper backdrop, warm neutral side light, still clinical, low angle tracking slide",12,"ultra detailed, extremely detailed, hyper-detailed, razor sharp focus, tack sharp, crystal clear, ultra sharp, 8k resolution, photorealistic, hyperrealistic, ultra realistic, HDR",9:16,8,1080p,grok-imagine-image-quality,grok-imagine-video-1.5,2k,"Photoreal vertical 9:16 Palm Beach Vitality laboratory research catalog film, chemical research material only, premium American research aesthetic. PRIMARY SUBJECT (must be clearly recognizable, real laboratory object, sharp and centered): amber vial backlit to show liquid meniscus. Physical detail: meniscus sharp, liquid clarity visible. Setting surface: soft gray seamless paper backdrop. Lighting: warm neutral side light, still clinical. Camera: low angle tracking slide. No abstract shapes, no glass orbs, no crystal balls, no surreal spheres, no CGI blobs, no nebula, no galaxies, no fantasy energy, no particle portals, no impossible geometry, no melting objects, no dreamscape, no people, no faces, no hands, no bare skin, no needles penetrating skin, no injection act, no clinic patient scene, no gym, no lifestyle, no wellness claims, no nicknames, no supplements aesthetic. Quality: ultra detailed, extremely detailed, hyper-detailed, razor sharp focus, tack sharp, crystal clear, ultra sharp, 8k resolution, photorealistic, hyperrealistic, ultra realistic, HDR. creation motif 029/500 · LAB-029. Keep product identity and any on-screen research typography sharp and unchanged. For laboratory research use only. Not for human use or consumption.",Active,0,
PBVita-Lab-030,30,LAB-030,vials_containers,clear vial with colored cap insert blue,"blue cap insert, inventory coding","clear vial with colored cap insert blue on anodized aluminum tray, split soft key and gentle bounce, circular arc that never fully completes",12,"ultra detailed, extremely detailed, hyper-detailed, razor sharp focus, tack sharp, crystal clear, ultra sharp, 8k resolution, photorealistic, hyperrealistic, ultra realistic, HDR",9:16,8,1080p,grok-imagine-image-quality,grok-imagine-video-1.5,2k,"Photoreal vertical 9:16 Palm Beach Vitality laboratory research catalog film, chemical research material only, premium American research aesthetic. PRIMARY SUBJECT (must be clearly recognizable, real laboratory object, sharp and centered): clear vial with colored cap insert blue. Physical detail: blue cap insert, inventory coding. Setting surface: anodized aluminum tray. Lighting: split soft key and gentle bounce. Camera: circular arc that never fully completes. No abstract shapes, no glass orbs, no crystal balls, no surreal spheres, no CGI blobs, no nebula, no galaxies, no fantasy energy, no particle portals, no impossible geometry, no melting objects, no dreamscape, no people, no faces, no hands, no bare skin, no needles penetrating skin, no injection act, no clinic patient scene, no gym, no lifestyle, no wellness claims, no nicknames, no supplements aesthetic. Quality: ultra detailed, extremely detailed, hyper-detailed, razor sharp focus, tack sharp, crystal clear, ultra sharp, 8k resolution, photorealistic, hyperrealistic, ultra realistic, HDR. creation motif 030/500 · LAB-030. Keep product identity and any on-screen research typography sharp and unchanged. For laboratory research use only. Not for human use or consumption.",Active,0,
PBVita-Lab-031,31,LAB-031,vials_containers,research vial on anti-vibration pad,small black lab pad under vial base,"research vial on anti-vibration pad on polished black reflective acrylic, high-key seamless catalog lighting, vertical rise from base to label",12,"ultra detailed, extremely detailed, hyper-detailed, razor sharp focus, tack sharp, crystal clear, ultra sharp, 8k resolution, photorealistic, hyperrealistic, ultra realistic, HDR",9:16,8,1080p,grok-imagine-image-quality,grok-imagine-video-1.5,2k,"Photoreal vertical 9:16 Palm Beach Vitality laboratory research catalog film, chemical research material only, premium American research aesthetic. PRIMARY SUBJECT (must be clearly recognizable, real laboratory object, sharp and centered): research vial on anti-vibration pad. Physical detail: small black lab pad under vial base. Setting surface: polished black reflective acrylic. Lighting: high-key seamless catalog lighting. Camera: vertical rise from base to label. No abstract shapes, no glass orbs, no crystal balls, no surreal spheres, no CGI blobs, no nebula, no galaxies, no fantasy energy, no particle portals, no impossible geometry, no melting objects, no dreamscape, no people, no faces, no hands, no bare skin, no needles penetrating skin, no injection act, no clinic patient scene, no gym, no lifestyle, no wellness claims, no nicknames, no supplements aesthetic. Quality: ultra detailed, extremely detailed, hyper-detailed, razor sharp focus, tack sharp, crystal clear, ultra sharp, 8k resolution, photorealistic, hyperrealistic, ultra realistic, HDR. creation motif 031/500 · LAB-031. Keep product identity and any on-screen research typography sharp and unchanged. For laboratory research use only. Not for human use or consumption.",Active,0,
PBVita-Lab-032,32,LAB-032,vials_containers,septum vial with needle-free research adapter nearby,"adapter as object only, no injection into skin","septum vial with needle-free research adapter nearby on matte pure white infinity surface, low-key selective highlight on glass edges, fast resolve into locked hero frame",12,"ultra detailed, extremely detailed, hyper-detailed, razor sharp focus, tack sharp, crystal clear, ultra sharp, 8k resolution, photorealistic, hyperrealistic, ultra realistic, HDR",9:16,8,1080p,grok-imagine-image-quality,grok-imagine-video-1.5,2k,"Photoreal vertical 9:16 Palm Beach Vitality laboratory research catalog film, chemical research material only, premium American research aesthetic. PRIMARY SUBJECT (must be clearly recognizable, real laboratory object, sharp and centered): septum vial with needle-free research adapter nearby. Physical detail: adapter as object only, no injection into skin. Setting surface: matte pure white infinity surface. Lighting: low-key selective highlight on glass edges. Camera: fast resolve into locked hero frame. No abstract shapes, no glass orbs, no crystal balls, no surreal spheres, no CGI blobs, no nebula, no galaxies, no fantasy energy, no particle portals, no impossible geometry, no melting objects, no dreamscape, no people, no faces, no hands, no bare skin, no needles penetrating skin, no injection act, no clinic patient scene, no gym, no lifestyle, no wellness claims, no nicknames, no supplements aesthetic. Quality: ultra detailed, extremely detailed, hyper-detailed, razor sharp focus, tack sharp, crystal clear, ultra sharp, 8k resolution, photorealistic, hyperrealistic, ultra realistic, HDR. creation motif 032/500 · LAB-032. Keep product identity and any on-screen research typography sharp and unchanged. For laboratory research use only. Not for human use or consumption.",Active,0,
PBVita-Lab-033,33,LAB-033,vials_containers,glass vial with desiccant canister beside it,small desiccant tin next to sealed vial,"glass vial with desiccant canister beside it on brushed stainless steel lab bench, soft rim light from behind, slow 360 degree orbit at eye level",12,"ultra detailed, extremely detailed, hyper-detailed, razor sharp focus, tack sharp, crystal clear, ultra sharp, 8k resolution, photorealistic, hyperrealistic, ultra realistic, HDR",9:16,8,1080p,grok-imagine-image-quality,grok-imagine-video-1.5,2k,"Photoreal vertical 9:16 Palm Beach Vitality laboratory research catalog film, chemical research material only, premium American research aesthetic. PRIMARY SUBJECT (must be clearly recognizable, real laboratory object, sharp and centered): glass vial with desiccant canister beside it. Physical detail: small desiccant tin next to sealed vial. Setting surface: brushed stainless steel lab bench. Lighting: soft rim light from behind. Camera: slow 360 degree orbit at eye level. No abstract shapes, no glass orbs, no crystal balls, no surreal spheres, no CGI blobs, no nebula, no galaxies, no fantasy energy, no particle portals, no impossible geometry, no melting objects, no dreamscape, no people, no faces, no hands, no bare skin, no needles penetrating skin, no injection act, no clinic patient scene, no gym, no lifestyle, no wellness claims, no nicknames, no supplements aesthetic. Quality: ultra detailed, extremely detailed, hyper-detailed, razor sharp focus, tack sharp, crystal clear, ultra sharp, 8k resolution, photorealistic, hyperrealistic, ultra realistic, HDR. creation motif 033/500 · LAB-033. Keep product identity and any on-screen research typography sharp and unchanged. For laboratory research use only. Not for human use or consumption.",Active,0,
PBVita-Lab-034,34,LAB-034,vials_containers,amber vial wrapped in light-protective sleeve,black sleeve partially covering amber glass,"amber vial wrapped in light-protective sleeve on dark charcoal epoxy resin countertop, cool clinical blue-white LED, extreme macro push-in",12,"ultra detailed, extremely detailed, hyper-detailed, razor sharp focus, tack sharp, crystal clear, ultra sharp, 8k resolution, photorealistic, hyperrealistic, ultra realistic, HDR",9:16,8,1080p,grok-imagine-image-quality,grok-imagine-video-1.5,2k,"Photoreal vertical 9:16 Palm Beach Vitality laboratory research catalog film, chemical research material only, premium American research aesthetic. PRIMARY SUBJECT (must be clearly recognizable, real laboratory object, sharp and centered): amber vial wrapped in light-protective sleeve. Physical detail: black sleeve partially covering amber glass. Setting surface: dark charcoal epoxy resin countertop. Lighting: cool clinical blue-white LED. Camera: extreme macro push-in. No abstract shapes, no glass orbs, no crystal balls, no surreal spheres, no CGI blobs, no nebula, no galaxies, no fantasy energy, no particle portals, no impossible geometry, no melting objects, no dreamscape, no people, no faces, no hands, no bare skin, no needles penetrating skin, no injection act, no clinic patient scene, no gym, no lifestyle, no wellness claims, no nicknames, no supplements aesthetic. Quality: ultra detailed, extremely detailed, hyper-detailed, razor sharp focus, tack sharp, crystal clear, ultra sharp, 8k resolution, photorealistic, hyperrealistic, ultra realistic, HDR. creation motif 034/500 · LAB-034. Keep product identity and any on-screen research typography sharp and unchanged. For laboratory research use only. Not for human use or consumption.",Active,0,
PBVita-Lab-035,35,LAB-035,vials_containers,clear vial with batch tag string tie,"small paper tag tied to neck, catalog prop","clear vial with batch tag string tie on cool gray ceramic tile, single hard key light with controlled fill, gentle top-down descending move",12,"ultra detailed, extremely detailed, hyper-detailed, razor sharp focus, tack sharp, crystal clear, ultra sharp, 8k resolution, photorealistic, hyperrealistic, ultra realistic, HDR",9:16,8,1080p,grok-imagine-image-quality,grok-imagine-video-1.5,2k,"Photoreal vertical 9:16 Palm Beach Vitality laboratory research catalog film, chemical research material only, premium American research aesthetic. PRIMARY SUBJECT (must be clearly recognizable, real laboratory object, sharp and centered): clear vial with batch tag string tie. Physical detail: small paper tag tied to neck, catalog prop. Setting surface: cool gray ceramic tile. Lighting: single hard key light with controlled fill. Camera: gentle top-down descending move. No abstract shapes, no glass orbs, no crystal balls, no surreal spheres, no CGI blobs, no nebula, no galaxies, no fantasy energy, no particle portals, no impossible geometry, no melting objects, no dreamscape, no people, no faces, no hands, no bare skin, no needles penetrating skin, no injection act, no clinic patient scene, no gym, no lifestyle, no wellness claims, no nicknames, no supplements aesthetic. Quality: ultra detailed, extremely detailed, hyper-detailed, razor sharp focus, tack sharp, crystal clear, ultra sharp, 8k resolution, photorealistic, hyperrealistic, ultra realistic, HDR. creation motif 035/500 · LAB-035. Keep product identity and any on-screen research typography sharp and unchanged. For laboratory research use only. Not for human use or consumption.",Active,0,
PBVita-Lab-036,36,LAB-036,vials_containers,vial in clear acrylic display stand,"angled acrylic stand, product-hero pose","vial in clear acrylic display stand on mirrored chrome instrument tray, soft overhead softbox, even catalog lighting, locked tripod hero frame with subtle push",12,"ultra detailed, extremely detailed, hyper-detailed, razor sharp focus, tack sharp, crystal clear, ultra sharp, 8k resolution, photorealistic, hyperrealistic, ultra realistic, HDR",9:16,8,1080p,grok-imagine-image-quality,grok-imagine-video-1.5,2k,"Photoreal vertical 9:16 Palm Beach Vitality laboratory research catalog film, chemical research material only, premium American research aesthetic. PRIMARY SUBJECT (must be clearly recognizable, real laboratory object, sharp and centered): vial in clear acrylic display stand. Physical detail: angled acrylic stand, product-hero pose. Setting surface: mirrored chrome instrument tray. Lighting: soft overhead softbox, even catalog lighting. Camera: locked tripod hero frame with subtle push. No abstract shapes, no glass orbs, no crystal balls, no surreal spheres, no CGI blobs, no nebula, no galaxies, no fantasy energy, no particle portals, no impossible geometry, no melting objects, no dreamscape, no people, no faces, no hands, no bare skin, no needles penetrating skin, no injection act, no clinic patient scene, no gym, no lifestyle, no wellness claims, no nicknames, no supplements aesthetic. Quality: ultra detailed, extremely detailed, hyper-detailed, razor sharp focus, tack sharp, crystal clear, ultra sharp, 8k resolution, photorealistic, hyperrealistic, ultra realistic, HDR. creation motif 036/500 · LAB-036. Keep product identity and any on-screen research typography sharp and unchanged. For laboratory research use only. Not for human use or consumption.",Active,0,
PBVita-Lab-037,37,LAB-037,vials_containers,wide-mouth powder research jar sealed,"clear jar of lyophilized powder, sealed lid","wide-mouth powder research jar sealed on white melamine cleanroom table, warm neutral side light, still clinical, low angle tracking slide",12,"ultra detailed, extremely detailed, hyper-detailed, razor sharp focus, tack sharp, crystal clear, ultra sharp, 8k resolution, photorealistic, hyperrealistic, ultra realistic, HDR",9:16,8,1080p,grok-imagine-image-quality,grok-imagine-video-1.5,2k,"Photoreal vertical 9:16 Palm Beach Vitality laboratory research catalog film, chemical research material only, premium American research aesthetic. PRIMARY SUBJECT (must be clearly recognizable, real laboratory object, sharp and centered): wide-mouth powder research jar sealed. Physical detail: clear jar of lyophilized powder, sealed lid. Setting surface: white melamine cleanroom table. Lighting: warm neutral side light, still clinical. Camera: low angle tracking slide. No abstract shapes, no glass orbs, no crystal balls, no surreal spheres, no CGI blobs, no nebula, no galaxies, no fantasy energy, no particle portals, no impossible geometry, no melting objects, no dreamscape, no people, no faces, no hands, no bare skin, no needles penetrating skin, no injection act, no clinic patient scene, no gym, no lifestyle, no wellness claims, no nicknames, no supplements aesthetic. Quality: ultra detailed, extremely detailed, hyper-detailed, razor sharp focus, tack sharp, crystal clear, ultra sharp, 8k resolution, photorealistic, hyperrealistic, ultra realistic, HDR. creation motif 037/500 · LAB-037. Keep product identity and any on-screen research typography sharp and unchanged. For laboratory research use only. Not for human use or consumption.",Active,0,
PBVita-Lab-038,38,LAB-038,vials_containers,amber powder jar with scoop nested on lid,"lab scoop resting on sealed jar, no hands","amber powder jar with scoop nested on lid on textured slate sample board, split soft key and gentle bounce, circular arc that never fully completes",12,"ultra detailed, extremely detailed, hyper-detailed, razor sharp focus, tack sharp, crystal clear, ultra sharp, 8k resolution, photorealistic, hyperrealistic, ultra realistic, HDR",9:16,8,1080p,grok-imagine-image-quality,grok-imagine-video-1.5,2k,"Photoreal vertical 9:16 Palm Beach Vitality laboratory research catalog film, chemical research material only, premium American research aesthetic. PRIMARY SUBJECT (must be clearly recognizable, real laboratory object, sharp and centered): amber powder jar with scoop nested on lid. Physical detail: lab scoop resting on sealed jar, no hands. Setting surface: textured slate sample board. Lighting: split soft key and gentle bounce. Camera: circular arc that never fully completes. No abstract shapes, no glass orbs, no crystal balls, no surreal spheres, no CGI blobs, no nebula, no galaxies, no fantasy energy, no particle portals, no impossible geometry, no melting objects, no dreamscape, no people, no faces, no hands, no bare skin, no needles penetrating skin, no injection act, no clinic patient scene, no gym, no lifestyle, no wellness claims, no nicknames, no supplements aesthetic. Quality: ultra detailed, extremely detailed, hyper-detailed, razor sharp focus, tack sharp, crystal clear, ultra sharp, 8k resolution, photorealistic, hyperrealistic, ultra realistic, HDR. creation motif 038/500 · LAB-038. Keep product identity and any on-screen research typography sharp and unchanged. For laboratory research use only. Not for human use or consumption.",Active,0,
PBVita-Lab-039,39,LAB-039,vials_containers,micro-vial 0.5ml with tiny label,"very small vial, macroscopic detail","micro-vial 0.5ml with tiny label on soft gray seamless paper backdrop, high-key seamless catalog lighting, vertical rise from base to label",12,"ultra detailed, extremely detailed, hyper-detailed, razor sharp focus, tack sharp, crystal clear, ultra sharp, 8k resolution, photorealistic, hyperrealistic, ultra realistic, HDR",9:16,8,1080p,grok-imagine-image-quality,grok-imagine-video-1.5,2k,"Photoreal vertical 9:16 Palm Beach Vitality laboratory research catalog film, chemical research material only, premium American research aesthetic. PRIMARY SUBJECT (must be clearly recognizable, real laboratory object, sharp and centered): micro-vial 0.5ml with tiny label. Physical detail: very small vial, macroscopic detail. Setting surface: soft gray seamless paper backdrop. Lighting: high-key seamless catalog lighting. Camera: vertical rise from base to label. No abstract shapes, no glass orbs, no crystal balls, no surreal spheres, no CGI blobs, no nebula, no galaxies, no fantasy energy, no particle portals, no impossible geometry, no melting objects, no dreamscape, no people, no faces, no hands, no bare skin, no needles penetrating skin, no injection act, no clinic patient scene, no gym, no lifestyle, no wellness claims, no nicknames, no supplements aesthetic. Quality: ultra detailed, extremely detailed, hyper-detailed, razor sharp focus, tack sharp, crystal clear, ultra sharp, 8k resolution, photorealistic, hyperrealistic, ultra realistic, HDR. creation motif 039/500 · LAB-039. Keep product identity and any on-screen research typography sharp and unchanged. For laboratory research use only. Not for human use or consumption.",Active,0,
PBVita-Lab-040,40,LAB-040,vials_containers,research vial next to calibrated weight set,vial and stainless calibration weights,"research vial next to calibrated weight set on anodized aluminum tray, low-key selective highlight on glass edges, fast resolve into locked hero frame",12,"ultra detailed, extremely detailed, hyper-detailed, razor sharp focus, tack sharp, crystal clear, ultra sharp, 8k resolution, photorealistic, hyperrealistic, ultra realistic, HDR",9:16,8,1080p,grok-imagine-image-quality,grok-imagine-video-1.5,2k,"Photoreal vertical 9:16 Palm Beach Vitality laboratory research catalog film, chemical research material only, premium American research aesthetic. PRIMARY SUBJECT (must be clearly recognizable, real laboratory object, sharp and centered): research vial next to calibrated weight set. Physical detail: vial and stainless calibration weights. Setting surface: anodized aluminum tray. Lighting: low-key selective highlight on glass edges. Camera: fast resolve into locked hero frame. No abstract shapes, no glass orbs, no crystal balls, no surreal spheres, no CGI blobs, no nebula, no galaxies, no fantasy energy, no particle portals, no impossible geometry, no melting objects, no dreamscape, no people, no faces, no hands, no bare skin, no needles penetrating skin, no injection act, no clinic patient scene, no gym, no lifestyle, no wellness claims, no nicknames, no supplements aesthetic. Quality: ultra detailed, extremely detailed, hyper-detailed, razor sharp focus, tack sharp, crystal clear, ultra sharp, 8k resolution, photorealistic, hyperrealistic, ultra realistic, HDR. creation motif 040/500 · LAB-040. Keep product identity and any on-screen research typography sharp and unchanged. For laboratory research use only. Not for human use or consumption.",Active,0,
PBVita-Lab-041,41,LAB-041,research_pens,pre-filled research pen on matte black acrylic,"clear barrel window, dial collar, capped tip cover on","pre-filled research pen on matte black acrylic on polished black reflective acrylic, soft rim light from behind, slow 360 degree orbit at eye level",12,"ultra detailed, extremely detailed, hyper-detailed, razor sharp focus, tack sharp, crystal clear, ultra sharp, 8k resolution, photorealistic, hyperrealistic, ultra realistic, HDR",9:16,8,1080p,grok-imagine-image-quality,grok-imagine-video-1.5,2k,"Photoreal vertical 9:16 Palm Beach Vitality laboratory research catalog film, chemical research material only, premium American research aesthetic. PRIMARY SUBJECT (must be clearly recognizable, real laboratory object, sharp and centered): pre-filled research pen on matte black acrylic. Physical detail: clear barrel window, dial collar, capped tip cover on. Setting surface: polished black reflective acrylic. Lighting: soft rim light from behind. Camera: slow 360 degree orbit at eye level. No abstract shapes, no glass orbs, no crystal balls, no surreal spheres, no CGI blobs, no nebula, no galaxies, no fantasy energy, no particle portals, no impossible geometry, no melting objects, no dreamscape, no people, no faces, no hands, no bare skin, no needles penetrating skin, no injection act, no clinic patient scene, no gym, no lifestyle, no wellness claims, no nicknames, no supplements aesthetic. Quality: ultra detailed, extremely detailed, hyper-detailed, razor sharp focus, tack sharp, crystal clear, ultra sharp, 8k resolution, photorealistic, hyperrealistic, ultra realistic, HDR. creation motif 041/500 · LAB-041. Keep product identity and any on-screen research typography sharp and unchanged. For laboratory research use only. Not for human use or consumption.",Active,0,
PBVita-Lab-042,42,LAB-042,research_pens,research pen with visible liquid barrel macro,"meniscus and glass barrel detail, cap beside pen","research pen with visible liquid barrel macro on matte pure white infinity surface, cool clinical blue-white LED, extreme macro push-in",12,"ultra detailed, extremely detailed, hyper-detailed, razor sharp focus, tack sharp, crystal clear, ultra sharp, 8k resolution, photorealistic, hyperrealistic, ultra realistic, HDR",9:16,8,1080p,grok-imagine-image-quality,grok-imagine-video-1.5,2k,"Photoreal vertical 9:16 Palm Beach Vitality laboratory research catalog film, chemical research material only, premium American research aesthetic. PRIMARY SUBJECT (must be clearly recognizable, real laboratory object, sharp and centered): research pen with visible liquid barrel macro. Physical detail: meniscus and glass barrel detail, cap beside pen. Setting surface: matte pure white infinity surface. Lighting: cool clinical blue-white LED. Camera: extreme macro push-in. No abstract shapes, no glass orbs, no crystal balls, no surreal spheres, no CGI blobs, no nebula, no galaxies, no fantasy energy, no particle portals, no impossible geometry, no melting objects, no dreamscape, no people, no faces, no hands, no bare skin, no needles penetrating skin, no injection act, no clinic patient scene, no gym, no lifestyle, no wellness claims, no nicknames, no supplements aesthetic. Quality: ultra detailed, extremely detailed, hyper-detailed, razor sharp focus, tack sharp, crystal clear, ultra sharp, 8k resolution, photorealistic, hyperrealistic, ultra realistic, HDR. creation motif 042/500 · LAB-042. Keep product identity and any on-screen research typography sharp and unchanged. For laboratory research use only. Not for human use or consumption.",Active,0,
PBVita-Lab-043,43,LAB-043,research_pens,precision research pen standing upright,"vertical hero, soft reflection, cap on","precision research pen standing upright on brushed stainless steel lab bench, single hard key light with controlled fill, gentle top-down descending move",12,"ultra detailed, extremely detailed, hyper-detailed, razor sharp focus, tack sharp, crystal clear, ultra sharp, 8k resolution, photorealistic, hyperrealistic, ultra realistic, HDR",9:16,8,1080p,grok-imagine-image-quality,grok-imagine-video-1.5,2k,"Photoreal vertical 9:16 Palm Beach Vitality laboratory research catalog film, chemical research material only, premium American research aesthetic. PRIMARY SUBJECT (must be clearly recognizable, real laboratory object, sharp and centered): precision research pen standing upright. Physical detail: vertical hero, soft reflection, cap on. Setting surface: brushed stainless steel lab bench. Lighting: single hard key light with controlled fill. Camera: gentle top-down descending move. No abstract shapes, no glass orbs, no crystal balls, no surreal spheres, no CGI blobs, no nebula, no galaxies, no fantasy energy, no particle portals, no impossible geometry, no melting objects, no dreamscape, no people, no faces, no hands, no bare skin, no needles penetrating skin, no injection act, no clinic patient scene, no gym, no lifestyle, no wellness claims, no nicknames, no supplements aesthetic. Quality: ultra detailed, extremely detailed, hyper-detailed, razor sharp focus, tack sharp, crystal clear, ultra sharp, 8k resolution, photorealistic, hyperrealistic, ultra realistic, HDR. creation motif 043/500 · LAB-043. Keep product identity and any on-screen research typography sharp and unchanged. For laboratory research use only. Not for human use or consumption.",Active,0,
PBVita-Lab-044,44,LAB-044,research_pens,two research pens parallel on slate,"matched pens, slight angle, clinical spacing","two research pens parallel on slate on dark charcoal epoxy resin countertop, soft overhead softbox, even catalog lighting, locked tripod hero frame with subtle push",12,"ultra detailed, extremely detailed, hyper-detailed, razor sharp focus, tack sharp, crystal clear, ultra sharp, 8k resolution, photorealistic, hyperrealistic, ultra realistic, HDR",9:16,8,1080p,grok-imagine-image-quality,grok-imagine-video-1.5,2k,"Photoreal vertical 9:16 Palm Beach Vitality laboratory research catalog film, chemical research material only, premium American research aesthetic. PRIMARY SUBJECT (must be clearly recognizable, real laboratory object, sharp and centered): two research pens parallel on slate. Physical detail: matched pens, slight angle, clinical spacing. Setting surface: dark charcoal epoxy resin countertop. Lighting: soft overhead softbox, even catalog lighting. Camera: locked tripod hero frame with subtle push. No abstract shapes, no glass orbs, no crystal balls, no surreal spheres, no CGI blobs, no nebula, no galaxies, no fantasy energy, no particle portals, no impossible geometry, no melting objects, no dreamscape, no people, no faces, no hands, no bare skin, no needles penetrating skin, no injection act, no clinic patient scene, no gym, no lifestyle, no wellness claims, no nicknames, no supplements aesthetic. Quality: ultra detailed, extremely detailed, hyper-detailed, razor sharp focus, tack sharp, crystal clear, ultra sharp, 8k resolution, photorealistic, hyperrealistic, ultra realistic, HDR. creation motif 044/500 · LAB-044. Keep product identity and any on-screen research typography sharp and unchanged. For laboratory research use only. Not for human use or consumption.",Active,0,
PBVita-Lab-045,45,LAB-045,research_pens,research pen cap removed resting beside barrel,"cap and pen as still life, no skin contact","research pen cap removed resting beside barrel on cool gray ceramic tile, warm neutral side light, still clinical, low angle tracking slide",12,"ultra detailed, extremely detailed, hyper-detailed, razor sharp focus, tack sharp, crystal clear, ultra sharp, 8k resolution, photorealistic, hyperrealistic, ultra realistic, HDR",9:16,8,1080p,grok-imagine-image-quality,grok-imagine-video-1.5,2k,"Photoreal vertical 9:16 Palm Beach Vitality laboratory research catalog film, chemical research material only, premium American research aesthetic. PRIMARY SUBJECT (must be clearly recognizable, real laboratory object, sharp and centered): research pen cap removed resting beside barrel. Physical detail: cap and pen as still life, no skin contact. Setting surface: cool gray ceramic tile. Lighting: warm neutral side light, still clinical. Camera: low angle tracking slide. No abstract shapes, no glass orbs, no crystal balls, no surreal spheres, no CGI blobs, no nebula, no galaxies, no fantasy energy, no particle portals, no impossible geometry, no melting objects, no dreamscape, no people, no faces, no hands, no bare skin, no needles penetrating skin, no injection act, no clinic patient scene, no gym, no lifestyle, no wellness claims, no nicknames, no supplements aesthetic. Quality: ultra detailed, extremely detailed, hyper-detailed, razor sharp focus, tack sharp, crystal clear, ultra sharp, 8k resolution, photorealistic, hyperrealistic, ultra realistic, HDR. creation motif 045/500 · LAB-045. Keep product identity and any on-screen research typography sharp and unchanged. For laboratory research use only. Not for human use or consumption.",Active,0,
PBVita-Lab-046,46,LAB-046,research_pens,research pen on mirrored chrome plate,"hard specular highlights, product catalog","research pen on mirrored chrome plate on mirrored chrome instrument tray, split soft key and gentle bounce, circular arc that never fully completes",12,"ultra detailed, extremely detailed, hyper-detailed, razor sharp focus, tack sharp, crystal clear, ultra sharp, 8k resolution, photorealistic, hyperrealistic, ultra realistic, HDR",9:16,8,1080p,grok-imagine-image-quality,grok-imagine-video-1.5,2k,"Photoreal vertical 9:16 Palm Beach Vitality laboratory research catalog film, chemical research material only, premium American research aesthetic. PRIMARY SUBJECT (must be clearly recognizable, real laboratory object, sharp and centered): research pen on mirrored chrome plate. Physical detail: hard specular highlights, product catalog. Setting surface: mirrored chrome instrument tray. Lighting: split soft key and gentle bounce. Camera: circular arc that never fully completes. No abstract shapes, no glass orbs, no crystal balls, no surreal spheres, no CGI blobs, no nebula, no galaxies, no fantasy energy, no particle portals, no impossible geometry, no melting objects, no dreamscape, no people, no faces, no hands, no bare skin, no needles penetrating skin, no injection act, no clinic patient scene, no gym, no lifestyle, no wellness claims, no nicknames, no supplements aesthetic. Quality: ultra detailed, extremely detailed, hyper-detailed, razor sharp focus, tack sharp, crystal clear, ultra sharp, 8k resolution, photorealistic, hyperrealistic, ultra realistic, HDR. creation motif 046/500 · LAB-046. Keep product identity and any on-screen research typography sharp and unchanged. For laboratory research use only. Not for human use or consumption.",Active,0,
PBVita-Lab-047,47,LAB-047,research_pens,research pen with dose window close-up,"numeric window readable, shallow depth","research pen with dose window close-up on white melamine cleanroom table, high-key seamless catalog lighting, vertical rise from base to label",12,"ultra detailed, extremely detailed, hyper-detailed, razor sharp focus, tack sharp, crystal clear, ultra sharp, 8k resolution, photorealistic, hyperrealistic, ultra realistic, HDR",9:16,8,1080p,grok-imagine-image-quality,grok-imagine-video-1.5,2k,"Photoreal vertical 9:16 Palm Beach Vitality laboratory research catalog film, chemical research material only, premium American research aesthetic. PRIMARY SUBJECT (must be clearly recognizable, real laboratory object, sharp and centered): research pen with dose window close-up. Physical detail: numeric window readable, shallow depth. Setting surface: white melamine cleanroom table. Lighting: high-key seamless catalog lighting. Camera: vertical rise from base to label. No abstract shapes, no glass orbs, no crystal balls, no surreal spheres, no CGI blobs, no nebula, no galaxies, no fantasy energy, no particle portals, no impossible geometry, no melting objects, no dreamscape, no people, no faces, no hands, no bare skin, no needles penetrating skin, no injection act, no clinic patient scene, no gym, no lifestyle, no wellness claims, no nicknames, no supplements aesthetic. Quality: ultra detailed, extremely detailed, hyper-detailed, razor sharp focus, tack sharp, crystal clear, ultra sharp, 8k resolution, photorealistic, hyperrealistic, ultra realistic, HDR. creation motif 047/500 · LAB-047. Keep product identity and any on-screen research typography sharp and unchanged. For laboratory research use only. Not for human use or consumption.",Active,0,
PBVita-Lab-048,48,LAB-048,research_pens,cartridge for research pen alone,"glass cartridge with plunger, no pen body","cartridge for research pen alone on textured slate sample board, low-key selective highlight on glass edges, fast resolve into locked hero frame",12,"ultra detailed, extremely detailed, hyper-detailed, razor sharp focus, tack sharp, crystal clear, ultra sharp, 8k resolution, photorealistic, hyperrealistic, ultra realistic, HDR",9:16,8,1080p,grok-imagine-image-quality,grok-imagine-video-1.5,2k,"Photoreal vertical 9:16 Palm Beach Vitality laboratory research catalog film, chemical research material only, premium American research aesthetic. PRIMARY SUBJECT (must be clearly recognizable, real laboratory object, sharp and centered): cartridge for research pen alone. Physical detail: glass cartridge with plunger, no pen body. Setting surface: textured slate sample board. Lighting: low-key selective highlight on glass edges. Camera: fast resolve into locked hero frame. No abstract shapes, no glass orbs, no crystal balls, no surreal spheres, no CGI blobs, no nebula, no galaxies, no fantasy energy, no particle portals, no impossible geometry, no melting objects, no dreamscape, no people, no faces, no hands, no bare skin, no needles penetrating skin, no injection act, no clinic patient scene, no gym, no lifestyle, no wellness claims, no nicknames, no supplements aesthetic. Quality: ultra detailed, extremely detailed, hyper-detailed, razor sharp focus, tack sharp, crystal clear, ultra sharp, 8k resolution, photorealistic, hyperrealistic, ultra realistic, HDR. creation motif 048/500 · LAB-048. Keep product identity and any on-screen research typography sharp and unchanged. For laboratory research use only. Not for human use or consumption.",Active,0,
PBVita-Lab-049,49,LAB-049,research_pens,research pen in open hard case insert,"foam-cut case, pen seated, lid open","research pen in open hard case insert on soft gray seamless paper backdrop, soft rim light from behind, slow 360 degree orbit at eye level",12,"ultra detailed, extremely detailed, hyper-detailed, razor sharp focus, tack sharp, crystal clear, ultra sharp, 8k resolution, photorealistic, hyperrealistic, ultra realistic, HDR",9:16,8,1080p,grok-imagine-image-quality,grok-imagine-video-1.5,2k,"Photoreal vertical 9:16 Palm Beach Vitality laboratory research catalog film, chemical research material only, premium American research aesthetic. PRIMARY SUBJECT (must be clearly recognizable, real laboratory object, sharp and centered): research pen in open hard case insert. Physical detail: foam-cut case, pen seated, lid open. Setting surface: soft gray seamless paper backdrop. Lighting: soft rim light from behind. Camera: slow 360 degree orbit at eye level. No abstract shapes, no glass orbs, no crystal balls, no surreal spheres, no CGI blobs, no nebula, no galaxies, no fantasy energy, no particle portals, no impossible geometry, no melting objects, no dreamscape, no people, no faces, no hands, no bare skin, no needles penetrating skin, no injection act, no clinic patient scene, no gym, no lifestyle, no wellness claims, no nicknames, no supplements aesthetic. Quality: ultra detailed, extremely detailed, hyper-detailed, razor sharp focus, tack sharp, crystal clear, ultra sharp, 8k resolution, photorealistic, hyperrealistic, ultra realistic, HDR. creation motif 049/500 · LAB-049. Keep product identity and any on-screen research typography sharp and unchanged. For laboratory research use only. Not for human use or consumption.",Active,0,
PBVita-Lab-050,50,LAB-050,research_pens,research pen beside sealed cartridge blister,blister pack and pen as kit components,"research pen beside sealed cartridge blister on anodized aluminum tray, cool clinical blue-white LED, extreme macro push-in",12,"ultra detailed, extremely detailed, hyper-detailed, razor sharp focus, tack sharp, crystal clear, ultra sharp, 8k resolution, photorealistic, hyperrealistic, ultra realistic, HDR",9:16,8,1080p,grok-imagine-image-quality,grok-imagine-video-1.5,2k,"Photoreal vertical 9:16 Palm Beach Vitality laboratory research catalog film, chemical research material only, premium American research aesthetic. PRIMARY SUBJECT (must be clearly recognizable, real laboratory object, sharp and centered): research pen beside sealed cartridge blister. Physical detail: blister pack and pen as kit components. Setting surface: anodized aluminum tray. Lighting: cool clinical blue-white LED. Camera: extreme macro push-in. No abstract shapes, no glass orbs, no crystal balls, no surreal spheres, no CGI blobs, no nebula, no galaxies, no fantasy energy, no particle portals, no impossible geometry, no melting objects, no dreamscape, no people, no faces, no hands, no bare skin, no needles penetrating skin, no injection act, no clinic patient scene, no gym, no lifestyle, no wellness claims, no nicknames, no supplements aesthetic. Quality: ultra detailed, extremely detailed, hyper-detailed, razor sharp focus, tack sharp, crystal clear, ultra sharp, 8k resolution, photorealistic, hyperrealistic, ultra realistic, HDR. creation motif 050/500 · LAB-050. Keep product identity and any on-screen research typography sharp and unchanged. For laboratory research use only. Not for human use or consumption.",Active,0,
PBVita-Lab-051,51,LAB-051,research_pens,frosted research pen body with metal clip,"matte body texture, metal pocket clip","frosted research pen body with metal clip on polished black reflective acrylic, single hard key light with controlled fill, gentle top-down descending move",12,"ultra detailed, extremely detailed, hyper-detailed, razor sharp focus, tack sharp, crystal clear, ultra sharp, 8k resolution, photorealistic, hyperrealistic, ultra realistic, HDR",9:16,8,1080p,grok-imagine-image-quality,grok-imagine-video-1.5,2k,"Photoreal vertical 9:16 Palm Beach Vitality laboratory research catalog film, chemical research material only, premium American research aesthetic. PRIMARY SUBJECT (must be clearly recognizable, real laboratory object, sharp and centered): frosted research pen body with metal clip. Physical detail: matte body texture, metal pocket clip. Setting surface: polished black reflective acrylic. Lighting: single hard key light with controlled fill. Camera: gentle top-down descending move. No abstract shapes, no glass orbs, no crystal balls, no surreal spheres, no CGI blobs, no nebula, no galaxies, no fantasy energy, no particle portals, no impossible geometry, no melting objects, no dreamscape, no people, no faces, no hands, no bare skin, no needles penetrating skin, no injection act, no clinic patient scene, no gym, no lifestyle, no wellness claims, no nicknames, no supplements aesthetic. Quality: ultra detailed, extremely detailed, hyper-detailed, razor sharp focus, tack sharp, crystal clear, ultra sharp, 8k resolution, photorealistic, hyperrealistic, ultra realistic, HDR. creation motif 051/500 · LAB-051. Keep product identity and any on-screen research typography sharp and unchanged. For laboratory research use only. Not for human use or consumption.",Active,0,
PBVita-Lab-052,52,LAB-052,research_pens,transparent research pen showing internal mechanism,gears/dial visible through clear housing,"transparent research pen showing internal mechanism on matte pure white infinity surface, soft overhead softbox, even catalog lighting, locked tripod hero frame with subtle push",12,"ultra detailed, extremely detailed, hyper-detailed, razor sharp focus, tack sharp, crystal clear, ultra sharp, 8k resolution, photorealistic, hyperrealistic, ultra realistic, HDR",9:16,8,1080p,grok-imagine-image-quality,grok-imagine-video-1.5,2k,"Photoreal vertical 9:16 Palm Beach Vitality laboratory research catalog film, chemical research material only, premium American research aesthetic. PRIMARY SUBJECT (must be clearly recognizable, real laboratory object, sharp and centered): transparent research pen showing internal mechanism. Physical detail: gears/dial visible through clear housing. Setting surface: matte pure white infinity surface. Lighting: soft overhead softbox, even catalog lighting. Camera: locked tripod hero frame with subtle push. No abstract shapes, no glass orbs, no crystal balls, no surreal spheres, no CGI blobs, no nebula, no galaxies, no fantasy energy, no particle portals, no impossible geometry, no melting objects, no dreamscape, no people, no faces, no hands, no bare skin, no needles penetrating skin, no injection act, no clinic patient scene, no gym, no lifestyle, no wellness claims, no nicknames, no supplements aesthetic. Quality: ultra detailed, extremely detailed, hyper-detailed, razor sharp focus, tack sharp, crystal clear, ultra sharp, 8k resolution, photorealistic, hyperrealistic, ultra realistic, HDR. creation motif 052/500 · LAB-052. Keep product identity and any on-screen research typography sharp and unchanged. For laboratory research use only. Not for human use or consumption.",Active,0,
PBVita-Lab-053,53,LAB-053,research_pens,research pen on folded sterile wrap paper,"medical-grade wrap texture, product only","research pen on folded sterile wrap paper on brushed stainless steel lab bench, warm neutral side light, still clinical, low angle tracking slide",12,"ultra detailed, extremely detailed, hyper-detailed, razor sharp focus, tack sharp, crystal clear, ultra sharp, 8k resolution, photorealistic, hyperrealistic, ultra realistic, HDR",9:16,8,1080p,grok-imagine-image-quality,grok-imagine-video-1.5,2k,"Photoreal vertical 9:16 Palm Beach Vitality laboratory research catalog film, chemical research material only, premium American research aesthetic. PRIMARY SUBJECT (must be clearly recognizable, real laboratory object, sharp and centered): research pen on folded sterile wrap paper. Physical detail: medical-grade wrap texture, product only. Setting surface: brushed stainless steel lab bench. Lighting: warm neutral side light, still clinical. Camera: low angle tracking slide. No abstract shapes, no glass orbs, no crystal balls, no surreal spheres, no CGI blobs, no nebula, no galaxies, no fantasy energy, no particle portals, no impossible geometry, no melting objects, no dreamscape, no people, no faces, no hands, no bare skin, no needles penetrating skin, no injection act, no clinic patient scene, no gym, no lifestyle, no wellness claims, no nicknames, no supplements aesthetic. Quality: ultra detailed, extremely detailed, hyper-detailed, razor sharp focus, tack sharp, crystal clear, ultra sharp, 8k resolution, photorealistic, hyperrealistic, ultra realistic, HDR. creation motif 053/500 · LAB-053. Keep product identity and any on-screen research typography sharp and unchanged. For laboratory research use only. Not for human use or consumption.",Active,0,
PBVita-Lab-054,54,LAB-054,research_pens,research pen low-angle hero on concrete lab bench,premium American lab aesthetic,"research pen low-angle hero on concrete lab bench on dark charcoal epoxy resin countertop, split soft key and gentle bounce, circular arc that never fully completes",12,"ultra detailed, extremely detailed, hyper-detailed, razor sharp focus, tack sharp, crystal clear, ultra sharp, 8k resolution, photorealistic, hyperrealistic, ultra realistic, HDR",9:16,8,1080p,grok-imagine-image-quality,grok-imagine-video-1.5,2k,"Photoreal vertical 9:16 Palm Beach Vitality laboratory research catalog film, chemical research material only, premium American research aesthetic. PRIMARY SUBJECT (must be clearly recognizable, real laboratory object, sharp and centered): research pen low-angle hero on concrete lab bench. Physical detail: premium American lab aesthetic. Setting surface: dark charcoal epoxy resin countertop. Lighting: split soft key and gentle bounce. Camera: circular arc that never fully completes. No abstract shapes, no glass orbs, no crystal balls, no surreal spheres, no CGI blobs, no nebula, no galaxies, no fantasy energy, no particle portals, no impossible geometry, no melting objects, no dreamscape, no people, no faces, no hands, no bare skin, no needles penetrating skin, no injection act, no clinic patient scene, no gym, no lifestyle, no wellness claims, no nicknames, no supplements aesthetic. Quality: ultra detailed, extremely detailed, hyper-detailed, razor sharp focus, tack sharp, crystal clear, ultra sharp, 8k resolution, photorealistic, hyperrealistic, ultra realistic, HDR. creation motif 054/500 · LAB-054. Keep product identity and any on-screen research typography sharp and unchanged. For laboratory research use only. Not for human use or consumption.",Active,0,
PBVita-Lab-055,55,LAB-055,research_pens,research pen next to empty packaging tray,thermoformed tray and pen,"research pen next to empty packaging tray on cool gray ceramic tile, high-key seamless catalog lighting, vertical rise from base to label",12,"ultra detailed, extremely detailed, hyper-detailed, razor sharp focus, tack sharp, crystal clear, ultra sharp, 8k resolution, photorealistic, hyperrealistic, ultra realistic, HDR",9:16,8,1080p,grok-imagine-image-quality,grok-imagine-video-1.5,2k,"Photoreal vertical 9:16 Palm Beach Vitality laboratory research catalog film, chemical research material only, premium American research aesthetic. PRIMARY SUBJECT (must be clearly recognizable, real laboratory object, sharp and centered): research pen next to empty packaging tray. Physical detail: thermoformed tray and pen. Setting surface: cool gray ceramic tile. Lighting: high-key seamless catalog lighting. Camera: vertical rise from base to label. No abstract shapes, no glass orbs, no crystal balls, no surreal spheres, no CGI blobs, no nebula, no galaxies, no fantasy energy, no particle portals, no impossible geometry, no melting objects, no dreamscape, no people, no faces, no hands, no bare skin, no needles penetrating skin, no injection act, no clinic patient scene, no gym, no lifestyle, no wellness claims, no nicknames, no supplements aesthetic. Quality: ultra detailed, extremely detailed, hyper-detailed, razor sharp focus, tack sharp, crystal clear, ultra sharp, 8k resolution, photorealistic, hyperrealistic, ultra realistic, HDR. creation motif 055/500 · LAB-055. Keep product identity and any on-screen research typography sharp and unchanged. For laboratory research use only. Not for human use or consumption.",Active,0,
PBVita-Lab-056,56,LAB-056,research_pens,dual research pens crossed at 15 degrees,"minimal overlap, symmetric composition","dual research pens crossed at 15 degrees on mirrored chrome instrument tray, low-key selective highlight on glass edges, fast resolve into locked hero frame",12,"ultra detailed, extremely detailed, hyper-detailed, razor sharp focus, tack sharp, crystal clear, ultra sharp, 8k resolution, photorealistic, hyperrealistic, ultra realistic, HDR",9:16,8,1080p,grok-imagine-image-quality,grok-imagine-video-1.5,2k,"Photoreal vertical 9:16 Palm Beach Vitality laboratory research catalog film, chemical research material only, premium American research aesthetic. PRIMARY SUBJECT (must be clearly recognizable, real laboratory object, sharp and centered): dual research pens crossed at 15 degrees. Physical detail: minimal overlap, symmetric composition. Setting surface: mirrored chrome instrument tray. Lighting: low-key selective highlight on glass edges. Camera: fast resolve into locked hero frame. No abstract shapes, no glass orbs, no crystal balls, no surreal spheres, no CGI blobs, no nebula, no galaxies, no fantasy energy, no particle portals, no impossible geometry, no melting objects, no dreamscape, no people, no faces, no hands, no bare skin, no needles penetrating skin, no injection act, no clinic patient scene, no gym, no lifestyle, no wellness claims, no nicknames, no supplements aesthetic. Quality: ultra detailed, extremely detailed, hyper-detailed, razor sharp focus, tack sharp, crystal clear, ultra sharp, 8k resolution, photorealistic, hyperrealistic, ultra realistic, HDR. creation motif 056/500 · LAB-056. Keep product identity and any on-screen research typography sharp and unchanged. For laboratory research use only. Not for human use or consumption.",Active,0,
PBVita-Lab-057,57,LAB-057,research_pens,research pen with color-coded ring marker,ring marker as inventory ID only,"research pen with color-coded ring marker on white melamine cleanroom table, soft rim light from behind, slow 360 degree orbit at eye level",12,"ultra detailed, extremely detailed, hyper-detailed, razor sharp focus, tack sharp, crystal clear, ultra sharp, 8k resolution, photorealistic, hyperrealistic, ultra realistic, HDR",9:16,8,1080p,grok-imagine-image-quality,grok-imagine-video-1.5,2k,"Photoreal vertical 9:16 Palm Beach Vitality laboratory research catalog film, chemical research material only, premium American research aesthetic. PRIMARY SUBJECT (must be clearly recognizable, real laboratory object, sharp and centered): research pen with color-coded ring marker. Physical detail: ring marker as inventory ID only. Setting surface: white melamine cleanroom table. Lighting: soft rim light from behind. Camera: slow 360 degree orbit at eye level. No abstract shapes, no glass orbs, no crystal balls, no surreal spheres, no CGI blobs, no nebula, no galaxies, no fantasy energy, no particle portals, no impossible geometry, no melting objects, no dreamscape, no people, no faces, no hands, no bare skin, no needles penetrating skin, no injection act, no clinic patient scene, no gym, no lifestyle, no wellness claims, no nicknames, no supplements aesthetic. Quality: ultra detailed, extremely detailed, hyper-detailed, razor sharp focus, tack sharp, crystal clear, ultra sharp, 8k resolution, photorealistic, hyperrealistic, ultra realistic, HDR. creation motif 057/500 · LAB-057. Keep product identity and any on-screen research typography sharp and unchanged. For laboratory research use only. Not for human use or consumption.",Active,0,
PBVita-Lab-058,58,LAB-058,research_pens,research pen barrel filled with clear solution,optical clarity of liquid emphasized,"research pen barrel filled with clear solution on textured slate sample board, cool clinical blue-white LED, extreme macro push-in",12,"ultra detailed, extremely detailed, hyper-detailed, razor sharp focus, tack sharp, crystal clear, ultra sharp, 8k resolution, photorealistic, hyperrealistic, ultra realistic, HDR",9:16,8,1080p,grok-imagine-image-quality,grok-imagine-video-1.5,2k,"Photoreal vertical 9:16 Palm Beach Vitality laboratory research catalog film, chemical research material only, premium American research aesthetic. PRIMARY SUBJECT (must be clearly recognizable, real laboratory object, sharp and centered): research pen barrel filled with clear solution. Physical detail: optical clarity of liquid emphasized. Setting surface: textured slate sample board. Lighting: cool clinical blue-white LED. Camera: extreme macro push-in. No abstract shapes, no glass orbs, no crystal balls, no surreal spheres, no CGI blobs, no nebula, no galaxies, no fantasy energy, no particle portals, no impossible geometry, no melting objects, no dreamscape, no people, no faces, no hands, no bare skin, no needles penetrating skin, no injection act, no clinic patient scene, no gym, no lifestyle, no wellness claims, no nicknames, no supplements aesthetic. Quality: ultra detailed, extremely detailed, hyper-detailed, razor sharp focus, tack sharp, crystal clear, ultra sharp, 8k resolution, photorealistic, hyperrealistic, ultra realistic, HDR. creation motif 058/500 · LAB-058. Keep product identity and any on-screen research typography sharp and unchanged. For laboratory research use only. Not for human use or consumption.",Active,0,
PBVita-Lab-059,59,LAB-059,research_pens,research pen on white infinity cyclorama,pure catalog seamless background,"research pen on white infinity cyclorama on soft gray seamless paper backdrop, single hard key light with controlled fill, gentle top-down descending move",12,"ultra detailed, extremely detailed, hyper-detailed, razor sharp focus, tack sharp, crystal clear, ultra sharp, 8k resolution, photorealistic, hyperrealistic, ultra realistic, HDR",9:16,8,1080p,grok-imagine-image-quality,grok-imagine-video-1.5,2k,"Photoreal vertical 9:16 Palm Beach Vitality laboratory research catalog film, chemical research material only, premium American research aesthetic. PRIMARY SUBJECT (must be clearly recognizable, real laboratory object, sharp and centered): research pen on white infinity cyclorama. Physical detail: pure catalog seamless background. Setting surface: soft gray seamless paper backdrop. Lighting: single hard key light with controlled fill. Camera: gentle top-down descending move. No abstract shapes, no glass orbs, no crystal balls, no surreal spheres, no CGI blobs, no nebula, no galaxies, no fantasy energy, no particle portals, no impossible geometry, no melting objects, no dreamscape, no people, no faces, no hands, no bare skin, no needles penetrating skin, no injection act, no clinic patient scene, no gym, no lifestyle, no wellness claims, no nicknames, no supplements aesthetic. Quality: ultra detailed, extremely detailed, hyper-detailed, razor sharp focus, tack sharp, crystal clear, ultra sharp, 8k resolution, photorealistic, hyperrealistic, ultra realistic, HDR. creation motif 059/500 · LAB-059. Keep product identity and any on-screen research typography sharp and unchanged. For laboratory research use only. Not for human use or consumption.",Active,0,
PBVita-Lab-060,60,LAB-060,research_pens,research pen silhouette edge-lit,"rim light outlining form, dark field","research pen silhouette edge-lit on anodized aluminum tray, soft overhead softbox, even catalog lighting, locked tripod hero frame with subtle push",12,"ultra detailed, extremely detailed, hyper-detailed, razor sharp focus, tack sharp, crystal clear, ultra sharp, 8k resolution, photorealistic, hyperrealistic, ultra realistic, HDR",9:16,8,1080p,grok-imagine-image-quality,grok-imagine-video-1.5,2k,"Photoreal vertical 9:16 Palm Beach Vitality laboratory research catalog film, chemical research material only, premium American research aesthetic. PRIMARY SUBJECT (must be clearly recognizable, real laboratory object, sharp and centered): research pen silhouette edge-lit. Physical detail: rim light outlining form, dark field. Setting surface: anodized aluminum tray. Lighting: soft overhead softbox, even catalog lighting. Camera: locked tripod hero frame with subtle push. No abstract shapes, no glass orbs, no crystal balls, no surreal spheres, no CGI blobs, no nebula, no galaxies, no fantasy energy, no particle portals, no impossible geometry, no melting objects, no dreamscape, no people, no faces, no hands, no bare skin, no needles penetrating skin, no injection act, no clinic patient scene, no gym, no lifestyle, no wellness claims, no nicknames, no supplements aesthetic. Quality: ultra detailed, extremely detailed, hyper-detailed, razor sharp focus, tack sharp, crystal clear, ultra sharp, 8k resolution, photorealistic, hyperrealistic, ultra realistic, HDR. creation motif 060/500 · LAB-060. Keep product identity and any on-screen research typography sharp and unchanged. For laboratory research use only. Not for human use or consumption.",Active,0,
PBVita-Lab-061,61,LAB-061,research_pens,compact travel research pen shorter body,"shorter form factor, capped","compact travel research pen shorter body on polished black reflective acrylic, warm neutral side light, still clinical, low angle tracking slide",12,"ultra detailed, extremely detailed, hyper-detailed, razor sharp focus, tack sharp, crystal clear, ultra sharp, 8k resolution, photorealistic, hyperrealistic, ultra realistic, HDR",9:16,8,1080p,grok-imagine-image-quality,grok-imagine-video-1.5,2k,"Photoreal vertical 9:16 Palm Beach Vitality laboratory research catalog film, chemical research material only, premium American research aesthetic. PRIMARY SUBJECT (must be clearly recognizable, real laboratory object, sharp and centered): compact travel research pen shorter body. Physical detail: shorter form factor, capped. Setting surface: polished black reflective acrylic. Lighting: warm neutral side light, still clinical. Camera: low angle tracking slide. No abstract shapes, no glass orbs, no crystal balls, no surreal spheres, no CGI blobs, no nebula, no galaxies, no fantasy energy, no particle portals, no impossible geometry, no melting objects, no dreamscape, no people, no faces, no hands, no bare skin, no needles penetrating skin, no injection act, no clinic patient scene, no gym, no lifestyle, no wellness claims, no nicknames, no supplements aesthetic. Quality: ultra detailed, extremely detailed, hyper-detailed, razor sharp focus, tack sharp, crystal clear, ultra sharp, 8k resolution, photorealistic, hyperrealistic, ultra realistic, HDR. creation motif 061/500 · LAB-061. Keep product identity and any on-screen research typography sharp and unchanged. For laboratory research use only. Not for human use or consumption.",Active,0,
PBVita-Lab-062,62,LAB-062,research_pens,research pen components laid out as kit,"barrel, cartridge, cap arranged linearly","research pen components laid out as kit on matte pure white infinity surface, split soft key and gentle bounce, circular arc that never fully completes",12,"ultra detailed, extremely detailed, hyper-detailed, razor sharp focus, tack sharp, crystal clear, ultra sharp, 8k resolution, photorealistic, hyperrealistic, ultra realistic, HDR",9:16,8,1080p,grok-imagine-image-quality,grok-imagine-video-1.5,2k,"Photoreal vertical 9:16 Palm Beach Vitality laboratory research catalog film, chemical research material only, premium American research aesthetic. PRIMARY SUBJECT (must be clearly recognizable, real laboratory object, sharp and centered): research pen components laid out as kit. Physical detail: barrel, cartridge, cap arranged linearly. Setting surface: matte pure white infinity surface. Lighting: split soft key and gentle bounce. Camera: circular arc that never fully completes. No abstract shapes, no glass orbs, no crystal balls, no surreal spheres, no CGI blobs, no nebula, no galaxies, no fantasy energy, no particle portals, no impossible geometry, no melting objects, no dreamscape, no people, no faces, no hands, no bare skin, no needles penetrating skin, no injection act, no clinic patient scene, no gym, no lifestyle, no wellness claims, no nicknames, no supplements aesthetic. Quality: ultra detailed, extremely detailed, hyper-detailed, razor sharp focus, tack sharp, crystal clear, ultra sharp, 8k resolution, photorealistic, hyperrealistic, ultra realistic, HDR. creation motif 062/500 · LAB-062. Keep product identity and any on-screen research typography sharp and unchanged. For laboratory research use only. Not for human use or consumption.",Active,0,
PBVita-Lab-063,63,LAB-063,research_pens,research pen clipped to lab coat pocket fabric still,"fabric swatch only, no person","research pen clipped to lab coat pocket fabric still on brushed stainless steel lab bench, high-key seamless catalog lighting, vertical rise from base to label",12,"ultra detailed, extremely detailed, hyper-detailed, razor sharp focus, tack sharp, crystal clear, ultra sharp, 8k resolution, photorealistic, hyperrealistic, ultra realistic, HDR",9:16,8,1080p,grok-imagine-image-quality,grok-imagine-video-1.5,2k,"Photoreal vertical 9:16 Palm Beach Vitality laboratory research catalog film, chemical research material only, premium American research aesthetic. PRIMARY SUBJECT (must be clearly recognizable, real laboratory object, sharp and centered): research pen clipped to lab coat pocket fabric still. Physical detail: fabric swatch only, no person. Setting surface: brushed stainless steel lab bench. Lighting: high-key seamless catalog lighting. Camera: vertical rise from base to label. No abstract shapes, no glass orbs, no crystal balls, no surreal spheres, no CGI blobs, no nebula, no galaxies, no fantasy energy, no particle portals, no impossible geometry, no melting objects, no dreamscape, no people, no faces, no hands, no bare skin, no needles penetrating skin, no injection act, no clinic patient scene, no gym, no lifestyle, no wellness claims, no nicknames, no supplements aesthetic. Quality: ultra detailed, extremely detailed, hyper-detailed, razor sharp focus, tack sharp, crystal clear, ultra sharp, 8k resolution, photorealistic, hyperrealistic, ultra realistic, HDR. creation motif 063/500 · LAB-063. Keep product identity and any on-screen research typography sharp and unchanged. For laboratory research use only. Not for human use or consumption.",Active,0,
PBVita-Lab-064,64,LAB-064,research_pens,research pen on brushed aluminum tray,"anodized tray, clinical metal","research pen on brushed aluminum tray on dark charcoal epoxy resin countertop, low-key selective highlight on glass edges, fast resolve into locked hero frame",12,"ultra detailed, extremely detailed, hyper-detailed, razor sharp focus, tack sharp, crystal clear, ultra sharp, 8k resolution, photorealistic, hyperrealistic, ultra realistic, HDR",9:16,8,1080p,grok-imagine-image-quality,grok-imagine-video-1.5,2k,"Photoreal vertical 9:16 Palm Beach Vitality laboratory research catalog film, chemical research material only, premium American research aesthetic. PRIMARY SUBJECT (must be clearly recognizable, real laboratory object, sharp and centered): research pen on brushed aluminum tray. Physical detail: anodized tray, clinical metal. Setting surface: dark charcoal epoxy resin countertop. Lighting: low-key selective highlight on glass edges. Camera: fast resolve into locked hero frame. No abstract shapes, no glass orbs, no crystal balls, no surreal spheres, no CGI blobs, no nebula, no galaxies, no fantasy energy, no particle portals, no impossible geometry, no melting objects, no dreamscape, no people, no faces, no hands, no bare skin, no needles penetrating skin, no injection act, no clinic patient scene, no gym, no lifestyle, no wellness claims, no nicknames, no supplements aesthetic. Quality: ultra detailed, extremely detailed, hyper-detailed, razor sharp focus, tack sharp, crystal clear, ultra sharp, 8k resolution, photorealistic, hyperrealistic, ultra realistic, HDR. creation motif 064/500 · LAB-064. Keep product identity and any on-screen research typography sharp and unchanged. For laboratory research use only. Not for human use or consumption.",Active,0,
PBVita-Lab-065,65,LAB-065,research_pens,research pen with protective tip shield locked,"safety shield engaged, product-safe","research pen with protective tip shield locked on cool gray ceramic tile, soft rim light from behind, slow 360 degree orbit at eye level",12,"ultra detailed, extremely detailed, hyper-detailed, razor sharp focus, tack sharp, crystal clear, ultra sharp, 8k resolution, photorealistic, hyperrealistic, ultra realistic, HDR",9:16,8,1080p,grok-imagine-image-quality,grok-imagine-video-1.5,2k,"Photoreal vertical 9:16 Palm Beach Vitality laboratory research catalog film, chemical research material only, premium American research aesthetic. PRIMARY SUBJECT (must be clearly recognizable, real laboratory object, sharp and centered): research pen with protective tip shield locked. Physical detail: safety shield engaged, product-safe. Setting surface: cool gray ceramic tile. Lighting: soft rim light from behind. Camera: slow 360 degree orbit at eye level. No abstract shapes, no glass orbs, no crystal balls, no surreal spheres, no CGI blobs, no nebula, no galaxies, no fantasy energy, no particle portals, no impossible geometry, no melting objects, no dreamscape, no people, no faces, no hands, no bare skin, no needles penetrating skin, no injection act, no clinic patient scene, no gym, no lifestyle, no wellness claims, no nicknames, no supplements aesthetic. Quality: ultra detailed, extremely detailed, hyper-detailed, razor sharp focus, tack sharp, crystal clear, ultra sharp, 8k resolution, photorealistic, hyperrealistic, ultra realistic, HDR. creation motif 065/500 · LAB-065. Keep product identity and any on-screen research typography sharp and unchanged. For laboratory research use only. Not for human use or consumption.",Active,0,
PBVita-Lab-066,66,LAB-066,glassware,borosilicate Erlenmeyer flask 250ml empty,"classic flask, frosted marking spot","borosilicate Erlenmeyer flask 250ml empty on mirrored chrome instrument tray, cool clinical blue-white LED, extreme macro push-in",12,"ultra detailed, extremely detailed, hyper-detailed, razor sharp focus, tack sharp, crystal clear, ultra sharp, 8k resolution, photorealistic, hyperrealistic, ultra realistic, HDR",9:16,8,1080p,grok-imagine-image-quality,grok-imagine-video-1.5,2k,"Photoreal vertical 9:16 Palm Beach Vitality laboratory research catalog film, chemical research material only, premium American research aesthetic. PRIMARY SUBJECT (must be clearly recognizable, real laboratory object, sharp and centered): borosilicate Erlenmeyer flask 250ml empty. Physical detail: classic flask, frosted marking spot. Setting surface: mirrored chrome instrument tray. Lighting: cool clinical blue-white LED. Camera: extreme macro push-in. No abstract shapes, no glass orbs, no crystal balls, no surreal spheres, no CGI blobs, no nebula, no galaxies, no fantasy energy, no particle portals, no impossible geometry, no melting objects, no dreamscape, no people, no faces, no hands, no bare skin, no needles penetrating skin, no injection act, no clinic patient scene, no gym, no lifestyle, no wellness claims, no nicknames, no supplements aesthetic. Quality: ultra detailed, extremely detailed, hyper-detailed, razor sharp focus, tack sharp, crystal clear, ultra sharp, 8k resolution, photorealistic, hyperrealistic, ultra realistic, HDR. creation motif 066/500 · LAB-066. Keep product identity and any on-screen research typography sharp and unchanged. For laboratory research use only. Not for human use or consumption.",Active,0,
PBVita-Lab-067,67,LAB-067,glassware,Erlenmeyer flask with clear buffer solution,"liquid to marked line, no foam overflow","Erlenmeyer flask with clear buffer solution on white melamine cleanroom table, single hard key light with controlled fill, gentle top-down descending move",12,"ultra detailed, extremely detailed, hyper-detailed, razor sharp focus, tack sharp, crystal clear, ultra sharp, 8k resolution, photorealistic, hyperrealistic, ultra realistic, HDR",9:16,8,1080p,grok-imagine-image-quality,grok-imagine-video-1.5,2k,"Photoreal vertical 9:16 Palm Beach Vitality laboratory research catalog film, chemical research material only, premium American research aesthetic. PRIMARY SUBJECT (must be clearly recognizable, real laboratory object, sharp and centered): Erlenmeyer flask with clear buffer solution. Physical detail: liquid to marked line, no foam overflow. Setting surface: white melamine cleanroom table. Lighting: single hard key light with controlled fill. Camera: gentle top-down descending move. No abstract shapes, no glass orbs, no crystal balls, no surreal spheres, no CGI blobs, no nebula, no galaxies, no fantasy energy, no particle portals, no impossible geometry, no melting objects, no dreamscape, no people, no faces, no hands, no bare skin, no needles penetrating skin, no injection act, no clinic patient scene, no gym, no lifestyle, no wellness claims, no nicknames, no supplements aesthetic. Quality: ultra detailed, extremely detailed, hyper-detailed, razor sharp focus, tack sharp, crystal clear, ultra sharp, 8k resolution, photorealistic, hyperrealistic, ultra realistic, HDR. creation motif 067/500 · LAB-067. Keep product identity and any on-screen research typography sharp and unchanged. For laboratory research use only. Not for human use or consumption.",Active,0,
PBVita-Lab-068,68,LAB-068,glassware,volumetric flask with stopper,"class A volumetric flask, ground glass stopper","volumetric flask with stopper on textured slate sample board, soft overhead softbox, even catalog lighting, locked tripod hero frame with subtle push",12,"ultra detailed, extremely detailed, hyper-detailed, razor sharp focus, tack sharp, crystal clear, ultra sharp, 8k resolution, photorealistic, hyperrealistic, ultra realistic, HDR",9:16,8,1080p,grok-imagine-image-quality,grok-imagine-video-1.5,2k,"Photoreal vertical 9:16 Palm Beach Vitality laboratory research catalog film, chemical research material only, premium American research aesthetic. PRIMARY SUBJECT (must be clearly recognizable, real laboratory object, sharp and centered): volumetric flask with stopper. Physical detail: class A volumetric flask, ground glass stopper. Setting surface: textured slate sample board. Lighting: soft overhead softbox, even catalog lighting. Camera: locked tripod hero frame with subtle push. No abstract shapes, no glass orbs, no crystal balls, no surreal spheres, no CGI blobs, no nebula, no galaxies, no fantasy energy, no particle portals, no impossible geometry, no melting objects, no dreamscape, no people, no faces, no hands, no bare skin, no needles penetrating skin, no injection act, no clinic patient scene, no gym, no lifestyle, no wellness claims, no nicknames, no supplements aesthetic. Quality: ultra detailed, extremely detailed, hyper-detailed, razor sharp focus, tack sharp, crystal clear, ultra sharp, 8k resolution, photorealistic, hyperrealistic, ultra realistic, HDR. creation motif 068/500 · LAB-068. Keep product identity and any on-screen research typography sharp and unchanged. For laboratory research use only. Not for human use or consumption.",Active,0,
PBVita-Lab-069,69,LAB-069,glassware,graduated cylinder 100ml on stand,clear graduations facing camera,"graduated cylinder 100ml on stand on soft gray seamless paper backdrop, warm neutral side light, still clinical, low angle tracking slide",12,"ultra detailed, extremely detailed, hyper-detailed, razor sharp focus, tack sharp, crystal clear, ultra sharp, 8k resolution, photorealistic, hyperrealistic, ultra realistic, HDR",9:16,8,1080p,grok-imagine-image-quality,grok-imagine-video-1.5,2k,"Photoreal vertical 9:16 Palm Beach Vitality laboratory research catalog film, chemical research material only, premium American research aesthetic. PRIMARY SUBJECT (must be clearly recognizable, real laboratory object, sharp and centered): graduated cylinder 100ml on stand. Physical detail: clear graduations facing camera. Setting surface: soft gray seamless paper backdrop. Lighting: warm neutral side light, still clinical. Camera: low angle tracking slide. No abstract shapes, no glass orbs, no crystal balls, no surreal spheres, no CGI blobs, no nebula, no galaxies, no fantasy energy, no particle portals, no impossible geometry, no melting objects, no dreamscape, no people, no faces, no hands, no bare skin, no needles penetrating skin, no injection act, no clinic patient scene, no gym, no lifestyle, no wellness claims, no nicknames, no supplements aesthetic. Quality: ultra detailed, extremely detailed, hyper-detailed, razor sharp focus, tack sharp, crystal clear, ultra sharp, 8k resolution, photorealistic, hyperrealistic, ultra realistic, HDR. creation motif 069/500 · LAB-069. Keep product identity and any on-screen research typography sharp and unchanged. For laboratory research use only. Not for human use or consumption.",Active,0,
PBVita-Lab-070,70,LAB-070,glassware,beaker 600ml with pouring spout,"heavy wall beaker, spout detail","beaker 600ml with pouring spout on anodized aluminum tray, split soft key and gentle bounce, circular arc that never fully completes",12,"ultra detailed, extremely detailed, hyper-detailed, razor sharp focus, tack sharp, crystal clear, ultra sharp, 8k resolution, photorealistic, hyperrealistic, ultra realistic, HDR",9:16,8,1080p,grok-imagine-image-quality,grok-imagine-video-1.5,2k,"Photoreal vertical 9:16 Palm Beach Vitality laboratory research catalog film, chemical research material only, premium American research aesthetic. PRIMARY SUBJECT (must be clearly recognizable, real laboratory object, sharp and centered): beaker 600ml with pouring spout. Physical detail: heavy wall beaker, spout detail. Setting surface: anodized aluminum tray. Lighting: split soft key and gentle bounce. Camera: circular arc that never fully completes. No abstract shapes, no glass orbs, no crystal balls, no surreal spheres, no CGI blobs, no nebula, no galaxies, no fantasy energy, no particle portals, no impossible geometry, no melting objects, no dreamscape, no people, no faces, no hands, no bare skin, no needles penetrating skin, no injection act, no clinic patient scene, no gym, no lifestyle, no wellness claims, no nicknames, no supplements aesthetic. Quality: ultra detailed, extremely detailed, hyper-detailed, razor sharp focus, tack sharp, crystal clear, ultra sharp, 8k resolution, photorealistic, hyperrealistic, ultra realistic, HDR. creation motif 070/500 · LAB-070. Keep product identity and any on-screen research typography sharp and unchanged. For laboratory research use only. Not for human use or consumption.",Active,0,
PBVita-Lab-071,71,LAB-071,glassware,beaker nest set of three,"stacked sizes, clinical arrangement","beaker nest set of three on polished black reflective acrylic, high-key seamless catalog lighting, vertical rise from base to label",12,"ultra detailed, extremely detailed, hyper-detailed, razor sharp focus, tack sharp, crystal clear, ultra sharp, 8k resolution, photorealistic, hyperrealistic, ultra realistic, HDR",9:16,8,1080p,grok-imagine-image-quality,grok-imagine-video-1.5,2k,"Photoreal vertical 9:16 Palm Beach Vitality laboratory research catalog film, chemical research material only, premium American research aesthetic. PRIMARY SUBJECT (must be clearly recognizable, real laboratory object, sharp and centered): beaker nest set of three. Physical detail: stacked sizes, clinical arrangement. Setting surface: polished black reflective acrylic. Lighting: high-key seamless catalog lighting. Camera: vertical rise from base to label. No abstract shapes, no glass orbs, no crystal balls, no surreal spheres, no CGI blobs, no nebula, no galaxies, no fantasy energy, no particle portals, no impossible geometry, no melting objects, no dreamscape, no people, no faces, no hands, no bare skin, no needles penetrating skin, no injection act, no clinic patient scene, no gym, no lifestyle, no wellness claims, no nicknames, no supplements aesthetic. Quality: ultra detailed, extremely detailed, hyper-detailed, razor sharp focus, tack sharp, crystal clear, ultra sharp, 8k resolution, photorealistic, hyperrealistic, ultra realistic, HDR. creation motif 071/500 · LAB-071. Keep product identity and any on-screen research typography sharp and unchanged. For laboratory research use only. Not for human use or consumption.",Active,0,
PBVita-Lab-072,72,LAB-072,glassware,round-bottom flask on cork ring,flask seated in cork support ring,"round-bottom flask on cork ring on matte pure white infinity surface, low-key selective highlight on glass edges, fast resolve into locked hero frame",12,"ultra detailed, extremely detailed, hyper-detailed, razor sharp focus, tack sharp, crystal clear, ultra sharp, 8k resolution, photorealistic, hyperrealistic, ultra realistic, HDR",9:16,8,1080p,grok-imagine-image-quality,grok-imagine-video-1.5,2k,"Photoreal vertical 9:16 Palm Beach Vitality laboratory research catalog film, chemical research material only, premium American research aesthetic. PRIMARY SUBJECT (must be clearly recognizable, real laboratory object, sharp and centered): round-bottom flask on cork ring. Physical detail: flask seated in cork support ring. Setting surface: matte pure white infinity surface. Lighting: low-key selective highlight on glass edges. Camera: fast resolve into locked hero frame. No abstract shapes, no glass orbs, no crystal balls, no surreal spheres, no CGI blobs, no nebula, no galaxies, no fantasy energy, no particle portals, no impossible geometry, no melting objects, no dreamscape, no people, no faces, no hands, no bare skin, no needles penetrating skin, no injection act, no clinic patient scene, no gym, no lifestyle, no wellness claims, no nicknames, no supplements aesthetic. Quality: ultra detailed, extremely detailed, hyper-detailed, razor sharp focus, tack sharp, crystal clear, ultra sharp, 8k resolution, photorealistic, hyperrealistic, ultra realistic, HDR. creation motif 072/500 · LAB-072. Keep product identity and any on-screen research typography sharp and unchanged. For laboratory research use only. Not for human use or consumption.",Active,0,
PBVita-Lab-073,73,LAB-073,glassware,three-neck flask dry,"complex glass joint geometry, product still","three-neck flask dry on brushed stainless steel lab bench, soft rim light from behind, slow 360 degree orbit at eye level",12,"ultra detailed, extremely detailed, hyper-detailed, razor sharp focus, tack sharp, crystal clear, ultra sharp, 8k resolution, photorealistic, hyperrealistic, ultra realistic, HDR",9:16,8,1080p,grok-imagine-image-quality,grok-imagine-video-1.5,2k,"Photoreal vertical 9:16 Palm Beach Vitality laboratory research catalog film, chemical research material only, premium American research aesthetic. PRIMARY SUBJECT (must be clearly recognizable, real laboratory object, sharp and centered): three-neck flask dry. Physical detail: complex glass joint geometry, product still. Setting surface: brushed stainless steel lab bench. Lighting: soft rim light from behind. Camera: slow 360 degree orbit at eye level. No abstract shapes, no glass orbs, no crystal balls, no surreal spheres, no CGI blobs, no nebula, no galaxies, no fantasy energy, no particle portals, no impossible geometry, no melting objects, no dreamscape, no people, no faces, no hands, no bare skin, no needles penetrating skin, no injection act, no clinic patient scene, no gym, no lifestyle, no wellness claims, no nicknames, no supplements aesthetic. Quality: ultra detailed, extremely detailed, hyper-detailed, razor sharp focus, tack sharp, crystal clear, ultra sharp, 8k resolution, photorealistic, hyperrealistic, ultra realistic, HDR. creation motif 073/500 · LAB-073. Keep product identity and any on-screen research typography sharp and unchanged. For laboratory research use only. Not for human use or consumption.",Active,0,
PBVita-Lab-074,74,LAB-074,glassware,condenser glass column horizontal,Liebig-style condenser as object,"condenser glass column horizontal on dark charcoal epoxy resin countertop, cool clinical blue-white LED, extreme macro push-in",12,"ultra detailed, extremely detailed, hyper-detailed, razor sharp focus, tack sharp, crystal clear, ultra sharp, 8k resolution, photorealistic, hyperrealistic, ultra realistic, HDR",9:16,8,1080p,grok-imagine-image-quality,grok-imagine-video-1.5,2k,"Photoreal vertical 9:16 Palm Beach Vitality laboratory research catalog film, chemical research material only, premium American research aesthetic. PRIMARY SUBJECT (must be clearly recognizable, real laboratory object, sharp and centered): condenser glass column horizontal. Physical detail: Liebig-style condenser as object. Setting surface: dark charcoal epoxy resin countertop. Lighting: cool clinical blue-white LED. Camera: extreme macro push-in. No abstract shapes, no glass orbs, no crystal balls, no surreal spheres, no CGI blobs, no nebula, no galaxies, no fantasy energy, no particle portals, no impossible geometry, no melting objects, no dreamscape, no people, no faces, no hands, no bare skin, no needles penetrating skin, no injection act, no clinic patient scene, no gym, no lifestyle, no wellness claims, no nicknames, no supplements aesthetic. Quality: ultra detailed, extremely detailed, hyper-detailed, razor sharp focus, tack sharp, crystal clear, ultra sharp, 8k resolution, photorealistic, hyperrealistic, ultra realistic, HDR. creation motif 074/500 · LAB-074. Keep product identity and any on-screen research typography sharp and unchanged. For laboratory research use only. Not for human use or consumption.",Active,0,
PBVita-Lab-075,75,LAB-075,glassware,separatory funnel closed stopcock,"pear-shaped funnel, PTFE stopcock","separatory funnel closed stopcock on cool gray ceramic tile, single hard key light with controlled fill, gentle top-down descending move",12,"ultra detailed, extremely detailed, hyper-detailed, razor sharp focus, tack sharp, crystal clear, ultra sharp, 8k resolution, photorealistic, hyperrealistic, ultra realistic, HDR",9:16,8,1080p,grok-imagine-image-quality,grok-imagine-video-1.5,2k,"Photoreal vertical 9:16 Palm Beach Vitality laboratory research catalog film, chemical research material only, premium American research aesthetic. PRIMARY SUBJECT (must be clearly recognizable, real laboratory object, sharp and centered): separatory funnel closed stopcock. Physical detail: pear-shaped funnel, PTFE stopcock. Setting surface: cool gray ceramic tile. Lighting: single hard key light with controlled fill. Camera: gentle top-down descending move. No abstract shapes, no glass orbs, no crystal balls, no surreal spheres, no CGI blobs, no nebula, no galaxies, no fantasy energy, no particle portals, no impossible geometry, no melting objects, no dreamscape, no people, no faces, no hands, no bare skin, no needles penetrating skin, no injection act, no clinic patient scene, no gym, no lifestyle, no wellness claims, no nicknames, no supplements aesthetic. Quality: ultra detailed, extremely detailed, hyper-detailed, razor sharp focus, tack sharp, crystal clear, ultra sharp, 8k resolution, photorealistic, hyperrealistic, ultra realistic, HDR. creation motif 075/500 · LAB-075. Keep product identity and any on-screen research typography sharp and unchanged. For laboratory research use only. Not for human use or consumption.",Active,0,
PBVita-Lab-076,76,LAB-076,glassware,Petri dish closed sterile,"clear dish, condensation-free","Petri dish closed sterile on mirrored chrome instrument tray, soft overhead softbox, even catalog lighting, locked tripod hero frame with subtle push",12,"ultra detailed, extremely detailed, hyper-detailed, razor sharp focus, tack sharp, crystal clear, ultra sharp, 8k resolution, photorealistic, hyperrealistic, ultra realistic, HDR",9:16,8,1080p,grok-imagine-image-quality,grok-imagine-video-1.5,2k,"Photoreal vertical 9:16 Palm Beach Vitality laboratory research catalog film, chemical research material only, premium American research aesthetic. PRIMARY SUBJECT (must be clearly recognizable, real laboratory object, sharp and centered): Petri dish closed sterile. Physical detail: clear dish, condensation-free. Setting surface: mirrored chrome instrument tray. Lighting: soft overhead softbox, even catalog lighting. Camera: locked tripod hero frame with subtle push. No abstract shapes, no glass orbs, no crystal balls, no surreal spheres, no CGI blobs, no nebula, no galaxies, no fantasy energy, no particle portals, no impossible geometry, no melting objects, no dreamscape, no people, no faces, no hands, no bare skin, no needles penetrating skin, no injection act, no clinic patient scene, no gym, no lifestyle, no wellness claims, no nicknames, no supplements aesthetic. Quality: ultra detailed, extremely detailed, hyper-detailed, razor sharp focus, tack sharp, crystal clear, ultra sharp, 8k resolution, photorealistic, hyperrealistic, ultra realistic, HDR. creation motif 076/500 · LAB-076. Keep product identity and any on-screen research typography sharp and unchanged. For laboratory research use only. Not for human use or consumption.",Active,0,
PBVita-Lab-077,77,LAB-077,glassware,stack of Petri dishes,"three dishes nested, label areas blank","stack of Petri dishes on white melamine cleanroom table, warm neutral side light, still clinical, low angle tracking slide",12,"ultra detailed, extremely detailed, hyper-detailed, razor sharp focus, tack sharp, crystal clear, ultra sharp, 8k resolution, photorealistic, hyperrealistic, ultra realistic, HDR",9:16,8,1080p,grok-imagine-image-quality,grok-imagine-video-1.5,2k,"Photoreal vertical 9:16 Palm Beach Vitality laboratory research catalog film, chemical research material only, premium American research aesthetic. PRIMARY SUBJECT (must be clearly recognizable, real laboratory object, sharp and centered): stack of Petri dishes. Physical detail: three dishes nested, label areas blank. Setting surface: white melamine cleanroom table. Lighting: warm neutral side light, still clinical. Camera: low angle tracking slide. No abstract shapes, no glass orbs, no crystal balls, no surreal spheres, no CGI blobs, no nebula, no galaxies, no fantasy energy, no particle portals, no impossible geometry, no melting objects, no dreamscape, no people, no faces, no hands, no bare skin, no needles penetrating skin, no injection act, no clinic patient scene, no gym, no lifestyle, no wellness claims, no nicknames, no supplements aesthetic. Quality: ultra detailed, extremely detailed, hyper-detailed, razor sharp focus, tack sharp, crystal clear, ultra sharp, 8k resolution, photorealistic, hyperrealistic, ultra realistic, HDR. creation motif 077/500 · LAB-077. Keep product identity and any on-screen research typography sharp and unchanged. For laboratory research use only. Not for human use or consumption.",Active,0,
PBVita-Lab-078,78,LAB-078,glassware,watch glass covering a beaker,classic cover glass still life,"watch glass covering a beaker on textured slate sample board, split soft key and gentle bounce, circular arc that never fully completes",12,"ultra detailed, extremely detailed, hyper-detailed, razor sharp focus, tack sharp, crystal clear, ultra sharp, 8k resolution, photorealistic, hyperrealistic, ultra realistic, HDR",9:16,8,1080p,grok-imagine-image-quality,grok-imagine-video-1.5,2k,"Photoreal vertical 9:16 Palm Beach Vitality laboratory research catalog film, chemical research material only, premium American research aesthetic. PRIMARY SUBJECT (must be clearly recognizable, real laboratory object, sharp and centered): watch glass covering a beaker. Physical detail: classic cover glass still life. Setting surface: textured slate sample board. Lighting: split soft key and gentle bounce. Camera: circular arc that never fully completes. No abstract shapes, no glass orbs, no crystal balls, no surreal spheres, no CGI blobs, no nebula, no galaxies, no fantasy energy, no particle portals, no impossible geometry, no melting objects, no dreamscape, no people, no faces, no hands, no bare skin, no needles penetrating skin, no injection act, no clinic patient scene, no gym, no lifestyle, no wellness claims, no nicknames, no supplements aesthetic. Quality: ultra detailed, extremely detailed, hyper-detailed, razor sharp focus, tack sharp, crystal clear, ultra sharp, 8k resolution, photorealistic, hyperrealistic, ultra realistic, HDR. creation motif 078/500 · LAB-078. Keep product identity and any on-screen research typography sharp and unchanged. For laboratory research use only. Not for human use or consumption.",Active,0,
PBVita-Lab-079,79,LAB-079,glassware,glass stirring rod on ceramic tile,"solid rod, fire-polished ends","glass stirring rod on ceramic tile on soft gray seamless paper backdrop, high-key seamless catalog lighting, vertical rise from base to label",12,"ultra detailed, extremely detailed, hyper-detailed, razor sharp focus, tack sharp, crystal clear, ultra sharp, 8k resolution, photorealistic, hyperrealistic, ultra realistic, HDR",9:16,8,1080p,grok-imagine-image-quality,grok-imagine-video-1.5,2k,"Photoreal vertical 9:16 Palm Beach Vitality laboratory research catalog film, chemical research material only, premium American research aesthetic. PRIMARY SUBJECT (must be clearly recognizable, real laboratory object, sharp and centered): glass stirring rod on ceramic tile. Physical detail: solid rod, fire-polished ends. Setting surface: soft gray seamless paper backdrop. Lighting: high-key seamless catalog lighting. Camera: vertical rise from base to label. No abstract shapes, no glass orbs, no crystal balls, no surreal spheres, no CGI blobs, no nebula, no galaxies, no fantasy energy, no particle portals, no impossible geometry, no melting objects, no dreamscape, no people, no faces, no hands, no bare skin, no needles penetrating skin, no injection act, no clinic patient scene, no gym, no lifestyle, no wellness claims, no nicknames, no supplements aesthetic. Quality: ultra detailed, extremely detailed, hyper-detailed, razor sharp focus, tack sharp, crystal clear, ultra sharp, 8k resolution, photorealistic, hyperrealistic, ultra realistic, HDR. creation motif 079/500 · LAB-079. Keep product identity and any on-screen research typography sharp and unchanged. For laboratory research use only. Not for human use or consumption.",Active,0,
PBVita-Lab-080,80,LAB-080,glassware,reagent bottle with glass stopper,ground-glass stopper bottle,"reagent bottle with glass stopper on anodized aluminum tray, low-key selective highlight on glass edges, fast resolve into locked hero frame",12,"ultra detailed, extremely detailed, hyper-detailed, razor sharp focus, tack sharp, crystal clear, ultra sharp, 8k resolution, photorealistic, hyperrealistic, ultra realistic, HDR",9:16,8,1080p,grok-imagine-image-quality,grok-imagine-video-1.5,2k,"Photoreal vertical 9:16 Palm Beach Vitality laboratory research catalog film, chemical research material only, premium American research aesthetic. PRIMARY SUBJECT (must be clearly recognizable, real laboratory object, sharp and centered): reagent bottle with glass stopper. Physical detail: ground-glass stopper bottle. Setting surface: anodized aluminum tray. Lighting: low-key selective highlight on glass edges. Camera: fast resolve into locked hero frame. No abstract shapes, no glass orbs, no crystal balls, no surreal spheres, no CGI blobs, no nebula, no galaxies, no fantasy energy, no particle portals, no impossible geometry, no melting objects, no dreamscape, no people, no faces, no hands, no bare skin, no needles penetrating skin, no injection act, no clinic patient scene, no gym, no lifestyle, no wellness claims, no nicknames, no supplements aesthetic. Quality: ultra detailed, extremely detailed, hyper-detailed, razor sharp focus, tack sharp, crystal clear, ultra sharp, 8k resolution, photorealistic, hyperrealistic, ultra realistic, HDR. creation motif 080/500 · LAB-080. Keep product identity and any on-screen research typography sharp and unchanged. For laboratory research use only. Not for human use or consumption.",Active,0,
PBVita-Lab-081,81,LAB-081,glassware,Buchner flask side arm,"vacuum flask, thick glass","Buchner flask side arm on polished black reflective acrylic, soft rim light from behind, slow 360 degree orbit at eye level",12,"ultra detailed, extremely detailed, hyper-detailed, razor sharp focus, tack sharp, crystal clear, ultra sharp, 8k resolution, photorealistic, hyperrealistic, ultra realistic, HDR",9:16,8,1080p,grok-imagine-image-quality,grok-imagine-video-1.5,2k,"Photoreal vertical 9:16 Palm Beach Vitality laboratory research catalog film, chemical research material only, premium American research aesthetic. PRIMARY SUBJECT (must be clearly recognizable, real laboratory object, sharp and centered): Buchner flask side arm. Physical detail: vacuum flask, thick glass. Setting surface: polished black reflective acrylic. Lighting: soft rim light from behind. Camera: slow 360 degree orbit at eye level. No abstract shapes, no glass orbs, no crystal balls, no surreal spheres, no CGI blobs, no nebula, no galaxies, no fantasy energy, no particle portals, no impossible geometry, no melting objects, no dreamscape, no people, no faces, no hands, no bare skin, no needles penetrating skin, no injection act, no clinic patient scene, no gym, no lifestyle, no wellness claims, no nicknames, no supplements aesthetic. Quality: ultra detailed, extremely detailed, hyper-detailed, razor sharp focus, tack sharp, crystal clear, ultra sharp, 8k resolution, photorealistic, hyperrealistic, ultra realistic, HDR. creation motif 081/500 · LAB-081. Keep product identity and any on-screen research typography sharp and unchanged. For laboratory research use only. Not for human use or consumption.",Active,0,
PBVita-Lab-082,82,LAB-082,glassware,filter funnel in ring stand clamp,"funnel clamped, no liquid pour in progress","filter funnel in ring stand clamp on matte pure white infinity surface, cool clinical blue-white LED, extreme macro push-in",12,"ultra detailed, extremely detailed, hyper-detailed, razor sharp focus, tack sharp, crystal clear, ultra sharp, 8k resolution, photorealistic, hyperrealistic, ultra realistic, HDR",9:16,8,1080p,grok-imagine-image-quality,grok-imagine-video-1.5,2k,"Photoreal vertical 9:16 Palm Beach Vitality laboratory research catalog film, chemical research material only, premium American research aesthetic. PRIMARY SUBJECT (must be clearly recognizable, real laboratory object, sharp and centered): filter funnel in ring stand clamp. Physical detail: funnel clamped, no liquid pour in progress. Setting surface: matte pure white infinity surface. Lighting: cool clinical blue-white LED. Camera: extreme macro push-in. No abstract shapes, no glass orbs, no crystal balls, no surreal spheres, no CGI blobs, no nebula, no galaxies, no fantasy energy, no particle portals, no impossible geometry, no melting objects, no dreamscape, no people, no faces, no hands, no bare skin, no needles penetrating skin, no injection act, no clinic patient scene, no gym, no lifestyle, no wellness claims, no nicknames, no supplements aesthetic. Quality: ultra detailed, extremely detailed, hyper-detailed, razor sharp focus, tack sharp, crystal clear, ultra sharp, 8k resolution, photorealistic, hyperrealistic, ultra realistic, HDR. creation motif 082/500 · LAB-082. Keep product identity and any on-screen research typography sharp and unchanged. For laboratory research use only. Not for human use or consumption.",Active,0,
PBVita-Lab-083,83,LAB-083,glassware,test tube rack with six empty tubes,wooden or polypropylene rack filled,"test tube rack with six empty tubes on brushed stainless steel lab bench, single hard key light with controlled fill, gentle top-down descending move",12,"ultra detailed, extremely detailed, hyper-detailed, razor sharp focus, tack sharp, crystal clear, ultra sharp, 8k resolution, photorealistic, hyperrealistic, ultra realistic, HDR",9:16,8,1080p,grok-imagine-image-quality,grok-imagine-video-1.5,2k,"Photoreal vertical 9:16 Palm Beach Vitality laboratory research catalog film, chemical research material only, premium American research aesthetic. PRIMARY SUBJECT (must be clearly recognizable, real laboratory object, sharp and centered): test tube rack with six empty tubes. Physical detail: wooden or polypropylene rack filled. Setting surface: brushed stainless steel lab bench. Lighting: single hard key light with controlled fill. Camera: gentle top-down descending move. No abstract shapes, no glass orbs, no crystal balls, no surreal spheres, no CGI blobs, no nebula, no galaxies, no fantasy energy, no particle portals, no impossible geometry, no melting objects, no dreamscape, no people, no faces, no hands, no bare skin, no needles penetrating skin, no injection act, no clinic patient scene, no gym, no lifestyle, no wellness claims, no nicknames, no supplements aesthetic. Quality: ultra detailed, extremely detailed, hyper-detailed, razor sharp focus, tack sharp, crystal clear, ultra sharp, 8k resolution, photorealistic, hyperrealistic, ultra realistic, HDR. creation motif 083/500 · LAB-083. Keep product identity and any on-screen research typography sharp and unchanged. For laboratory research use only. Not for human use or consumption.",Active,0,
PBVita-Lab-084,84,LAB-084,glassware,single test tube with clear solution,tube upright in single well,"single test tube with clear solution on dark charcoal epoxy resin countertop, soft overhead softbox, even catalog lighting, locked tripod hero frame with subtle push",12,"ultra detailed, extremely detailed, hyper-detailed, razor sharp focus, tack sharp, crystal clear, ultra sharp, 8k resolution, photorealistic, hyperrealistic, ultra realistic, HDR",9:16,8,1080p,grok-imagine-image-quality,grok-imagine-video-1.5,2k,"Photoreal vertical 9:16 Palm Beach Vitality laboratory research catalog film, chemical research material only, premium American research aesthetic. PRIMARY SUBJECT (must be clearly recognizable, real laboratory object, sharp and centered): single test tube with clear solution. Physical detail: tube upright in single well. Setting surface: dark charcoal epoxy resin countertop. Lighting: soft overhead softbox, even catalog lighting. Camera: locked tripod hero frame with subtle push. No abstract shapes, no glass orbs, no crystal balls, no surreal spheres, no CGI blobs, no nebula, no galaxies, no fantasy energy, no particle portals, no impossible geometry, no melting objects, no dreamscape, no people, no faces, no hands, no bare skin, no needles penetrating skin, no injection act, no clinic patient scene, no gym, no lifestyle, no wellness claims, no nicknames, no supplements aesthetic. Quality: ultra detailed, extremely detailed, hyper-detailed, razor sharp focus, tack sharp, crystal clear, ultra sharp, 8k resolution, photorealistic, hyperrealistic, ultra realistic, HDR. creation motif 084/500 · LAB-084. Keep product identity and any on-screen research typography sharp and unchanged. For laboratory research use only. Not for human use or consumption.",Active,0,
PBVita-Lab-085,85,LAB-085,glassware,culture tube with screw cap,threaded culture tube,"culture tube with screw cap on cool gray ceramic tile, warm neutral side light, still clinical, low angle tracking slide",12,"ultra detailed, extremely detailed, hyper-detailed, razor sharp focus, tack sharp, crystal clear, ultra sharp, 8k resolution, photorealistic, hyperrealistic, ultra realistic, HDR",9:16,8,1080p,grok-imagine-image-quality,grok-imagine-video-1.5,2k,"Photoreal vertical 9:16 Palm Beach Vitality laboratory research catalog film, chemical research material only, premium American research aesthetic. PRIMARY SUBJECT (must be clearly recognizable, real laboratory object, sharp and centered): culture tube with screw cap. Physical detail: threaded culture tube. Setting surface: cool gray ceramic tile. Lighting: warm neutral side light, still clinical. Camera: low angle tracking slide. No abstract shapes, no glass orbs, no crystal balls, no surreal spheres, no CGI blobs, no nebula, no galaxies, no fantasy energy, no particle portals, no impossible geometry, no melting objects, no dreamscape, no people, no faces, no hands, no bare skin, no needles penetrating skin, no injection act, no clinic patient scene, no gym, no lifestyle, no wellness claims, no nicknames, no supplements aesthetic. Quality: ultra detailed, extremely detailed, hyper-detailed, razor sharp focus, tack sharp, crystal clear, ultra sharp, 8k resolution, photorealistic, hyperrealistic, ultra realistic, HDR. creation motif 085/500 · LAB-085. Keep product identity and any on-screen research typography sharp and unchanged. For laboratory research use only. Not for human use or consumption.",Active,0,
PBVita-Lab-086,86,LAB-086,glassware,NMR tube in foam carrier,"long thin tube, specialty glass","NMR tube in foam carrier on mirrored chrome instrument tray, split soft key and gentle bounce, circular arc that never fully completes",12,"ultra detailed, extremely detailed, hyper-detailed, razor sharp focus, tack sharp, crystal clear, ultra sharp, 8k resolution, photorealistic, hyperrealistic, ultra realistic, HDR",9:16,8,1080p,grok-imagine-image-quality,grok-imagine-video-1.5,2k,"Photoreal vertical 9:16 Palm Beach Vitality laboratory research catalog film, chemical research material only, premium American research aesthetic. PRIMARY SUBJECT (must be clearly recognizable, real laboratory object, sharp and centered): NMR tube in foam carrier. Physical detail: long thin tube, specialty glass. Setting surface: mirrored chrome instrument tray. Lighting: split soft key and gentle bounce. Camera: circular arc that never fully completes. No abstract shapes, no glass orbs, no crystal balls, no surreal spheres, no CGI blobs, no nebula, no galaxies, no fantasy energy, no particle portals, no impossible geometry, no melting objects, no dreamscape, no people, no faces, no hands, no bare skin, no needles penetrating skin, no injection act, no clinic patient scene, no gym, no lifestyle, no wellness claims, no nicknames, no supplements aesthetic. Quality: ultra detailed, extremely detailed, hyper-detailed, razor sharp focus, tack sharp, crystal clear, ultra sharp, 8k resolution, photorealistic, hyperrealistic, ultra realistic, HDR. creation motif 086/500 · LAB-086. Keep product identity and any on-screen research typography sharp and unchanged. For laboratory research use only. Not for human use or consumption.",Active,0,
PBVita-Lab-087,87,LAB-087,glassware,glass pipette graduated,"serological pipette, graduation marks","glass pipette graduated on white melamine cleanroom table, high-key seamless catalog lighting, vertical rise from base to label",12,"ultra detailed, extremely detailed, hyper-detailed, razor sharp focus, tack sharp, crystal clear, ultra sharp, 8k resolution, photorealistic, hyperrealistic, ultra realistic, HDR",9:16,8,1080p,grok-imagine-image-quality,grok-imagine-video-1.5,2k,"Photoreal vertical 9:16 Palm Beach Vitality laboratory research catalog film, chemical research material only, premium American research aesthetic. PRIMARY SUBJECT (must be clearly recognizable, real laboratory object, sharp and centered): glass pipette graduated. Physical detail: serological pipette, graduation marks. Setting surface: white melamine cleanroom table. Lighting: high-key seamless catalog lighting. Camera: vertical rise from base to label. No abstract shapes, no glass orbs, no crystal balls, no surreal spheres, no CGI blobs, no nebula, no galaxies, no fantasy energy, no particle portals, no impossible geometry, no melting objects, no dreamscape, no people, no faces, no hands, no bare skin, no needles penetrating skin, no injection act, no clinic patient scene, no gym, no lifestyle, no wellness claims, no nicknames, no supplements aesthetic. Quality: ultra detailed, extremely detailed, hyper-detailed, razor sharp focus, tack sharp, crystal clear, ultra sharp, 8k resolution, photorealistic, hyperrealistic, ultra realistic, HDR. creation motif 087/500 · LAB-087. Keep product identity and any on-screen research typography sharp and unchanged. For laboratory research use only. Not for human use or consumption.",Active,0,
PBVita-Lab-088,88,LAB-088,glassware,Pasteur pipette in glass jar holder,disposable-style glass pipettes standing,"Pasteur pipette in glass jar holder on textured slate sample board, low-key selective highlight on glass edges, fast resolve into locked hero frame",12,"ultra detailed, extremely detailed, hyper-detailed, razor sharp focus, tack sharp, crystal clear, ultra sharp, 8k resolution, photorealistic, hyperrealistic, ultra realistic, HDR",9:16,8,1080p,grok-imagine-image-quality,grok-imagine-video-1.5,2k,"Photoreal vertical 9:16 Palm Beach Vitality laboratory research catalog film, chemical research material only, premium American research aesthetic. PRIMARY SUBJECT (must be clearly recognizable, real laboratory object, sharp and centered): Pasteur pipette in glass jar holder. Physical detail: disposable-style glass pipettes standing. Setting surface: textured slate sample board. Lighting: low-key selective highlight on glass edges. Camera: fast resolve into locked hero frame. No abstract shapes, no glass orbs, no crystal balls, no surreal spheres, no CGI blobs, no nebula, no galaxies, no fantasy energy, no particle portals, no impossible geometry, no melting objects, no dreamscape, no people, no faces, no hands, no bare skin, no needles penetrating skin, no injection act, no clinic patient scene, no gym, no lifestyle, no wellness claims, no nicknames, no supplements aesthetic. Quality: ultra detailed, extremely detailed, hyper-detailed, razor sharp focus, tack sharp, crystal clear, ultra sharp, 8k resolution, photorealistic, hyperrealistic, ultra realistic, HDR. creation motif 088/500 · LAB-088. Keep product identity and any on-screen research typography sharp and unchanged. For laboratory research use only. Not for human use or consumption.",Active,0,
PBVita-Lab-089,89,LAB-089,glassware,burette clamped vertically,"precision burette, stopcock closed","burette clamped vertically on soft gray seamless paper backdrop, soft rim light from behind, slow 360 degree orbit at eye level",12,"ultra detailed, extremely detailed, hyper-detailed, razor sharp focus, tack sharp, crystal clear, ultra sharp, 8k resolution, photorealistic, hyperrealistic, ultra realistic, HDR",9:16,8,1080p,grok-imagine-image-quality,grok-imagine-video-1.5,2k,"Photoreal vertical 9:16 Palm Beach Vitality laboratory research catalog film, chemical research material only, premium American research aesthetic. PRIMARY SUBJECT (must be clearly recognizable, real laboratory object, sharp and centered): burette clamped vertically. Physical detail: precision burette, stopcock closed. Setting surface: soft gray seamless paper backdrop. Lighting: soft rim light from behind. Camera: slow 360 degree orbit at eye level. No abstract shapes, no glass orbs, no crystal balls, no surreal spheres, no CGI blobs, no nebula, no galaxies, no fantasy energy, no particle portals, no impossible geometry, no melting objects, no dreamscape, no people, no faces, no hands, no bare skin, no needles penetrating skin, no injection act, no clinic patient scene, no gym, no lifestyle, no wellness claims, no nicknames, no supplements aesthetic. Quality: ultra detailed, extremely detailed, hyper-detailed, razor sharp focus, tack sharp, crystal clear, ultra sharp, 8k resolution, photorealistic, hyperrealistic, ultra realistic, HDR. creation motif 089/500 · LAB-089. Keep product identity and any on-screen research typography sharp and unchanged. For laboratory research use only. Not for human use or consumption.",Active,0,
PBVita-Lab-090,90,LAB-090,glassware,desiccator jar with plate,"glass desiccator, lid sealed","desiccator jar with plate on anodized aluminum tray, cool clinical blue-white LED, extreme macro push-in",12,"ultra detailed, extremely detailed, hyper-detailed, razor sharp focus, tack sharp, crystal clear, ultra sharp, 8k resolution, photorealistic, hyperrealistic, ultra realistic, HDR",9:16,8,1080p,grok-imagine-image-quality,grok-imagine-video-1.5,2k,"Photoreal vertical 9:16 Palm Beach Vitality laboratory research catalog film, chemical research material only, premium American research aesthetic. PRIMARY SUBJECT (must be clearly recognizable, real laboratory object, sharp and centered): desiccator jar with plate. Physical detail: glass desiccator, lid sealed. Setting surface: anodized aluminum tray. Lighting: cool clinical blue-white LED. Camera: extreme macro push-in. No abstract shapes, no glass orbs, no crystal balls, no surreal spheres, no CGI blobs, no nebula, no galaxies, no fantasy energy, no particle portals, no impossible geometry, no melting objects, no dreamscape, no people, no faces, no hands, no bare skin, no needles penetrating skin, no injection act, no clinic patient scene, no gym, no lifestyle, no wellness claims, no nicknames, no supplements aesthetic. Quality: ultra detailed, extremely detailed, hyper-detailed, razor sharp focus, tack sharp, crystal clear, ultra sharp, 8k resolution, photorealistic, hyperrealistic, ultra realistic, HDR. creation motif 090/500 · LAB-090. Keep product identity and any on-screen research typography sharp and unchanged. For laboratory research use only. Not for human use or consumption.",Active,0,
PBVita-Lab-091,91,LAB-091,glassware,crystallizing dish,"low wide dish, clear glass","crystallizing dish on polished black reflective acrylic, single hard key light with controlled fill, gentle top-down descending move",12,"ultra detailed, extremely detailed, hyper-detailed, razor sharp focus, tack sharp, crystal clear, ultra sharp, 8k resolution, photorealistic, hyperrealistic, ultra realistic, HDR",9:16,8,1080p,grok-imagine-image-quality,grok-imagine-video-1.5,2k,"Photoreal vertical 9:16 Palm Beach Vitality laboratory research catalog film, chemical research material only, premium American research aesthetic. PRIMARY SUBJECT (must be clearly recognizable, real laboratory object, sharp and centered): crystallizing dish. Physical detail: low wide dish, clear glass. Setting surface: polished black reflective acrylic. Lighting: single hard key light with controlled fill. Camera: gentle top-down descending move. No abstract shapes, no glass orbs, no crystal balls, no surreal spheres, no CGI blobs, no nebula, no galaxies, no fantasy energy, no particle portals, no impossible geometry, no melting objects, no dreamscape, no people, no faces, no hands, no bare skin, no needles penetrating skin, no injection act, no clinic patient scene, no gym, no lifestyle, no wellness claims, no nicknames, no supplements aesthetic. Quality: ultra detailed, extremely detailed, hyper-detailed, razor sharp focus, tack sharp, crystal clear, ultra sharp, 8k resolution, photorealistic, hyperrealistic, ultra realistic, HDR. creation motif 091/500 · LAB-091. Keep product identity and any on-screen research typography sharp and unchanged. For laboratory research use only. Not for human use or consumption.",Active,0,
PBVita-Lab-092,92,LAB-092,glassware,evaporating dish porcelain,"white porcelain, pouring lip","evaporating dish porcelain on matte pure white infinity surface, soft overhead softbox, even catalog lighting, locked tripod hero frame with subtle push",12,"ultra detailed, extremely detailed, hyper-detailed, razor sharp focus, tack sharp, crystal clear, ultra sharp, 8k resolution, photorealistic, hyperrealistic, ultra realistic, HDR",9:16,8,1080p,grok-imagine-image-quality,grok-imagine-video-1.5,2k,"Photoreal vertical 9:16 Palm Beach Vitality laboratory research catalog film, chemical research material only, premium American research aesthetic. PRIMARY SUBJECT (must be clearly recognizable, real laboratory object, sharp and centered): evaporating dish porcelain. Physical detail: white porcelain, pouring lip. Setting surface: matte pure white infinity surface. Lighting: soft overhead softbox, even catalog lighting. Camera: locked tripod hero frame with subtle push. No abstract shapes, no glass orbs, no crystal balls, no surreal spheres, no CGI blobs, no nebula, no galaxies, no fantasy energy, no particle portals, no impossible geometry, no melting objects, no dreamscape, no people, no faces, no hands, no bare skin, no needles penetrating skin, no injection act, no clinic patient scene, no gym, no lifestyle, no wellness claims, no nicknames, no supplements aesthetic. Quality: ultra detailed, extremely detailed, hyper-detailed, razor sharp focus, tack sharp, crystal clear, ultra sharp, 8k resolution, photorealistic, hyperrealistic, ultra realistic, HDR. creation motif 092/500 · LAB-092. Keep product identity and any on-screen research typography sharp and unchanged. For laboratory research use only. Not for human use or consumption.",Active,0,
PBVita-Lab-093,93,LAB-093,glassware,mortar and pestle porcelain clean,"lab porcelain set, unused clean","mortar and pestle porcelain clean on brushed stainless steel lab bench, warm neutral side light, still clinical, low angle tracking slide",12,"ultra detailed, extremely detailed, hyper-detailed, razor sharp focus, tack sharp, crystal clear, ultra sharp, 8k resolution, photorealistic, hyperrealistic, ultra realistic, HDR",9:16,8,1080p,grok-imagine-image-quality,grok-imagine-video-1.5,2k,"Photoreal vertical 9:16 Palm Beach Vitality laboratory research catalog film, chemical research material only, premium American research aesthetic. PRIMARY SUBJECT (must be clearly recognizable, real laboratory object, sharp and centered): mortar and pestle porcelain clean. Physical detail: lab porcelain set, unused clean. Setting surface: brushed stainless steel lab bench. Lighting: warm neutral side light, still clinical. Camera: low angle tracking slide. No abstract shapes, no glass orbs, no crystal balls, no surreal spheres, no CGI blobs, no nebula, no galaxies, no fantasy energy, no particle portals, no impossible geometry, no melting objects, no dreamscape, no people, no faces, no hands, no bare skin, no needles penetrating skin, no injection act, no clinic patient scene, no gym, no lifestyle, no wellness claims, no nicknames, no supplements aesthetic. Quality: ultra detailed, extremely detailed, hyper-detailed, razor sharp focus, tack sharp, crystal clear, ultra sharp, 8k resolution, photorealistic, hyperrealistic, ultra realistic, HDR. creation motif 093/500 · LAB-093. Keep product identity and any on-screen research typography sharp and unchanged. For laboratory research use only. Not for human use or consumption.",Active,0,
PBVita-Lab-094,94,LAB-094,glassware,glass stirring mantle flask setup dry,"flask in heating mantle, power off, still","glass stirring mantle flask setup dry on dark charcoal epoxy resin countertop, split soft key and gentle bounce, circular arc that never fully completes",12,"ultra detailed, extremely detailed, hyper-detailed, razor sharp focus, tack sharp, crystal clear, ultra sharp, 8k resolution, photorealistic, hyperrealistic, ultra realistic, HDR",9:16,8,1080p,grok-imagine-image-quality,grok-imagine-video-1.5,2k,"Photoreal vertical 9:16 Palm Beach Vitality laboratory research catalog film, chemical research material only, premium American research aesthetic. PRIMARY SUBJECT (must be clearly recognizable, real laboratory object, sharp and centered): glass stirring mantle flask setup dry. Physical detail: flask in heating mantle, power off, still. Setting surface: dark charcoal epoxy resin countertop. Lighting: split soft key and gentle bounce. Camera: circular arc that never fully completes. No abstract shapes, no glass orbs, no crystal balls, no surreal spheres, no CGI blobs, no nebula, no galaxies, no fantasy energy, no particle portals, no impossible geometry, no melting objects, no dreamscape, no people, no faces, no hands, no bare skin, no needles penetrating skin, no injection act, no clinic patient scene, no gym, no lifestyle, no wellness claims, no nicknames, no supplements aesthetic. Quality: ultra detailed, extremely detailed, hyper-detailed, razor sharp focus, tack sharp, crystal clear, ultra sharp, 8k resolution, photorealistic, hyperrealistic, ultra realistic, HDR. creation motif 094/500 · LAB-094. Keep product identity and any on-screen research typography sharp and unchanged. For laboratory research use only. Not for human use or consumption.",Active,0,
PBVita-Lab-095,95,LAB-095,glassware,Kjeldahl flask,long-neck flask silhouette,"Kjeldahl flask on cool gray ceramic tile, high-key seamless catalog lighting, vertical rise from base to label",12,"ultra detailed, extremely detailed, hyper-detailed, razor sharp focus, tack sharp, crystal clear, ultra sharp, 8k resolution, photorealistic, hyperrealistic, ultra realistic, HDR",9:16,8,1080p,grok-imagine-image-quality,grok-imagine-video-1.5,2k,"Photoreal vertical 9:16 Palm Beach Vitality laboratory research catalog film, chemical research material only, premium American research aesthetic. PRIMARY SUBJECT (must be clearly recognizable, real laboratory object, sharp and centered): Kjeldahl flask. Physical detail: long-neck flask silhouette. Setting surface: cool gray ceramic tile. Lighting: high-key seamless catalog lighting. Camera: vertical rise from base to label. No abstract shapes, no glass orbs, no crystal balls, no surreal spheres, no CGI blobs, no nebula, no galaxies, no fantasy energy, no particle portals, no impossible geometry, no melting objects, no dreamscape, no people, no faces, no hands, no bare skin, no needles penetrating skin, no injection act, no clinic patient scene, no gym, no lifestyle, no wellness claims, no nicknames, no supplements aesthetic. Quality: ultra detailed, extremely detailed, hyper-detailed, razor sharp focus, tack sharp, crystal clear, ultra sharp, 8k resolution, photorealistic, hyperrealistic, ultra realistic, HDR. creation motif 095/500 · LAB-095. Keep product identity and any on-screen research typography sharp and unchanged. For laboratory research use only. Not for human use or consumption.",Active,0,
PBVita-Lab-096,96,LAB-096,glassware,gas washing bottle,Drechsel bottle form,"gas washing bottle on mirrored chrome instrument tray, low-key selective highlight on glass edges, fast resolve into locked hero frame",12,"ultra detailed, extremely detailed, hyper-detailed, razor sharp focus, tack sharp, crystal clear, ultra sharp, 8k resolution, photorealistic, hyperrealistic, ultra realistic, HDR",9:16,8,1080p,grok-imagine-image-quality,grok-imagine-video-1.5,2k,"Photoreal vertical 9:16 Palm Beach Vitality laboratory research catalog film, chemical research material only, premium American research aesthetic. PRIMARY SUBJECT (must be clearly recognizable, real laboratory object, sharp and centered): gas washing bottle. Physical detail: Drechsel bottle form. Setting surface: mirrored chrome instrument tray. Lighting: low-key selective highlight on glass edges. Camera: fast resolve into locked hero frame. No abstract shapes, no glass orbs, no crystal balls, no surreal spheres, no CGI blobs, no nebula, no galaxies, no fantasy energy, no particle portals, no impossible geometry, no melting objects, no dreamscape, no people, no faces, no hands, no bare skin, no needles penetrating skin, no injection act, no clinic patient scene, no gym, no lifestyle, no wellness claims, no nicknames, no supplements aesthetic. Quality: ultra detailed, extremely detailed, hyper-detailed, razor sharp focus, tack sharp, crystal clear, ultra sharp, 8k resolution, photorealistic, hyperrealistic, ultra realistic, HDR. creation motif 096/500 · LAB-096. Keep product identity and any on-screen research typography sharp and unchanged. For laboratory research use only. Not for human use or consumption.",Active,0,
PBVita-Lab-097,97,LAB-097,glassware,glass syringe without needle research only,"glass barrel and plunger only, NO needle attached","glass syringe without needle research only on white melamine cleanroom table, soft rim light from behind, slow 360 degree orbit at eye level",12,"ultra detailed, extremely detailed, hyper-detailed, razor sharp focus, tack sharp, crystal clear, ultra sharp, 8k resolution, photorealistic, hyperrealistic, ultra realistic, HDR",9:16,8,1080p,grok-imagine-image-quality,grok-imagine-video-1.5,2k,"Photoreal vertical 9:16 Palm Beach Vitality laboratory research catalog film, chemical research material only, premium American research aesthetic. PRIMARY SUBJECT (must be clearly recognizable, real laboratory object, sharp and centered): glass syringe without needle research only. Physical detail: glass barrel and plunger only, NO needle attached. Setting surface: white melamine cleanroom table. Lighting: soft rim light from behind. Camera: slow 360 degree orbit at eye level. No abstract shapes, no glass orbs, no crystal balls, no surreal spheres, no CGI blobs, no nebula, no galaxies, no fantasy energy, no particle portals, no impossible geometry, no melting objects, no dreamscape, no people, no faces, no hands, no bare skin, no needles penetrating skin, no injection act, no clinic patient scene, no gym, no lifestyle, no wellness claims, no nicknames, no supplements aesthetic. Quality: ultra detailed, extremely detailed, hyper-detailed, razor sharp focus, tack sharp, crystal clear, ultra sharp, 8k resolution, photorealistic, hyperrealistic, ultra realistic, HDR. creation motif 097/500 · LAB-097. Keep product identity and any on-screen research typography sharp and unchanged. For laboratory research use only. Not for human use or consumption.",Active,0,
PBVita-Lab-098,98,LAB-098,glassware,Luer-lock glass barrel capped,"capped research barrel, no needle","Luer-lock glass barrel capped on textured slate sample board, cool clinical blue-white LED, extreme macro push-in",12,"ultra detailed, extremely detailed, hyper-detailed, razor sharp focus, tack sharp, crystal clear, ultra sharp, 8k resolution, photorealistic, hyperrealistic, ultra realistic, HDR",9:16,8,1080p,grok-imagine-image-quality,grok-imagine-video-1.5,2k,"Photoreal vertical 9:16 Palm Beach Vitality laboratory research catalog film, chemical research material only, premium American research aesthetic. PRIMARY SUBJECT (must be clearly recognizable, real laboratory object, sharp and centered): Luer-lock glass barrel capped. Physical detail: capped research barrel, no needle. Setting surface: textured slate sample board. Lighting: cool clinical blue-white LED. Camera: extreme macro push-in. No abstract shapes, no glass orbs, no crystal balls, no surreal spheres, no CGI blobs, no nebula, no galaxies, no fantasy energy, no particle portals, no impossible geometry, no melting objects, no dreamscape, no people, no faces, no hands, no bare skin, no needles penetrating skin, no injection act, no clinic patient scene, no gym, no lifestyle, no wellness claims, no nicknames, no supplements aesthetic. Quality: ultra detailed, extremely detailed, hyper-detailed, razor sharp focus, tack sharp, crystal clear, ultra sharp, 8k resolution, photorealistic, hyperrealistic, ultra realistic, HDR. creation motif 098/500 · LAB-098. Keep product identity and any on-screen research typography sharp and unchanged. For laboratory research use only. Not for human use or consumption.",Active,0,
PBVita-Lab-099,99,LAB-099,glassware,microscope slide box open showing slides,box of blank slides,"microscope slide box open showing slides on soft gray seamless paper backdrop, single hard key light with controlled fill, gentle top-down descending move",12,"ultra detailed, extremely detailed, hyper-detailed, razor sharp focus, tack sharp, crystal clear, ultra sharp, 8k resolution, photorealistic, hyperrealistic, ultra realistic, HDR",9:16,8,1080p,grok-imagine-image-quality,grok-imagine-video-1.5,2k,"Photoreal vertical 9:16 Palm Beach Vitality laboratory research catalog film, chemical research material only, premium American research aesthetic. PRIMARY SUBJECT (must be clearly recognizable, real laboratory object, sharp and centered): microscope slide box open showing slides. Physical detail: box of blank slides. Setting surface: soft gray seamless paper backdrop. Lighting: single hard key light with controlled fill. Camera: gentle top-down descending move. No abstract shapes, no glass orbs, no crystal balls, no surreal spheres, no CGI blobs, no nebula, no galaxies, no fantasy energy, no particle portals, no impossible geometry, no melting objects, no dreamscape, no people, no faces, no hands, no bare skin, no needles penetrating skin, no injection act, no clinic patient scene, no gym, no lifestyle, no wellness claims, no nicknames, no supplements aesthetic. Quality: ultra detailed, extremely detailed, hyper-detailed, razor sharp focus, tack sharp, crystal clear, ultra sharp, 8k resolution, photorealistic, hyperrealistic, ultra realistic, HDR. creation motif 099/500 · LAB-099. Keep product identity and any on-screen research typography sharp and unchanged. For laboratory research use only. Not for human use or consumption.",Active,0,
PBVita-Lab-100,100,LAB-100,glassware,cover slips in plastic dispenser,square cover glass pack,"cover slips in plastic dispenser on anodized aluminum tray, soft overhead softbox, even catalog lighting, locked tripod hero frame with subtle push",12,"ultra detailed, extremely detailed, hyper-detailed, razor sharp focus, tack sharp, crystal clear, ultra sharp, 8k resolution, photorealistic, hyperrealistic, ultra realistic, HDR",9:16,8,1080p,grok-imagine-image-quality,grok-imagine-video-1.5,2k,"Photoreal vertical 9:16 Palm Beach Vitality laboratory research catalog film, chemical research material only, premium American research aesthetic. PRIMARY SUBJECT (must be clearly recognizable, real laboratory object, sharp and centered): cover slips in plastic dispenser. Physical detail: square cover glass pack. Setting surface: anodized aluminum tray. Lighting: soft overhead softbox, even catalog lighting. Camera: locked tripod hero frame with subtle push. No abstract shapes, no glass orbs, no crystal balls, no surreal spheres, no CGI blobs, no nebula, no galaxies, no fantasy energy, no particle portals, no impossible geometry, no melting objects, no dreamscape, no people, no faces, no hands, no bare skin, no needles penetrating skin, no injection act, no clinic patient scene, no gym, no lifestyle, no wellness claims, no nicknames, no supplements aesthetic. Quality: ultra detailed, extremely detailed, hyper-detailed, razor sharp focus, tack sharp, crystal clear, ultra sharp, 8k resolution, photorealistic, hyperrealistic, ultra realistic, HDR. creation motif 100/500 · LAB-100. Keep product identity and any on-screen research typography sharp and unchanged. For laboratory research use only. Not for human use or consumption.",Active,0,
PBVita-Lab-101,101,LAB-101,liquid_handling,single-channel micropipette upright,"adjustable volume pipette, tip ejector, no tip attached","single-channel micropipette upright on polished black reflective acrylic, warm neutral side light, still clinical, low angle tracking slide",12,"ultra detailed, extremely detailed, hyper-detailed, razor sharp focus, tack sharp, crystal clear, ultra sharp, 8k resolution, photorealistic, hyperrealistic, ultra realistic, HDR",9:16,8,1080p,grok-imagine-image-quality,grok-imagine-video-1.5,2k,"Photoreal vertical 9:16 Palm Beach Vitality laboratory research catalog film, chemical research material only, premium American research aesthetic. PRIMARY SUBJECT (must be clearly recognizable, real laboratory object, sharp and centered): single-channel micropipette upright. Physical detail: adjustable volume pipette, tip ejector, no tip attached. Setting surface: polished black reflective acrylic. Lighting: warm neutral side light, still clinical. Camera: low angle tracking slide. No abstract shapes, no glass orbs, no crystal balls, no surreal spheres, no CGI blobs, no nebula, no galaxies, no fantasy energy, no particle portals, no impossible geometry, no melting objects, no dreamscape, no people, no faces, no hands, no bare skin, no needles penetrating skin, no injection act, no clinic patient scene, no gym, no lifestyle, no wellness claims, no nicknames, no supplements aesthetic. Quality: ultra detailed, extremely detailed, hyper-detailed, razor sharp focus, tack sharp, crystal clear, ultra sharp, 8k resolution, photorealistic, hyperrealistic, ultra realistic, HDR. creation motif 101/500 · LAB-101. Keep product identity and any on-screen research typography sharp and unchanged. For laboratory research use only. Not for human use or consumption.",Active,0,
PBVita-Lab-102,102,LAB-102,liquid_handling,micropipette with sterile filtered tip attached,"tip on, never touching skin","micropipette with sterile filtered tip attached on matte pure white infinity surface, split soft key and gentle bounce, circular arc that never fully completes",12,"ultra detailed, extremely detailed, hyper-detailed, razor sharp focus, tack sharp, crystal clear, ultra sharp, 8k resolution, photorealistic, hyperrealistic, ultra realistic, HDR",9:16,8,1080p,grok-imagine-image-quality,grok-imagine-video-1.5,2k,"Photoreal vertical 9:16 Palm Beach Vitality laboratory research catalog film, chemical research material only, premium American research aesthetic. PRIMARY SUBJECT (must be clearly recognizable, real laboratory object, sharp and centered): micropipette with sterile filtered tip attached. Physical detail: tip on, never touching skin. Setting surface: matte pure white infinity surface. Lighting: split soft key and gentle bounce. Camera: circular arc that never fully completes. No abstract shapes, no glass orbs, no crystal balls, no surreal spheres, no CGI blobs, no nebula, no galaxies, no fantasy energy, no particle portals, no impossible geometry, no melting objects, no dreamscape, no people, no faces, no hands, no bare skin, no needles penetrating skin, no injection act, no clinic patient scene, no gym, no lifestyle, no wellness claims, no nicknames, no supplements aesthetic. Quality: ultra detailed, extremely detailed, hyper-detailed, razor sharp focus, tack sharp, crystal clear, ultra sharp, 8k resolution, photorealistic, hyperrealistic, ultra realistic, HDR. creation motif 102/500 · LAB-102. Keep product identity and any on-screen research typography sharp and unchanged. For laboratory research use only. Not for human use or consumption.",Active,0,
PBVita-Lab-103,103,LAB-103,liquid_handling,multicolor micropipette set in stand,P20 P200 P1000 in carousel,"multicolor micropipette set in stand on brushed stainless steel lab bench, high-key seamless catalog lighting, vertical rise from base to label",12,"ultra detailed, extremely detailed, hyper-detailed, razor sharp focus, tack sharp, crystal clear, ultra sharp, 8k resolution, photorealistic, hyperrealistic, ultra realistic, HDR",9:16,8,1080p,grok-imagine-image-quality,grok-imagine-video-1.5,2k,"Photoreal vertical 9:16 Palm Beach Vitality laboratory research catalog film, chemical research material only, premium American research aesthetic. PRIMARY SUBJECT (must be clearly recognizable, real laboratory object, sharp and centered): multicolor micropipette set in stand. Physical detail: P20 P200 P1000 in carousel. Setting surface: brushed stainless steel lab bench. Lighting: high-key seamless catalog lighting. Camera: vertical rise from base to label. No abstract shapes, no glass orbs, no crystal balls, no surreal spheres, no CGI blobs, no nebula, no galaxies, no fantasy energy, no particle portals, no impossible geometry, no melting objects, no dreamscape, no people, no faces, no hands, no bare skin, no needles penetrating skin, no injection act, no clinic patient scene, no gym, no lifestyle, no wellness claims, no nicknames, no supplements aesthetic. Quality: ultra detailed, extremely detailed, hyper-detailed, razor sharp focus, tack sharp, crystal clear, ultra sharp, 8k resolution, photorealistic, hyperrealistic, ultra realistic, HDR. creation motif 103/500 · LAB-103. Keep product identity and any on-screen research typography sharp and unchanged. For laboratory research use only. Not for human use or consumption.",Active,0,
PBVita-Lab-104,104,LAB-104,liquid_handling,electronic pipette on charging stand,modern electronic pipette docked,"electronic pipette on charging stand on dark charcoal epoxy resin countertop, low-key selective highlight on glass edges, fast resolve into locked hero frame",12,"ultra detailed, extremely detailed, hyper-detailed, razor sharp focus, tack sharp, crystal clear, ultra sharp, 8k resolution, photorealistic, hyperrealistic, ultra realistic, HDR",9:16,8,1080p,grok-imagine-image-quality,grok-imagine-video-1.5,2k,"Photoreal vertical 9:16 Palm Beach Vitality laboratory research catalog film, chemical research material only, premium American research aesthetic. PRIMARY SUBJECT (must be clearly recognizable, real laboratory object, sharp and centered): electronic pipette on charging stand. Physical detail: modern electronic pipette docked. Setting surface: dark charcoal epoxy resin countertop. Lighting: low-key selective highlight on glass edges. Camera: fast resolve into locked hero frame. No abstract shapes, no glass orbs, no crystal balls, no surreal spheres, no CGI blobs, no nebula, no galaxies, no fantasy energy, no particle portals, no impossible geometry, no melting objects, no dreamscape, no people, no faces, no hands, no bare skin, no needles penetrating skin, no injection act, no clinic patient scene, no gym, no lifestyle, no wellness claims, no nicknames, no supplements aesthetic. Quality: ultra detailed, extremely detailed, hyper-detailed, razor sharp focus, tack sharp, crystal clear, ultra sharp, 8k resolution, photorealistic, hyperrealistic, ultra realistic, HDR. creation motif 104/500 · LAB-104. Keep product identity and any on-screen research typography sharp and unchanged. For laboratory research use only. Not for human use or consumption.",Active,0,
PBVita-Lab-105,105,LAB-105,liquid_handling,repeater pipette with tip comb,combitip-style research pipette,"repeater pipette with tip comb on cool gray ceramic tile, soft rim light from behind, slow 360 degree orbit at eye level",12,"ultra detailed, extremely detailed, hyper-detailed, razor sharp focus, tack sharp, crystal clear, ultra sharp, 8k resolution, photorealistic, hyperrealistic, ultra realistic, HDR",9:16,8,1080p,grok-imagine-image-quality,grok-imagine-video-1.5,2k,"Photoreal vertical 9:16 Palm Beach Vitality laboratory research catalog film, chemical research material only, premium American research aesthetic. PRIMARY SUBJECT (must be clearly recognizable, real laboratory object, sharp and centered): repeater pipette with tip comb. Physical detail: combitip-style research pipette. Setting surface: cool gray ceramic tile. Lighting: soft rim light from behind. Camera: slow 360 degree orbit at eye level. No abstract shapes, no glass orbs, no crystal balls, no surreal spheres, no CGI blobs, no nebula, no galaxies, no fantasy energy, no particle portals, no impossible geometry, no melting objects, no dreamscape, no people, no faces, no hands, no bare skin, no needles penetrating skin, no injection act, no clinic patient scene, no gym, no lifestyle, no wellness claims, no nicknames, no supplements aesthetic. Quality: ultra detailed, extremely detailed, hyper-detailed, razor sharp focus, tack sharp, crystal clear, ultra sharp, 8k resolution, photorealistic, hyperrealistic, ultra realistic, HDR. creation motif 105/500 · LAB-105. Keep product identity and any on-screen research typography sharp and unchanged. For laboratory research use only. Not for human use or consumption.",Active,0,
PBVita-Lab-106,106,LAB-106,liquid_handling,serological pipette pump controller,pipette controller device alone,"serological pipette pump controller on mirrored chrome instrument tray, cool clinical blue-white LED, extreme macro push-in",12,"ultra detailed, extremely detailed, hyper-detailed, razor sharp focus, tack sharp, crystal clear, ultra sharp, 8k resolution, photorealistic, hyperrealistic, ultra realistic, HDR",9:16,8,1080p,grok-imagine-image-quality,grok-imagine-video-1.5,2k,"Photoreal vertical 9:16 Palm Beach Vitality laboratory research catalog film, chemical research material only, premium American research aesthetic. PRIMARY SUBJECT (must be clearly recognizable, real laboratory object, sharp and centered): serological pipette pump controller. Physical detail: pipette controller device alone. Setting surface: mirrored chrome instrument tray. Lighting: cool clinical blue-white LED. Camera: extreme macro push-in. No abstract shapes, no glass orbs, no crystal balls, no surreal spheres, no CGI blobs, no nebula, no galaxies, no fantasy energy, no particle portals, no impossible geometry, no melting objects, no dreamscape, no people, no faces, no hands, no bare skin, no needles penetrating skin, no injection act, no clinic patient scene, no gym, no lifestyle, no wellness claims, no nicknames, no supplements aesthetic. Quality: ultra detailed, extremely detailed, hyper-detailed, razor sharp focus, tack sharp, crystal clear, ultra sharp, 8k resolution, photorealistic, hyperrealistic, ultra realistic, HDR. creation motif 106/500 · LAB-106. Keep product identity and any on-screen research typography sharp and unchanged. For laboratory research use only. Not for human use or consumption.",Active,0,
PBVita-Lab-107,107,LAB-107,liquid_handling,box of sterile pipette tips closed,"hinged tip box, rack visible through lid","box of sterile pipette tips closed on white melamine cleanroom table, single hard key light with controlled fill, gentle top-down descending move",12,"ultra detailed, extremely detailed, hyper-detailed, razor sharp focus, tack sharp, crystal clear, ultra sharp, 8k resolution, photorealistic, hyperrealistic, ultra realistic, HDR",9:16,8,1080p,grok-imagine-image-quality,grok-imagine-video-1.5,2k,"Photoreal vertical 9:16 Palm Beach Vitality laboratory research catalog film, chemical research material only, premium American research aesthetic. PRIMARY SUBJECT (must be clearly recognizable, real laboratory object, sharp and centered): box of sterile pipette tips closed. Physical detail: hinged tip box, rack visible through lid. Setting surface: white melamine cleanroom table. Lighting: single hard key light with controlled fill. Camera: gentle top-down descending move. No abstract shapes, no glass orbs, no crystal balls, no surreal spheres, no CGI blobs, no nebula, no galaxies, no fantasy energy, no particle portals, no impossible geometry, no melting objects, no dreamscape, no people, no faces, no hands, no bare skin, no needles penetrating skin, no injection act, no clinic patient scene, no gym, no lifestyle, no wellness claims, no nicknames, no supplements aesthetic. Quality: ultra detailed, extremely detailed, hyper-detailed, razor sharp focus, tack sharp, crystal clear, ultra sharp, 8k resolution, photorealistic, hyperrealistic, ultra realistic, HDR. creation motif 107/500 · LAB-107. Keep product identity and any on-screen research typography sharp and unchanged. For laboratory research use only. Not for human use or consumption.",Active,0,
PBVita-Lab-108,108,LAB-108,liquid_handling,open pipette tip rack blue tips,96 tips orderly grid,"open pipette tip rack blue tips on textured slate sample board, soft overhead softbox, even catalog lighting, locked tripod hero frame with subtle push",12,"ultra detailed, extremely detailed, hyper-detailed, razor sharp focus, tack sharp, crystal clear, ultra sharp, 8k resolution, photorealistic, hyperrealistic, ultra realistic, HDR",9:16,8,1080p,grok-imagine-image-quality,grok-imagine-video-1.5,2k,"Photoreal vertical 9:16 Palm Beach Vitality laboratory research catalog film, chemical research material only, premium American research aesthetic. PRIMARY SUBJECT (must be clearly recognizable, real laboratory object, sharp and centered): open pipette tip rack blue tips. Physical detail: 96 tips orderly grid. Setting surface: textured slate sample board. Lighting: soft overhead softbox, even catalog lighting. Camera: locked tripod hero frame with subtle push. No abstract shapes, no glass orbs, no crystal balls, no surreal spheres, no CGI blobs, no nebula, no galaxies, no fantasy energy, no particle portals, no impossible geometry, no melting objects, no dreamscape, no people, no faces, no hands, no bare skin, no needles penetrating skin, no injection act, no clinic patient scene, no gym, no lifestyle, no wellness claims, no nicknames, no supplements aesthetic. Quality: ultra detailed, extremely detailed, hyper-detailed, razor sharp focus, tack sharp, crystal clear, ultra sharp, 8k resolution, photorealistic, hyperrealistic, ultra realistic, HDR. creation motif 108/500 · LAB-108. Keep product identity and any on-screen research typography sharp and unchanged. For laboratory research use only. Not for human use or consumption.",Active,0,
PBVita-Lab-109,109,LAB-109,liquid_handling,reservoir trough for multichannel,reagent reservoir empty clean,"reservoir trough for multichannel on soft gray seamless paper backdrop, warm neutral side light, still clinical, low angle tracking slide",12,"ultra detailed, extremely detailed, hyper-detailed, razor sharp focus, tack sharp, crystal clear, ultra sharp, 8k resolution, photorealistic, hyperrealistic, ultra realistic, HDR",9:16,8,1080p,grok-imagine-image-quality,grok-imagine-video-1.5,2k,"Photoreal vertical 9:16 Palm Beach Vitality laboratory research catalog film, chemical research material only, premium American research aesthetic. PRIMARY SUBJECT (must be clearly recognizable, real laboratory object, sharp and centered): reservoir trough for multichannel. Physical detail: reagent reservoir empty clean. Setting surface: soft gray seamless paper backdrop. Lighting: warm neutral side light, still clinical. Camera: low angle tracking slide. No abstract shapes, no glass orbs, no crystal balls, no surreal spheres, no CGI blobs, no nebula, no galaxies, no fantasy energy, no particle portals, no impossible geometry, no melting objects, no dreamscape, no people, no faces, no hands, no bare skin, no needles penetrating skin, no injection act, no clinic patient scene, no gym, no lifestyle, no wellness claims, no nicknames, no supplements aesthetic. Quality: ultra detailed, extremely detailed, hyper-detailed, razor sharp focus, tack sharp, crystal clear, ultra sharp, 8k resolution, photorealistic, hyperrealistic, ultra realistic, HDR. creation motif 109/500 · LAB-109. Keep product identity and any on-screen research typography sharp and unchanged. For laboratory research use only. Not for human use or consumption.",Active,0,
PBVita-Lab-110,110,LAB-110,liquid_handling,multichannel pipette 8-channel,"8-channel head, tips off","multichannel pipette 8-channel on anodized aluminum tray, split soft key and gentle bounce, circular arc that never fully completes",12,"ultra detailed, extremely detailed, hyper-detailed, razor sharp focus, tack sharp, crystal clear, ultra sharp, 8k resolution, photorealistic, hyperrealistic, ultra realistic, HDR",9:16,8,1080p,grok-imagine-image-quality,grok-imagine-video-1.5,2k,"Photoreal vertical 9:16 Palm Beach Vitality laboratory research catalog film, chemical research material only, premium American research aesthetic. PRIMARY SUBJECT (must be clearly recognizable, real laboratory object, sharp and centered): multichannel pipette 8-channel. Physical detail: 8-channel head, tips off. Setting surface: anodized aluminum tray. Lighting: split soft key and gentle bounce. Camera: circular arc that never fully completes. No abstract shapes, no glass orbs, no crystal balls, no surreal spheres, no CGI blobs, no nebula, no galaxies, no fantasy energy, no particle portals, no impossible geometry, no melting objects, no dreamscape, no people, no faces, no hands, no bare skin, no needles penetrating skin, no injection act, no clinic patient scene, no gym, no lifestyle, no wellness claims, no nicknames, no supplements aesthetic. Quality: ultra detailed, extremely detailed, hyper-detailed, razor sharp focus, tack sharp, crystal clear, ultra sharp, 8k resolution, photorealistic, hyperrealistic, ultra realistic, HDR. creation motif 110/500 · LAB-110. Keep product identity and any on-screen research typography sharp and unchanged. For laboratory research use only. Not for human use or consumption.",Active,0,
PBVita-Lab-111,111,LAB-111,liquid_handling,positive displacement pipette,specialty pipette body,"positive displacement pipette on polished black reflective acrylic, high-key seamless catalog lighting, vertical rise from base to label",12,"ultra detailed, extremely detailed, hyper-detailed, razor sharp focus, tack sharp, crystal clear, ultra sharp, 8k resolution, photorealistic, hyperrealistic, ultra realistic, HDR",9:16,8,1080p,grok-imagine-image-quality,grok-imagine-video-1.5,2k,"Photoreal vertical 9:16 Palm Beach Vitality laboratory research catalog film, chemical research material only, premium American research aesthetic. PRIMARY SUBJECT (must be clearly recognizable, real laboratory object, sharp and centered): positive displacement pipette. Physical detail: specialty pipette body. Setting surface: polished black reflective acrylic. Lighting: high-key seamless catalog lighting. Camera: vertical rise from base to label. No abstract shapes, no glass orbs, no crystal balls, no surreal spheres, no CGI blobs, no nebula, no galaxies, no fantasy energy, no particle portals, no impossible geometry, no melting objects, no dreamscape, no people, no faces, no hands, no bare skin, no needles penetrating skin, no injection act, no clinic patient scene, no gym, no lifestyle, no wellness claims, no nicknames, no supplements aesthetic. Quality: ultra detailed, extremely detailed, hyper-detailed, razor sharp focus, tack sharp, crystal clear, ultra sharp, 8k resolution, photorealistic, hyperrealistic, ultra realistic, HDR. creation motif 111/500 · LAB-111. Keep product identity and any on-screen research typography sharp and unchanged. For laboratory research use only. Not for human use or consumption.",Active,0,
PBVita-Lab-112,112,LAB-112,liquid_handling,glass Hamilton-style syringe pipette,"precision metal/glass syringe for lab, no needle tip","glass Hamilton-style syringe pipette on matte pure white infinity surface, low-key selective highlight on glass edges, fast resolve into locked hero frame",12,"ultra detailed, extremely detailed, hyper-detailed, razor sharp focus, tack sharp, crystal clear, ultra sharp, 8k resolution, photorealistic, hyperrealistic, ultra realistic, HDR",9:16,8,1080p,grok-imagine-image-quality,grok-imagine-video-1.5,2k,"Photoreal vertical 9:16 Palm Beach Vitality laboratory research catalog film, chemical research material only, premium American research aesthetic. PRIMARY SUBJECT (must be clearly recognizable, real laboratory object, sharp and centered): glass Hamilton-style syringe pipette. Physical detail: precision metal/glass syringe for lab, no needle tip. Setting surface: matte pure white infinity surface. Lighting: low-key selective highlight on glass edges. Camera: fast resolve into locked hero frame. No abstract shapes, no glass orbs, no crystal balls, no surreal spheres, no CGI blobs, no nebula, no galaxies, no fantasy energy, no particle portals, no impossible geometry, no melting objects, no dreamscape, no people, no faces, no hands, no bare skin, no needles penetrating skin, no injection act, no clinic patient scene, no gym, no lifestyle, no wellness claims, no nicknames, no supplements aesthetic. Quality: ultra detailed, extremely detailed, hyper-detailed, razor sharp focus, tack sharp, crystal clear, ultra sharp, 8k resolution, photorealistic, hyperrealistic, ultra realistic, HDR. creation motif 112/500 · LAB-112. Keep product identity and any on-screen research typography sharp and unchanged. For laboratory research use only. Not for human use or consumption.",Active,0,
PBVita-Lab-113,113,LAB-113,liquid_handling,dispense bottle with pump top,lab wash bottle adjacent optional,"dispense bottle with pump top on brushed stainless steel lab bench, soft rim light from behind, slow 360 degree orbit at eye level",12,"ultra detailed, extremely detailed, hyper-detailed, razor sharp focus, tack sharp, crystal clear, ultra sharp, 8k resolution, photorealistic, hyperrealistic, ultra realistic, HDR",9:16,8,1080p,grok-imagine-image-quality,grok-imagine-video-1.5,2k,"Photoreal vertical 9:16 Palm Beach Vitality laboratory research catalog film, chemical research material only, premium American research aesthetic. PRIMARY SUBJECT (must be clearly recognizable, real laboratory object, sharp and centered): dispense bottle with pump top. Physical detail: lab wash bottle adjacent optional. Setting surface: brushed stainless steel lab bench. Lighting: soft rim light from behind. Camera: slow 360 degree orbit at eye level. No abstract shapes, no glass orbs, no crystal balls, no surreal spheres, no CGI blobs, no nebula, no galaxies, no fantasy energy, no particle portals, no impossible geometry, no melting objects, no dreamscape, no people, no faces, no hands, no bare skin, no needles penetrating skin, no injection act, no clinic patient scene, no gym, no lifestyle, no wellness claims, no nicknames, no supplements aesthetic. Quality: ultra detailed, extremely detailed, hyper-detailed, razor sharp focus, tack sharp, crystal clear, ultra sharp, 8k resolution, photorealistic, hyperrealistic, ultra realistic, HDR. creation motif 113/500 · LAB-113. Keep product identity and any on-screen research typography sharp and unchanged. For laboratory research use only. Not for human use or consumption.",Active,0,
PBVita-Lab-114,114,LAB-114,liquid_handling,squeeze wash bottle distilled water labeled,classic wash bottle bent neck,"squeeze wash bottle distilled water labeled on dark charcoal epoxy resin countertop, cool clinical blue-white LED, extreme macro push-in",12,"ultra detailed, extremely detailed, hyper-detailed, razor sharp focus, tack sharp, crystal clear, ultra sharp, 8k resolution, photorealistic, hyperrealistic, ultra realistic, HDR",9:16,8,1080p,grok-imagine-image-quality,grok-imagine-video-1.5,2k,"Photoreal vertical 9:16 Palm Beach Vitality laboratory research catalog film, chemical research material only, premium American research aesthetic. PRIMARY SUBJECT (must be clearly recognizable, real laboratory object, sharp and centered): squeeze wash bottle distilled water labeled. Physical detail: classic wash bottle bent neck. Setting surface: dark charcoal epoxy resin countertop. Lighting: cool clinical blue-white LED. Camera: extreme macro push-in. No abstract shapes, no glass orbs, no crystal balls, no surreal spheres, no CGI blobs, no nebula, no galaxies, no fantasy energy, no particle portals, no impossible geometry, no melting objects, no dreamscape, no people, no faces, no hands, no bare skin, no needles penetrating skin, no injection act, no clinic patient scene, no gym, no lifestyle, no wellness claims, no nicknames, no supplements aesthetic. Quality: ultra detailed, extremely detailed, hyper-detailed, razor sharp focus, tack sharp, crystal clear, ultra sharp, 8k resolution, photorealistic, hyperrealistic, ultra realistic, HDR. creation motif 114/500 · LAB-114. Keep product identity and any on-screen research typography sharp and unchanged. For laboratory research use only. Not for human use or consumption.",Active,0,
PBVita-Lab-115,115,LAB-115,liquid_handling,bottle-top dispenser on reagent bottle,"dispenser unit mounted, primed closed","bottle-top dispenser on reagent bottle on cool gray ceramic tile, single hard key light with controlled fill, gentle top-down descending move",12,"ultra detailed, extremely detailed, hyper-detailed, razor sharp focus, tack sharp, crystal clear, ultra sharp, 8k resolution, photorealistic, hyperrealistic, ultra realistic, HDR",9:16,8,1080p,grok-imagine-image-quality,grok-imagine-video-1.5,2k,"Photoreal vertical 9:16 Palm Beach Vitality laboratory research catalog film, chemical research material only, premium American research aesthetic. PRIMARY SUBJECT (must be clearly recognizable, real laboratory object, sharp and centered): bottle-top dispenser on reagent bottle. Physical detail: dispenser unit mounted, primed closed. Setting surface: cool gray ceramic tile. Lighting: single hard key light with controlled fill. Camera: gentle top-down descending move. No abstract shapes, no glass orbs, no crystal balls, no surreal spheres, no CGI blobs, no nebula, no galaxies, no fantasy energy, no particle portals, no impossible geometry, no melting objects, no dreamscape, no people, no faces, no hands, no bare skin, no needles penetrating skin, no injection act, no clinic patient scene, no gym, no lifestyle, no wellness claims, no nicknames, no supplements aesthetic. Quality: ultra detailed, extremely detailed, hyper-detailed, razor sharp focus, tack sharp, crystal clear, ultra sharp, 8k resolution, photorealistic, hyperrealistic, ultra realistic, HDR. creation motif 115/500 · LAB-115. Keep product identity and any on-screen research typography sharp and unchanged. For laboratory research use only. Not for human use or consumption.",Active,0,
PBVita-Lab-116,116,LAB-116,liquid_handling,peristaltic pump head with tubing,"pump as object, tubing looped neatly","peristaltic pump head with tubing on mirrored chrome instrument tray, soft overhead softbox, even catalog lighting, locked tripod hero frame with subtle push",12,"ultra detailed, extremely detailed, hyper-detailed, razor sharp focus, tack sharp, crystal clear, ultra sharp, 8k resolution, photorealistic, hyperrealistic, ultra realistic, HDR",9:16,8,1080p,grok-imagine-image-quality,grok-imagine-video-1.5,2k,"Photoreal vertical 9:16 Palm Beach Vitality laboratory research catalog film, chemical research material only, premium American research aesthetic. PRIMARY SUBJECT (must be clearly recognizable, real laboratory object, sharp and centered): peristaltic pump head with tubing. Physical detail: pump as object, tubing looped neatly. Setting surface: mirrored chrome instrument tray. Lighting: soft overhead softbox, even catalog lighting. Camera: locked tripod hero frame with subtle push. No abstract shapes, no glass orbs, no crystal balls, no surreal spheres, no CGI blobs, no nebula, no galaxies, no fantasy energy, no particle portals, no impossible geometry, no melting objects, no dreamscape, no people, no faces, no hands, no bare skin, no needles penetrating skin, no injection act, no clinic patient scene, no gym, no lifestyle, no wellness claims, no nicknames, no supplements aesthetic. Quality: ultra detailed, extremely detailed, hyper-detailed, razor sharp focus, tack sharp, crystal clear, ultra sharp, 8k resolution, photorealistic, hyperrealistic, ultra realistic, HDR. creation motif 116/500 · LAB-116. Keep product identity and any on-screen research typography sharp and unchanged. For laboratory research use only. Not for human use or consumption.",Active,0,
PBVita-Lab-117,117,LAB-117,liquid_handling,syringe filter unit 0.22 micron,disc filter in packaging blister,"syringe filter unit 0.22 micron on white melamine cleanroom table, warm neutral side light, still clinical, low angle tracking slide",12,"ultra detailed, extremely detailed, hyper-detailed, razor sharp focus, tack sharp, crystal clear, ultra sharp, 8k resolution, photorealistic, hyperrealistic, ultra realistic, HDR",9:16,8,1080p,grok-imagine-image-quality,grok-imagine-video-1.5,2k,"Photoreal vertical 9:16 Palm Beach Vitality laboratory research catalog film, chemical research material only, premium American research aesthetic. PRIMARY SUBJECT (must be clearly recognizable, real laboratory object, sharp and centered): syringe filter unit 0.22 micron. Physical detail: disc filter in packaging blister. Setting surface: white melamine cleanroom table. Lighting: warm neutral side light, still clinical. Camera: low angle tracking slide. No abstract shapes, no glass orbs, no crystal balls, no surreal spheres, no CGI blobs, no nebula, no galaxies, no fantasy energy, no particle portals, no impossible geometry, no melting objects, no dreamscape, no people, no faces, no hands, no bare skin, no needles penetrating skin, no injection act, no clinic patient scene, no gym, no lifestyle, no wellness claims, no nicknames, no supplements aesthetic. Quality: ultra detailed, extremely detailed, hyper-detailed, razor sharp focus, tack sharp, crystal clear, ultra sharp, 8k resolution, photorealistic, hyperrealistic, ultra realistic, HDR. creation motif 117/500 · LAB-117. Keep product identity and any on-screen research typography sharp and unchanged. For laboratory research use only. Not for human use or consumption.",Active,0,
PBVita-Lab-118,118,LAB-118,liquid_handling,sterile syringe filter attached to syringe no needle,"filter on luer, no hypodermic","sterile syringe filter attached to syringe no needle on textured slate sample board, split soft key and gentle bounce, circular arc that never fully completes",12,"ultra detailed, extremely detailed, hyper-detailed, razor sharp focus, tack sharp, crystal clear, ultra sharp, 8k resolution, photorealistic, hyperrealistic, ultra realistic, HDR",9:16,8,1080p,grok-imagine-image-quality,grok-imagine-video-1.5,2k,"Photoreal vertical 9:16 Palm Beach Vitality laboratory research catalog film, chemical research material only, premium American research aesthetic. PRIMARY SUBJECT (must be clearly recognizable, real laboratory object, sharp and centered): sterile syringe filter attached to syringe no needle. Physical detail: filter on luer, no hypodermic. Setting surface: textured slate sample board. Lighting: split soft key and gentle bounce. Camera: circular arc that never fully completes. No abstract shapes, no glass orbs, no crystal balls, no surreal spheres, no CGI blobs, no nebula, no galaxies, no fantasy energy, no particle portals, no impossible geometry, no melting objects, no dreamscape, no people, no faces, no hands, no bare skin, no needles penetrating skin, no injection act, no clinic patient scene, no gym, no lifestyle, no wellness claims, no nicknames, no supplements aesthetic. Quality: ultra detailed, extremely detailed, hyper-detailed, razor sharp focus, tack sharp, crystal clear, ultra sharp, 8k resolution, photorealistic, hyperrealistic, ultra realistic, HDR. creation motif 118/500 · LAB-118. Keep product identity and any on-screen research typography sharp and unchanged. For laboratory research use only. Not for human use or consumption.",Active,0,
PBVita-Lab-119,119,LAB-119,liquid_handling,pipette tip waste container empty,bench-top tip disposal jar,"pipette tip waste container empty on soft gray seamless paper backdrop, high-key seamless catalog lighting, vertical rise from base to label",12,"ultra detailed, extremely detailed, hyper-detailed, razor sharp focus, tack sharp, crystal clear, ultra sharp, 8k resolution, photorealistic, hyperrealistic, ultra realistic, HDR",9:16,8,1080p,grok-imagine-image-quality,grok-imagine-video-1.5,2k,"Photoreal vertical 9:16 Palm Beach Vitality laboratory research catalog film, chemical research material only, premium American research aesthetic. PRIMARY SUBJECT (must be clearly recognizable, real laboratory object, sharp and centered): pipette tip waste container empty. Physical detail: bench-top tip disposal jar. Setting surface: soft gray seamless paper backdrop. Lighting: high-key seamless catalog lighting. Camera: vertical rise from base to label. No abstract shapes, no glass orbs, no crystal balls, no surreal spheres, no CGI blobs, no nebula, no galaxies, no fantasy energy, no particle portals, no impossible geometry, no melting objects, no dreamscape, no people, no faces, no hands, no bare skin, no needles penetrating skin, no injection act, no clinic patient scene, no gym, no lifestyle, no wellness claims, no nicknames, no supplements aesthetic. Quality: ultra detailed, extremely detailed, hyper-detailed, razor sharp focus, tack sharp, crystal clear, ultra sharp, 8k resolution, photorealistic, hyperrealistic, ultra realistic, HDR. creation motif 119/500 · LAB-119. Keep product identity and any on-screen research typography sharp and unchanged. For laboratory research use only. Not for human use or consumption.",Active,0,
PBVita-Lab-120,120,LAB-120,liquid_handling,calibration balance weight next to pipette,pipette accuracy still life,"calibration balance weight next to pipette on anodized aluminum tray, low-key selective highlight on glass edges, fast resolve into locked hero frame",12,"ultra detailed, extremely detailed, hyper-detailed, razor sharp focus, tack sharp, crystal clear, ultra sharp, 8k resolution, photorealistic, hyperrealistic, ultra realistic, HDR",9:16,8,1080p,grok-imagine-image-quality,grok-imagine-video-1.5,2k,"Photoreal vertical 9:16 Palm Beach Vitality laboratory research catalog film, chemical research material only, premium American research aesthetic. PRIMARY SUBJECT (must be clearly recognizable, real laboratory object, sharp and centered): calibration balance weight next to pipette. Physical detail: pipette accuracy still life. Setting surface: anodized aluminum tray. Lighting: low-key selective highlight on glass edges. Camera: fast resolve into locked hero frame. No abstract shapes, no glass orbs, no crystal balls, no surreal spheres, no CGI blobs, no nebula, no galaxies, no fantasy energy, no particle portals, no impossible geometry, no melting objects, no dreamscape, no people, no faces, no hands, no bare skin, no needles penetrating skin, no injection act, no clinic patient scene, no gym, no lifestyle, no wellness claims, no nicknames, no supplements aesthetic. Quality: ultra detailed, extremely detailed, hyper-detailed, razor sharp focus, tack sharp, crystal clear, ultra sharp, 8k resolution, photorealistic, hyperrealistic, ultra realistic, HDR. creation motif 120/500 · LAB-120. Keep product identity and any on-screen research typography sharp and unchanged. For laboratory research use only. Not for human use or consumption.",Active,0,
PBVita-Lab-121,121,LAB-121,liquid_handling,PCR plate with sealed film,"96-well plate, clear seal","PCR plate with sealed film on polished black reflective acrylic, soft rim light from behind, slow 360 degree orbit at eye level",12,"ultra detailed, extremely detailed, hyper-detailed, razor sharp focus, tack sharp, crystal clear, ultra sharp, 8k resolution, photorealistic, hyperrealistic, ultra realistic, HDR",9:16,8,1080p,grok-imagine-image-quality,grok-imagine-video-1.5,2k,"Photoreal vertical 9:16 Palm Beach Vitality laboratory research catalog film, chemical research material only, premium American research aesthetic. PRIMARY SUBJECT (must be clearly recognizable, real laboratory object, sharp and centered): PCR plate with sealed film. Physical detail: 96-well plate, clear seal. Setting surface: polished black reflective acrylic. Lighting: soft rim light from behind. Camera: slow 360 degree orbit at eye level. No abstract shapes, no glass orbs, no crystal balls, no surreal spheres, no CGI blobs, no nebula, no galaxies, no fantasy energy, no particle portals, no impossible geometry, no melting objects, no dreamscape, no people, no faces, no hands, no bare skin, no needles penetrating skin, no injection act, no clinic patient scene, no gym, no lifestyle, no wellness claims, no nicknames, no supplements aesthetic. Quality: ultra detailed, extremely detailed, hyper-detailed, razor sharp focus, tack sharp, crystal clear, ultra sharp, 8k resolution, photorealistic, hyperrealistic, ultra realistic, HDR. creation motif 121/500 · LAB-121. Keep product identity and any on-screen research typography sharp and unchanged. For laboratory research use only. Not for human use or consumption.",Active,0,
PBVita-Lab-122,122,LAB-122,liquid_handling,deep-well plate empty,2ml deep well plate,"deep-well plate empty on matte pure white infinity surface, cool clinical blue-white LED, extreme macro push-in",12,"ultra detailed, extremely detailed, hyper-detailed, razor sharp focus, tack sharp, crystal clear, ultra sharp, 8k resolution, photorealistic, hyperrealistic, ultra realistic, HDR",9:16,8,1080p,grok-imagine-image-quality,grok-imagine-video-1.5,2k,"Photoreal vertical 9:16 Palm Beach Vitality laboratory research catalog film, chemical research material only, premium American research aesthetic. PRIMARY SUBJECT (must be clearly recognizable, real laboratory object, sharp and centered): deep-well plate empty. Physical detail: 2ml deep well plate. Setting surface: matte pure white infinity surface. Lighting: cool clinical blue-white LED. Camera: extreme macro push-in. No abstract shapes, no glass orbs, no crystal balls, no surreal spheres, no CGI blobs, no nebula, no galaxies, no fantasy energy, no particle portals, no impossible geometry, no melting objects, no dreamscape, no people, no faces, no hands, no bare skin, no needles penetrating skin, no injection act, no clinic patient scene, no gym, no lifestyle, no wellness claims, no nicknames, no supplements aesthetic. Quality: ultra detailed, extremely detailed, hyper-detailed, razor sharp focus, tack sharp, crystal clear, ultra sharp, 8k resolution, photorealistic, hyperrealistic, ultra realistic, HDR. creation motif 122/500 · LAB-122. Keep product identity and any on-screen research typography sharp and unchanged. For laboratory research use only. Not for human use or consumption.",Active,0,
PBVita-Lab-123,123,LAB-123,liquid_handling,microcentrifuge tube rack full,colored tubes in rack,"microcentrifuge tube rack full on brushed stainless steel lab bench, single hard key light with controlled fill, gentle top-down descending move",12,"ultra detailed, extremely detailed, hyper-detailed, razor sharp focus, tack sharp, crystal clear, ultra sharp, 8k resolution, photorealistic, hyperrealistic, ultra realistic, HDR",9:16,8,1080p,grok-imagine-image-quality,grok-imagine-video-1.5,2k,"Photoreal vertical 9:16 Palm Beach Vitality laboratory research catalog film, chemical research material only, premium American research aesthetic. PRIMARY SUBJECT (must be clearly recognizable, real laboratory object, sharp and centered): microcentrifuge tube rack full. Physical detail: colored tubes in rack. Setting surface: brushed stainless steel lab bench. Lighting: single hard key light with controlled fill. Camera: gentle top-down descending move. No abstract shapes, no glass orbs, no crystal balls, no surreal spheres, no CGI blobs, no nebula, no galaxies, no fantasy energy, no particle portals, no impossible geometry, no melting objects, no dreamscape, no people, no faces, no hands, no bare skin, no needles penetrating skin, no injection act, no clinic patient scene, no gym, no lifestyle, no wellness claims, no nicknames, no supplements aesthetic. Quality: ultra detailed, extremely detailed, hyper-detailed, razor sharp focus, tack sharp, crystal clear, ultra sharp, 8k resolution, photorealistic, hyperrealistic, ultra realistic, HDR. creation motif 123/500 · LAB-123. Keep product identity and any on-screen research typography sharp and unchanged. For laboratory research use only. Not for human use or consumption.",Active,0,
PBVita-Lab-124,124,LAB-124,liquid_handling,single microcentrifuge tube 1.5ml closed,snap-cap tube hero,"single microcentrifuge tube 1.5ml closed on dark charcoal epoxy resin countertop, soft overhead softbox, even catalog lighting, locked tripod hero frame with subtle push",12,"ultra detailed, extremely detailed, hyper-detailed, razor sharp focus, tack sharp, crystal clear, ultra sharp, 8k resolution, photorealistic, hyperrealistic, ultra realistic, HDR",9:16,8,1080p,grok-imagine-image-quality,grok-imagine-video-1.5,2k,"Photoreal vertical 9:16 Palm Beach Vitality laboratory research catalog film, chemical research material only, premium American research aesthetic. PRIMARY SUBJECT (must be clearly recognizable, real laboratory object, sharp and centered): single microcentrifuge tube 1.5ml closed. Physical detail: snap-cap tube hero. Setting surface: dark charcoal epoxy resin countertop. Lighting: soft overhead softbox, even catalog lighting. Camera: locked tripod hero frame with subtle push. No abstract shapes, no glass orbs, no crystal balls, no surreal spheres, no CGI blobs, no nebula, no galaxies, no fantasy energy, no particle portals, no impossible geometry, no melting objects, no dreamscape, no people, no faces, no hands, no bare skin, no needles penetrating skin, no injection act, no clinic patient scene, no gym, no lifestyle, no wellness claims, no nicknames, no supplements aesthetic. Quality: ultra detailed, extremely detailed, hyper-detailed, razor sharp focus, tack sharp, crystal clear, ultra sharp, 8k resolution, photorealistic, hyperrealistic, ultra realistic, HDR. creation motif 124/500 · LAB-124. Keep product identity and any on-screen research typography sharp and unchanged. For laboratory research use only. Not for human use or consumption.",Active,0,
PBVita-Lab-125,125,LAB-125,liquid_handling,strip of PCR tubes,8-strip tubes,"strip of PCR tubes on cool gray ceramic tile, warm neutral side light, still clinical, low angle tracking slide",12,"ultra detailed, extremely detailed, hyper-detailed, razor sharp focus, tack sharp, crystal clear, ultra sharp, 8k resolution, photorealistic, hyperrealistic, ultra realistic, HDR",9:16,8,1080p,grok-imagine-image-quality,grok-imagine-video-1.5,2k,"Photoreal vertical 9:16 Palm Beach Vitality laboratory research catalog film, chemical research material only, premium American research aesthetic. PRIMARY SUBJECT (must be clearly recognizable, real laboratory object, sharp and centered): strip of PCR tubes. Physical detail: 8-strip tubes. Setting surface: cool gray ceramic tile. Lighting: warm neutral side light, still clinical. Camera: low angle tracking slide. No abstract shapes, no glass orbs, no crystal balls, no surreal spheres, no CGI blobs, no nebula, no galaxies, no fantasy energy, no particle portals, no impossible geometry, no melting objects, no dreamscape, no people, no faces, no hands, no bare skin, no needles penetrating skin, no injection act, no clinic patient scene, no gym, no lifestyle, no wellness claims, no nicknames, no supplements aesthetic. Quality: ultra detailed, extremely detailed, hyper-detailed, razor sharp focus, tack sharp, crystal clear, ultra sharp, 8k resolution, photorealistic, hyperrealistic, ultra realistic, HDR. creation motif 125/500 · LAB-125. Keep product identity and any on-screen research typography sharp and unchanged. For laboratory research use only. Not for human use or consumption.",Active,0,
PBVita-Lab-126,126,LAB-126,cold_chain,laboratory freezer box cardboard with vials,"cryobox with grid, few vials seated","laboratory freezer box cardboard with vials on mirrored chrome instrument tray, split soft key and gentle bounce, circular arc that never fully completes",12,"ultra detailed, extremely detailed, hyper-detailed, razor sharp focus, tack sharp, crystal clear, ultra sharp, 8k resolution, photorealistic, hyperrealistic, ultra realistic, HDR",9:16,8,1080p,grok-imagine-image-quality,grok-imagine-video-1.5,2k,"Photoreal vertical 9:16 Palm Beach Vitality laboratory research catalog film, chemical research material only, premium American research aesthetic. PRIMARY SUBJECT (must be clearly recognizable, real laboratory object, sharp and centered): laboratory freezer box cardboard with vials. Physical detail: cryobox with grid, few vials seated. Setting surface: mirrored chrome instrument tray. Lighting: split soft key and gentle bounce. Camera: circular arc that never fully completes. No abstract shapes, no glass orbs, no crystal balls, no surreal spheres, no CGI blobs, no nebula, no galaxies, no fantasy energy, no particle portals, no impossible geometry, no melting objects, no dreamscape, no people, no faces, no hands, no bare skin, no needles penetrating skin, no injection act, no clinic patient scene, no gym, no lifestyle, no wellness claims, no nicknames, no supplements aesthetic. Quality: ultra detailed, extremely detailed, hyper-detailed, razor sharp focus, tack sharp, crystal clear, ultra sharp, 8k resolution, photorealistic, hyperrealistic, ultra realistic, HDR. creation motif 126/500 · LAB-126. Keep product identity and any on-screen research typography sharp and unchanged. For laboratory research use only. Not for human use or consumption.",Active,0,
PBVita-Lab-127,127,LAB-127,cold_chain,polycarbonate freezer box empty grid,9x9 grid box open,"polycarbonate freezer box empty grid on white melamine cleanroom table, high-key seamless catalog lighting, vertical rise from base to label",12,"ultra detailed, extremely detailed, hyper-detailed, razor sharp focus, tack sharp, crystal clear, ultra sharp, 8k resolution, photorealistic, hyperrealistic, ultra realistic, HDR",9:16,8,1080p,grok-imagine-image-quality,grok-imagine-video-1.5,2k,"Photoreal vertical 9:16 Palm Beach Vitality laboratory research catalog film, chemical research material only, premium American research aesthetic. PRIMARY SUBJECT (must be clearly recognizable, real laboratory object, sharp and centered): polycarbonate freezer box empty grid. Physical detail: 9x9 grid box open. Setting surface: white melamine cleanroom table. Lighting: high-key seamless catalog lighting. Camera: vertical rise from base to label. No abstract shapes, no glass orbs, no crystal balls, no surreal spheres, no CGI blobs, no nebula, no galaxies, no fantasy energy, no particle portals, no impossible geometry, no melting objects, no dreamscape, no people, no faces, no hands, no bare skin, no needles penetrating skin, no injection act, no clinic patient scene, no gym, no lifestyle, no wellness claims, no nicknames, no supplements aesthetic. Quality: ultra detailed, extremely detailed, hyper-detailed, razor sharp focus, tack sharp, crystal clear, ultra sharp, 8k resolution, photorealistic, hyperrealistic, ultra realistic, HDR. creation motif 127/500 · LAB-127. Keep product identity and any on-screen research typography sharp and unchanged. For laboratory research use only. Not for human use or consumption.",Active,0,
PBVita-Lab-128,128,LAB-128,cold_chain,cold packs flanking a research carton,gel packs and white carton,"cold packs flanking a research carton on textured slate sample board, low-key selective highlight on glass edges, fast resolve into locked hero frame",12,"ultra detailed, extremely detailed, hyper-detailed, razor sharp focus, tack sharp, crystal clear, ultra sharp, 8k resolution, photorealistic, hyperrealistic, ultra realistic, HDR",9:16,8,1080p,grok-imagine-image-quality,grok-imagine-video-1.5,2k,"Photoreal vertical 9:16 Palm Beach Vitality laboratory research catalog film, chemical research material only, premium American research aesthetic. PRIMARY SUBJECT (must be clearly recognizable, real laboratory object, sharp and centered): cold packs flanking a research carton. Physical detail: gel packs and white carton. Setting surface: textured slate sample board. Lighting: low-key selective highlight on glass edges. Camera: fast resolve into locked hero frame. No abstract shapes, no glass orbs, no crystal balls, no surreal spheres, no CGI blobs, no nebula, no galaxies, no fantasy energy, no particle portals, no impossible geometry, no melting objects, no dreamscape, no people, no faces, no hands, no bare skin, no needles penetrating skin, no injection act, no clinic patient scene, no gym, no lifestyle, no wellness claims, no nicknames, no supplements aesthetic. Quality: ultra detailed, extremely detailed, hyper-detailed, razor sharp focus, tack sharp, crystal clear, ultra sharp, 8k resolution, photorealistic, hyperrealistic, ultra realistic, HDR. creation motif 128/500 · LAB-128. Keep product identity and any on-screen research typography sharp and unchanged. For laboratory research use only. Not for human use or consumption.",Active,0,
PBVita-Lab-129,129,LAB-129,cold_chain,insulated shipper open showing foam insert,"cold-chain shipper, vial well empty or filled","insulated shipper open showing foam insert on soft gray seamless paper backdrop, soft rim light from behind, slow 360 degree orbit at eye level",12,"ultra detailed, extremely detailed, hyper-detailed, razor sharp focus, tack sharp, crystal clear, ultra sharp, 8k resolution, photorealistic, hyperrealistic, ultra realistic, HDR",9:16,8,1080p,grok-imagine-image-quality,grok-imagine-video-1.5,2k,"Photoreal vertical 9:16 Palm Beach Vitality laboratory research catalog film, chemical research material only, premium American research aesthetic. PRIMARY SUBJECT (must be clearly recognizable, real laboratory object, sharp and centered): insulated shipper open showing foam insert. Physical detail: cold-chain shipper, vial well empty or filled. Setting surface: soft gray seamless paper backdrop. Lighting: soft rim light from behind. Camera: slow 360 degree orbit at eye level. No abstract shapes, no glass orbs, no crystal balls, no surreal spheres, no CGI blobs, no nebula, no galaxies, no fantasy energy, no particle portals, no impossible geometry, no melting objects, no dreamscape, no people, no faces, no hands, no bare skin, no needles penetrating skin, no injection act, no clinic patient scene, no gym, no lifestyle, no wellness claims, no nicknames, no supplements aesthetic. Quality: ultra detailed, extremely detailed, hyper-detailed, razor sharp focus, tack sharp, crystal clear, ultra sharp, 8k resolution, photorealistic, hyperrealistic, ultra realistic, HDR. creation motif 129/500 · LAB-129. Keep product identity and any on-screen research typography sharp and unchanged. For laboratory research use only. Not for human use or consumption.",Active,0,
PBVita-Lab-130,130,LAB-130,cold_chain,mini cooler bag for research samples unzipped,"soft cooler, gel pack visible","mini cooler bag for research samples unzipped on anodized aluminum tray, cool clinical blue-white LED, extreme macro push-in",12,"ultra detailed, extremely detailed, hyper-detailed, razor sharp focus, tack sharp, crystal clear, ultra sharp, 8k resolution, photorealistic, hyperrealistic, ultra realistic, HDR",9:16,8,1080p,grok-imagine-image-quality,grok-imagine-video-1.5,2k,"Photoreal vertical 9:16 Palm Beach Vitality laboratory research catalog film, chemical research material only, premium American research aesthetic. PRIMARY SUBJECT (must be clearly recognizable, real laboratory object, sharp and centered): mini cooler bag for research samples unzipped. Physical detail: soft cooler, gel pack visible. Setting surface: anodized aluminum tray. Lighting: cool clinical blue-white LED. Camera: extreme macro push-in. No abstract shapes, no glass orbs, no crystal balls, no surreal spheres, no CGI blobs, no nebula, no galaxies, no fantasy energy, no particle portals, no impossible geometry, no melting objects, no dreamscape, no people, no faces, no hands, no bare skin, no needles penetrating skin, no injection act, no clinic patient scene, no gym, no lifestyle, no wellness claims, no nicknames, no supplements aesthetic. Quality: ultra detailed, extremely detailed, hyper-detailed, razor sharp focus, tack sharp, crystal clear, ultra sharp, 8k resolution, photorealistic, hyperrealistic, ultra realistic, HDR. creation motif 130/500 · LAB-130. Keep product identity and any on-screen research typography sharp and unchanged. For laboratory research use only. Not for human use or consumption.",Active,0,
PBVita-Lab-131,131,LAB-131,cold_chain,temperature data logger on pack,small logger device with display,"temperature data logger on pack on polished black reflective acrylic, single hard key light with controlled fill, gentle top-down descending move",12,"ultra detailed, extremely detailed, hyper-detailed, razor sharp focus, tack sharp, crystal clear, ultra sharp, 8k resolution, photorealistic, hyperrealistic, ultra realistic, HDR",9:16,8,1080p,grok-imagine-image-quality,grok-imagine-video-1.5,2k,"Photoreal vertical 9:16 Palm Beach Vitality laboratory research catalog film, chemical research material only, premium American research aesthetic. PRIMARY SUBJECT (must be clearly recognizable, real laboratory object, sharp and centered): temperature data logger on pack. Physical detail: small logger device with display. Setting surface: polished black reflective acrylic. Lighting: single hard key light with controlled fill. Camera: gentle top-down descending move. No abstract shapes, no glass orbs, no crystal balls, no surreal spheres, no CGI blobs, no nebula, no galaxies, no fantasy energy, no particle portals, no impossible geometry, no melting objects, no dreamscape, no people, no faces, no hands, no bare skin, no needles penetrating skin, no injection act, no clinic patient scene, no gym, no lifestyle, no wellness claims, no nicknames, no supplements aesthetic. Quality: ultra detailed, extremely detailed, hyper-detailed, razor sharp focus, tack sharp, crystal clear, ultra sharp, 8k resolution, photorealistic, hyperrealistic, ultra realistic, HDR. creation motif 131/500 · LAB-131. Keep product identity and any on-screen research typography sharp and unchanged. For laboratory research use only. Not for human use or consumption.",Active,0,
PBVita-Lab-132,132,LAB-132,cold_chain,cryogenic gloves folded beside cryobox,"PPE as object, no person wearing","cryogenic gloves folded beside cryobox on matte pure white infinity surface, soft overhead softbox, even catalog lighting, locked tripod hero frame with subtle push",12,"ultra detailed, extremely detailed, hyper-detailed, razor sharp focus, tack sharp, crystal clear, ultra sharp, 8k resolution, photorealistic, hyperrealistic, ultra realistic, HDR",9:16,8,1080p,grok-imagine-image-quality,grok-imagine-video-1.5,2k,"Photoreal vertical 9:16 Palm Beach Vitality laboratory research catalog film, chemical research material only, premium American research aesthetic. PRIMARY SUBJECT (must be clearly recognizable, real laboratory object, sharp and centered): cryogenic gloves folded beside cryobox. Physical detail: PPE as object, no person wearing. Setting surface: matte pure white infinity surface. Lighting: soft overhead softbox, even catalog lighting. Camera: locked tripod hero frame with subtle push. No abstract shapes, no glass orbs, no crystal balls, no surreal spheres, no CGI blobs, no nebula, no galaxies, no fantasy energy, no particle portals, no impossible geometry, no melting objects, no dreamscape, no people, no faces, no hands, no bare skin, no needles penetrating skin, no injection act, no clinic patient scene, no gym, no lifestyle, no wellness claims, no nicknames, no supplements aesthetic. Quality: ultra detailed, extremely detailed, hyper-detailed, razor sharp focus, tack sharp, crystal clear, ultra sharp, 8k resolution, photorealistic, hyperrealistic, ultra realistic, HDR. creation motif 132/500 · LAB-132. Keep product identity and any on-screen research typography sharp and unchanged. For laboratory research use only. Not for human use or consumption.",Active,0,
PBVita-Lab-133,133,LAB-133,cold_chain,liquid nitrogen vapor shipper exterior,dry shipper dewar exterior only,"liquid nitrogen vapor shipper exterior on brushed stainless steel lab bench, warm neutral side light, still clinical, low angle tracking slide",12,"ultra detailed, extremely detailed, hyper-detailed, razor sharp focus, tack sharp, crystal clear, ultra sharp, 8k resolution, photorealistic, hyperrealistic, ultra realistic, HDR",9:16,8,1080p,grok-imagine-image-quality,grok-imagine-video-1.5,2k,"Photoreal vertical 9:16 Palm Beach Vitality laboratory research catalog film, chemical research material only, premium American research aesthetic. PRIMARY SUBJECT (must be clearly recognizable, real laboratory object, sharp and centered): liquid nitrogen vapor shipper exterior. Physical detail: dry shipper dewar exterior only. Setting surface: brushed stainless steel lab bench. Lighting: warm neutral side light, still clinical. Camera: low angle tracking slide. No abstract shapes, no glass orbs, no crystal balls, no surreal spheres, no CGI blobs, no nebula, no galaxies, no fantasy energy, no particle portals, no impossible geometry, no melting objects, no dreamscape, no people, no faces, no hands, no bare skin, no needles penetrating skin, no injection act, no clinic patient scene, no gym, no lifestyle, no wellness claims, no nicknames, no supplements aesthetic. Quality: ultra detailed, extremely detailed, hyper-detailed, razor sharp focus, tack sharp, crystal clear, ultra sharp, 8k resolution, photorealistic, hyperrealistic, ultra realistic, HDR. creation motif 133/500 · LAB-133. Keep product identity and any on-screen research typography sharp and unchanged. For laboratory research use only. Not for human use or consumption.",Active,0,
PBVita-Lab-134,134,LAB-134,cold_chain,frosted ice pan with sealed vials,"metal pan, light frost, vials upright","frosted ice pan with sealed vials on dark charcoal epoxy resin countertop, split soft key and gentle bounce, circular arc that never fully completes",12,"ultra detailed, extremely detailed, hyper-detailed, razor sharp focus, tack sharp, crystal clear, ultra sharp, 8k resolution, photorealistic, hyperrealistic, ultra realistic, HDR",9:16,8,1080p,grok-imagine-image-quality,grok-imagine-video-1.5,2k,"Photoreal vertical 9:16 Palm Beach Vitality laboratory research catalog film, chemical research material only, premium American research aesthetic. PRIMARY SUBJECT (must be clearly recognizable, real laboratory object, sharp and centered): frosted ice pan with sealed vials. Physical detail: metal pan, light frost, vials upright. Setting surface: dark charcoal epoxy resin countertop. Lighting: split soft key and gentle bounce. Camera: circular arc that never fully completes. No abstract shapes, no glass orbs, no crystal balls, no surreal spheres, no CGI blobs, no nebula, no galaxies, no fantasy energy, no particle portals, no impossible geometry, no melting objects, no dreamscape, no people, no faces, no hands, no bare skin, no needles penetrating skin, no injection act, no clinic patient scene, no gym, no lifestyle, no wellness claims, no nicknames, no supplements aesthetic. Quality: ultra detailed, extremely detailed, hyper-detailed, razor sharp focus, tack sharp, crystal clear, ultra sharp, 8k resolution, photorealistic, hyperrealistic, ultra realistic, HDR. creation motif 134/500 · LAB-134. Keep product identity and any on-screen research typography sharp and unchanged. For laboratory research use only. Not for human use or consumption.",Active,0,
PBVita-Lab-135,135,LAB-135,cold_chain,refrigerator shelf bin with labeled vials,lab fridge organizing bin,"refrigerator shelf bin with labeled vials on cool gray ceramic tile, high-key seamless catalog lighting, vertical rise from base to label",12,"ultra detailed, extremely detailed, hyper-detailed, razor sharp focus, tack sharp, crystal clear, ultra sharp, 8k resolution, photorealistic, hyperrealistic, ultra realistic, HDR",9:16,8,1080p,grok-imagine-image-quality,grok-imagine-video-1.5,2k,"Photoreal vertical 9:16 Palm Beach Vitality laboratory research catalog film, chemical research material only, premium American research aesthetic. PRIMARY SUBJECT (must be clearly recognizable, real laboratory object, sharp and centered): refrigerator shelf bin with labeled vials. Physical detail: lab fridge organizing bin. Setting surface: cool gray ceramic tile. Lighting: high-key seamless catalog lighting. Camera: vertical rise from base to label. No abstract shapes, no glass orbs, no crystal balls, no surreal spheres, no CGI blobs, no nebula, no galaxies, no fantasy energy, no particle portals, no impossible geometry, no melting objects, no dreamscape, no people, no faces, no hands, no bare skin, no needles penetrating skin, no injection act, no clinic patient scene, no gym, no lifestyle, no wellness claims, no nicknames, no supplements aesthetic. Quality: ultra detailed, extremely detailed, hyper-detailed, razor sharp focus, tack sharp, crystal clear, ultra sharp, 8k resolution, photorealistic, hyperrealistic, ultra realistic, HDR. creation motif 135/500 · LAB-135. Keep product identity and any on-screen research typography sharp and unchanged. For laboratory research use only. Not for human use or consumption.",Active,0,
PBVita-Lab-136,136,LAB-136,cold_chain,cold chain indicator sticker sheet,time-temp indicator labels,"cold chain indicator sticker sheet on mirrored chrome instrument tray, low-key selective highlight on glass edges, fast resolve into locked hero frame",12,"ultra detailed, extremely detailed, hyper-detailed, razor sharp focus, tack sharp, crystal clear, ultra sharp, 8k resolution, photorealistic, hyperrealistic, ultra realistic, HDR",9:16,8,1080p,grok-imagine-image-quality,grok-imagine-video-1.5,2k,"Photoreal vertical 9:16 Palm Beach Vitality laboratory research catalog film, chemical research material only, premium American research aesthetic. PRIMARY SUBJECT (must be clearly recognizable, real laboratory object, sharp and centered): cold chain indicator sticker sheet. Physical detail: time-temp indicator labels. Setting surface: mirrored chrome instrument tray. Lighting: low-key selective highlight on glass edges. Camera: fast resolve into locked hero frame. No abstract shapes, no glass orbs, no crystal balls, no surreal spheres, no CGI blobs, no nebula, no galaxies, no fantasy energy, no particle portals, no impossible geometry, no melting objects, no dreamscape, no people, no faces, no hands, no bare skin, no needles penetrating skin, no injection act, no clinic patient scene, no gym, no lifestyle, no wellness claims, no nicknames, no supplements aesthetic. Quality: ultra detailed, extremely detailed, hyper-detailed, razor sharp focus, tack sharp, crystal clear, ultra sharp, 8k resolution, photorealistic, hyperrealistic, ultra realistic, HDR. creation motif 136/500 · LAB-136. Keep product identity and any on-screen research typography sharp and unchanged. For laboratory research use only. Not for human use or consumption.",Active,0,
PBVita-Lab-137,137,LAB-137,cold_chain,phase-change pack brick,PCM pack alone,"phase-change pack brick on white melamine cleanroom table, soft rim light from behind, slow 360 degree orbit at eye level",12,"ultra detailed, extremely detailed, hyper-detailed, razor sharp focus, tack sharp, crystal clear, ultra sharp, 8k resolution, photorealistic, hyperrealistic, ultra realistic, HDR",9:16,8,1080p,grok-imagine-image-quality,grok-imagine-video-1.5,2k,"Photoreal vertical 9:16 Palm Beach Vitality laboratory research catalog film, chemical research material only, premium American research aesthetic. PRIMARY SUBJECT (must be clearly recognizable, real laboratory object, sharp and centered): phase-change pack brick. Physical detail: PCM pack alone. Setting surface: white melamine cleanroom table. Lighting: soft rim light from behind. Camera: slow 360 degree orbit at eye level. No abstract shapes, no glass orbs, no crystal balls, no surreal spheres, no CGI blobs, no nebula, no galaxies, no fantasy energy, no particle portals, no impossible geometry, no melting objects, no dreamscape, no people, no faces, no hands, no bare skin, no needles penetrating skin, no injection act, no clinic patient scene, no gym, no lifestyle, no wellness claims, no nicknames, no supplements aesthetic. Quality: ultra detailed, extremely detailed, hyper-detailed, razor sharp focus, tack sharp, crystal clear, ultra sharp, 8k resolution, photorealistic, hyperrealistic, ultra realistic, HDR. creation motif 137/500 · LAB-137. Keep product identity and any on-screen research typography sharp and unchanged. For laboratory research use only. Not for human use or consumption.",Active,0,
PBVita-Lab-138,138,LAB-138,cold_chain,styrofoam cold box lid ajar,EPS shipper interior view,"styrofoam cold box lid ajar on textured slate sample board, cool clinical blue-white LED, extreme macro push-in",12,"ultra detailed, extremely detailed, hyper-detailed, razor sharp focus, tack sharp, crystal clear, ultra sharp, 8k resolution, photorealistic, hyperrealistic, ultra realistic, HDR",9:16,8,1080p,grok-imagine-image-quality,grok-imagine-video-1.5,2k,"Photoreal vertical 9:16 Palm Beach Vitality laboratory research catalog film, chemical research material only, premium American research aesthetic. PRIMARY SUBJECT (must be clearly recognizable, real laboratory object, sharp and centered): styrofoam cold box lid ajar. Physical detail: EPS shipper interior view. Setting surface: textured slate sample board. Lighting: cool clinical blue-white LED. Camera: extreme macro push-in. No abstract shapes, no glass orbs, no crystal balls, no surreal spheres, no CGI blobs, no nebula, no galaxies, no fantasy energy, no particle portals, no impossible geometry, no melting objects, no dreamscape, no people, no faces, no hands, no bare skin, no needles penetrating skin, no injection act, no clinic patient scene, no gym, no lifestyle, no wellness claims, no nicknames, no supplements aesthetic. Quality: ultra detailed, extremely detailed, hyper-detailed, razor sharp focus, tack sharp, crystal clear, ultra sharp, 8k resolution, photorealistic, hyperrealistic, ultra realistic, HDR. creation motif 138/500 · LAB-138. Keep product identity and any on-screen research typography sharp and unchanged. For laboratory research use only. Not for human use or consumption.",Active,0,
PBVita-Lab-139,139,LAB-139,cold_chain,validated shipping carton with UN marks research,outer carton only,"validated shipping carton with UN marks research on soft gray seamless paper backdrop, single hard key light with controlled fill, gentle top-down descending move",12,"ultra detailed, extremely detailed, hyper-detailed, razor sharp focus, tack sharp, crystal clear, ultra sharp, 8k resolution, photorealistic, hyperrealistic, ultra realistic, HDR",9:16,8,1080p,grok-imagine-image-quality,grok-imagine-video-1.5,2k,"Photoreal vertical 9:16 Palm Beach Vitality laboratory research catalog film, chemical research material only, premium American research aesthetic. PRIMARY SUBJECT (must be clearly recognizable, real laboratory object, sharp and centered): validated shipping carton with UN marks research. Physical detail: outer carton only. Setting surface: soft gray seamless paper backdrop. Lighting: single hard key light with controlled fill. Camera: gentle top-down descending move. No abstract shapes, no glass orbs, no crystal balls, no surreal spheres, no CGI blobs, no nebula, no galaxies, no fantasy energy, no particle portals, no impossible geometry, no melting objects, no dreamscape, no people, no faces, no hands, no bare skin, no needles penetrating skin, no injection act, no clinic patient scene, no gym, no lifestyle, no wellness claims, no nicknames, no supplements aesthetic. Quality: ultra detailed, extremely detailed, hyper-detailed, razor sharp focus, tack sharp, crystal clear, ultra sharp, 8k resolution, photorealistic, hyperrealistic, ultra realistic, HDR. creation motif 139/500 · LAB-139. Keep product identity and any on-screen research typography sharp and unchanged. For laboratory research use only. Not for human use or consumption.",Active,0,
PBVita-Lab-140,140,LAB-140,cold_chain,thermal probe in calibration bath beaker,probe and beaker still,"thermal probe in calibration bath beaker on anodized aluminum tray, soft overhead softbox, even catalog lighting, locked tripod hero frame with subtle push",12,"ultra detailed, extremely detailed, hyper-detailed, razor sharp focus, tack sharp, crystal clear, ultra sharp, 8k resolution, photorealistic, hyperrealistic, ultra realistic, HDR",9:16,8,1080p,grok-imagine-image-quality,grok-imagine-video-1.5,2k,"Photoreal vertical 9:16 Palm Beach Vitality laboratory research catalog film, chemical research material only, premium American research aesthetic. PRIMARY SUBJECT (must be clearly recognizable, real laboratory object, sharp and centered): thermal probe in calibration bath beaker. Physical detail: probe and beaker still. Setting surface: anodized aluminum tray. Lighting: soft overhead softbox, even catalog lighting. Camera: locked tripod hero frame with subtle push. No abstract shapes, no glass orbs, no crystal balls, no surreal spheres, no CGI blobs, no nebula, no galaxies, no fantasy energy, no particle portals, no impossible geometry, no melting objects, no dreamscape, no people, no faces, no hands, no bare skin, no needles penetrating skin, no injection act, no clinic patient scene, no gym, no lifestyle, no wellness claims, no nicknames, no supplements aesthetic. Quality: ultra detailed, extremely detailed, hyper-detailed, razor sharp focus, tack sharp, crystal clear, ultra sharp, 8k resolution, photorealistic, hyperrealistic, ultra realistic, HDR. creation motif 140/500 · LAB-140. Keep product identity and any on-screen research typography sharp and unchanged. For laboratory research use only. Not for human use or consumption.",Active,0,
PBVita-Lab-141,141,LAB-141,cold_chain,freezer rack drawer pulled slightly,stainless freezer rack,"freezer rack drawer pulled slightly on polished black reflective acrylic, warm neutral side light, still clinical, low angle tracking slide",12,"ultra detailed, extremely detailed, hyper-detailed, razor sharp focus, tack sharp, crystal clear, ultra sharp, 8k resolution, photorealistic, hyperrealistic, ultra realistic, HDR",9:16,8,1080p,grok-imagine-image-quality,grok-imagine-video-1.5,2k,"Photoreal vertical 9:16 Palm Beach Vitality laboratory research catalog film, chemical research material only, premium American research aesthetic. PRIMARY SUBJECT (must be clearly recognizable, real laboratory object, sharp and centered): freezer rack drawer pulled slightly. Physical detail: stainless freezer rack. Setting surface: polished black reflective acrylic. Lighting: warm neutral side light, still clinical. Camera: low angle tracking slide. No abstract shapes, no glass orbs, no crystal balls, no surreal spheres, no CGI blobs, no nebula, no galaxies, no fantasy energy, no particle portals, no impossible geometry, no melting objects, no dreamscape, no people, no faces, no hands, no bare skin, no needles penetrating skin, no injection act, no clinic patient scene, no gym, no lifestyle, no wellness claims, no nicknames, no supplements aesthetic. Quality: ultra detailed, extremely detailed, hyper-detailed, razor sharp focus, tack sharp, crystal clear, ultra sharp, 8k resolution, photorealistic, hyperrealistic, ultra realistic, HDR. creation motif 141/500 · LAB-141. Keep product identity and any on-screen research typography sharp and unchanged. For laboratory research use only. Not for human use or consumption.",Active,0,
PBVita-Lab-142,142,LAB-142,cold_chain,cryo cane with clip for vials,aluminum cane holding vials,"cryo cane with clip for vials on matte pure white infinity surface, split soft key and gentle bounce, circular arc that never fully completes",12,"ultra detailed, extremely detailed, hyper-detailed, razor sharp focus, tack sharp, crystal clear, ultra sharp, 8k resolution, photorealistic, hyperrealistic, ultra realistic, HDR",9:16,8,1080p,grok-imagine-image-quality,grok-imagine-video-1.5,2k,"Photoreal vertical 9:16 Palm Beach Vitality laboratory research catalog film, chemical research material only, premium American research aesthetic. PRIMARY SUBJECT (must be clearly recognizable, real laboratory object, sharp and centered): cryo cane with clip for vials. Physical detail: aluminum cane holding vials. Setting surface: matte pure white infinity surface. Lighting: split soft key and gentle bounce. Camera: circular arc that never fully completes. No abstract shapes, no glass orbs, no crystal balls, no surreal spheres, no CGI blobs, no nebula, no galaxies, no fantasy energy, no particle portals, no impossible geometry, no melting objects, no dreamscape, no people, no faces, no hands, no bare skin, no needles penetrating skin, no injection act, no clinic patient scene, no gym, no lifestyle, no wellness claims, no nicknames, no supplements aesthetic. Quality: ultra detailed, extremely detailed, hyper-detailed, razor sharp focus, tack sharp, crystal clear, ultra sharp, 8k resolution, photorealistic, hyperrealistic, ultra realistic, HDR. creation motif 142/500 · LAB-142. Keep product identity and any on-screen research typography sharp and unchanged. For laboratory research use only. Not for human use or consumption.",Active,0,
PBVita-Lab-143,143,LAB-143,cold_chain,ice bucket with closed tube floating pack,lab ice bucket prop,"ice bucket with closed tube floating pack on brushed stainless steel lab bench, high-key seamless catalog lighting, vertical rise from base to label",12,"ultra detailed, extremely detailed, hyper-detailed, razor sharp focus, tack sharp, crystal clear, ultra sharp, 8k resolution, photorealistic, hyperrealistic, ultra realistic, HDR",9:16,8,1080p,grok-imagine-image-quality,grok-imagine-video-1.5,2k,"Photoreal vertical 9:16 Palm Beach Vitality laboratory research catalog film, chemical research material only, premium American research aesthetic. PRIMARY SUBJECT (must be clearly recognizable, real laboratory object, sharp and centered): ice bucket with closed tube floating pack. Physical detail: lab ice bucket prop. Setting surface: brushed stainless steel lab bench. Lighting: high-key seamless catalog lighting. Camera: vertical rise from base to label. No abstract shapes, no glass orbs, no crystal balls, no surreal spheres, no CGI blobs, no nebula, no galaxies, no fantasy energy, no particle portals, no impossible geometry, no melting objects, no dreamscape, no people, no faces, no hands, no bare skin, no needles penetrating skin, no injection act, no clinic patient scene, no gym, no lifestyle, no wellness claims, no nicknames, no supplements aesthetic. Quality: ultra detailed, extremely detailed, hyper-detailed, razor sharp focus, tack sharp, crystal clear, ultra sharp, 8k resolution, photorealistic, hyperrealistic, ultra realistic, HDR. creation motif 143/500 · LAB-143. Keep product identity and any on-screen research typography sharp and unchanged. For laboratory research use only. Not for human use or consumption.",Active,0,
PBVita-Lab-144,144,LAB-144,cold_chain,coolant bottle for centrifuge,pre-chill bottle,"coolant bottle for centrifuge on dark charcoal epoxy resin countertop, low-key selective highlight on glass edges, fast resolve into locked hero frame",12,"ultra detailed, extremely detailed, hyper-detailed, razor sharp focus, tack sharp, crystal clear, ultra sharp, 8k resolution, photorealistic, hyperrealistic, ultra realistic, HDR",9:16,8,1080p,grok-imagine-image-quality,grok-imagine-video-1.5,2k,"Photoreal vertical 9:16 Palm Beach Vitality laboratory research catalog film, chemical research material only, premium American research aesthetic. PRIMARY SUBJECT (must be clearly recognizable, real laboratory object, sharp and centered): coolant bottle for centrifuge. Physical detail: pre-chill bottle. Setting surface: dark charcoal epoxy resin countertop. Lighting: low-key selective highlight on glass edges. Camera: fast resolve into locked hero frame. No abstract shapes, no glass orbs, no crystal balls, no surreal spheres, no CGI blobs, no nebula, no galaxies, no fantasy energy, no particle portals, no impossible geometry, no melting objects, no dreamscape, no people, no faces, no hands, no bare skin, no needles penetrating skin, no injection act, no clinic patient scene, no gym, no lifestyle, no wellness claims, no nicknames, no supplements aesthetic. Quality: ultra detailed, extremely detailed, hyper-detailed, razor sharp focus, tack sharp, crystal clear, ultra sharp, 8k resolution, photorealistic, hyperrealistic, ultra realistic, HDR. creation motif 144/500 · LAB-144. Keep product identity and any on-screen research typography sharp and unchanged. For laboratory research use only. Not for human use or consumption.",Active,0,
PBVita-Lab-145,145,LAB-145,cold_chain,insulated vial sleeve neoprene,single-vial insulator sleeve,"insulated vial sleeve neoprene on cool gray ceramic tile, soft rim light from behind, slow 360 degree orbit at eye level",12,"ultra detailed, extremely detailed, hyper-detailed, razor sharp focus, tack sharp, crystal clear, ultra sharp, 8k resolution, photorealistic, hyperrealistic, ultra realistic, HDR",9:16,8,1080p,grok-imagine-image-quality,grok-imagine-video-1.5,2k,"Photoreal vertical 9:16 Palm Beach Vitality laboratory research catalog film, chemical research material only, premium American research aesthetic. PRIMARY SUBJECT (must be clearly recognizable, real laboratory object, sharp and centered): insulated vial sleeve neoprene. Physical detail: single-vial insulator sleeve. Setting surface: cool gray ceramic tile. Lighting: soft rim light from behind. Camera: slow 360 degree orbit at eye level. No abstract shapes, no glass orbs, no crystal balls, no surreal spheres, no CGI blobs, no nebula, no galaxies, no fantasy energy, no particle portals, no impossible geometry, no melting objects, no dreamscape, no people, no faces, no hands, no bare skin, no needles penetrating skin, no injection act, no clinic patient scene, no gym, no lifestyle, no wellness claims, no nicknames, no supplements aesthetic. Quality: ultra detailed, extremely detailed, hyper-detailed, razor sharp focus, tack sharp, crystal clear, ultra sharp, 8k resolution, photorealistic, hyperrealistic, ultra realistic, HDR. creation motif 145/500 · LAB-145. Keep product identity and any on-screen research typography sharp and unchanged. For laboratory research use only. Not for human use or consumption.",Active,0,
PBVita-Lab-146,146,LAB-146,instruments,analytical balance with draft shield closed,"four-point balance, doors shut, pan empty","analytical balance with draft shield closed on mirrored chrome instrument tray, cool clinical blue-white LED, extreme macro push-in",12,"ultra detailed, extremely detailed, hyper-detailed, razor sharp focus, tack sharp, crystal clear, ultra sharp, 8k resolution, photorealistic, hyperrealistic, ultra realistic, HDR",9:16,8,1080p,grok-imagine-image-quality,grok-imagine-video-1.5,2k,"Photoreal vertical 9:16 Palm Beach Vitality laboratory research catalog film, chemical research material only, premium American research aesthetic. PRIMARY SUBJECT (must be clearly recognizable, real laboratory object, sharp and centered): analytical balance with draft shield closed. Physical detail: four-point balance, doors shut, pan empty. Setting surface: mirrored chrome instrument tray. Lighting: cool clinical blue-white LED. Camera: extreme macro push-in. No abstract shapes, no glass orbs, no crystal balls, no surreal spheres, no CGI blobs, no nebula, no galaxies, no fantasy energy, no particle portals, no impossible geometry, no melting objects, no dreamscape, no people, no faces, no hands, no bare skin, no needles penetrating skin, no injection act, no clinic patient scene, no gym, no lifestyle, no wellness claims, no nicknames, no supplements aesthetic. Quality: ultra detailed, extremely detailed, hyper-detailed, razor sharp focus, tack sharp, crystal clear, ultra sharp, 8k resolution, photorealistic, hyperrealistic, ultra realistic, HDR. creation motif 146/500 · LAB-146. Keep product identity and any on-screen research typography sharp and unchanged. For laboratory research use only. Not for human use or consumption.",Active,0,
PBVita-Lab-147,147,LAB-147,instruments,analytical balance with vial on pan,"single vial being weighed concept, still","analytical balance with vial on pan on white melamine cleanroom table, single hard key light with controlled fill, gentle top-down descending move",12,"ultra detailed, extremely detailed, hyper-detailed, razor sharp focus, tack sharp, crystal clear, ultra sharp, 8k resolution, photorealistic, hyperrealistic, ultra realistic, HDR",9:16,8,1080p,grok-imagine-image-quality,grok-imagine-video-1.5,2k,"Photoreal vertical 9:16 Palm Beach Vitality laboratory research catalog film, chemical research material only, premium American research aesthetic. PRIMARY SUBJECT (must be clearly recognizable, real laboratory object, sharp and centered): analytical balance with vial on pan. Physical detail: single vial being weighed concept, still. Setting surface: white melamine cleanroom table. Lighting: single hard key light with controlled fill. Camera: gentle top-down descending move. No abstract shapes, no glass orbs, no crystal balls, no surreal spheres, no CGI blobs, no nebula, no galaxies, no fantasy energy, no particle portals, no impossible geometry, no melting objects, no dreamscape, no people, no faces, no hands, no bare skin, no needles penetrating skin, no injection act, no clinic patient scene, no gym, no lifestyle, no wellness claims, no nicknames, no supplements aesthetic. Quality: ultra detailed, extremely detailed, hyper-detailed, razor sharp focus, tack sharp, crystal clear, ultra sharp, 8k resolution, photorealistic, hyperrealistic, ultra realistic, HDR. creation motif 147/500 · LAB-147. Keep product identity and any on-screen research typography sharp and unchanged. For laboratory research use only. Not for human use or consumption.",Active,0,
PBVita-Lab-148,148,LAB-148,instruments,pH meter with electrode in holder,"benchtop pH meter, probe parked","pH meter with electrode in holder on textured slate sample board, soft overhead softbox, even catalog lighting, locked tripod hero frame with subtle push",12,"ultra detailed, extremely detailed, hyper-detailed, razor sharp focus, tack sharp, crystal clear, ultra sharp, 8k resolution, photorealistic, hyperrealistic, ultra realistic, HDR",9:16,8,1080p,grok-imagine-image-quality,grok-imagine-video-1.5,2k,"Photoreal vertical 9:16 Palm Beach Vitality laboratory research catalog film, chemical research material only, premium American research aesthetic. PRIMARY SUBJECT (must be clearly recognizable, real laboratory object, sharp and centered): pH meter with electrode in holder. Physical detail: benchtop pH meter, probe parked. Setting surface: textured slate sample board. Lighting: soft overhead softbox, even catalog lighting. Camera: locked tripod hero frame with subtle push. No abstract shapes, no glass orbs, no crystal balls, no surreal spheres, no CGI blobs, no nebula, no galaxies, no fantasy energy, no particle portals, no impossible geometry, no melting objects, no dreamscape, no people, no faces, no hands, no bare skin, no needles penetrating skin, no injection act, no clinic patient scene, no gym, no lifestyle, no wellness claims, no nicknames, no supplements aesthetic. Quality: ultra detailed, extremely detailed, hyper-detailed, razor sharp focus, tack sharp, crystal clear, ultra sharp, 8k resolution, photorealistic, hyperrealistic, ultra realistic, HDR. creation motif 148/500 · LAB-148. Keep product identity and any on-screen research typography sharp and unchanged. For laboratory research use only. Not for human use or consumption.",Active,0,
PBVita-Lab-149,149,LAB-149,instruments,magnetic stir plate with stir bar in beaker,"plate off, beaker centered","magnetic stir plate with stir bar in beaker on soft gray seamless paper backdrop, warm neutral side light, still clinical, low angle tracking slide",12,"ultra detailed, extremely detailed, hyper-detailed, razor sharp focus, tack sharp, crystal clear, ultra sharp, 8k resolution, photorealistic, hyperrealistic, ultra realistic, HDR",9:16,8,1080p,grok-imagine-image-quality,grok-imagine-video-1.5,2k,"Photoreal vertical 9:16 Palm Beach Vitality laboratory research catalog film, chemical research material only, premium American research aesthetic. PRIMARY SUBJECT (must be clearly recognizable, real laboratory object, sharp and centered): magnetic stir plate with stir bar in beaker. Physical detail: plate off, beaker centered. Setting surface: soft gray seamless paper backdrop. Lighting: warm neutral side light, still clinical. Camera: low angle tracking slide. No abstract shapes, no glass orbs, no crystal balls, no surreal spheres, no CGI blobs, no nebula, no galaxies, no fantasy energy, no particle portals, no impossible geometry, no melting objects, no dreamscape, no people, no faces, no hands, no bare skin, no needles penetrating skin, no injection act, no clinic patient scene, no gym, no lifestyle, no wellness claims, no nicknames, no supplements aesthetic. Quality: ultra detailed, extremely detailed, hyper-detailed, razor sharp focus, tack sharp, crystal clear, ultra sharp, 8k resolution, photorealistic, hyperrealistic, ultra realistic, HDR. creation motif 149/500 · LAB-149. Keep product identity and any on-screen research typography sharp and unchanged. For laboratory research use only. Not for human use or consumption.",Active,0,
PBVita-Lab-150,150,LAB-150,instruments,vortex mixer alone,classic vortexer,"vortex mixer alone on anodized aluminum tray, split soft key and gentle bounce, circular arc that never fully completes",12,"ultra detailed, extremely detailed, hyper-detailed, razor sharp focus, tack sharp, crystal clear, ultra sharp, 8k resolution, photorealistic, hyperrealistic, ultra realistic, HDR",9:16,8,1080p,grok-imagine-image-quality,grok-imagine-video-1.5,2k,"Photoreal vertical 9:16 Palm Beach Vitality laboratory research catalog film, chemical research material only, premium American research aesthetic. PRIMARY SUBJECT (must be clearly recognizable, real laboratory object, sharp and centered): vortex mixer alone. Physical detail: classic vortexer. Setting surface: anodized aluminum tray. Lighting: split soft key and gentle bounce. Camera: circular arc that never fully completes. No abstract shapes, no glass orbs, no crystal balls, no surreal spheres, no CGI blobs, no nebula, no galaxies, no fantasy energy, no particle portals, no impossible geometry, no melting objects, no dreamscape, no people, no faces, no hands, no bare skin, no needles penetrating skin, no injection act, no clinic patient scene, no gym, no lifestyle, no wellness claims, no nicknames, no supplements aesthetic. Quality: ultra detailed, extremely detailed, hyper-detailed, razor sharp focus, tack sharp, crystal clear, ultra sharp, 8k resolution, photorealistic, hyperrealistic, ultra realistic, HDR. creation motif 150/500 · LAB-150. Keep product identity and any on-screen research typography sharp and unchanged. For laboratory research use only. Not for human use or consumption.",Active,0,
PBVita-Lab-151,151,LAB-151,instruments,microcentrifuge closed lid,benchtop centrifuge,"microcentrifuge closed lid on polished black reflective acrylic, high-key seamless catalog lighting, vertical rise from base to label",12,"ultra detailed, extremely detailed, hyper-detailed, razor sharp focus, tack sharp, crystal clear, ultra sharp, 8k resolution, photorealistic, hyperrealistic, ultra realistic, HDR",9:16,8,1080p,grok-imagine-image-quality,grok-imagine-video-1.5,2k,"Photoreal vertical 9:16 Palm Beach Vitality laboratory research catalog film, chemical research material only, premium American research aesthetic. PRIMARY SUBJECT (must be clearly recognizable, real laboratory object, sharp and centered): microcentrifuge closed lid. Physical detail: benchtop centrifuge. Setting surface: polished black reflective acrylic. Lighting: high-key seamless catalog lighting. Camera: vertical rise from base to label. No abstract shapes, no glass orbs, no crystal balls, no surreal spheres, no CGI blobs, no nebula, no galaxies, no fantasy energy, no particle portals, no impossible geometry, no melting objects, no dreamscape, no people, no faces, no hands, no bare skin, no needles penetrating skin, no injection act, no clinic patient scene, no gym, no lifestyle, no wellness claims, no nicknames, no supplements aesthetic. Quality: ultra detailed, extremely detailed, hyper-detailed, razor sharp focus, tack sharp, crystal clear, ultra sharp, 8k resolution, photorealistic, hyperrealistic, ultra realistic, HDR. creation motif 151/500 · LAB-151. Keep product identity and any on-screen research typography sharp and unchanged. For laboratory research use only. Not for human use or consumption.",Active,0,
PBVita-Lab-152,152,LAB-152,instruments,open microcentrifuge showing rotor empty,rotor wells empty,"open microcentrifuge showing rotor empty on matte pure white infinity surface, low-key selective highlight on glass edges, fast resolve into locked hero frame",12,"ultra detailed, extremely detailed, hyper-detailed, razor sharp focus, tack sharp, crystal clear, ultra sharp, 8k resolution, photorealistic, hyperrealistic, ultra realistic, HDR",9:16,8,1080p,grok-imagine-image-quality,grok-imagine-video-1.5,2k,"Photoreal vertical 9:16 Palm Beach Vitality laboratory research catalog film, chemical research material only, premium American research aesthetic. PRIMARY SUBJECT (must be clearly recognizable, real laboratory object, sharp and centered): open microcentrifuge showing rotor empty. Physical detail: rotor wells empty. Setting surface: matte pure white infinity surface. Lighting: low-key selective highlight on glass edges. Camera: fast resolve into locked hero frame. No abstract shapes, no glass orbs, no crystal balls, no surreal spheres, no CGI blobs, no nebula, no galaxies, no fantasy energy, no particle portals, no impossible geometry, no melting objects, no dreamscape, no people, no faces, no hands, no bare skin, no needles penetrating skin, no injection act, no clinic patient scene, no gym, no lifestyle, no wellness claims, no nicknames, no supplements aesthetic. Quality: ultra detailed, extremely detailed, hyper-detailed, razor sharp focus, tack sharp, crystal clear, ultra sharp, 8k resolution, photorealistic, hyperrealistic, ultra realistic, HDR. creation motif 152/500 · LAB-152. Keep product identity and any on-screen research typography sharp and unchanged. For laboratory research use only. Not for human use or consumption.",Active,0,
PBVita-Lab-153,153,LAB-153,instruments,tube rotator wheel with clips,rotator with empty clips,"tube rotator wheel with clips on brushed stainless steel lab bench, soft rim light from behind, slow 360 degree orbit at eye level",12,"ultra detailed, extremely detailed, hyper-detailed, razor sharp focus, tack sharp, crystal clear, ultra sharp, 8k resolution, photorealistic, hyperrealistic, ultra realistic, HDR",9:16,8,1080p,grok-imagine-image-quality,grok-imagine-video-1.5,2k,"Photoreal vertical 9:16 Palm Beach Vitality laboratory research catalog film, chemical research material only, premium American research aesthetic. PRIMARY SUBJECT (must be clearly recognizable, real laboratory object, sharp and centered): tube rotator wheel with clips. Physical detail: rotator with empty clips. Setting surface: brushed stainless steel lab bench. Lighting: soft rim light from behind. Camera: slow 360 degree orbit at eye level. No abstract shapes, no glass orbs, no crystal balls, no surreal spheres, no CGI blobs, no nebula, no galaxies, no fantasy energy, no particle portals, no impossible geometry, no melting objects, no dreamscape, no people, no faces, no hands, no bare skin, no needles penetrating skin, no injection act, no clinic patient scene, no gym, no lifestyle, no wellness claims, no nicknames, no supplements aesthetic. Quality: ultra detailed, extremely detailed, hyper-detailed, razor sharp focus, tack sharp, crystal clear, ultra sharp, 8k resolution, photorealistic, hyperrealistic, ultra realistic, HDR. creation motif 153/500 · LAB-153. Keep product identity and any on-screen research typography sharp and unchanged. For laboratory research use only. Not for human use or consumption.",Active,0,
PBVita-Lab-154,154,LAB-154,instruments,benchtop orbital-platform shaker empty,shaker deck clear,"benchtop orbital-platform shaker empty on dark charcoal epoxy resin countertop, cool clinical blue-white LED, extreme macro push-in",12,"ultra detailed, extremely detailed, hyper-detailed, razor sharp focus, tack sharp, crystal clear, ultra sharp, 8k resolution, photorealistic, hyperrealistic, ultra realistic, HDR",9:16,8,1080p,grok-imagine-image-quality,grok-imagine-video-1.5,2k,"Photoreal vertical 9:16 Palm Beach Vitality laboratory research catalog film, chemical research material only, premium American research aesthetic. PRIMARY SUBJECT (must be clearly recognizable, real laboratory object, sharp and centered): benchtop orbital-platform shaker empty. Physical detail: shaker deck clear. Setting surface: dark charcoal epoxy resin countertop. Lighting: cool clinical blue-white LED. Camera: extreme macro push-in. No abstract shapes, no glass orbs, no crystal balls, no surreal spheres, no CGI blobs, no nebula, no galaxies, no fantasy energy, no particle portals, no impossible geometry, no melting objects, no dreamscape, no people, no faces, no hands, no bare skin, no needles penetrating skin, no injection act, no clinic patient scene, no gym, no lifestyle, no wellness claims, no nicknames, no supplements aesthetic. Quality: ultra detailed, extremely detailed, hyper-detailed, razor sharp focus, tack sharp, crystal clear, ultra sharp, 8k resolution, photorealistic, hyperrealistic, ultra realistic, HDR. creation motif 154/500 · LAB-154. Keep product identity and any on-screen research typography sharp and unchanged. For laboratory research use only. Not for human use or consumption.",Active,0,
PBVita-Lab-155,155,LAB-155,instruments,hot plate stirrer ceramic top,ceramic top clean,"hot plate stirrer ceramic top on cool gray ceramic tile, single hard key light with controlled fill, gentle top-down descending move",12,"ultra detailed, extremely detailed, hyper-detailed, razor sharp focus, tack sharp, crystal clear, ultra sharp, 8k resolution, photorealistic, hyperrealistic, ultra realistic, HDR",9:16,8,1080p,grok-imagine-image-quality,grok-imagine-video-1.5,2k,"Photoreal vertical 9:16 Palm Beach Vitality laboratory research catalog film, chemical research material only, premium American research aesthetic. PRIMARY SUBJECT (must be clearly recognizable, real laboratory object, sharp and centered): hot plate stirrer ceramic top. Physical detail: ceramic top clean. Setting surface: cool gray ceramic tile. Lighting: single hard key light with controlled fill. Camera: gentle top-down descending move. No abstract shapes, no glass orbs, no crystal balls, no surreal spheres, no CGI blobs, no nebula, no galaxies, no fantasy energy, no particle portals, no impossible geometry, no melting objects, no dreamscape, no people, no faces, no hands, no bare skin, no needles penetrating skin, no injection act, no clinic patient scene, no gym, no lifestyle, no wellness claims, no nicknames, no supplements aesthetic. Quality: ultra detailed, extremely detailed, hyper-detailed, razor sharp focus, tack sharp, crystal clear, ultra sharp, 8k resolution, photorealistic, hyperrealistic, ultra realistic, HDR. creation motif 155/500 · LAB-155. Keep product identity and any on-screen research typography sharp and unchanged. For laboratory research use only. Not for human use or consumption.",Active,0,
PBVita-Lab-156,156,LAB-156,instruments,lab jack raised under flask,support jack,"lab jack raised under flask on mirrored chrome instrument tray, soft overhead softbox, even catalog lighting, locked tripod hero frame with subtle push",12,"ultra detailed, extremely detailed, hyper-detailed, razor sharp focus, tack sharp, crystal clear, ultra sharp, 8k resolution, photorealistic, hyperrealistic, ultra realistic, HDR",9:16,8,1080p,grok-imagine-image-quality,grok-imagine-video-1.5,2k,"Photoreal vertical 9:16 Palm Beach Vitality laboratory research catalog film, chemical research material only, premium American research aesthetic. PRIMARY SUBJECT (must be clearly recognizable, real laboratory object, sharp and centered): lab jack raised under flask. Physical detail: support jack. Setting surface: mirrored chrome instrument tray. Lighting: soft overhead softbox, even catalog lighting. Camera: locked tripod hero frame with subtle push. No abstract shapes, no glass orbs, no crystal balls, no surreal spheres, no CGI blobs, no nebula, no galaxies, no fantasy energy, no particle portals, no impossible geometry, no melting objects, no dreamscape, no people, no faces, no hands, no bare skin, no needles penetrating skin, no injection act, no clinic patient scene, no gym, no lifestyle, no wellness claims, no nicknames, no supplements aesthetic. Quality: ultra detailed, extremely detailed, hyper-detailed, razor sharp focus, tack sharp, crystal clear, ultra sharp, 8k resolution, photorealistic, hyperrealistic, ultra realistic, HDR. creation motif 156/500 · LAB-156. Keep product identity and any on-screen research typography sharp and unchanged. For laboratory research use only. Not for human use or consumption.",Active,0,
PBVita-Lab-157,157,LAB-157,instruments,ring stand with clamps bare,retort stand geometry,"ring stand with clamps bare on white melamine cleanroom table, warm neutral side light, still clinical, low angle tracking slide",12,"ultra detailed, extremely detailed, hyper-detailed, razor sharp focus, tack sharp, crystal clear, ultra sharp, 8k resolution, photorealistic, hyperrealistic, ultra realistic, HDR",9:16,8,1080p,grok-imagine-image-quality,grok-imagine-video-1.5,2k,"Photoreal vertical 9:16 Palm Beach Vitality laboratory research catalog film, chemical research material only, premium American research aesthetic. PRIMARY SUBJECT (must be clearly recognizable, real laboratory object, sharp and centered): ring stand with clamps bare. Physical detail: retort stand geometry. Setting surface: white melamine cleanroom table. Lighting: warm neutral side light, still clinical. Camera: low angle tracking slide. No abstract shapes, no glass orbs, no crystal balls, no surreal spheres, no CGI blobs, no nebula, no galaxies, no fantasy energy, no particle portals, no impossible geometry, no melting objects, no dreamscape, no people, no faces, no hands, no bare skin, no needles penetrating skin, no injection act, no clinic patient scene, no gym, no lifestyle, no wellness claims, no nicknames, no supplements aesthetic. Quality: ultra detailed, extremely detailed, hyper-detailed, razor sharp focus, tack sharp, crystal clear, ultra sharp, 8k resolution, photorealistic, hyperrealistic, ultra realistic, HDR. creation motif 157/500 · LAB-157. Keep product identity and any on-screen research typography sharp and unchanged. For laboratory research use only. Not for human use or consumption.",Active,0,
PBVita-Lab-158,158,LAB-158,instruments,digital timer on bench,lab timer device,"digital timer on bench on textured slate sample board, split soft key and gentle bounce, circular arc that never fully completes",12,"ultra detailed, extremely detailed, hyper-detailed, razor sharp focus, tack sharp, crystal clear, ultra sharp, 8k resolution, photorealistic, hyperrealistic, ultra realistic, HDR",9:16,8,1080p,grok-imagine-image-quality,grok-imagine-video-1.5,2k,"Photoreal vertical 9:16 Palm Beach Vitality laboratory research catalog film, chemical research material only, premium American research aesthetic. PRIMARY SUBJECT (must be clearly recognizable, real laboratory object, sharp and centered): digital timer on bench. Physical detail: lab timer device. Setting surface: textured slate sample board. Lighting: split soft key and gentle bounce. Camera: circular arc that never fully completes. No abstract shapes, no glass orbs, no crystal balls, no surreal spheres, no CGI blobs, no nebula, no galaxies, no fantasy energy, no particle portals, no impossible geometry, no melting objects, no dreamscape, no people, no faces, no hands, no bare skin, no needles penetrating skin, no injection act, no clinic patient scene, no gym, no lifestyle, no wellness claims, no nicknames, no supplements aesthetic. Quality: ultra detailed, extremely detailed, hyper-detailed, razor sharp focus, tack sharp, crystal clear, ultra sharp, 8k resolution, photorealistic, hyperrealistic, ultra realistic, HDR. creation motif 158/500 · LAB-158. Keep product identity and any on-screen research typography sharp and unchanged. For laboratory research use only. Not for human use or consumption.",Active,0,
PBVita-Lab-159,159,LAB-159,instruments,calipers measuring a vial diameter,calipers and vial still life,"calipers measuring a vial diameter on soft gray seamless paper backdrop, high-key seamless catalog lighting, vertical rise from base to label",12,"ultra detailed, extremely detailed, hyper-detailed, razor sharp focus, tack sharp, crystal clear, ultra sharp, 8k resolution, photorealistic, hyperrealistic, ultra realistic, HDR",9:16,8,1080p,grok-imagine-image-quality,grok-imagine-video-1.5,2k,"Photoreal vertical 9:16 Palm Beach Vitality laboratory research catalog film, chemical research material only, premium American research aesthetic. PRIMARY SUBJECT (must be clearly recognizable, real laboratory object, sharp and centered): calipers measuring a vial diameter. Physical detail: calipers and vial still life. Setting surface: soft gray seamless paper backdrop. Lighting: high-key seamless catalog lighting. Camera: vertical rise from base to label. No abstract shapes, no glass orbs, no crystal balls, no surreal spheres, no CGI blobs, no nebula, no galaxies, no fantasy energy, no particle portals, no impossible geometry, no melting objects, no dreamscape, no people, no faces, no hands, no bare skin, no needles penetrating skin, no injection act, no clinic patient scene, no gym, no lifestyle, no wellness claims, no nicknames, no supplements aesthetic. Quality: ultra detailed, extremely detailed, hyper-detailed, razor sharp focus, tack sharp, crystal clear, ultra sharp, 8k resolution, photorealistic, hyperrealistic, ultra realistic, HDR. creation motif 159/500 · LAB-159. Keep product identity and any on-screen research typography sharp and unchanged. For laboratory research use only. Not for human use or consumption.",Active,0,
PBVita-Lab-160,160,LAB-160,instruments,USB laboratory camera on boom arm,inspection camera aimed at product,"USB laboratory camera on boom arm on anodized aluminum tray, low-key selective highlight on glass edges, fast resolve into locked hero frame",12,"ultra detailed, extremely detailed, hyper-detailed, razor sharp focus, tack sharp, crystal clear, ultra sharp, 8k resolution, photorealistic, hyperrealistic, ultra realistic, HDR",9:16,8,1080p,grok-imagine-image-quality,grok-imagine-video-1.5,2k,"Photoreal vertical 9:16 Palm Beach Vitality laboratory research catalog film, chemical research material only, premium American research aesthetic. PRIMARY SUBJECT (must be clearly recognizable, real laboratory object, sharp and centered): USB laboratory camera on boom arm. Physical detail: inspection camera aimed at product. Setting surface: anodized aluminum tray. Lighting: low-key selective highlight on glass edges. Camera: fast resolve into locked hero frame. No abstract shapes, no glass orbs, no crystal balls, no surreal spheres, no CGI blobs, no nebula, no galaxies, no fantasy energy, no particle portals, no impossible geometry, no melting objects, no dreamscape, no people, no faces, no hands, no bare skin, no needles penetrating skin, no injection act, no clinic patient scene, no gym, no lifestyle, no wellness claims, no nicknames, no supplements aesthetic. Quality: ultra detailed, extremely detailed, hyper-detailed, razor sharp focus, tack sharp, crystal clear, ultra sharp, 8k resolution, photorealistic, hyperrealistic, ultra realistic, HDR. creation motif 160/500 · LAB-160. Keep product identity and any on-screen research typography sharp and unchanged. For laboratory research use only. Not for human use or consumption.",Active,0,
PBVita-Lab-161,161,LAB-161,instruments,stereo microscope head over stage,scope over empty stage,"stereo microscope head over stage on polished black reflective acrylic, soft rim light from behind, slow 360 degree orbit at eye level",12,"ultra detailed, extremely detailed, hyper-detailed, razor sharp focus, tack sharp, crystal clear, ultra sharp, 8k resolution, photorealistic, hyperrealistic, ultra realistic, HDR",9:16,8,1080p,grok-imagine-image-quality,grok-imagine-video-1.5,2k,"Photoreal vertical 9:16 Palm Beach Vitality laboratory research catalog film, chemical research material only, premium American research aesthetic. PRIMARY SUBJECT (must be clearly recognizable, real laboratory object, sharp and centered): stereo microscope head over stage. Physical detail: scope over empty stage. Setting surface: polished black reflective acrylic. Lighting: soft rim light from behind. Camera: slow 360 degree orbit at eye level. No abstract shapes, no glass orbs, no crystal balls, no surreal spheres, no CGI blobs, no nebula, no galaxies, no fantasy energy, no particle portals, no impossible geometry, no melting objects, no dreamscape, no people, no faces, no hands, no bare skin, no needles penetrating skin, no injection act, no clinic patient scene, no gym, no lifestyle, no wellness claims, no nicknames, no supplements aesthetic. Quality: ultra detailed, extremely detailed, hyper-detailed, razor sharp focus, tack sharp, crystal clear, ultra sharp, 8k resolution, photorealistic, hyperrealistic, ultra realistic, HDR. creation motif 161/500 · LAB-161. Keep product identity and any on-screen research typography sharp and unchanged. For laboratory research use only. Not for human use or consumption.",Active,0,
PBVita-Lab-162,162,LAB-162,instruments,compound microscope side profile,classic lab microscope,"compound microscope side profile on matte pure white infinity surface, cool clinical blue-white LED, extreme macro push-in",12,"ultra detailed, extremely detailed, hyper-detailed, razor sharp focus, tack sharp, crystal clear, ultra sharp, 8k resolution, photorealistic, hyperrealistic, ultra realistic, HDR",9:16,8,1080p,grok-imagine-image-quality,grok-imagine-video-1.5,2k,"Photoreal vertical 9:16 Palm Beach Vitality laboratory research catalog film, chemical research material only, premium American research aesthetic. PRIMARY SUBJECT (must be clearly recognizable, real laboratory object, sharp and centered): compound microscope side profile. Physical detail: classic lab microscope. Setting surface: matte pure white infinity surface. Lighting: cool clinical blue-white LED. Camera: extreme macro push-in. No abstract shapes, no glass orbs, no crystal balls, no surreal spheres, no CGI blobs, no nebula, no galaxies, no fantasy energy, no particle portals, no impossible geometry, no melting objects, no dreamscape, no people, no faces, no hands, no bare skin, no needles penetrating skin, no injection act, no clinic patient scene, no gym, no lifestyle, no wellness claims, no nicknames, no supplements aesthetic. Quality: ultra detailed, extremely detailed, hyper-detailed, razor sharp focus, tack sharp, crystal clear, ultra sharp, 8k resolution, photorealistic, hyperrealistic, ultra realistic, HDR. creation motif 162/500 · LAB-162. Keep product identity and any on-screen research typography sharp and unchanged. For laboratory research use only. Not for human use or consumption.",Active,0,
PBVita-Lab-163,163,LAB-163,instruments,spectrophotometer closed sample door,UV-Vis instrument,"spectrophotometer closed sample door on brushed stainless steel lab bench, single hard key light with controlled fill, gentle top-down descending move",12,"ultra detailed, extremely detailed, hyper-detailed, razor sharp focus, tack sharp, crystal clear, ultra sharp, 8k resolution, photorealistic, hyperrealistic, ultra realistic, HDR",9:16,8,1080p,grok-imagine-image-quality,grok-imagine-video-1.5,2k,"Photoreal vertical 9:16 Palm Beach Vitality laboratory research catalog film, chemical research material only, premium American research aesthetic. PRIMARY SUBJECT (must be clearly recognizable, real laboratory object, sharp and centered): spectrophotometer closed sample door. Physical detail: UV-Vis instrument. Setting surface: brushed stainless steel lab bench. Lighting: single hard key light with controlled fill. Camera: gentle top-down descending move. No abstract shapes, no glass orbs, no crystal balls, no surreal spheres, no CGI blobs, no nebula, no galaxies, no fantasy energy, no particle portals, no impossible geometry, no melting objects, no dreamscape, no people, no faces, no hands, no bare skin, no needles penetrating skin, no injection act, no clinic patient scene, no gym, no lifestyle, no wellness claims, no nicknames, no supplements aesthetic. Quality: ultra detailed, extremely detailed, hyper-detailed, razor sharp focus, tack sharp, crystal clear, ultra sharp, 8k resolution, photorealistic, hyperrealistic, ultra realistic, HDR. creation motif 163/500 · LAB-163. Keep product identity and any on-screen research typography sharp and unchanged. For laboratory research use only. Not for human use or consumption.",Active,0,
PBVita-Lab-164,164,LAB-164,instruments,cuvette pair in foam,quartz cuvettes,"cuvette pair in foam on dark charcoal epoxy resin countertop, soft overhead softbox, even catalog lighting, locked tripod hero frame with subtle push",12,"ultra detailed, extremely detailed, hyper-detailed, razor sharp focus, tack sharp, crystal clear, ultra sharp, 8k resolution, photorealistic, hyperrealistic, ultra realistic, HDR",9:16,8,1080p,grok-imagine-image-quality,grok-imagine-video-1.5,2k,"Photoreal vertical 9:16 Palm Beach Vitality laboratory research catalog film, chemical research material only, premium American research aesthetic. PRIMARY SUBJECT (must be clearly recognizable, real laboratory object, sharp and centered): cuvette pair in foam. Physical detail: quartz cuvettes. Setting surface: dark charcoal epoxy resin countertop. Lighting: soft overhead softbox, even catalog lighting. Camera: locked tripod hero frame with subtle push. No abstract shapes, no glass orbs, no crystal balls, no surreal spheres, no CGI blobs, no nebula, no galaxies, no fantasy energy, no particle portals, no impossible geometry, no melting objects, no dreamscape, no people, no faces, no hands, no bare skin, no needles penetrating skin, no injection act, no clinic patient scene, no gym, no lifestyle, no wellness claims, no nicknames, no supplements aesthetic. Quality: ultra detailed, extremely detailed, hyper-detailed, razor sharp focus, tack sharp, crystal clear, ultra sharp, 8k resolution, photorealistic, hyperrealistic, ultra realistic, HDR. creation motif 164/500 · LAB-164. Keep product identity and any on-screen research typography sharp and unchanged. For laboratory research use only. Not for human use or consumption.",Active,0,
PBVita-Lab-165,165,LAB-165,instruments,HPLC system front panel detail,"instrument face, status idle","HPLC system front panel detail on cool gray ceramic tile, warm neutral side light, still clinical, low angle tracking slide",12,"ultra detailed, extremely detailed, hyper-detailed, razor sharp focus, tack sharp, crystal clear, ultra sharp, 8k resolution, photorealistic, hyperrealistic, ultra realistic, HDR",9:16,8,1080p,grok-imagine-image-quality,grok-imagine-video-1.5,2k,"Photoreal vertical 9:16 Palm Beach Vitality laboratory research catalog film, chemical research material only, premium American research aesthetic. PRIMARY SUBJECT (must be clearly recognizable, real laboratory object, sharp and centered): HPLC system front panel detail. Physical detail: instrument face, status idle. Setting surface: cool gray ceramic tile. Lighting: warm neutral side light, still clinical. Camera: low angle tracking slide. No abstract shapes, no glass orbs, no crystal balls, no surreal spheres, no CGI blobs, no nebula, no galaxies, no fantasy energy, no particle portals, no impossible geometry, no melting objects, no dreamscape, no people, no faces, no hands, no bare skin, no needles penetrating skin, no injection act, no clinic patient scene, no gym, no lifestyle, no wellness claims, no nicknames, no supplements aesthetic. Quality: ultra detailed, extremely detailed, hyper-detailed, razor sharp focus, tack sharp, crystal clear, ultra sharp, 8k resolution, photorealistic, hyperrealistic, ultra realistic, HDR. creation motif 165/500 · LAB-165. Keep product identity and any on-screen research typography sharp and unchanged. For laboratory research use only. Not for human use or consumption.",Active,0,
PBVita-Lab-166,166,LAB-166,instruments,fraction collector carousel,carousel empty tubes,"fraction collector carousel on mirrored chrome instrument tray, split soft key and gentle bounce, circular arc that never fully completes",12,"ultra detailed, extremely detailed, hyper-detailed, razor sharp focus, tack sharp, crystal clear, ultra sharp, 8k resolution, photorealistic, hyperrealistic, ultra realistic, HDR",9:16,8,1080p,grok-imagine-image-quality,grok-imagine-video-1.5,2k,"Photoreal vertical 9:16 Palm Beach Vitality laboratory research catalog film, chemical research material only, premium American research aesthetic. PRIMARY SUBJECT (must be clearly recognizable, real laboratory object, sharp and centered): fraction collector carousel. Physical detail: carousel empty tubes. Setting surface: mirrored chrome instrument tray. Lighting: split soft key and gentle bounce. Camera: circular arc that never fully completes. No abstract shapes, no glass orbs, no crystal balls, no surreal spheres, no CGI blobs, no nebula, no galaxies, no fantasy energy, no particle portals, no impossible geometry, no melting objects, no dreamscape, no people, no faces, no hands, no bare skin, no needles penetrating skin, no injection act, no clinic patient scene, no gym, no lifestyle, no wellness claims, no nicknames, no supplements aesthetic. Quality: ultra detailed, extremely detailed, hyper-detailed, razor sharp focus, tack sharp, crystal clear, ultra sharp, 8k resolution, photorealistic, hyperrealistic, ultra realistic, HDR. creation motif 166/500 · LAB-166. Keep product identity and any on-screen research typography sharp and unchanged. For laboratory research use only. Not for human use or consumption.",Active,0,
PBVita-Lab-167,167,LAB-167,instruments,gel electrophoresis tank empty,tank and lid beside,"gel electrophoresis tank empty on white melamine cleanroom table, high-key seamless catalog lighting, vertical rise from base to label",12,"ultra detailed, extremely detailed, hyper-detailed, razor sharp focus, tack sharp, crystal clear, ultra sharp, 8k resolution, photorealistic, hyperrealistic, ultra realistic, HDR",9:16,8,1080p,grok-imagine-image-quality,grok-imagine-video-1.5,2k,"Photoreal vertical 9:16 Palm Beach Vitality laboratory research catalog film, chemical research material only, premium American research aesthetic. PRIMARY SUBJECT (must be clearly recognizable, real laboratory object, sharp and centered): gel electrophoresis tank empty. Physical detail: tank and lid beside. Setting surface: white melamine cleanroom table. Lighting: high-key seamless catalog lighting. Camera: vertical rise from base to label. No abstract shapes, no glass orbs, no crystal balls, no surreal spheres, no CGI blobs, no nebula, no galaxies, no fantasy energy, no particle portals, no impossible geometry, no melting objects, no dreamscape, no people, no faces, no hands, no bare skin, no needles penetrating skin, no injection act, no clinic patient scene, no gym, no lifestyle, no wellness claims, no nicknames, no supplements aesthetic. Quality: ultra detailed, extremely detailed, hyper-detailed, razor sharp focus, tack sharp, crystal clear, ultra sharp, 8k resolution, photorealistic, hyperrealistic, ultra realistic, HDR. creation motif 167/500 · LAB-167. Keep product identity and any on-screen research typography sharp and unchanged. For laboratory research use only. Not for human use or consumption.",Active,0,
PBVita-Lab-168,168,LAB-168,instruments,power supply for electrophoresis,compact power supply unit,"power supply for electrophoresis on textured slate sample board, low-key selective highlight on glass edges, fast resolve into locked hero frame",12,"ultra detailed, extremely detailed, hyper-detailed, razor sharp focus, tack sharp, crystal clear, ultra sharp, 8k resolution, photorealistic, hyperrealistic, ultra realistic, HDR",9:16,8,1080p,grok-imagine-image-quality,grok-imagine-video-1.5,2k,"Photoreal vertical 9:16 Palm Beach Vitality laboratory research catalog film, chemical research material only, premium American research aesthetic. PRIMARY SUBJECT (must be clearly recognizable, real laboratory object, sharp and centered): power supply for electrophoresis. Physical detail: compact power supply unit. Setting surface: textured slate sample board. Lighting: low-key selective highlight on glass edges. Camera: fast resolve into locked hero frame. No abstract shapes, no glass orbs, no crystal balls, no surreal spheres, no CGI blobs, no nebula, no galaxies, no fantasy energy, no particle portals, no impossible geometry, no melting objects, no dreamscape, no people, no faces, no hands, no bare skin, no needles penetrating skin, no injection act, no clinic patient scene, no gym, no lifestyle, no wellness claims, no nicknames, no supplements aesthetic. Quality: ultra detailed, extremely detailed, hyper-detailed, razor sharp focus, tack sharp, crystal clear, ultra sharp, 8k resolution, photorealistic, hyperrealistic, ultra realistic, HDR. creation motif 168/500 · LAB-168. Keep product identity and any on-screen research typography sharp and unchanged. For laboratory research use only. Not for human use or consumption.",Active,0,
PBVita-Lab-169,169,LAB-169,instruments,laminar flow hood interior empty product tray,"hood interior, stainless work tray with vial","laminar flow hood interior empty product tray on soft gray seamless paper backdrop, soft rim light from behind, slow 360 degree orbit at eye level",12,"ultra detailed, extremely detailed, hyper-detailed, razor sharp focus, tack sharp, crystal clear, ultra sharp, 8k resolution, photorealistic, hyperrealistic, ultra realistic, HDR",9:16,8,1080p,grok-imagine-image-quality,grok-imagine-video-1.5,2k,"Photoreal vertical 9:16 Palm Beach Vitality laboratory research catalog film, chemical research material only, premium American research aesthetic. PRIMARY SUBJECT (must be clearly recognizable, real laboratory object, sharp and centered): laminar flow hood interior empty product tray. Physical detail: hood interior, stainless work tray with vial. Setting surface: soft gray seamless paper backdrop. Lighting: soft rim light from behind. Camera: slow 360 degree orbit at eye level. No abstract shapes, no glass orbs, no crystal balls, no surreal spheres, no CGI blobs, no nebula, no galaxies, no fantasy energy, no particle portals, no impossible geometry, no melting objects, no dreamscape, no people, no faces, no hands, no bare skin, no needles penetrating skin, no injection act, no clinic patient scene, no gym, no lifestyle, no wellness claims, no nicknames, no supplements aesthetic. Quality: ultra detailed, extremely detailed, hyper-detailed, razor sharp focus, tack sharp, crystal clear, ultra sharp, 8k resolution, photorealistic, hyperrealistic, ultra realistic, HDR. creation motif 169/500 · LAB-169. Keep product identity and any on-screen research typography sharp and unchanged. For laboratory research use only. Not for human use or consumption.",Active,0,
PBVita-Lab-170,170,LAB-170,instruments,biosafety cabinet sash closed exterior,cabinet exterior only,"biosafety cabinet sash closed exterior on anodized aluminum tray, cool clinical blue-white LED, extreme macro push-in",12,"ultra detailed, extremely detailed, hyper-detailed, razor sharp focus, tack sharp, crystal clear, ultra sharp, 8k resolution, photorealistic, hyperrealistic, ultra realistic, HDR",9:16,8,1080p,grok-imagine-image-quality,grok-imagine-video-1.5,2k,"Photoreal vertical 9:16 Palm Beach Vitality laboratory research catalog film, chemical research material only, premium American research aesthetic. PRIMARY SUBJECT (must be clearly recognizable, real laboratory object, sharp and centered): biosafety cabinet sash closed exterior. Physical detail: cabinet exterior only. Setting surface: anodized aluminum tray. Lighting: cool clinical blue-white LED. Camera: extreme macro push-in. No abstract shapes, no glass orbs, no crystal balls, no surreal spheres, no CGI blobs, no nebula, no galaxies, no fantasy energy, no particle portals, no impossible geometry, no melting objects, no dreamscape, no people, no faces, no hands, no bare skin, no needles penetrating skin, no injection act, no clinic patient scene, no gym, no lifestyle, no wellness claims, no nicknames, no supplements aesthetic. Quality: ultra detailed, extremely detailed, hyper-detailed, razor sharp focus, tack sharp, crystal clear, ultra sharp, 8k resolution, photorealistic, hyperrealistic, ultra realistic, HDR. creation motif 170/500 · LAB-170. Keep product identity and any on-screen research typography sharp and unchanged. For laboratory research use only. Not for human use or consumption.",Active,0,
PBVita-Lab-171,171,LAB-171,instruments,autoclave tape roll and indicator vial,sterility indicators as objects,"autoclave tape roll and indicator vial on polished black reflective acrylic, single hard key light with controlled fill, gentle top-down descending move",12,"ultra detailed, extremely detailed, hyper-detailed, razor sharp focus, tack sharp, crystal clear, ultra sharp, 8k resolution, photorealistic, hyperrealistic, ultra realistic, HDR",9:16,8,1080p,grok-imagine-image-quality,grok-imagine-video-1.5,2k,"Photoreal vertical 9:16 Palm Beach Vitality laboratory research catalog film, chemical research material only, premium American research aesthetic. PRIMARY SUBJECT (must be clearly recognizable, real laboratory object, sharp and centered): autoclave tape roll and indicator vial. Physical detail: sterility indicators as objects. Setting surface: polished black reflective acrylic. Lighting: single hard key light with controlled fill. Camera: gentle top-down descending move. No abstract shapes, no glass orbs, no crystal balls, no surreal spheres, no CGI blobs, no nebula, no galaxies, no fantasy energy, no particle portals, no impossible geometry, no melting objects, no dreamscape, no people, no faces, no hands, no bare skin, no needles penetrating skin, no injection act, no clinic patient scene, no gym, no lifestyle, no wellness claims, no nicknames, no supplements aesthetic. Quality: ultra detailed, extremely detailed, hyper-detailed, razor sharp focus, tack sharp, crystal clear, ultra sharp, 8k resolution, photorealistic, hyperrealistic, ultra realistic, HDR. creation motif 171/500 · LAB-171. Keep product identity and any on-screen research typography sharp and unchanged. For laboratory research use only. Not for human use or consumption.",Active,0,
PBVita-Lab-172,172,LAB-172,instruments,lab oven window view empty shelves,drying oven,"lab oven window view empty shelves on matte pure white infinity surface, soft overhead softbox, even catalog lighting, locked tripod hero frame with subtle push",12,"ultra detailed, extremely detailed, hyper-detailed, razor sharp focus, tack sharp, crystal clear, ultra sharp, 8k resolution, photorealistic, hyperrealistic, ultra realistic, HDR",9:16,8,1080p,grok-imagine-image-quality,grok-imagine-video-1.5,2k,"Photoreal vertical 9:16 Palm Beach Vitality laboratory research catalog film, chemical research material only, premium American research aesthetic. PRIMARY SUBJECT (must be clearly recognizable, real laboratory object, sharp and centered): lab oven window view empty shelves. Physical detail: drying oven. Setting surface: matte pure white infinity surface. Lighting: soft overhead softbox, even catalog lighting. Camera: locked tripod hero frame with subtle push. No abstract shapes, no glass orbs, no crystal balls, no surreal spheres, no CGI blobs, no nebula, no galaxies, no fantasy energy, no particle portals, no impossible geometry, no melting objects, no dreamscape, no people, no faces, no hands, no bare skin, no needles penetrating skin, no injection act, no clinic patient scene, no gym, no lifestyle, no wellness claims, no nicknames, no supplements aesthetic. Quality: ultra detailed, extremely detailed, hyper-detailed, razor sharp focus, tack sharp, crystal clear, ultra sharp, 8k resolution, photorealistic, hyperrealistic, ultra realistic, HDR. creation motif 172/500 · LAB-172. Keep product identity and any on-screen research typography sharp and unchanged. For laboratory research use only. Not for human use or consumption.",Active,0,
PBVita-Lab-173,173,LAB-173,instruments,vacuum pump compact oil-free,bench vacuum pump,"vacuum pump compact oil-free on brushed stainless steel lab bench, warm neutral side light, still clinical, low angle tracking slide",12,"ultra detailed, extremely detailed, hyper-detailed, razor sharp focus, tack sharp, crystal clear, ultra sharp, 8k resolution, photorealistic, hyperrealistic, ultra realistic, HDR",9:16,8,1080p,grok-imagine-image-quality,grok-imagine-video-1.5,2k,"Photoreal vertical 9:16 Palm Beach Vitality laboratory research catalog film, chemical research material only, premium American research aesthetic. PRIMARY SUBJECT (must be clearly recognizable, real laboratory object, sharp and centered): vacuum pump compact oil-free. Physical detail: bench vacuum pump. Setting surface: brushed stainless steel lab bench. Lighting: warm neutral side light, still clinical. Camera: low angle tracking slide. No abstract shapes, no glass orbs, no crystal balls, no surreal spheres, no CGI blobs, no nebula, no galaxies, no fantasy energy, no particle portals, no impossible geometry, no melting objects, no dreamscape, no people, no faces, no hands, no bare skin, no needles penetrating skin, no injection act, no clinic patient scene, no gym, no lifestyle, no wellness claims, no nicknames, no supplements aesthetic. Quality: ultra detailed, extremely detailed, hyper-detailed, razor sharp focus, tack sharp, crystal clear, ultra sharp, 8k resolution, photorealistic, hyperrealistic, ultra realistic, HDR. creation motif 173/500 · LAB-173. Keep product identity and any on-screen research typography sharp and unchanged. For laboratory research use only. Not for human use or consumption.",Active,0,
PBVita-Lab-174,174,LAB-174,instruments,diaphragm vacuum gauge,analog/digital gauge,"diaphragm vacuum gauge on dark charcoal epoxy resin countertop, split soft key and gentle bounce, circular arc that never fully completes",12,"ultra detailed, extremely detailed, hyper-detailed, razor sharp focus, tack sharp, crystal clear, ultra sharp, 8k resolution, photorealistic, hyperrealistic, ultra realistic, HDR",9:16,8,1080p,grok-imagine-image-quality,grok-imagine-video-1.5,2k,"Photoreal vertical 9:16 Palm Beach Vitality laboratory research catalog film, chemical research material only, premium American research aesthetic. PRIMARY SUBJECT (must be clearly recognizable, real laboratory object, sharp and centered): diaphragm vacuum gauge. Physical detail: analog/digital gauge. Setting surface: dark charcoal epoxy resin countertop. Lighting: split soft key and gentle bounce. Camera: circular arc that never fully completes. No abstract shapes, no glass orbs, no crystal balls, no surreal spheres, no CGI blobs, no nebula, no galaxies, no fantasy energy, no particle portals, no impossible geometry, no melting objects, no dreamscape, no people, no faces, no hands, no bare skin, no needles penetrating skin, no injection act, no clinic patient scene, no gym, no lifestyle, no wellness claims, no nicknames, no supplements aesthetic. Quality: ultra detailed, extremely detailed, hyper-detailed, razor sharp focus, tack sharp, crystal clear, ultra sharp, 8k resolution, photorealistic, hyperrealistic, ultra realistic, HDR. creation motif 174/500 · LAB-174. Keep product identity and any on-screen research typography sharp and unchanged. For laboratory research use only. Not for human use or consumption.",Active,0,
PBVita-Lab-175,175,LAB-175,instruments,sonic bath lid closed,ultrasonic cleaner,"sonic bath lid closed on cool gray ceramic tile, high-key seamless catalog lighting, vertical rise from base to label",12,"ultra detailed, extremely detailed, hyper-detailed, razor sharp focus, tack sharp, crystal clear, ultra sharp, 8k resolution, photorealistic, hyperrealistic, ultra realistic, HDR",9:16,8,1080p,grok-imagine-image-quality,grok-imagine-video-1.5,2k,"Photoreal vertical 9:16 Palm Beach Vitality laboratory research catalog film, chemical research material only, premium American research aesthetic. PRIMARY SUBJECT (must be clearly recognizable, real laboratory object, sharp and centered): sonic bath lid closed. Physical detail: ultrasonic cleaner. Setting surface: cool gray ceramic tile. Lighting: high-key seamless catalog lighting. Camera: vertical rise from base to label. No abstract shapes, no glass orbs, no crystal balls, no surreal spheres, no CGI blobs, no nebula, no galaxies, no fantasy energy, no particle portals, no impossible geometry, no melting objects, no dreamscape, no people, no faces, no hands, no bare skin, no needles penetrating skin, no injection act, no clinic patient scene, no gym, no lifestyle, no wellness claims, no nicknames, no supplements aesthetic. Quality: ultra detailed, extremely detailed, hyper-detailed, razor sharp focus, tack sharp, crystal clear, ultra sharp, 8k resolution, photorealistic, hyperrealistic, ultra realistic, HDR. creation motif 175/500 · LAB-175. Keep product identity and any on-screen research typography sharp and unchanged. For laboratory research use only. Not for human use or consumption.",Active,0,
PBVita-Lab-176,176,LAB-176,instruments,lab microwave digester exterior,closed unit,"lab microwave digester exterior on mirrored chrome instrument tray, low-key selective highlight on glass edges, fast resolve into locked hero frame",12,"ultra detailed, extremely detailed, hyper-detailed, razor sharp focus, tack sharp, crystal clear, ultra sharp, 8k resolution, photorealistic, hyperrealistic, ultra realistic, HDR",9:16,8,1080p,grok-imagine-image-quality,grok-imagine-video-1.5,2k,"Photoreal vertical 9:16 Palm Beach Vitality laboratory research catalog film, chemical research material only, premium American research aesthetic. PRIMARY SUBJECT (must be clearly recognizable, real laboratory object, sharp and centered): lab microwave digester exterior. Physical detail: closed unit. Setting surface: mirrored chrome instrument tray. Lighting: low-key selective highlight on glass edges. Camera: fast resolve into locked hero frame. No abstract shapes, no glass orbs, no crystal balls, no surreal spheres, no CGI blobs, no nebula, no galaxies, no fantasy energy, no particle portals, no impossible geometry, no melting objects, no dreamscape, no people, no faces, no hands, no bare skin, no needles penetrating skin, no injection act, no clinic patient scene, no gym, no lifestyle, no wellness claims, no nicknames, no supplements aesthetic. Quality: ultra detailed, extremely detailed, hyper-detailed, razor sharp focus, tack sharp, crystal clear, ultra sharp, 8k resolution, photorealistic, hyperrealistic, ultra realistic, HDR. creation motif 176/500 · LAB-176. Keep product identity and any on-screen research typography sharp and unchanged. For laboratory research use only. Not for human use or consumption.",Active,0,
PBVita-Lab-177,177,LAB-177,instruments,fume hood sash partially open with empty clamp,"hood as environment, product clamp empty","fume hood sash partially open with empty clamp on white melamine cleanroom table, soft rim light from behind, slow 360 degree orbit at eye level",12,"ultra detailed, extremely detailed, hyper-detailed, razor sharp focus, tack sharp, crystal clear, ultra sharp, 8k resolution, photorealistic, hyperrealistic, ultra realistic, HDR",9:16,8,1080p,grok-imagine-image-quality,grok-imagine-video-1.5,2k,"Photoreal vertical 9:16 Palm Beach Vitality laboratory research catalog film, chemical research material only, premium American research aesthetic. PRIMARY SUBJECT (must be clearly recognizable, real laboratory object, sharp and centered): fume hood sash partially open with empty clamp. Physical detail: hood as environment, product clamp empty. Setting surface: white melamine cleanroom table. Lighting: soft rim light from behind. Camera: slow 360 degree orbit at eye level. No abstract shapes, no glass orbs, no crystal balls, no surreal spheres, no CGI blobs, no nebula, no galaxies, no fantasy energy, no particle portals, no impossible geometry, no melting objects, no dreamscape, no people, no faces, no hands, no bare skin, no needles penetrating skin, no injection act, no clinic patient scene, no gym, no lifestyle, no wellness claims, no nicknames, no supplements aesthetic. Quality: ultra detailed, extremely detailed, hyper-detailed, razor sharp focus, tack sharp, crystal clear, ultra sharp, 8k resolution, photorealistic, hyperrealistic, ultra realistic, HDR. creation motif 177/500 · LAB-177. Keep product identity and any on-screen research typography sharp and unchanged. For laboratory research use only. Not for human use or consumption.",Active,0,
PBVita-Lab-178,178,LAB-178,instruments,anti-static bar on packaging station,pack desk tools,"anti-static bar on packaging station on textured slate sample board, cool clinical blue-white LED, extreme macro push-in",12,"ultra detailed, extremely detailed, hyper-detailed, razor sharp focus, tack sharp, crystal clear, ultra sharp, 8k resolution, photorealistic, hyperrealistic, ultra realistic, HDR",9:16,8,1080p,grok-imagine-image-quality,grok-imagine-video-1.5,2k,"Photoreal vertical 9:16 Palm Beach Vitality laboratory research catalog film, chemical research material only, premium American research aesthetic. PRIMARY SUBJECT (must be clearly recognizable, real laboratory object, sharp and centered): anti-static bar on packaging station. Physical detail: pack desk tools. Setting surface: textured slate sample board. Lighting: cool clinical blue-white LED. Camera: extreme macro push-in. No abstract shapes, no glass orbs, no crystal balls, no surreal spheres, no CGI blobs, no nebula, no galaxies, no fantasy energy, no particle portals, no impossible geometry, no melting objects, no dreamscape, no people, no faces, no hands, no bare skin, no needles penetrating skin, no injection act, no clinic patient scene, no gym, no lifestyle, no wellness claims, no nicknames, no supplements aesthetic. Quality: ultra detailed, extremely detailed, hyper-detailed, razor sharp focus, tack sharp, crystal clear, ultra sharp, 8k resolution, photorealistic, hyperrealistic, ultra realistic, HDR. creation motif 178/500 · LAB-178. Keep product identity and any on-screen research typography sharp and unchanged. For laboratory research use only. Not for human use or consumption.",Active,0,
PBVita-Lab-179,179,LAB-179,instruments,barcode scanner beside vial,scanner gun and vial,"barcode scanner beside vial on soft gray seamless paper backdrop, single hard key light with controlled fill, gentle top-down descending move",12,"ultra detailed, extremely detailed, hyper-detailed, razor sharp focus, tack sharp, crystal clear, ultra sharp, 8k resolution, photorealistic, hyperrealistic, ultra realistic, HDR",9:16,8,1080p,grok-imagine-image-quality,grok-imagine-video-1.5,2k,"Photoreal vertical 9:16 Palm Beach Vitality laboratory research catalog film, chemical research material only, premium American research aesthetic. PRIMARY SUBJECT (must be clearly recognizable, real laboratory object, sharp and centered): barcode scanner beside vial. Physical detail: scanner gun and vial. Setting surface: soft gray seamless paper backdrop. Lighting: single hard key light with controlled fill. Camera: gentle top-down descending move. No abstract shapes, no glass orbs, no crystal balls, no surreal spheres, no CGI blobs, no nebula, no galaxies, no fantasy energy, no particle portals, no impossible geometry, no melting objects, no dreamscape, no people, no faces, no hands, no bare skin, no needles penetrating skin, no injection act, no clinic patient scene, no gym, no lifestyle, no wellness claims, no nicknames, no supplements aesthetic. Quality: ultra detailed, extremely detailed, hyper-detailed, razor sharp focus, tack sharp, crystal clear, ultra sharp, 8k resolution, photorealistic, hyperrealistic, ultra realistic, HDR. creation motif 179/500 · LAB-179. Keep product identity and any on-screen research typography sharp and unchanged. For laboratory research use only. Not for human use or consumption.",Active,0,
PBVita-Lab-180,180,LAB-180,instruments,label printer with research label stock,desktop lab printer,"label printer with research label stock on anodized aluminum tray, soft overhead softbox, even catalog lighting, locked tripod hero frame with subtle push",12,"ultra detailed, extremely detailed, hyper-detailed, razor sharp focus, tack sharp, crystal clear, ultra sharp, 8k resolution, photorealistic, hyperrealistic, ultra realistic, HDR",9:16,8,1080p,grok-imagine-image-quality,grok-imagine-video-1.5,2k,"Photoreal vertical 9:16 Palm Beach Vitality laboratory research catalog film, chemical research material only, premium American research aesthetic. PRIMARY SUBJECT (must be clearly recognizable, real laboratory object, sharp and centered): label printer with research label stock. Physical detail: desktop lab printer. Setting surface: anodized aluminum tray. Lighting: soft overhead softbox, even catalog lighting. Camera: locked tripod hero frame with subtle push. No abstract shapes, no glass orbs, no crystal balls, no surreal spheres, no CGI blobs, no nebula, no galaxies, no fantasy energy, no particle portals, no impossible geometry, no melting objects, no dreamscape, no people, no faces, no hands, no bare skin, no needles penetrating skin, no injection act, no clinic patient scene, no gym, no lifestyle, no wellness claims, no nicknames, no supplements aesthetic. Quality: ultra detailed, extremely detailed, hyper-detailed, razor sharp focus, tack sharp, crystal clear, ultra sharp, 8k resolution, photorealistic, hyperrealistic, ultra realistic, HDR. creation motif 180/500 · LAB-180. Keep product identity and any on-screen research typography sharp and unchanged. For laboratory research use only. Not for human use or consumption.",Active,0,
PBVita-Lab-181,181,LAB-181,surfaces_org,brushed stainless steel lab tray with vial,"medical tray, single vial centered","brushed stainless steel lab tray with vial on polished black reflective acrylic, warm neutral side light, still clinical, low angle tracking slide",12,"ultra detailed, extremely detailed, hyper-detailed, razor sharp focus, tack sharp, crystal clear, ultra sharp, 8k resolution, photorealistic, hyperrealistic, ultra realistic, HDR",9:16,8,1080p,grok-imagine-image-quality,grok-imagine-video-1.5,2k,"Photoreal vertical 9:16 Palm Beach Vitality laboratory research catalog film, chemical research material only, premium American research aesthetic. PRIMARY SUBJECT (must be clearly recognizable, real laboratory object, sharp and centered): brushed stainless steel lab tray with vial. Physical detail: medical tray, single vial centered. Setting surface: polished black reflective acrylic. Lighting: warm neutral side light, still clinical. Camera: low angle tracking slide. No abstract shapes, no glass orbs, no crystal balls, no surreal spheres, no CGI blobs, no nebula, no galaxies, no fantasy energy, no particle portals, no impossible geometry, no melting objects, no dreamscape, no people, no faces, no hands, no bare skin, no needles penetrating skin, no injection act, no clinic patient scene, no gym, no lifestyle, no wellness claims, no nicknames, no supplements aesthetic. Quality: ultra detailed, extremely detailed, hyper-detailed, razor sharp focus, tack sharp, crystal clear, ultra sharp, 8k resolution, photorealistic, hyperrealistic, ultra realistic, HDR. creation motif 181/500 · LAB-181. Keep product identity and any on-screen research typography sharp and unchanged. For laboratory research use only. Not for human use or consumption.",Active,0,
PBVita-Lab-182,182,LAB-182,surfaces_org,black anodized aluminum instrument tray,matte black metal tray,"black anodized aluminum instrument tray on matte pure white infinity surface, split soft key and gentle bounce, circular arc that never fully completes",12,"ultra detailed, extremely detailed, hyper-detailed, razor sharp focus, tack sharp, crystal clear, ultra sharp, 8k resolution, photorealistic, hyperrealistic, ultra realistic, HDR",9:16,8,1080p,grok-imagine-image-quality,grok-imagine-video-1.5,2k,"Photoreal vertical 9:16 Palm Beach Vitality laboratory research catalog film, chemical research material only, premium American research aesthetic. PRIMARY SUBJECT (must be clearly recognizable, real laboratory object, sharp and centered): black anodized aluminum instrument tray. Physical detail: matte black metal tray. Setting surface: matte pure white infinity surface. Lighting: split soft key and gentle bounce. Camera: circular arc that never fully completes. No abstract shapes, no glass orbs, no crystal balls, no surreal spheres, no CGI blobs, no nebula, no galaxies, no fantasy energy, no particle portals, no impossible geometry, no melting objects, no dreamscape, no people, no faces, no hands, no bare skin, no needles penetrating skin, no injection act, no clinic patient scene, no gym, no lifestyle, no wellness claims, no nicknames, no supplements aesthetic. Quality: ultra detailed, extremely detailed, hyper-detailed, razor sharp focus, tack sharp, crystal clear, ultra sharp, 8k resolution, photorealistic, hyperrealistic, ultra realistic, HDR. creation motif 182/500 · LAB-182. Keep product identity and any on-screen research typography sharp and unchanged. For laboratory research use only. Not for human use or consumption.",Active,0,
PBVita-Lab-183,183,LAB-183,surfaces_org,white melamine lab bench section,"clean bench surface, product only","white melamine lab bench section on brushed stainless steel lab bench, high-key seamless catalog lighting, vertical rise from base to label",12,"ultra detailed, extremely detailed, hyper-detailed, razor sharp focus, tack sharp, crystal clear, ultra sharp, 8k resolution, photorealistic, hyperrealistic, ultra realistic, HDR",9:16,8,1080p,grok-imagine-image-quality,grok-imagine-video-1.5,2k,"Photoreal vertical 9:16 Palm Beach Vitality laboratory research catalog film, chemical research material only, premium American research aesthetic. PRIMARY SUBJECT (must be clearly recognizable, real laboratory object, sharp and centered): white melamine lab bench section. Physical detail: clean bench surface, product only. Setting surface: brushed stainless steel lab bench. Lighting: high-key seamless catalog lighting. Camera: vertical rise from base to label. No abstract shapes, no glass orbs, no crystal balls, no surreal spheres, no CGI blobs, no nebula, no galaxies, no fantasy energy, no particle portals, no impossible geometry, no melting objects, no dreamscape, no people, no faces, no hands, no bare skin, no needles penetrating skin, no injection act, no clinic patient scene, no gym, no lifestyle, no wellness claims, no nicknames, no supplements aesthetic. Quality: ultra detailed, extremely detailed, hyper-detailed, razor sharp focus, tack sharp, crystal clear, ultra sharp, 8k resolution, photorealistic, hyperrealistic, ultra realistic, HDR. creation motif 183/500 · LAB-183. Keep product identity and any on-screen research typography sharp and unchanged. For laboratory research use only. Not for human use or consumption.",Active,0,
PBVita-Lab-184,184,LAB-184,surfaces_org,epoxy resin lab countertop swatch with beaker,chemical-resistant surface,"epoxy resin lab countertop swatch with beaker on dark charcoal epoxy resin countertop, low-key selective highlight on glass edges, fast resolve into locked hero frame",12,"ultra detailed, extremely detailed, hyper-detailed, razor sharp focus, tack sharp, crystal clear, ultra sharp, 8k resolution, photorealistic, hyperrealistic, ultra realistic, HDR",9:16,8,1080p,grok-imagine-image-quality,grok-imagine-video-1.5,2k,"Photoreal vertical 9:16 Palm Beach Vitality laboratory research catalog film, chemical research material only, premium American research aesthetic. PRIMARY SUBJECT (must be clearly recognizable, real laboratory object, sharp and centered): epoxy resin lab countertop swatch with beaker. Physical detail: chemical-resistant surface. Setting surface: dark charcoal epoxy resin countertop. Lighting: low-key selective highlight on glass edges. Camera: fast resolve into locked hero frame. No abstract shapes, no glass orbs, no crystal balls, no surreal spheres, no CGI blobs, no nebula, no galaxies, no fantasy energy, no particle portals, no impossible geometry, no melting objects, no dreamscape, no people, no faces, no hands, no bare skin, no needles penetrating skin, no injection act, no clinic patient scene, no gym, no lifestyle, no wellness claims, no nicknames, no supplements aesthetic. Quality: ultra detailed, extremely detailed, hyper-detailed, razor sharp focus, tack sharp, crystal clear, ultra sharp, 8k resolution, photorealistic, hyperrealistic, ultra realistic, HDR. creation motif 184/500 · LAB-184. Keep product identity and any on-screen research typography sharp and unchanged. For laboratory research use only. Not for human use or consumption.",Active,0,
PBVita-Lab-185,185,LAB-185,surfaces_org,blue absorbent bench underpad with pen,"absorbent bench underpad, research pen","blue absorbent bench underpad with pen on cool gray ceramic tile, soft rim light from behind, slow 360 degree orbit at eye level",12,"ultra detailed, extremely detailed, hyper-detailed, razor sharp focus, tack sharp, crystal clear, ultra sharp, 8k resolution, photorealistic, hyperrealistic, ultra realistic, HDR",9:16,8,1080p,grok-imagine-image-quality,grok-imagine-video-1.5,2k,"Photoreal vertical 9:16 Palm Beach Vitality laboratory research catalog film, chemical research material only, premium American research aesthetic. PRIMARY SUBJECT (must be clearly recognizable, real laboratory object, sharp and centered): blue absorbent bench underpad with pen. Physical detail: absorbent bench underpad, research pen. Setting surface: cool gray ceramic tile. Lighting: soft rim light from behind. Camera: slow 360 degree orbit at eye level. No abstract shapes, no glass orbs, no crystal balls, no surreal spheres, no CGI blobs, no nebula, no galaxies, no fantasy energy, no particle portals, no impossible geometry, no melting objects, no dreamscape, no people, no faces, no hands, no bare skin, no needles penetrating skin, no injection act, no clinic patient scene, no gym, no lifestyle, no wellness claims, no nicknames, no supplements aesthetic. Quality: ultra detailed, extremely detailed, hyper-detailed, razor sharp focus, tack sharp, crystal clear, ultra sharp, 8k resolution, photorealistic, hyperrealistic, ultra realistic, HDR. creation motif 185/500 · LAB-185. Keep product identity and any on-screen research typography sharp and unchanged. For laboratory research use only. Not for human use or consumption.",Active,0,
PBVita-Lab-186,186,LAB-186,surfaces_org,perforated stainless drying rack with glassware,pegs holding flasks,"perforated stainless drying rack with glassware on mirrored chrome instrument tray, cool clinical blue-white LED, extreme macro push-in",12,"ultra detailed, extremely detailed, hyper-detailed, razor sharp focus, tack sharp, crystal clear, ultra sharp, 8k resolution, photorealistic, hyperrealistic, ultra realistic, HDR",9:16,8,1080p,grok-imagine-image-quality,grok-imagine-video-1.5,2k,"Photoreal vertical 9:16 Palm Beach Vitality laboratory research catalog film, chemical research material only, premium American research aesthetic. PRIMARY SUBJECT (must be clearly recognizable, real laboratory object, sharp and centered): perforated stainless drying rack with glassware. Physical detail: pegs holding flasks. Setting surface: mirrored chrome instrument tray. Lighting: cool clinical blue-white LED. Camera: extreme macro push-in. No abstract shapes, no glass orbs, no crystal balls, no surreal spheres, no CGI blobs, no nebula, no galaxies, no fantasy energy, no particle portals, no impossible geometry, no melting objects, no dreamscape, no people, no faces, no hands, no bare skin, no needles penetrating skin, no injection act, no clinic patient scene, no gym, no lifestyle, no wellness claims, no nicknames, no supplements aesthetic. Quality: ultra detailed, extremely detailed, hyper-detailed, razor sharp focus, tack sharp, crystal clear, ultra sharp, 8k resolution, photorealistic, hyperrealistic, ultra realistic, HDR. creation motif 186/500 · LAB-186. Keep product identity and any on-screen research typography sharp and unchanged. For laboratory research use only. Not for human use or consumption.",Active,0,
PBVita-Lab-187,187,LAB-187,surfaces_org,acrylic glove box exterior gloves hanging,"box exterior, no person","acrylic glove box exterior gloves hanging on white melamine cleanroom table, single hard key light with controlled fill, gentle top-down descending move",12,"ultra detailed, extremely detailed, hyper-detailed, razor sharp focus, tack sharp, crystal clear, ultra sharp, 8k resolution, photorealistic, hyperrealistic, ultra realistic, HDR",9:16,8,1080p,grok-imagine-image-quality,grok-imagine-video-1.5,2k,"Photoreal vertical 9:16 Palm Beach Vitality laboratory research catalog film, chemical research material only, premium American research aesthetic. PRIMARY SUBJECT (must be clearly recognizable, real laboratory object, sharp and centered): acrylic glove box exterior gloves hanging. Physical detail: box exterior, no person. Setting surface: white melamine cleanroom table. Lighting: single hard key light with controlled fill. Camera: gentle top-down descending move. No abstract shapes, no glass orbs, no crystal balls, no surreal spheres, no CGI blobs, no nebula, no galaxies, no fantasy energy, no particle portals, no impossible geometry, no melting objects, no dreamscape, no people, no faces, no hands, no bare skin, no needles penetrating skin, no injection act, no clinic patient scene, no gym, no lifestyle, no wellness claims, no nicknames, no supplements aesthetic. Quality: ultra detailed, extremely detailed, hyper-detailed, razor sharp focus, tack sharp, crystal clear, ultra sharp, 8k resolution, photorealistic, hyperrealistic, ultra realistic, HDR. creation motif 187/500 · LAB-187. Keep product identity and any on-screen research typography sharp and unchanged. For laboratory research use only. Not for human use or consumption.",Active,0,
PBVita-Lab-188,188,LAB-188,surfaces_org,modular lab shelving with neat reagent bottles,organized shelf hero,"modular lab shelving with neat reagent bottles on textured slate sample board, soft overhead softbox, even catalog lighting, locked tripod hero frame with subtle push",12,"ultra detailed, extremely detailed, hyper-detailed, razor sharp focus, tack sharp, crystal clear, ultra sharp, 8k resolution, photorealistic, hyperrealistic, ultra realistic, HDR",9:16,8,1080p,grok-imagine-image-quality,grok-imagine-video-1.5,2k,"Photoreal vertical 9:16 Palm Beach Vitality laboratory research catalog film, chemical research material only, premium American research aesthetic. PRIMARY SUBJECT (must be clearly recognizable, real laboratory object, sharp and centered): modular lab shelving with neat reagent bottles. Physical detail: organized shelf hero. Setting surface: textured slate sample board. Lighting: soft overhead softbox, even catalog lighting. Camera: locked tripod hero frame with subtle push. No abstract shapes, no glass orbs, no crystal balls, no surreal spheres, no CGI blobs, no nebula, no galaxies, no fantasy energy, no particle portals, no impossible geometry, no melting objects, no dreamscape, no people, no faces, no hands, no bare skin, no needles penetrating skin, no injection act, no clinic patient scene, no gym, no lifestyle, no wellness claims, no nicknames, no supplements aesthetic. Quality: ultra detailed, extremely detailed, hyper-detailed, razor sharp focus, tack sharp, crystal clear, ultra sharp, 8k resolution, photorealistic, hyperrealistic, ultra realistic, HDR. creation motif 188/500 · LAB-188. Keep product identity and any on-screen research typography sharp and unchanged. For laboratory research use only. Not for human use or consumption.",Active,0,
PBVita-Lab-189,189,LAB-189,surfaces_org,pegboard with hanging clamps and rings,tools arranged,"pegboard with hanging clamps and rings on soft gray seamless paper backdrop, warm neutral side light, still clinical, low angle tracking slide",12,"ultra detailed, extremely detailed, hyper-detailed, razor sharp focus, tack sharp, crystal clear, ultra sharp, 8k resolution, photorealistic, hyperrealistic, ultra realistic, HDR",9:16,8,1080p,grok-imagine-image-quality,grok-imagine-video-1.5,2k,"Photoreal vertical 9:16 Palm Beach Vitality laboratory research catalog film, chemical research material only, premium American research aesthetic. PRIMARY SUBJECT (must be clearly recognizable, real laboratory object, sharp and centered): pegboard with hanging clamps and rings. Physical detail: tools arranged. Setting surface: soft gray seamless paper backdrop. Lighting: warm neutral side light, still clinical. Camera: low angle tracking slide. No abstract shapes, no glass orbs, no crystal balls, no surreal spheres, no CGI blobs, no nebula, no galaxies, no fantasy energy, no particle portals, no impossible geometry, no melting objects, no dreamscape, no people, no faces, no hands, no bare skin, no needles penetrating skin, no injection act, no clinic patient scene, no gym, no lifestyle, no wellness claims, no nicknames, no supplements aesthetic. Quality: ultra detailed, extremely detailed, hyper-detailed, razor sharp focus, tack sharp, crystal clear, ultra sharp, 8k resolution, photorealistic, hyperrealistic, ultra realistic, HDR. creation motif 189/500 · LAB-189. Keep product identity and any on-screen research typography sharp and unchanged. For laboratory research use only. Not for human use or consumption.",Active,0,
PBVita-Lab-190,190,LAB-190,surfaces_org,ESD mat with research carton,static-dissipative mat,"ESD mat with research carton on anodized aluminum tray, split soft key and gentle bounce, circular arc that never fully completes",12,"ultra detailed, extremely detailed, hyper-detailed, razor sharp focus, tack sharp, crystal clear, ultra sharp, 8k resolution, photorealistic, hyperrealistic, ultra realistic, HDR",9:16,8,1080p,grok-imagine-image-quality,grok-imagine-video-1.5,2k,"Photoreal vertical 9:16 Palm Beach Vitality laboratory research catalog film, chemical research material only, premium American research aesthetic. PRIMARY SUBJECT (must be clearly recognizable, real laboratory object, sharp and centered): ESD mat with research carton. Physical detail: static-dissipative mat. Setting surface: anodized aluminum tray. Lighting: split soft key and gentle bounce. Camera: circular arc that never fully completes. No abstract shapes, no glass orbs, no crystal balls, no surreal spheres, no CGI blobs, no nebula, no galaxies, no fantasy energy, no particle portals, no impossible geometry, no melting objects, no dreamscape, no people, no faces, no hands, no bare skin, no needles penetrating skin, no injection act, no clinic patient scene, no gym, no lifestyle, no wellness claims, no nicknames, no supplements aesthetic. Quality: ultra detailed, extremely detailed, hyper-detailed, razor sharp focus, tack sharp, crystal clear, ultra sharp, 8k resolution, photorealistic, hyperrealistic, ultra realistic, HDR. creation motif 190/500 · LAB-190. Keep product identity and any on-screen research typography sharp and unchanged. For laboratory research use only. Not for human use or consumption.",Active,0,
PBVita-Lab-191,191,LAB-191,surfaces_org,ceramic tile sample with amber vial,cool clinical tile,"ceramic tile sample with amber vial on polished black reflective acrylic, high-key seamless catalog lighting, vertical rise from base to label",12,"ultra detailed, extremely detailed, hyper-detailed, razor sharp focus, tack sharp, crystal clear, ultra sharp, 8k resolution, photorealistic, hyperrealistic, ultra realistic, HDR",9:16,8,1080p,grok-imagine-image-quality,grok-imagine-video-1.5,2k,"Photoreal vertical 9:16 Palm Beach Vitality laboratory research catalog film, chemical research material only, premium American research aesthetic. PRIMARY SUBJECT (must be clearly recognizable, real laboratory object, sharp and centered): ceramic tile sample with amber vial. Physical detail: cool clinical tile. Setting surface: polished black reflective acrylic. Lighting: high-key seamless catalog lighting. Camera: vertical rise from base to label. No abstract shapes, no glass orbs, no crystal balls, no surreal spheres, no CGI blobs, no nebula, no galaxies, no fantasy energy, no particle portals, no impossible geometry, no melting objects, no dreamscape, no people, no faces, no hands, no bare skin, no needles penetrating skin, no injection act, no clinic patient scene, no gym, no lifestyle, no wellness claims, no nicknames, no supplements aesthetic. Quality: ultra detailed, extremely detailed, hyper-detailed, razor sharp focus, tack sharp, crystal clear, ultra sharp, 8k resolution, photorealistic, hyperrealistic, ultra realistic, HDR. creation motif 191/500 · LAB-191. Keep product identity and any on-screen research typography sharp and unchanged. For laboratory research use only. Not for human use or consumption.",Active,0,
PBVita-Lab-192,192,LAB-192,surfaces_org,marble pass-through shelf with sealed box,cleanroom pass aesthetic,"marble pass-through shelf with sealed box on matte pure white infinity surface, low-key selective highlight on glass edges, fast resolve into locked hero frame",12,"ultra detailed, extremely detailed, hyper-detailed, razor sharp focus, tack sharp, crystal clear, ultra sharp, 8k resolution, photorealistic, hyperrealistic, ultra realistic, HDR",9:16,8,1080p,grok-imagine-image-quality,grok-imagine-video-1.5,2k,"Photoreal vertical 9:16 Palm Beach Vitality laboratory research catalog film, chemical research material only, premium American research aesthetic. PRIMARY SUBJECT (must be clearly recognizable, real laboratory object, sharp and centered): marble pass-through shelf with sealed box. Physical detail: cleanroom pass aesthetic. Setting surface: matte pure white infinity surface. Lighting: low-key selective highlight on glass edges. Camera: fast resolve into locked hero frame. No abstract shapes, no glass orbs, no crystal balls, no surreal spheres, no CGI blobs, no nebula, no galaxies, no fantasy energy, no particle portals, no impossible geometry, no melting objects, no dreamscape, no people, no faces, no hands, no bare skin, no needles penetrating skin, no injection act, no clinic patient scene, no gym, no lifestyle, no wellness claims, no nicknames, no supplements aesthetic. Quality: ultra detailed, extremely detailed, hyper-detailed, razor sharp focus, tack sharp, crystal clear, ultra sharp, 8k resolution, photorealistic, hyperrealistic, ultra realistic, HDR. creation motif 192/500 · LAB-192. Keep product identity and any on-screen research typography sharp and unchanged. For laboratory research use only. Not for human use or consumption.",Active,0,
PBVita-Lab-193,193,LAB-193,surfaces_org,wire chrome basket with cleaned vials,basket of vials,"wire chrome basket with cleaned vials on brushed stainless steel lab bench, soft rim light from behind, slow 360 degree orbit at eye level",12,"ultra detailed, extremely detailed, hyper-detailed, razor sharp focus, tack sharp, crystal clear, ultra sharp, 8k resolution, photorealistic, hyperrealistic, ultra realistic, HDR",9:16,8,1080p,grok-imagine-image-quality,grok-imagine-video-1.5,2k,"Photoreal vertical 9:16 Palm Beach Vitality laboratory research catalog film, chemical research material only, premium American research aesthetic. PRIMARY SUBJECT (must be clearly recognizable, real laboratory object, sharp and centered): wire chrome basket with cleaned vials. Physical detail: basket of vials. Setting surface: brushed stainless steel lab bench. Lighting: soft rim light from behind. Camera: slow 360 degree orbit at eye level. No abstract shapes, no glass orbs, no crystal balls, no surreal spheres, no CGI blobs, no nebula, no galaxies, no fantasy energy, no particle portals, no impossible geometry, no melting objects, no dreamscape, no people, no faces, no hands, no bare skin, no needles penetrating skin, no injection act, no clinic patient scene, no gym, no lifestyle, no wellness claims, no nicknames, no supplements aesthetic. Quality: ultra detailed, extremely detailed, hyper-detailed, razor sharp focus, tack sharp, crystal clear, ultra sharp, 8k resolution, photorealistic, hyperrealistic, ultra realistic, HDR. creation motif 193/500 · LAB-193. Keep product identity and any on-screen research typography sharp and unchanged. For laboratory research use only. Not for human use or consumption.",Active,0,
PBVita-Lab-194,194,LAB-194,surfaces_org,parts bin drawer open showing caps,inventory of vial caps,"parts bin drawer open showing caps on dark charcoal epoxy resin countertop, cool clinical blue-white LED, extreme macro push-in",12,"ultra detailed, extremely detailed, hyper-detailed, razor sharp focus, tack sharp, crystal clear, ultra sharp, 8k resolution, photorealistic, hyperrealistic, ultra realistic, HDR",9:16,8,1080p,grok-imagine-image-quality,grok-imagine-video-1.5,2k,"Photoreal vertical 9:16 Palm Beach Vitality laboratory research catalog film, chemical research material only, premium American research aesthetic. PRIMARY SUBJECT (must be clearly recognizable, real laboratory object, sharp and centered): parts bin drawer open showing caps. Physical detail: inventory of vial caps. Setting surface: dark charcoal epoxy resin countertop. Lighting: cool clinical blue-white LED. Camera: extreme macro push-in. No abstract shapes, no glass orbs, no crystal balls, no surreal spheres, no CGI blobs, no nebula, no galaxies, no fantasy energy, no particle portals, no impossible geometry, no melting objects, no dreamscape, no people, no faces, no hands, no bare skin, no needles penetrating skin, no injection act, no clinic patient scene, no gym, no lifestyle, no wellness claims, no nicknames, no supplements aesthetic. Quality: ultra detailed, extremely detailed, hyper-detailed, razor sharp focus, tack sharp, crystal clear, ultra sharp, 8k resolution, photorealistic, hyperrealistic, ultra realistic, HDR. creation motif 194/500 · LAB-194. Keep product identity and any on-screen research typography sharp and unchanged. For laboratory research use only. Not for human use or consumption.",Active,0,
PBVita-Lab-195,195,LAB-195,surfaces_org,kanban bin with pipette tip boxes,lean lab storage,"kanban bin with pipette tip boxes on cool gray ceramic tile, single hard key light with controlled fill, gentle top-down descending move",12,"ultra detailed, extremely detailed, hyper-detailed, razor sharp focus, tack sharp, crystal clear, ultra sharp, 8k resolution, photorealistic, hyperrealistic, ultra realistic, HDR",9:16,8,1080p,grok-imagine-image-quality,grok-imagine-video-1.5,2k,"Photoreal vertical 9:16 Palm Beach Vitality laboratory research catalog film, chemical research material only, premium American research aesthetic. PRIMARY SUBJECT (must be clearly recognizable, real laboratory object, sharp and centered): kanban bin with pipette tip boxes. Physical detail: lean lab storage. Setting surface: cool gray ceramic tile. Lighting: single hard key light with controlled fill. Camera: gentle top-down descending move. No abstract shapes, no glass orbs, no crystal balls, no surreal spheres, no CGI blobs, no nebula, no galaxies, no fantasy energy, no particle portals, no impossible geometry, no melting objects, no dreamscape, no people, no faces, no hands, no bare skin, no needles penetrating skin, no injection act, no clinic patient scene, no gym, no lifestyle, no wellness claims, no nicknames, no supplements aesthetic. Quality: ultra detailed, extremely detailed, hyper-detailed, razor sharp focus, tack sharp, crystal clear, ultra sharp, 8k resolution, photorealistic, hyperrealistic, ultra realistic, HDR. creation motif 195/500 · LAB-195. Keep product identity and any on-screen research typography sharp and unchanged. For laboratory research use only. Not for human use or consumption.",Active,0,
PBVita-Lab-196,196,LAB-196,surfaces_org,magnetic tool strip with metal spatulas,spatulas hanging,"magnetic tool strip with metal spatulas on mirrored chrome instrument tray, soft overhead softbox, even catalog lighting, locked tripod hero frame with subtle push",12,"ultra detailed, extremely detailed, hyper-detailed, razor sharp focus, tack sharp, crystal clear, ultra sharp, 8k resolution, photorealistic, hyperrealistic, ultra realistic, HDR",9:16,8,1080p,grok-imagine-image-quality,grok-imagine-video-1.5,2k,"Photoreal vertical 9:16 Palm Beach Vitality laboratory research catalog film, chemical research material only, premium American research aesthetic. PRIMARY SUBJECT (must be clearly recognizable, real laboratory object, sharp and centered): magnetic tool strip with metal spatulas. Physical detail: spatulas hanging. Setting surface: mirrored chrome instrument tray. Lighting: soft overhead softbox, even catalog lighting. Camera: locked tripod hero frame with subtle push. No abstract shapes, no glass orbs, no crystal balls, no surreal spheres, no CGI blobs, no nebula, no galaxies, no fantasy energy, no particle portals, no impossible geometry, no melting objects, no dreamscape, no people, no faces, no hands, no bare skin, no needles penetrating skin, no injection act, no clinic patient scene, no gym, no lifestyle, no wellness claims, no nicknames, no supplements aesthetic. Quality: ultra detailed, extremely detailed, hyper-detailed, razor sharp focus, tack sharp, crystal clear, ultra sharp, 8k resolution, photorealistic, hyperrealistic, ultra realistic, HDR. creation motif 196/500 · LAB-196. Keep product identity and any on-screen research typography sharp and unchanged. For laboratory research use only. Not for human use or consumption.",Active,0,
PBVita-Lab-197,197,LAB-197,surfaces_org,weighing paper book open,glassine weighing papers,"weighing paper book open on white melamine cleanroom table, warm neutral side light, still clinical, low angle tracking slide",12,"ultra detailed, extremely detailed, hyper-detailed, razor sharp focus, tack sharp, crystal clear, ultra sharp, 8k resolution, photorealistic, hyperrealistic, ultra realistic, HDR",9:16,8,1080p,grok-imagine-image-quality,grok-imagine-video-1.5,2k,"Photoreal vertical 9:16 Palm Beach Vitality laboratory research catalog film, chemical research material only, premium American research aesthetic. PRIMARY SUBJECT (must be clearly recognizable, real laboratory object, sharp and centered): weighing paper book open. Physical detail: glassine weighing papers. Setting surface: white melamine cleanroom table. Lighting: warm neutral side light, still clinical. Camera: low angle tracking slide. No abstract shapes, no glass orbs, no crystal balls, no surreal spheres, no CGI blobs, no nebula, no galaxies, no fantasy energy, no particle portals, no impossible geometry, no melting objects, no dreamscape, no people, no faces, no hands, no bare skin, no needles penetrating skin, no injection act, no clinic patient scene, no gym, no lifestyle, no wellness claims, no nicknames, no supplements aesthetic. Quality: ultra detailed, extremely detailed, hyper-detailed, razor sharp focus, tack sharp, crystal clear, ultra sharp, 8k resolution, photorealistic, hyperrealistic, ultra realistic, HDR. creation motif 197/500 · LAB-197. Keep product identity and any on-screen research typography sharp and unchanged. For laboratory research use only. Not for human use or consumption.",Active,0,
PBVita-Lab-198,198,LAB-198,surfaces_org,lab notebook closed with pen on top research,"bound notebook, no handwriting readable claims","lab notebook closed with pen on top research on textured slate sample board, split soft key and gentle bounce, circular arc that never fully completes",12,"ultra detailed, extremely detailed, hyper-detailed, razor sharp focus, tack sharp, crystal clear, ultra sharp, 8k resolution, photorealistic, hyperrealistic, ultra realistic, HDR",9:16,8,1080p,grok-imagine-image-quality,grok-imagine-video-1.5,2k,"Photoreal vertical 9:16 Palm Beach Vitality laboratory research catalog film, chemical research material only, premium American research aesthetic. PRIMARY SUBJECT (must be clearly recognizable, real laboratory object, sharp and centered): lab notebook closed with pen on top research. Physical detail: bound notebook, no handwriting readable claims. Setting surface: textured slate sample board. Lighting: split soft key and gentle bounce. Camera: circular arc that never fully completes. No abstract shapes, no glass orbs, no crystal balls, no surreal spheres, no CGI blobs, no nebula, no galaxies, no fantasy energy, no particle portals, no impossible geometry, no melting objects, no dreamscape, no people, no faces, no hands, no bare skin, no needles penetrating skin, no injection act, no clinic patient scene, no gym, no lifestyle, no wellness claims, no nicknames, no supplements aesthetic. Quality: ultra detailed, extremely detailed, hyper-detailed, razor sharp focus, tack sharp, crystal clear, ultra sharp, 8k resolution, photorealistic, hyperrealistic, ultra realistic, HDR. creation motif 198/500 · LAB-198. Keep product identity and any on-screen research typography sharp and unchanged. For laboratory research use only. Not for human use or consumption.",Active,0,
PBVita-Lab-199,199,LAB-199,surfaces_org,clipboard with blank COA template,"certificate layout blank, no medical claims","clipboard with blank COA template on soft gray seamless paper backdrop, high-key seamless catalog lighting, vertical rise from base to label",12,"ultra detailed, extremely detailed, hyper-detailed, razor sharp focus, tack sharp, crystal clear, ultra sharp, 8k resolution, photorealistic, hyperrealistic, ultra realistic, HDR",9:16,8,1080p,grok-imagine-image-quality,grok-imagine-video-1.5,2k,"Photoreal vertical 9:16 Palm Beach Vitality laboratory research catalog film, chemical research material only, premium American research aesthetic. PRIMARY SUBJECT (must be clearly recognizable, real laboratory object, sharp and centered): clipboard with blank COA template. Physical detail: certificate layout blank, no medical claims. Setting surface: soft gray seamless paper backdrop. Lighting: high-key seamless catalog lighting. Camera: vertical rise from base to label. No abstract shapes, no glass orbs, no crystal balls, no surreal spheres, no CGI blobs, no nebula, no galaxies, no fantasy energy, no particle portals, no impossible geometry, no melting objects, no dreamscape, no people, no faces, no hands, no bare skin, no needles penetrating skin, no injection act, no clinic patient scene, no gym, no lifestyle, no wellness claims, no nicknames, no supplements aesthetic. Quality: ultra detailed, extremely detailed, hyper-detailed, razor sharp focus, tack sharp, crystal clear, ultra sharp, 8k resolution, photorealistic, hyperrealistic, ultra realistic, HDR. creation motif 199/500 · LAB-199. Keep product identity and any on-screen research typography sharp and unchanged. For laboratory research use only. Not for human use or consumption.",Active,0,
PBVita-Lab-200,200,LAB-200,surfaces_org,sample log binder spine,lab records binder,"sample log binder spine on anodized aluminum tray, low-key selective highlight on glass edges, fast resolve into locked hero frame",12,"ultra detailed, extremely detailed, hyper-detailed, razor sharp focus, tack sharp, crystal clear, ultra sharp, 8k resolution, photorealistic, hyperrealistic, ultra realistic, HDR",9:16,8,1080p,grok-imagine-image-quality,grok-imagine-video-1.5,2k,"Photoreal vertical 9:16 Palm Beach Vitality laboratory research catalog film, chemical research material only, premium American research aesthetic. PRIMARY SUBJECT (must be clearly recognizable, real laboratory object, sharp and centered): sample log binder spine. Physical detail: lab records binder. Setting surface: anodized aluminum tray. Lighting: low-key selective highlight on glass edges. Camera: fast resolve into locked hero frame. No abstract shapes, no glass orbs, no crystal balls, no surreal spheres, no CGI blobs, no nebula, no galaxies, no fantasy energy, no particle portals, no impossible geometry, no melting objects, no dreamscape, no people, no faces, no hands, no bare skin, no needles penetrating skin, no injection act, no clinic patient scene, no gym, no lifestyle, no wellness claims, no nicknames, no supplements aesthetic. Quality: ultra detailed, extremely detailed, hyper-detailed, razor sharp focus, tack sharp, crystal clear, ultra sharp, 8k resolution, photorealistic, hyperrealistic, ultra realistic, HDR. creation motif 200/500 · LAB-200. Keep product identity and any on-screen research typography sharp and unchanged. For laboratory research use only. Not for human use or consumption.",Active,0,
PBVita-Lab-201,201,LAB-201,surfaces_org,color-coded tape rolls for lab labeling,tape assortment,"color-coded tape rolls for lab labeling on polished black reflective acrylic, soft rim light from behind, slow 360 degree orbit at eye level",12,"ultra detailed, extremely detailed, hyper-detailed, razor sharp focus, tack sharp, crystal clear, ultra sharp, 8k resolution, photorealistic, hyperrealistic, ultra realistic, HDR",9:16,8,1080p,grok-imagine-image-quality,grok-imagine-video-1.5,2k,"Photoreal vertical 9:16 Palm Beach Vitality laboratory research catalog film, chemical research material only, premium American research aesthetic. PRIMARY SUBJECT (must be clearly recognizable, real laboratory object, sharp and centered): color-coded tape rolls for lab labeling. Physical detail: tape assortment. Setting surface: polished black reflective acrylic. Lighting: soft rim light from behind. Camera: slow 360 degree orbit at eye level. No abstract shapes, no glass orbs, no crystal balls, no surreal spheres, no CGI blobs, no nebula, no galaxies, no fantasy energy, no particle portals, no impossible geometry, no melting objects, no dreamscape, no people, no faces, no hands, no bare skin, no needles penetrating skin, no injection act, no clinic patient scene, no gym, no lifestyle, no wellness claims, no nicknames, no supplements aesthetic. Quality: ultra detailed, extremely detailed, hyper-detailed, razor sharp focus, tack sharp, crystal clear, ultra sharp, 8k resolution, photorealistic, hyperrealistic, ultra realistic, HDR. creation motif 201/500 · LAB-201. Keep product identity and any on-screen research typography sharp and unchanged. For laboratory research use only. Not for human use or consumption.",Active,0,
PBVita-Lab-202,202,LAB-202,surfaces_org,sharpies and lab markers in cup,marking tools only,"sharpies and lab markers in cup on matte pure white infinity surface, cool clinical blue-white LED, extreme macro push-in",12,"ultra detailed, extremely detailed, hyper-detailed, razor sharp focus, tack sharp, crystal clear, ultra sharp, 8k resolution, photorealistic, hyperrealistic, ultra realistic, HDR",9:16,8,1080p,grok-imagine-image-quality,grok-imagine-video-1.5,2k,"Photoreal vertical 9:16 Palm Beach Vitality laboratory research catalog film, chemical research material only, premium American research aesthetic. PRIMARY SUBJECT (must be clearly recognizable, real laboratory object, sharp and centered): sharpies and lab markers in cup. Physical detail: marking tools only. Setting surface: matte pure white infinity surface. Lighting: cool clinical blue-white LED. Camera: extreme macro push-in. No abstract shapes, no glass orbs, no crystal balls, no surreal spheres, no CGI blobs, no nebula, no galaxies, no fantasy energy, no particle portals, no impossible geometry, no melting objects, no dreamscape, no people, no faces, no hands, no bare skin, no needles penetrating skin, no injection act, no clinic patient scene, no gym, no lifestyle, no wellness claims, no nicknames, no supplements aesthetic. Quality: ultra detailed, extremely detailed, hyper-detailed, razor sharp focus, tack sharp, crystal clear, ultra sharp, 8k resolution, photorealistic, hyperrealistic, ultra realistic, HDR. creation motif 202/500 · LAB-202. Keep product identity and any on-screen research typography sharp and unchanged. For laboratory research use only. Not for human use or consumption.",Active,0,
PBVita-Lab-203,203,LAB-203,surfaces_org,kimwipe box and glass cleaner bottle,cleaning station still,"kimwipe box and glass cleaner bottle on brushed stainless steel lab bench, single hard key light with controlled fill, gentle top-down descending move",12,"ultra detailed, extremely detailed, hyper-detailed, razor sharp focus, tack sharp, crystal clear, ultra sharp, 8k resolution, photorealistic, hyperrealistic, ultra realistic, HDR",9:16,8,1080p,grok-imagine-image-quality,grok-imagine-video-1.5,2k,"Photoreal vertical 9:16 Palm Beach Vitality laboratory research catalog film, chemical research material only, premium American research aesthetic. PRIMARY SUBJECT (must be clearly recognizable, real laboratory object, sharp and centered): kimwipe box and glass cleaner bottle. Physical detail: cleaning station still. Setting surface: brushed stainless steel lab bench. Lighting: single hard key light with controlled fill. Camera: gentle top-down descending move. No abstract shapes, no glass orbs, no crystal balls, no surreal spheres, no CGI blobs, no nebula, no galaxies, no fantasy energy, no particle portals, no impossible geometry, no melting objects, no dreamscape, no people, no faces, no hands, no bare skin, no needles penetrating skin, no injection act, no clinic patient scene, no gym, no lifestyle, no wellness claims, no nicknames, no supplements aesthetic. Quality: ultra detailed, extremely detailed, hyper-detailed, razor sharp focus, tack sharp, crystal clear, ultra sharp, 8k resolution, photorealistic, hyperrealistic, ultra realistic, HDR. creation motif 203/500 · LAB-203. Keep product identity and any on-screen research typography sharp and unchanged. For laboratory research use only. Not for human use or consumption.",Active,0,
PBVita-Lab-204,204,LAB-204,surfaces_org,spill kit tray sealed,chemical spill kit closed,"spill kit tray sealed on dark charcoal epoxy resin countertop, soft overhead softbox, even catalog lighting, locked tripod hero frame with subtle push",12,"ultra detailed, extremely detailed, hyper-detailed, razor sharp focus, tack sharp, crystal clear, ultra sharp, 8k resolution, photorealistic, hyperrealistic, ultra realistic, HDR",9:16,8,1080p,grok-imagine-image-quality,grok-imagine-video-1.5,2k,"Photoreal vertical 9:16 Palm Beach Vitality laboratory research catalog film, chemical research material only, premium American research aesthetic. PRIMARY SUBJECT (must be clearly recognizable, real laboratory object, sharp and centered): spill kit tray sealed. Physical detail: chemical spill kit closed. Setting surface: dark charcoal epoxy resin countertop. Lighting: soft overhead softbox, even catalog lighting. Camera: locked tripod hero frame with subtle push. No abstract shapes, no glass orbs, no crystal balls, no surreal spheres, no CGI blobs, no nebula, no galaxies, no fantasy energy, no particle portals, no impossible geometry, no melting objects, no dreamscape, no people, no faces, no hands, no bare skin, no needles penetrating skin, no injection act, no clinic patient scene, no gym, no lifestyle, no wellness claims, no nicknames, no supplements aesthetic. Quality: ultra detailed, extremely detailed, hyper-detailed, razor sharp focus, tack sharp, crystal clear, ultra sharp, 8k resolution, photorealistic, hyperrealistic, ultra realistic, HDR. creation motif 204/500 · LAB-204. Keep product identity and any on-screen research typography sharp and unchanged. For laboratory research use only. Not for human use or consumption.",Active,0,
PBVita-Lab-205,205,LAB-205,surfaces_org,first-aid cabinet closed wall mount,"cabinet only, not injury scene","first-aid cabinet closed wall mount on cool gray ceramic tile, warm neutral side light, still clinical, low angle tracking slide",12,"ultra detailed, extremely detailed, hyper-detailed, razor sharp focus, tack sharp, crystal clear, ultra sharp, 8k resolution, photorealistic, hyperrealistic, ultra realistic, HDR",9:16,8,1080p,grok-imagine-image-quality,grok-imagine-video-1.5,2k,"Photoreal vertical 9:16 Palm Beach Vitality laboratory research catalog film, chemical research material only, premium American research aesthetic. PRIMARY SUBJECT (must be clearly recognizable, real laboratory object, sharp and centered): first-aid cabinet closed wall mount. Physical detail: cabinet only, not injury scene. Setting surface: cool gray ceramic tile. Lighting: warm neutral side light, still clinical. Camera: low angle tracking slide. No abstract shapes, no glass orbs, no crystal balls, no surreal spheres, no CGI blobs, no nebula, no galaxies, no fantasy energy, no particle portals, no impossible geometry, no melting objects, no dreamscape, no people, no faces, no hands, no bare skin, no needles penetrating skin, no injection act, no clinic patient scene, no gym, no lifestyle, no wellness claims, no nicknames, no supplements aesthetic. Quality: ultra detailed, extremely detailed, hyper-detailed, razor sharp focus, tack sharp, crystal clear, ultra sharp, 8k resolution, photorealistic, hyperrealistic, ultra realistic, HDR. creation motif 205/500 · LAB-205. Keep product identity and any on-screen research typography sharp and unchanged. For laboratory research use only. Not for human use or consumption.",Active,0,
PBVita-Lab-206,206,LAB-206,packaging,white research product carton closed,"matte white carton, minimal branding area","white research product carton closed on mirrored chrome instrument tray, split soft key and gentle bounce, circular arc that never fully completes",12,"ultra detailed, extremely detailed, hyper-detailed, razor sharp focus, tack sharp, crystal clear, ultra sharp, 8k resolution, photorealistic, hyperrealistic, ultra realistic, HDR",9:16,8,1080p,grok-imagine-image-quality,grok-imagine-video-1.5,2k,"Photoreal vertical 9:16 Palm Beach Vitality laboratory research catalog film, chemical research material only, premium American research aesthetic. PRIMARY SUBJECT (must be clearly recognizable, real laboratory object, sharp and centered): white research product carton closed. Physical detail: matte white carton, minimal branding area. Setting surface: mirrored chrome instrument tray. Lighting: split soft key and gentle bounce. Camera: circular arc that never fully completes. No abstract shapes, no glass orbs, no crystal balls, no surreal spheres, no CGI blobs, no nebula, no galaxies, no fantasy energy, no particle portals, no impossible geometry, no melting objects, no dreamscape, no people, no faces, no hands, no bare skin, no needles penetrating skin, no injection act, no clinic patient scene, no gym, no lifestyle, no wellness claims, no nicknames, no supplements aesthetic. Quality: ultra detailed, extremely detailed, hyper-detailed, razor sharp focus, tack sharp, crystal clear, ultra sharp, 8k resolution, photorealistic, hyperrealistic, ultra realistic, HDR. creation motif 206/500 · LAB-206. Keep product identity and any on-screen research typography sharp and unchanged. For laboratory research use only. Not for human use or consumption.",Active,0,
PBVita-Lab-207,207,LAB-207,packaging,open carton revealing foam-cradled vial,"unboxing still, vial in foam","open carton revealing foam-cradled vial on white melamine cleanroom table, high-key seamless catalog lighting, vertical rise from base to label",12,"ultra detailed, extremely detailed, hyper-detailed, razor sharp focus, tack sharp, crystal clear, ultra sharp, 8k resolution, photorealistic, hyperrealistic, ultra realistic, HDR",9:16,8,1080p,grok-imagine-image-quality,grok-imagine-video-1.5,2k,"Photoreal vertical 9:16 Palm Beach Vitality laboratory research catalog film, chemical research material only, premium American research aesthetic. PRIMARY SUBJECT (must be clearly recognizable, real laboratory object, sharp and centered): open carton revealing foam-cradled vial. Physical detail: unboxing still, vial in foam. Setting surface: white melamine cleanroom table. Lighting: high-key seamless catalog lighting. Camera: vertical rise from base to label. No abstract shapes, no glass orbs, no crystal balls, no surreal spheres, no CGI blobs, no nebula, no galaxies, no fantasy energy, no particle portals, no impossible geometry, no melting objects, no dreamscape, no people, no faces, no hands, no bare skin, no needles penetrating skin, no injection act, no clinic patient scene, no gym, no lifestyle, no wellness claims, no nicknames, no supplements aesthetic. Quality: ultra detailed, extremely detailed, hyper-detailed, razor sharp focus, tack sharp, crystal clear, ultra sharp, 8k resolution, photorealistic, hyperrealistic, ultra realistic, HDR. creation motif 207/500 · LAB-207. Keep product identity and any on-screen research typography sharp and unchanged. For laboratory research use only. Not for human use or consumption.",Active,0,
PBVita-Lab-208,208,LAB-208,packaging,blister card of research cartridges,retail-style research blister,"blister card of research cartridges on textured slate sample board, low-key selective highlight on glass edges, fast resolve into locked hero frame",12,"ultra detailed, extremely detailed, hyper-detailed, razor sharp focus, tack sharp, crystal clear, ultra sharp, 8k resolution, photorealistic, hyperrealistic, ultra realistic, HDR",9:16,8,1080p,grok-imagine-image-quality,grok-imagine-video-1.5,2k,"Photoreal vertical 9:16 Palm Beach Vitality laboratory research catalog film, chemical research material only, premium American research aesthetic. PRIMARY SUBJECT (must be clearly recognizable, real laboratory object, sharp and centered): blister card of research cartridges. Physical detail: retail-style research blister. Setting surface: textured slate sample board. Lighting: low-key selective highlight on glass edges. Camera: fast resolve into locked hero frame. No abstract shapes, no glass orbs, no crystal balls, no surreal spheres, no CGI blobs, no nebula, no galaxies, no fantasy energy, no particle portals, no impossible geometry, no melting objects, no dreamscape, no people, no faces, no hands, no bare skin, no needles penetrating skin, no injection act, no clinic patient scene, no gym, no lifestyle, no wellness claims, no nicknames, no supplements aesthetic. Quality: ultra detailed, extremely detailed, hyper-detailed, razor sharp focus, tack sharp, crystal clear, ultra sharp, 8k resolution, photorealistic, hyperrealistic, ultra realistic, HDR. creation motif 208/500 · LAB-208. Keep product identity and any on-screen research typography sharp and unchanged. For laboratory research use only. Not for human use or consumption.",Active,0,
PBVita-Lab-209,209,LAB-209,packaging,foil pouch resealable with vial silhouette,barrier pouch,"foil pouch resealable with vial silhouette on soft gray seamless paper backdrop, soft rim light from behind, slow 360 degree orbit at eye level",12,"ultra detailed, extremely detailed, hyper-detailed, razor sharp focus, tack sharp, crystal clear, ultra sharp, 8k resolution, photorealistic, hyperrealistic, ultra realistic, HDR",9:16,8,1080p,grok-imagine-image-quality,grok-imagine-video-1.5,2k,"Photoreal vertical 9:16 Palm Beach Vitality laboratory research catalog film, chemical research material only, premium American research aesthetic. PRIMARY SUBJECT (must be clearly recognizable, real laboratory object, sharp and centered): foil pouch resealable with vial silhouette. Physical detail: barrier pouch. Setting surface: soft gray seamless paper backdrop. Lighting: soft rim light from behind. Camera: slow 360 degree orbit at eye level. No abstract shapes, no glass orbs, no crystal balls, no surreal spheres, no CGI blobs, no nebula, no galaxies, no fantasy energy, no particle portals, no impossible geometry, no melting objects, no dreamscape, no people, no faces, no hands, no bare skin, no needles penetrating skin, no injection act, no clinic patient scene, no gym, no lifestyle, no wellness claims, no nicknames, no supplements aesthetic. Quality: ultra detailed, extremely detailed, hyper-detailed, razor sharp focus, tack sharp, crystal clear, ultra sharp, 8k resolution, photorealistic, hyperrealistic, ultra realistic, HDR. creation motif 209/500 · LAB-209. Keep product identity and any on-screen research typography sharp and unchanged. For laboratory research use only. Not for human use or consumption.",Active,0,
PBVita-Lab-210,210,LAB-210,packaging,corrugated mailer for vials,small shipper,"corrugated mailer for vials on anodized aluminum tray, cool clinical blue-white LED, extreme macro push-in",12,"ultra detailed, extremely detailed, hyper-detailed, razor sharp focus, tack sharp, crystal clear, ultra sharp, 8k resolution, photorealistic, hyperrealistic, ultra realistic, HDR",9:16,8,1080p,grok-imagine-image-quality,grok-imagine-video-1.5,2k,"Photoreal vertical 9:16 Palm Beach Vitality laboratory research catalog film, chemical research material only, premium American research aesthetic. PRIMARY SUBJECT (must be clearly recognizable, real laboratory object, sharp and centered): corrugated mailer for vials. Physical detail: small shipper. Setting surface: anodized aluminum tray. Lighting: cool clinical blue-white LED. Camera: extreme macro push-in. No abstract shapes, no glass orbs, no crystal balls, no surreal spheres, no CGI blobs, no nebula, no galaxies, no fantasy energy, no particle portals, no impossible geometry, no melting objects, no dreamscape, no people, no faces, no hands, no bare skin, no needles penetrating skin, no injection act, no clinic patient scene, no gym, no lifestyle, no wellness claims, no nicknames, no supplements aesthetic. Quality: ultra detailed, extremely detailed, hyper-detailed, razor sharp focus, tack sharp, crystal clear, ultra sharp, 8k resolution, photorealistic, hyperrealistic, ultra realistic, HDR. creation motif 210/500 · LAB-210. Keep product identity and any on-screen research typography sharp and unchanged. For laboratory research use only. Not for human use or consumption.",Active,0,
PBVita-Lab-211,211,LAB-211,packaging,tamper-evident label sheet,void labels,"tamper-evident label sheet on polished black reflective acrylic, single hard key light with controlled fill, gentle top-down descending move",12,"ultra detailed, extremely detailed, hyper-detailed, razor sharp focus, tack sharp, crystal clear, ultra sharp, 8k resolution, photorealistic, hyperrealistic, ultra realistic, HDR",9:16,8,1080p,grok-imagine-image-quality,grok-imagine-video-1.5,2k,"Photoreal vertical 9:16 Palm Beach Vitality laboratory research catalog film, chemical research material only, premium American research aesthetic. PRIMARY SUBJECT (must be clearly recognizable, real laboratory object, sharp and centered): tamper-evident label sheet. Physical detail: void labels. Setting surface: polished black reflective acrylic. Lighting: single hard key light with controlled fill. Camera: gentle top-down descending move. No abstract shapes, no glass orbs, no crystal balls, no surreal spheres, no CGI blobs, no nebula, no galaxies, no fantasy energy, no particle portals, no impossible geometry, no melting objects, no dreamscape, no people, no faces, no hands, no bare skin, no needles penetrating skin, no injection act, no clinic patient scene, no gym, no lifestyle, no wellness claims, no nicknames, no supplements aesthetic. Quality: ultra detailed, extremely detailed, hyper-detailed, razor sharp focus, tack sharp, crystal clear, ultra sharp, 8k resolution, photorealistic, hyperrealistic, ultra realistic, HDR. creation motif 211/500 · LAB-211. Keep product identity and any on-screen research typography sharp and unchanged. For laboratory research use only. Not for human use or consumption.",Active,0,
PBVita-Lab-212,212,LAB-212,packaging,roll of thermal lab labels,label stock roll,"roll of thermal lab labels on matte pure white infinity surface, soft overhead softbox, even catalog lighting, locked tripod hero frame with subtle push",12,"ultra detailed, extremely detailed, hyper-detailed, razor sharp focus, tack sharp, crystal clear, ultra sharp, 8k resolution, photorealistic, hyperrealistic, ultra realistic, HDR",9:16,8,1080p,grok-imagine-image-quality,grok-imagine-video-1.5,2k,"Photoreal vertical 9:16 Palm Beach Vitality laboratory research catalog film, chemical research material only, premium American research aesthetic. PRIMARY SUBJECT (must be clearly recognizable, real laboratory object, sharp and centered): roll of thermal lab labels. Physical detail: label stock roll. Setting surface: matte pure white infinity surface. Lighting: soft overhead softbox, even catalog lighting. Camera: locked tripod hero frame with subtle push. No abstract shapes, no glass orbs, no crystal balls, no surreal spheres, no CGI blobs, no nebula, no galaxies, no fantasy energy, no particle portals, no impossible geometry, no melting objects, no dreamscape, no people, no faces, no hands, no bare skin, no needles penetrating skin, no injection act, no clinic patient scene, no gym, no lifestyle, no wellness claims, no nicknames, no supplements aesthetic. Quality: ultra detailed, extremely detailed, hyper-detailed, razor sharp focus, tack sharp, crystal clear, ultra sharp, 8k resolution, photorealistic, hyperrealistic, ultra realistic, HDR. creation motif 212/500 · LAB-212. Keep product identity and any on-screen research typography sharp and unchanged. For laboratory research use only. Not for human use or consumption.",Active,0,
PBVita-Lab-213,213,LAB-213,packaging,serialized hologram sticker pack,anti-counterfeit stickers,"serialized hologram sticker pack on brushed stainless steel lab bench, warm neutral side light, still clinical, low angle tracking slide",12,"ultra detailed, extremely detailed, hyper-detailed, razor sharp focus, tack sharp, crystal clear, ultra sharp, 8k resolution, photorealistic, hyperrealistic, ultra realistic, HDR",9:16,8,1080p,grok-imagine-image-quality,grok-imagine-video-1.5,2k,"Photoreal vertical 9:16 Palm Beach Vitality laboratory research catalog film, chemical research material only, premium American research aesthetic. PRIMARY SUBJECT (must be clearly recognizable, real laboratory object, sharp and centered): serialized hologram sticker pack. Physical detail: anti-counterfeit stickers. Setting surface: brushed stainless steel lab bench. Lighting: warm neutral side light, still clinical. Camera: low angle tracking slide. No abstract shapes, no glass orbs, no crystal balls, no surreal spheres, no CGI blobs, no nebula, no galaxies, no fantasy energy, no particle portals, no impossible geometry, no melting objects, no dreamscape, no people, no faces, no hands, no bare skin, no needles penetrating skin, no injection act, no clinic patient scene, no gym, no lifestyle, no wellness claims, no nicknames, no supplements aesthetic. Quality: ultra detailed, extremely detailed, hyper-detailed, razor sharp focus, tack sharp, crystal clear, ultra sharp, 8k resolution, photorealistic, hyperrealistic, ultra realistic, HDR. creation motif 213/500 · LAB-213. Keep product identity and any on-screen research typography sharp and unchanged. For laboratory research use only. Not for human use or consumption.",Active,0,
PBVita-Lab-214,214,LAB-214,packaging,insert card folded research use only,"paper insert, disclaimer visible briefly","insert card folded research use only on dark charcoal epoxy resin countertop, split soft key and gentle bounce, circular arc that never fully completes",12,"ultra detailed, extremely detailed, hyper-detailed, razor sharp focus, tack sharp, crystal clear, ultra sharp, 8k resolution, photorealistic, hyperrealistic, ultra realistic, HDR",9:16,8,1080p,grok-imagine-image-quality,grok-imagine-video-1.5,2k,"Photoreal vertical 9:16 Palm Beach Vitality laboratory research catalog film, chemical research material only, premium American research aesthetic. PRIMARY SUBJECT (must be clearly recognizable, real laboratory object, sharp and centered): insert card folded research use only. Physical detail: paper insert, disclaimer visible briefly. Setting surface: dark charcoal epoxy resin countertop. Lighting: split soft key and gentle bounce. Camera: circular arc that never fully completes. No abstract shapes, no glass orbs, no crystal balls, no surreal spheres, no CGI blobs, no nebula, no galaxies, no fantasy energy, no particle portals, no impossible geometry, no melting objects, no dreamscape, no people, no faces, no hands, no bare skin, no needles penetrating skin, no injection act, no clinic patient scene, no gym, no lifestyle, no wellness claims, no nicknames, no supplements aesthetic. Quality: ultra detailed, extremely detailed, hyper-detailed, razor sharp focus, tack sharp, crystal clear, ultra sharp, 8k resolution, photorealistic, hyperrealistic, ultra realistic, HDR. creation motif 214/500 · LAB-214. Keep product identity and any on-screen research typography sharp and unchanged. For laboratory research use only. Not for human use or consumption.",Active,0,
PBVita-Lab-215,215,LAB-215,packaging,desiccant packets arranged,silica gel packs,"desiccant packets arranged on cool gray ceramic tile, high-key seamless catalog lighting, vertical rise from base to label",12,"ultra detailed, extremely detailed, hyper-detailed, razor sharp focus, tack sharp, crystal clear, ultra sharp, 8k resolution, photorealistic, hyperrealistic, ultra realistic, HDR",9:16,8,1080p,grok-imagine-image-quality,grok-imagine-video-1.5,2k,"Photoreal vertical 9:16 Palm Beach Vitality laboratory research catalog film, chemical research material only, premium American research aesthetic. PRIMARY SUBJECT (must be clearly recognizable, real laboratory object, sharp and centered): desiccant packets arranged. Physical detail: silica gel packs. Setting surface: cool gray ceramic tile. Lighting: high-key seamless catalog lighting. Camera: vertical rise from base to label. No abstract shapes, no glass orbs, no crystal balls, no surreal spheres, no CGI blobs, no nebula, no galaxies, no fantasy energy, no particle portals, no impossible geometry, no melting objects, no dreamscape, no people, no faces, no hands, no bare skin, no needles penetrating skin, no injection act, no clinic patient scene, no gym, no lifestyle, no wellness claims, no nicknames, no supplements aesthetic. Quality: ultra detailed, extremely detailed, hyper-detailed, razor sharp focus, tack sharp, crystal clear, ultra sharp, 8k resolution, photorealistic, hyperrealistic, ultra realistic, HDR. creation motif 215/500 · LAB-215. Keep product identity and any on-screen research typography sharp and unchanged. For laboratory research use only. Not for human use or consumption.",Active,0,
PBVita-Lab-216,216,LAB-216,packaging,oxygen absorber packets,packet still life,"oxygen absorber packets on mirrored chrome instrument tray, low-key selective highlight on glass edges, fast resolve into locked hero frame",12,"ultra detailed, extremely detailed, hyper-detailed, razor sharp focus, tack sharp, crystal clear, ultra sharp, 8k resolution, photorealistic, hyperrealistic, ultra realistic, HDR",9:16,8,1080p,grok-imagine-image-quality,grok-imagine-video-1.5,2k,"Photoreal vertical 9:16 Palm Beach Vitality laboratory research catalog film, chemical research material only, premium American research aesthetic. PRIMARY SUBJECT (must be clearly recognizable, real laboratory object, sharp and centered): oxygen absorber packets. Physical detail: packet still life. Setting surface: mirrored chrome instrument tray. Lighting: low-key selective highlight on glass edges. Camera: fast resolve into locked hero frame. No abstract shapes, no glass orbs, no crystal balls, no surreal spheres, no CGI blobs, no nebula, no galaxies, no fantasy energy, no particle portals, no impossible geometry, no melting objects, no dreamscape, no people, no faces, no hands, no bare skin, no needles penetrating skin, no injection act, no clinic patient scene, no gym, no lifestyle, no wellness claims, no nicknames, no supplements aesthetic. Quality: ultra detailed, extremely detailed, hyper-detailed, razor sharp focus, tack sharp, crystal clear, ultra sharp, 8k resolution, photorealistic, hyperrealistic, ultra realistic, HDR. creation motif 216/500 · LAB-216. Keep product identity and any on-screen research typography sharp and unchanged. For laboratory research use only. Not for human use or consumption.",Active,0,
PBVita-Lab-217,217,LAB-217,packaging,bubble wrap coil beside carton,pack materials,"bubble wrap coil beside carton on white melamine cleanroom table, soft rim light from behind, slow 360 degree orbit at eye level",12,"ultra detailed, extremely detailed, hyper-detailed, razor sharp focus, tack sharp, crystal clear, ultra sharp, 8k resolution, photorealistic, hyperrealistic, ultra realistic, HDR",9:16,8,1080p,grok-imagine-image-quality,grok-imagine-video-1.5,2k,"Photoreal vertical 9:16 Palm Beach Vitality laboratory research catalog film, chemical research material only, premium American research aesthetic. PRIMARY SUBJECT (must be clearly recognizable, real laboratory object, sharp and centered): bubble wrap coil beside carton. Physical detail: pack materials. Setting surface: white melamine cleanroom table. Lighting: soft rim light from behind. Camera: slow 360 degree orbit at eye level. No abstract shapes, no glass orbs, no crystal balls, no surreal spheres, no CGI blobs, no nebula, no galaxies, no fantasy energy, no particle portals, no impossible geometry, no melting objects, no dreamscape, no people, no faces, no hands, no bare skin, no needles penetrating skin, no injection act, no clinic patient scene, no gym, no lifestyle, no wellness claims, no nicknames, no supplements aesthetic. Quality: ultra detailed, extremely detailed, hyper-detailed, razor sharp focus, tack sharp, crystal clear, ultra sharp, 8k resolution, photorealistic, hyperrealistic, ultra realistic, HDR. creation motif 217/500 · LAB-217. Keep product identity and any on-screen research typography sharp and unchanged. For laboratory research use only. Not for human use or consumption.",Active,0,
PBVita-Lab-218,218,LAB-218,packaging,void fill kraft paper and vial box,sustainable pack,"void fill kraft paper and vial box on textured slate sample board, cool clinical blue-white LED, extreme macro push-in",12,"ultra detailed, extremely detailed, hyper-detailed, razor sharp focus, tack sharp, crystal clear, ultra sharp, 8k resolution, photorealistic, hyperrealistic, ultra realistic, HDR",9:16,8,1080p,grok-imagine-image-quality,grok-imagine-video-1.5,2k,"Photoreal vertical 9:16 Palm Beach Vitality laboratory research catalog film, chemical research material only, premium American research aesthetic. PRIMARY SUBJECT (must be clearly recognizable, real laboratory object, sharp and centered): void fill kraft paper and vial box. Physical detail: sustainable pack. Setting surface: textured slate sample board. Lighting: cool clinical blue-white LED. Camera: extreme macro push-in. No abstract shapes, no glass orbs, no crystal balls, no surreal spheres, no CGI blobs, no nebula, no galaxies, no fantasy energy, no particle portals, no impossible geometry, no melting objects, no dreamscape, no people, no faces, no hands, no bare skin, no needles penetrating skin, no injection act, no clinic patient scene, no gym, no lifestyle, no wellness claims, no nicknames, no supplements aesthetic. Quality: ultra detailed, extremely detailed, hyper-detailed, razor sharp focus, tack sharp, crystal clear, ultra sharp, 8k resolution, photorealistic, hyperrealistic, ultra realistic, HDR. creation motif 218/500 · LAB-218. Keep product identity and any on-screen research typography sharp and unchanged. For laboratory research use only. Not for human use or consumption.",Active,0,
PBVita-Lab-219,219,LAB-219,packaging,unit carton with window showing pen,window box,"unit carton with window showing pen on soft gray seamless paper backdrop, single hard key light with controlled fill, gentle top-down descending move",12,"ultra detailed, extremely detailed, hyper-detailed, razor sharp focus, tack sharp, crystal clear, ultra sharp, 8k resolution, photorealistic, hyperrealistic, ultra realistic, HDR",9:16,8,1080p,grok-imagine-image-quality,grok-imagine-video-1.5,2k,"Photoreal vertical 9:16 Palm Beach Vitality laboratory research catalog film, chemical research material only, premium American research aesthetic. PRIMARY SUBJECT (must be clearly recognizable, real laboratory object, sharp and centered): unit carton with window showing pen. Physical detail: window box. Setting surface: soft gray seamless paper backdrop. Lighting: single hard key light with controlled fill. Camera: gentle top-down descending move. No abstract shapes, no glass orbs, no crystal balls, no surreal spheres, no CGI blobs, no nebula, no galaxies, no fantasy energy, no particle portals, no impossible geometry, no melting objects, no dreamscape, no people, no faces, no hands, no bare skin, no needles penetrating skin, no injection act, no clinic patient scene, no gym, no lifestyle, no wellness claims, no nicknames, no supplements aesthetic. Quality: ultra detailed, extremely detailed, hyper-detailed, razor sharp focus, tack sharp, crystal clear, ultra sharp, 8k resolution, photorealistic, hyperrealistic, ultra realistic, HDR. creation motif 219/500 · LAB-219. Keep product identity and any on-screen research typography sharp and unchanged. For laboratory research use only. Not for human use or consumption.",Active,0,
PBVita-Lab-220,220,LAB-220,packaging,multipack sleeve holding three cartons,sleeve packaging,"multipack sleeve holding three cartons on anodized aluminum tray, soft overhead softbox, even catalog lighting, locked tripod hero frame with subtle push",12,"ultra detailed, extremely detailed, hyper-detailed, razor sharp focus, tack sharp, crystal clear, ultra sharp, 8k resolution, photorealistic, hyperrealistic, ultra realistic, HDR",9:16,8,1080p,grok-imagine-image-quality,grok-imagine-video-1.5,2k,"Photoreal vertical 9:16 Palm Beach Vitality laboratory research catalog film, chemical research material only, premium American research aesthetic. PRIMARY SUBJECT (must be clearly recognizable, real laboratory object, sharp and centered): multipack sleeve holding three cartons. Physical detail: sleeve packaging. Setting surface: anodized aluminum tray. Lighting: soft overhead softbox, even catalog lighting. Camera: locked tripod hero frame with subtle push. No abstract shapes, no glass orbs, no crystal balls, no surreal spheres, no CGI blobs, no nebula, no galaxies, no fantasy energy, no particle portals, no impossible geometry, no melting objects, no dreamscape, no people, no faces, no hands, no bare skin, no needles penetrating skin, no injection act, no clinic patient scene, no gym, no lifestyle, no wellness claims, no nicknames, no supplements aesthetic. Quality: ultra detailed, extremely detailed, hyper-detailed, razor sharp focus, tack sharp, crystal clear, ultra sharp, 8k resolution, photorealistic, hyperrealistic, ultra realistic, HDR. creation motif 220/500 · LAB-220. Keep product identity and any on-screen research typography sharp and unchanged. For laboratory research use only. Not for human use or consumption.",Active,0,
PBVita-Lab-221,221,LAB-221,packaging,shipping label pouch on carton,document pouch,"shipping label pouch on carton on polished black reflective acrylic, warm neutral side light, still clinical, low angle tracking slide",12,"ultra detailed, extremely detailed, hyper-detailed, razor sharp focus, tack sharp, crystal clear, ultra sharp, 8k resolution, photorealistic, hyperrealistic, ultra realistic, HDR",9:16,8,1080p,grok-imagine-image-quality,grok-imagine-video-1.5,2k,"Photoreal vertical 9:16 Palm Beach Vitality laboratory research catalog film, chemical research material only, premium American research aesthetic. PRIMARY SUBJECT (must be clearly recognizable, real laboratory object, sharp and centered): shipping label pouch on carton. Physical detail: document pouch. Setting surface: polished black reflective acrylic. Lighting: warm neutral side light, still clinical. Camera: low angle tracking slide. No abstract shapes, no glass orbs, no crystal balls, no surreal spheres, no CGI blobs, no nebula, no galaxies, no fantasy energy, no particle portals, no impossible geometry, no melting objects, no dreamscape, no people, no faces, no hands, no bare skin, no needles penetrating skin, no injection act, no clinic patient scene, no gym, no lifestyle, no wellness claims, no nicknames, no supplements aesthetic. Quality: ultra detailed, extremely detailed, hyper-detailed, razor sharp focus, tack sharp, crystal clear, ultra sharp, 8k resolution, photorealistic, hyperrealistic, ultra realistic, HDR. creation motif 221/500 · LAB-221. Keep product identity and any on-screen research typography sharp and unchanged. For laboratory research use only. Not for human use or consumption.",Active,0,
PBVita-Lab-222,222,LAB-222,packaging,pallet of identical research cartons cropped,"warehouse catalog crop, tidy","pallet of identical research cartons cropped on matte pure white infinity surface, split soft key and gentle bounce, circular arc that never fully completes",12,"ultra detailed, extremely detailed, hyper-detailed, razor sharp focus, tack sharp, crystal clear, ultra sharp, 8k resolution, photorealistic, hyperrealistic, ultra realistic, HDR",9:16,8,1080p,grok-imagine-image-quality,grok-imagine-video-1.5,2k,"Photoreal vertical 9:16 Palm Beach Vitality laboratory research catalog film, chemical research material only, premium American research aesthetic. PRIMARY SUBJECT (must be clearly recognizable, real laboratory object, sharp and centered): pallet of identical research cartons cropped. Physical detail: warehouse catalog crop, tidy. Setting surface: matte pure white infinity surface. Lighting: split soft key and gentle bounce. Camera: circular arc that never fully completes. No abstract shapes, no glass orbs, no crystal balls, no surreal spheres, no CGI blobs, no nebula, no galaxies, no fantasy energy, no particle portals, no impossible geometry, no melting objects, no dreamscape, no people, no faces, no hands, no bare skin, no needles penetrating skin, no injection act, no clinic patient scene, no gym, no lifestyle, no wellness claims, no nicknames, no supplements aesthetic. Quality: ultra detailed, extremely detailed, hyper-detailed, razor sharp focus, tack sharp, crystal clear, ultra sharp, 8k resolution, photorealistic, hyperrealistic, ultra realistic, HDR. creation motif 222/500 · LAB-222. Keep product identity and any on-screen research typography sharp and unchanged. For laboratory research use only. Not for human use or consumption.",Active,0,
PBVita-Lab-223,223,LAB-223,packaging,retail shelf strip with one facing carton,facing product,"retail shelf strip with one facing carton on brushed stainless steel lab bench, high-key seamless catalog lighting, vertical rise from base to label",12,"ultra detailed, extremely detailed, hyper-detailed, razor sharp focus, tack sharp, crystal clear, ultra sharp, 8k resolution, photorealistic, hyperrealistic, ultra realistic, HDR",9:16,8,1080p,grok-imagine-image-quality,grok-imagine-video-1.5,2k,"Photoreal vertical 9:16 Palm Beach Vitality laboratory research catalog film, chemical research material only, premium American research aesthetic. PRIMARY SUBJECT (must be clearly recognizable, real laboratory object, sharp and centered): retail shelf strip with one facing carton. Physical detail: facing product. Setting surface: brushed stainless steel lab bench. Lighting: high-key seamless catalog lighting. Camera: vertical rise from base to label. No abstract shapes, no glass orbs, no crystal balls, no surreal spheres, no CGI blobs, no nebula, no galaxies, no fantasy energy, no particle portals, no impossible geometry, no melting objects, no dreamscape, no people, no faces, no hands, no bare skin, no needles penetrating skin, no injection act, no clinic patient scene, no gym, no lifestyle, no wellness claims, no nicknames, no supplements aesthetic. Quality: ultra detailed, extremely detailed, hyper-detailed, razor sharp focus, tack sharp, crystal clear, ultra sharp, 8k resolution, photorealistic, hyperrealistic, ultra realistic, HDR. creation motif 223/500 · LAB-223. Keep product identity and any on-screen research typography sharp and unchanged. For laboratory research use only. Not for human use or consumption.",Active,0,
PBVita-Lab-224,224,LAB-224,packaging,gift-unrelated plain kraft research mailer,plain mailer,"gift-unrelated plain kraft research mailer on dark charcoal epoxy resin countertop, low-key selective highlight on glass edges, fast resolve into locked hero frame",12,"ultra detailed, extremely detailed, hyper-detailed, razor sharp focus, tack sharp, crystal clear, ultra sharp, 8k resolution, photorealistic, hyperrealistic, ultra realistic, HDR",9:16,8,1080p,grok-imagine-image-quality,grok-imagine-video-1.5,2k,"Photoreal vertical 9:16 Palm Beach Vitality laboratory research catalog film, chemical research material only, premium American research aesthetic. PRIMARY SUBJECT (must be clearly recognizable, real laboratory object, sharp and centered): gift-unrelated plain kraft research mailer. Physical detail: plain mailer. Setting surface: dark charcoal epoxy resin countertop. Lighting: low-key selective highlight on glass edges. Camera: fast resolve into locked hero frame. No abstract shapes, no glass orbs, no crystal balls, no surreal spheres, no CGI blobs, no nebula, no galaxies, no fantasy energy, no particle portals, no impossible geometry, no melting objects, no dreamscape, no people, no faces, no hands, no bare skin, no needles penetrating skin, no injection act, no clinic patient scene, no gym, no lifestyle, no wellness claims, no nicknames, no supplements aesthetic. Quality: ultra detailed, extremely detailed, hyper-detailed, razor sharp focus, tack sharp, crystal clear, ultra sharp, 8k resolution, photorealistic, hyperrealistic, ultra realistic, HDR. creation motif 224/500 · LAB-224. Keep product identity and any on-screen research typography sharp and unchanged. For laboratory research use only. Not for human use or consumption.",Active,0,
PBVita-Lab-225,225,LAB-225,packaging,plastic clamshell for research pen,clear clamshell,"plastic clamshell for research pen on cool gray ceramic tile, soft rim light from behind, slow 360 degree orbit at eye level",12,"ultra detailed, extremely detailed, hyper-detailed, razor sharp focus, tack sharp, crystal clear, ultra sharp, 8k resolution, photorealistic, hyperrealistic, ultra realistic, HDR",9:16,8,1080p,grok-imagine-image-quality,grok-imagine-video-1.5,2k,"Photoreal vertical 9:16 Palm Beach Vitality laboratory research catalog film, chemical research material only, premium American research aesthetic. PRIMARY SUBJECT (must be clearly recognizable, real laboratory object, sharp and centered): plastic clamshell for research pen. Physical detail: clear clamshell. Setting surface: cool gray ceramic tile. Lighting: soft rim light from behind. Camera: slow 360 degree orbit at eye level. No abstract shapes, no glass orbs, no crystal balls, no surreal spheres, no CGI blobs, no nebula, no galaxies, no fantasy energy, no particle portals, no impossible geometry, no melting objects, no dreamscape, no people, no faces, no hands, no bare skin, no needles penetrating skin, no injection act, no clinic patient scene, no gym, no lifestyle, no wellness claims, no nicknames, no supplements aesthetic. Quality: ultra detailed, extremely detailed, hyper-detailed, razor sharp focus, tack sharp, crystal clear, ultra sharp, 8k resolution, photorealistic, hyperrealistic, ultra realistic, HDR. creation motif 225/500 · LAB-225. Keep product identity and any on-screen research typography sharp and unchanged. For laboratory research use only. Not for human use or consumption.",Active,0,
PBVita-Lab-226,226,LAB-226,packaging,tubular glassine sleeve for labels,protective sleeve,"tubular glassine sleeve for labels on mirrored chrome instrument tray, cool clinical blue-white LED, extreme macro push-in",12,"ultra detailed, extremely detailed, hyper-detailed, razor sharp focus, tack sharp, crystal clear, ultra sharp, 8k resolution, photorealistic, hyperrealistic, ultra realistic, HDR",9:16,8,1080p,grok-imagine-image-quality,grok-imagine-video-1.5,2k,"Photoreal vertical 9:16 Palm Beach Vitality laboratory research catalog film, chemical research material only, premium American research aesthetic. PRIMARY SUBJECT (must be clearly recognizable, real laboratory object, sharp and centered): tubular glassine sleeve for labels. Physical detail: protective sleeve. Setting surface: mirrored chrome instrument tray. Lighting: cool clinical blue-white LED. Camera: extreme macro push-in. No abstract shapes, no glass orbs, no crystal balls, no surreal spheres, no CGI blobs, no nebula, no galaxies, no fantasy energy, no particle portals, no impossible geometry, no melting objects, no dreamscape, no people, no faces, no hands, no bare skin, no needles penetrating skin, no injection act, no clinic patient scene, no gym, no lifestyle, no wellness claims, no nicknames, no supplements aesthetic. Quality: ultra detailed, extremely detailed, hyper-detailed, razor sharp focus, tack sharp, crystal clear, ultra sharp, 8k resolution, photorealistic, hyperrealistic, ultra realistic, HDR. creation motif 226/500 · LAB-226. Keep product identity and any on-screen research typography sharp and unchanged. For laboratory research use only. Not for human use or consumption.",Active,0,
PBVita-Lab-227,227,LAB-227,packaging,cap assortment in compartment box,caps sorted,"cap assortment in compartment box on white melamine cleanroom table, single hard key light with controlled fill, gentle top-down descending move",12,"ultra detailed, extremely detailed, hyper-detailed, razor sharp focus, tack sharp, crystal clear, ultra sharp, 8k resolution, photorealistic, hyperrealistic, ultra realistic, HDR",9:16,8,1080p,grok-imagine-image-quality,grok-imagine-video-1.5,2k,"Photoreal vertical 9:16 Palm Beach Vitality laboratory research catalog film, chemical research material only, premium American research aesthetic. PRIMARY SUBJECT (must be clearly recognizable, real laboratory object, sharp and centered): cap assortment in compartment box. Physical detail: caps sorted. Setting surface: white melamine cleanroom table. Lighting: single hard key light with controlled fill. Camera: gentle top-down descending move. No abstract shapes, no glass orbs, no crystal balls, no surreal spheres, no CGI blobs, no nebula, no galaxies, no fantasy energy, no particle portals, no impossible geometry, no melting objects, no dreamscape, no people, no faces, no hands, no bare skin, no needles penetrating skin, no injection act, no clinic patient scene, no gym, no lifestyle, no wellness claims, no nicknames, no supplements aesthetic. Quality: ultra detailed, extremely detailed, hyper-detailed, razor sharp focus, tack sharp, crystal clear, ultra sharp, 8k resolution, photorealistic, hyperrealistic, ultra realistic, HDR. creation motif 227/500 · LAB-227. Keep product identity and any on-screen research typography sharp and unchanged. For laboratory research use only. Not for human use or consumption.",Active,0,
PBVita-Lab-228,228,LAB-228,packaging,induction seal wad samples,seal liners,"induction seal wad samples on textured slate sample board, soft overhead softbox, even catalog lighting, locked tripod hero frame with subtle push",12,"ultra detailed, extremely detailed, hyper-detailed, razor sharp focus, tack sharp, crystal clear, ultra sharp, 8k resolution, photorealistic, hyperrealistic, ultra realistic, HDR",9:16,8,1080p,grok-imagine-image-quality,grok-imagine-video-1.5,2k,"Photoreal vertical 9:16 Palm Beach Vitality laboratory research catalog film, chemical research material only, premium American research aesthetic. PRIMARY SUBJECT (must be clearly recognizable, real laboratory object, sharp and centered): induction seal wad samples. Physical detail: seal liners. Setting surface: textured slate sample board. Lighting: soft overhead softbox, even catalog lighting. Camera: locked tripod hero frame with subtle push. No abstract shapes, no glass orbs, no crystal balls, no surreal spheres, no CGI blobs, no nebula, no galaxies, no fantasy energy, no particle portals, no impossible geometry, no melting objects, no dreamscape, no people, no faces, no hands, no bare skin, no needles penetrating skin, no injection act, no clinic patient scene, no gym, no lifestyle, no wellness claims, no nicknames, no supplements aesthetic. Quality: ultra detailed, extremely detailed, hyper-detailed, razor sharp focus, tack sharp, crystal clear, ultra sharp, 8k resolution, photorealistic, hyperrealistic, ultra realistic, HDR. creation motif 228/500 · LAB-228. Keep product identity and any on-screen research typography sharp and unchanged. For laboratory research use only. Not for human use or consumption.",Active,0,
PBVita-Lab-229,229,LAB-229,packaging,carton die-cut flat unfolded,packaging flat,"carton die-cut flat unfolded on soft gray seamless paper backdrop, warm neutral side light, still clinical, low angle tracking slide",12,"ultra detailed, extremely detailed, hyper-detailed, razor sharp focus, tack sharp, crystal clear, ultra sharp, 8k resolution, photorealistic, hyperrealistic, ultra realistic, HDR",9:16,8,1080p,grok-imagine-image-quality,grok-imagine-video-1.5,2k,"Photoreal vertical 9:16 Palm Beach Vitality laboratory research catalog film, chemical research material only, premium American research aesthetic. PRIMARY SUBJECT (must be clearly recognizable, real laboratory object, sharp and centered): carton die-cut flat unfolded. Physical detail: packaging flat. Setting surface: soft gray seamless paper backdrop. Lighting: warm neutral side light, still clinical. Camera: low angle tracking slide. No abstract shapes, no glass orbs, no crystal balls, no surreal spheres, no CGI blobs, no nebula, no galaxies, no fantasy energy, no particle portals, no impossible geometry, no melting objects, no dreamscape, no people, no faces, no hands, no bare skin, no needles penetrating skin, no injection act, no clinic patient scene, no gym, no lifestyle, no wellness claims, no nicknames, no supplements aesthetic. Quality: ultra detailed, extremely detailed, hyper-detailed, razor sharp focus, tack sharp, crystal clear, ultra sharp, 8k resolution, photorealistic, hyperrealistic, ultra realistic, HDR. creation motif 229/500 · LAB-229. Keep product identity and any on-screen research typography sharp and unchanged. For laboratory research use only. Not for human use or consumption.",Active,0,
PBVita-Lab-230,230,LAB-230,packaging,brand stamp block and ink pad unused,print shop still for labels,"brand stamp block and ink pad unused on anodized aluminum tray, split soft key and gentle bounce, circular arc that never fully completes",12,"ultra detailed, extremely detailed, hyper-detailed, razor sharp focus, tack sharp, crystal clear, ultra sharp, 8k resolution, photorealistic, hyperrealistic, ultra realistic, HDR",9:16,8,1080p,grok-imagine-image-quality,grok-imagine-video-1.5,2k,"Photoreal vertical 9:16 Palm Beach Vitality laboratory research catalog film, chemical research material only, premium American research aesthetic. PRIMARY SUBJECT (must be clearly recognizable, real laboratory object, sharp and centered): brand stamp block and ink pad unused. Physical detail: print shop still for labels. Setting surface: anodized aluminum tray. Lighting: split soft key and gentle bounce. Camera: circular arc that never fully completes. No abstract shapes, no glass orbs, no crystal balls, no surreal spheres, no CGI blobs, no nebula, no galaxies, no fantasy energy, no particle portals, no impossible geometry, no melting objects, no dreamscape, no people, no faces, no hands, no bare skin, no needles penetrating skin, no injection act, no clinic patient scene, no gym, no lifestyle, no wellness claims, no nicknames, no supplements aesthetic. Quality: ultra detailed, extremely detailed, hyper-detailed, razor sharp focus, tack sharp, crystal clear, ultra sharp, 8k resolution, photorealistic, hyperrealistic, ultra realistic, HDR. creation motif 230/500 · LAB-230. Keep product identity and any on-screen research typography sharp and unchanged. For laboratory research use only. Not for human use or consumption.",Active,0,
PBVita-Lab-231,231,LAB-231,ppe_sterile,box of nitrile gloves blue closed,"glove box, no hands","box of nitrile gloves blue closed on polished black reflective acrylic, high-key seamless catalog lighting, vertical rise from base to label",12,"ultra detailed, extremely detailed, hyper-detailed, razor sharp focus, tack sharp, crystal clear, ultra sharp, 8k resolution, photorealistic, hyperrealistic, ultra realistic, HDR",9:16,8,1080p,grok-imagine-image-quality,grok-imagine-video-1.5,2k,"Photoreal vertical 9:16 Palm Beach Vitality laboratory research catalog film, chemical research material only, premium American research aesthetic. PRIMARY SUBJECT (must be clearly recognizable, real laboratory object, sharp and centered): box of nitrile gloves blue closed. Physical detail: glove box, no hands. Setting surface: polished black reflective acrylic. Lighting: high-key seamless catalog lighting. Camera: vertical rise from base to label. No abstract shapes, no glass orbs, no crystal balls, no surreal spheres, no CGI blobs, no nebula, no galaxies, no fantasy energy, no particle portals, no impossible geometry, no melting objects, no dreamscape, no people, no faces, no hands, no bare skin, no needles penetrating skin, no injection act, no clinic patient scene, no gym, no lifestyle, no wellness claims, no nicknames, no supplements aesthetic. Quality: ultra detailed, extremely detailed, hyper-detailed, razor sharp focus, tack sharp, crystal clear, ultra sharp, 8k resolution, photorealistic, hyperrealistic, ultra realistic, HDR. creation motif 231/500 · LAB-231. Keep product identity and any on-screen research typography sharp and unchanged. For laboratory research use only. Not for human use or consumption.",Active,0,
PBVita-Lab-232,232,LAB-232,ppe_sterile,pair of nitrile gloves laid flat unused,gloves as objects,"pair of nitrile gloves laid flat unused on matte pure white infinity surface, low-key selective highlight on glass edges, fast resolve into locked hero frame",12,"ultra detailed, extremely detailed, hyper-detailed, razor sharp focus, tack sharp, crystal clear, ultra sharp, 8k resolution, photorealistic, hyperrealistic, ultra realistic, HDR",9:16,8,1080p,grok-imagine-image-quality,grok-imagine-video-1.5,2k,"Photoreal vertical 9:16 Palm Beach Vitality laboratory research catalog film, chemical research material only, premium American research aesthetic. PRIMARY SUBJECT (must be clearly recognizable, real laboratory object, sharp and centered): pair of nitrile gloves laid flat unused. Physical detail: gloves as objects. Setting surface: matte pure white infinity surface. Lighting: low-key selective highlight on glass edges. Camera: fast resolve into locked hero frame. No abstract shapes, no glass orbs, no crystal balls, no surreal spheres, no CGI blobs, no nebula, no galaxies, no fantasy energy, no particle portals, no impossible geometry, no melting objects, no dreamscape, no people, no faces, no hands, no bare skin, no needles penetrating skin, no injection act, no clinic patient scene, no gym, no lifestyle, no wellness claims, no nicknames, no supplements aesthetic. Quality: ultra detailed, extremely detailed, hyper-detailed, razor sharp focus, tack sharp, crystal clear, ultra sharp, 8k resolution, photorealistic, hyperrealistic, ultra realistic, HDR. creation motif 232/500 · LAB-232. Keep product identity and any on-screen research typography sharp and unchanged. For laboratory research use only. Not for human use or consumption.",Active,0,
PBVita-Lab-233,233,LAB-233,ppe_sterile,sterile sleeve covers packaged,PPE pack,"sterile sleeve covers packaged on brushed stainless steel lab bench, soft rim light from behind, slow 360 degree orbit at eye level",12,"ultra detailed, extremely detailed, hyper-detailed, razor sharp focus, tack sharp, crystal clear, ultra sharp, 8k resolution, photorealistic, hyperrealistic, ultra realistic, HDR",9:16,8,1080p,grok-imagine-image-quality,grok-imagine-video-1.5,2k,"Photoreal vertical 9:16 Palm Beach Vitality laboratory research catalog film, chemical research material only, premium American research aesthetic. PRIMARY SUBJECT (must be clearly recognizable, real laboratory object, sharp and centered): sterile sleeve covers packaged. Physical detail: PPE pack. Setting surface: brushed stainless steel lab bench. Lighting: soft rim light from behind. Camera: slow 360 degree orbit at eye level. No abstract shapes, no glass orbs, no crystal balls, no surreal spheres, no CGI blobs, no nebula, no galaxies, no fantasy energy, no particle portals, no impossible geometry, no melting objects, no dreamscape, no people, no faces, no hands, no bare skin, no needles penetrating skin, no injection act, no clinic patient scene, no gym, no lifestyle, no wellness claims, no nicknames, no supplements aesthetic. Quality: ultra detailed, extremely detailed, hyper-detailed, razor sharp focus, tack sharp, crystal clear, ultra sharp, 8k resolution, photorealistic, hyperrealistic, ultra realistic, HDR. creation motif 233/500 · LAB-233. Keep product identity and any on-screen research typography sharp and unchanged. For laboratory research use only. Not for human use or consumption.",Active,0,
PBVita-Lab-234,234,LAB-234,ppe_sterile,bouffant cap package,hair cover pack,"bouffant cap package on dark charcoal epoxy resin countertop, cool clinical blue-white LED, extreme macro push-in",12,"ultra detailed, extremely detailed, hyper-detailed, razor sharp focus, tack sharp, crystal clear, ultra sharp, 8k resolution, photorealistic, hyperrealistic, ultra realistic, HDR",9:16,8,1080p,grok-imagine-image-quality,grok-imagine-video-1.5,2k,"Photoreal vertical 9:16 Palm Beach Vitality laboratory research catalog film, chemical research material only, premium American research aesthetic. PRIMARY SUBJECT (must be clearly recognizable, real laboratory object, sharp and centered): bouffant cap package. Physical detail: hair cover pack. Setting surface: dark charcoal epoxy resin countertop. Lighting: cool clinical blue-white LED. Camera: extreme macro push-in. No abstract shapes, no glass orbs, no crystal balls, no surreal spheres, no CGI blobs, no nebula, no galaxies, no fantasy energy, no particle portals, no impossible geometry, no melting objects, no dreamscape, no people, no faces, no hands, no bare skin, no needles penetrating skin, no injection act, no clinic patient scene, no gym, no lifestyle, no wellness claims, no nicknames, no supplements aesthetic. Quality: ultra detailed, extremely detailed, hyper-detailed, razor sharp focus, tack sharp, crystal clear, ultra sharp, 8k resolution, photorealistic, hyperrealistic, ultra realistic, HDR. creation motif 234/500 · LAB-234. Keep product identity and any on-screen research typography sharp and unchanged. For laboratory research use only. Not for human use or consumption.",Active,0,
PBVita-Lab-235,235,LAB-235,ppe_sterile,safety glasses on lab tray,clear safety glasses,"safety glasses on lab tray on cool gray ceramic tile, single hard key light with controlled fill, gentle top-down descending move",12,"ultra detailed, extremely detailed, hyper-detailed, razor sharp focus, tack sharp, crystal clear, ultra sharp, 8k resolution, photorealistic, hyperrealistic, ultra realistic, HDR",9:16,8,1080p,grok-imagine-image-quality,grok-imagine-video-1.5,2k,"Photoreal vertical 9:16 Palm Beach Vitality laboratory research catalog film, chemical research material only, premium American research aesthetic. PRIMARY SUBJECT (must be clearly recognizable, real laboratory object, sharp and centered): safety glasses on lab tray. Physical detail: clear safety glasses. Setting surface: cool gray ceramic tile. Lighting: single hard key light with controlled fill. Camera: gentle top-down descending move. No abstract shapes, no glass orbs, no crystal balls, no surreal spheres, no CGI blobs, no nebula, no galaxies, no fantasy energy, no particle portals, no impossible geometry, no melting objects, no dreamscape, no people, no faces, no hands, no bare skin, no needles penetrating skin, no injection act, no clinic patient scene, no gym, no lifestyle, no wellness claims, no nicknames, no supplements aesthetic. Quality: ultra detailed, extremely detailed, hyper-detailed, razor sharp focus, tack sharp, crystal clear, ultra sharp, 8k resolution, photorealistic, hyperrealistic, ultra realistic, HDR. creation motif 235/500 · LAB-235. Keep product identity and any on-screen research typography sharp and unchanged. For laboratory research use only. Not for human use or consumption.",Active,0,
PBVita-Lab-236,236,LAB-236,ppe_sterile,face shield on stand,shield alone,"face shield on stand on mirrored chrome instrument tray, soft overhead softbox, even catalog lighting, locked tripod hero frame with subtle push",12,"ultra detailed, extremely detailed, hyper-detailed, razor sharp focus, tack sharp, crystal clear, ultra sharp, 8k resolution, photorealistic, hyperrealistic, ultra realistic, HDR",9:16,8,1080p,grok-imagine-image-quality,grok-imagine-video-1.5,2k,"Photoreal vertical 9:16 Palm Beach Vitality laboratory research catalog film, chemical research material only, premium American research aesthetic. PRIMARY SUBJECT (must be clearly recognizable, real laboratory object, sharp and centered): face shield on stand. Physical detail: shield alone. Setting surface: mirrored chrome instrument tray. Lighting: soft overhead softbox, even catalog lighting. Camera: locked tripod hero frame with subtle push. No abstract shapes, no glass orbs, no crystal balls, no surreal spheres, no CGI blobs, no nebula, no galaxies, no fantasy energy, no particle portals, no impossible geometry, no melting objects, no dreamscape, no people, no faces, no hands, no bare skin, no needles penetrating skin, no injection act, no clinic patient scene, no gym, no lifestyle, no wellness claims, no nicknames, no supplements aesthetic. Quality: ultra detailed, extremely detailed, hyper-detailed, razor sharp focus, tack sharp, crystal clear, ultra sharp, 8k resolution, photorealistic, hyperrealistic, ultra realistic, HDR. creation motif 236/500 · LAB-236. Keep product identity and any on-screen research typography sharp and unchanged. For laboratory research use only. Not for human use or consumption.",Active,0,
PBVita-Lab-237,237,LAB-237,ppe_sterile,lab coat on hanger cropped torso-less,"white coat garment only, no body","lab coat on hanger cropped torso-less on white melamine cleanroom table, warm neutral side light, still clinical, low angle tracking slide",12,"ultra detailed, extremely detailed, hyper-detailed, razor sharp focus, tack sharp, crystal clear, ultra sharp, 8k resolution, photorealistic, hyperrealistic, ultra realistic, HDR",9:16,8,1080p,grok-imagine-image-quality,grok-imagine-video-1.5,2k,"Photoreal vertical 9:16 Palm Beach Vitality laboratory research catalog film, chemical research material only, premium American research aesthetic. PRIMARY SUBJECT (must be clearly recognizable, real laboratory object, sharp and centered): lab coat on hanger cropped torso-less. Physical detail: white coat garment only, no body. Setting surface: white melamine cleanroom table. Lighting: warm neutral side light, still clinical. Camera: low angle tracking slide. No abstract shapes, no glass orbs, no crystal balls, no surreal spheres, no CGI blobs, no nebula, no galaxies, no fantasy energy, no particle portals, no impossible geometry, no melting objects, no dreamscape, no people, no faces, no hands, no bare skin, no needles penetrating skin, no injection act, no clinic patient scene, no gym, no lifestyle, no wellness claims, no nicknames, no supplements aesthetic. Quality: ultra detailed, extremely detailed, hyper-detailed, razor sharp focus, tack sharp, crystal clear, ultra sharp, 8k resolution, photorealistic, hyperrealistic, ultra realistic, HDR. creation motif 237/500 · LAB-237. Keep product identity and any on-screen research typography sharp and unchanged. For laboratory research use only. Not for human use or consumption.",Active,0,
PBVita-Lab-238,238,LAB-238,ppe_sterile,shoe covers packaged,disposable covers,"shoe covers packaged on textured slate sample board, split soft key and gentle bounce, circular arc that never fully completes",12,"ultra detailed, extremely detailed, hyper-detailed, razor sharp focus, tack sharp, crystal clear, ultra sharp, 8k resolution, photorealistic, hyperrealistic, ultra realistic, HDR",9:16,8,1080p,grok-imagine-image-quality,grok-imagine-video-1.5,2k,"Photoreal vertical 9:16 Palm Beach Vitality laboratory research catalog film, chemical research material only, premium American research aesthetic. PRIMARY SUBJECT (must be clearly recognizable, real laboratory object, sharp and centered): shoe covers packaged. Physical detail: disposable covers. Setting surface: textured slate sample board. Lighting: split soft key and gentle bounce. Camera: circular arc that never fully completes. No abstract shapes, no glass orbs, no crystal balls, no surreal spheres, no CGI blobs, no nebula, no galaxies, no fantasy energy, no particle portals, no impossible geometry, no melting objects, no dreamscape, no people, no faces, no hands, no bare skin, no needles penetrating skin, no injection act, no clinic patient scene, no gym, no lifestyle, no wellness claims, no nicknames, no supplements aesthetic. Quality: ultra detailed, extremely detailed, hyper-detailed, razor sharp focus, tack sharp, crystal clear, ultra sharp, 8k resolution, photorealistic, hyperrealistic, ultra realistic, HDR. creation motif 238/500 · LAB-238. Keep product identity and any on-screen research typography sharp and unchanged. For laboratory research use only. Not for human use or consumption.",Active,0,
PBVita-Lab-239,239,LAB-239,ppe_sterile,sterile alcohol prep pads box,pads box,"sterile alcohol prep pads box on soft gray seamless paper backdrop, high-key seamless catalog lighting, vertical rise from base to label",12,"ultra detailed, extremely detailed, hyper-detailed, razor sharp focus, tack sharp, crystal clear, ultra sharp, 8k resolution, photorealistic, hyperrealistic, ultra realistic, HDR",9:16,8,1080p,grok-imagine-image-quality,grok-imagine-video-1.5,2k,"Photoreal vertical 9:16 Palm Beach Vitality laboratory research catalog film, chemical research material only, premium American research aesthetic. PRIMARY SUBJECT (must be clearly recognizable, real laboratory object, sharp and centered): sterile alcohol prep pads box. Physical detail: pads box. Setting surface: soft gray seamless paper backdrop. Lighting: high-key seamless catalog lighting. Camera: vertical rise from base to label. No abstract shapes, no glass orbs, no crystal balls, no surreal spheres, no CGI blobs, no nebula, no galaxies, no fantasy energy, no particle portals, no impossible geometry, no melting objects, no dreamscape, no people, no faces, no hands, no bare skin, no needles penetrating skin, no injection act, no clinic patient scene, no gym, no lifestyle, no wellness claims, no nicknames, no supplements aesthetic. Quality: ultra detailed, extremely detailed, hyper-detailed, razor sharp focus, tack sharp, crystal clear, ultra sharp, 8k resolution, photorealistic, hyperrealistic, ultra realistic, HDR. creation motif 239/500 · LAB-239. Keep product identity and any on-screen research typography sharp and unchanged. For laboratory research use only. Not for human use or consumption.",Active,0,
PBVita-Lab-240,240,LAB-240,ppe_sterile,sterile gauze stack in tray,gauze,"sterile gauze stack in tray on anodized aluminum tray, low-key selective highlight on glass edges, fast resolve into locked hero frame",12,"ultra detailed, extremely detailed, hyper-detailed, razor sharp focus, tack sharp, crystal clear, ultra sharp, 8k resolution, photorealistic, hyperrealistic, ultra realistic, HDR",9:16,8,1080p,grok-imagine-image-quality,grok-imagine-video-1.5,2k,"Photoreal vertical 9:16 Palm Beach Vitality laboratory research catalog film, chemical research material only, premium American research aesthetic. PRIMARY SUBJECT (must be clearly recognizable, real laboratory object, sharp and centered): sterile gauze stack in tray. Physical detail: gauze. Setting surface: anodized aluminum tray. Lighting: low-key selective highlight on glass edges. Camera: fast resolve into locked hero frame. No abstract shapes, no glass orbs, no crystal balls, no surreal spheres, no CGI blobs, no nebula, no galaxies, no fantasy energy, no particle portals, no impossible geometry, no melting objects, no dreamscape, no people, no faces, no hands, no bare skin, no needles penetrating skin, no injection act, no clinic patient scene, no gym, no lifestyle, no wellness claims, no nicknames, no supplements aesthetic. Quality: ultra detailed, extremely detailed, hyper-detailed, razor sharp focus, tack sharp, crystal clear, ultra sharp, 8k resolution, photorealistic, hyperrealistic, ultra realistic, HDR. creation motif 240/500 · LAB-240. Keep product identity and any on-screen research typography sharp and unchanged. For laboratory research use only. Not for human use or consumption.",Active,0,
PBVita-Lab-241,241,LAB-241,ppe_sterile,autoclaved instrument pouch sealed,sterile pouch,"autoclaved instrument pouch sealed on polished black reflective acrylic, soft rim light from behind, slow 360 degree orbit at eye level",12,"ultra detailed, extremely detailed, hyper-detailed, razor sharp focus, tack sharp, crystal clear, ultra sharp, 8k resolution, photorealistic, hyperrealistic, ultra realistic, HDR",9:16,8,1080p,grok-imagine-image-quality,grok-imagine-video-1.5,2k,"Photoreal vertical 9:16 Palm Beach Vitality laboratory research catalog film, chemical research material only, premium American research aesthetic. PRIMARY SUBJECT (must be clearly recognizable, real laboratory object, sharp and centered): autoclaved instrument pouch sealed. Physical detail: sterile pouch. Setting surface: polished black reflective acrylic. Lighting: soft rim light from behind. Camera: slow 360 degree orbit at eye level. No abstract shapes, no glass orbs, no crystal balls, no surreal spheres, no CGI blobs, no nebula, no galaxies, no fantasy energy, no particle portals, no impossible geometry, no melting objects, no dreamscape, no people, no faces, no hands, no bare skin, no needles penetrating skin, no injection act, no clinic patient scene, no gym, no lifestyle, no wellness claims, no nicknames, no supplements aesthetic. Quality: ultra detailed, extremely detailed, hyper-detailed, razor sharp focus, tack sharp, crystal clear, ultra sharp, 8k resolution, photorealistic, hyperrealistic, ultra realistic, HDR. creation motif 241/500 · LAB-241. Keep product identity and any on-screen research typography sharp and unchanged. For laboratory research use only. Not for human use or consumption.",Active,0,
PBVita-Lab-242,242,LAB-242,ppe_sterile,indicator tape on sterilized tray wrap,wrapped tray,"indicator tape on sterilized tray wrap on matte pure white infinity surface, cool clinical blue-white LED, extreme macro push-in",12,"ultra detailed, extremely detailed, hyper-detailed, razor sharp focus, tack sharp, crystal clear, ultra sharp, 8k resolution, photorealistic, hyperrealistic, ultra realistic, HDR",9:16,8,1080p,grok-imagine-image-quality,grok-imagine-video-1.5,2k,"Photoreal vertical 9:16 Palm Beach Vitality laboratory research catalog film, chemical research material only, premium American research aesthetic. PRIMARY SUBJECT (must be clearly recognizable, real laboratory object, sharp and centered): indicator tape on sterilized tray wrap. Physical detail: wrapped tray. Setting surface: matte pure white infinity surface. Lighting: cool clinical blue-white LED. Camera: extreme macro push-in. No abstract shapes, no glass orbs, no crystal balls, no surreal spheres, no CGI blobs, no nebula, no galaxies, no fantasy energy, no particle portals, no impossible geometry, no melting objects, no dreamscape, no people, no faces, no hands, no bare skin, no needles penetrating skin, no injection act, no clinic patient scene, no gym, no lifestyle, no wellness claims, no nicknames, no supplements aesthetic. Quality: ultra detailed, extremely detailed, hyper-detailed, razor sharp focus, tack sharp, crystal clear, ultra sharp, 8k resolution, photorealistic, hyperrealistic, ultra realistic, HDR. creation motif 242/500 · LAB-242. Keep product identity and any on-screen research typography sharp and unchanged. For laboratory research use only. Not for human use or consumption.",Active,0,
PBVita-Lab-243,243,LAB-243,ppe_sterile,hand sanitizer pump bottle lab brand-agnostic,pump bottle on bench,"hand sanitizer pump bottle lab brand-agnostic on brushed stainless steel lab bench, single hard key light with controlled fill, gentle top-down descending move",12,"ultra detailed, extremely detailed, hyper-detailed, razor sharp focus, tack sharp, crystal clear, ultra sharp, 8k resolution, photorealistic, hyperrealistic, ultra realistic, HDR",9:16,8,1080p,grok-imagine-image-quality,grok-imagine-video-1.5,2k,"Photoreal vertical 9:16 Palm Beach Vitality laboratory research catalog film, chemical research material only, premium American research aesthetic. PRIMARY SUBJECT (must be clearly recognizable, real laboratory object, sharp and centered): hand sanitizer pump bottle lab brand-agnostic. Physical detail: pump bottle on bench. Setting surface: brushed stainless steel lab bench. Lighting: single hard key light with controlled fill. Camera: gentle top-down descending move. No abstract shapes, no glass orbs, no crystal balls, no surreal spheres, no CGI blobs, no nebula, no galaxies, no fantasy energy, no particle portals, no impossible geometry, no melting objects, no dreamscape, no people, no faces, no hands, no bare skin, no needles penetrating skin, no injection act, no clinic patient scene, no gym, no lifestyle, no wellness claims, no nicknames, no supplements aesthetic. Quality: ultra detailed, extremely detailed, hyper-detailed, razor sharp focus, tack sharp, crystal clear, ultra sharp, 8k resolution, photorealistic, hyperrealistic, ultra realistic, HDR. creation motif 243/500 · LAB-243. Keep product identity and any on-screen research typography sharp and unchanged. For laboratory research use only. Not for human use or consumption.",Active,0,
PBVita-Lab-244,244,LAB-244,ppe_sterile,eye wash bottle sealed,emergency eyewash bottle object,"eye wash bottle sealed on dark charcoal epoxy resin countertop, soft overhead softbox, even catalog lighting, locked tripod hero frame with subtle push",12,"ultra detailed, extremely detailed, hyper-detailed, razor sharp focus, tack sharp, crystal clear, ultra sharp, 8k resolution, photorealistic, hyperrealistic, ultra realistic, HDR",9:16,8,1080p,grok-imagine-image-quality,grok-imagine-video-1.5,2k,"Photoreal vertical 9:16 Palm Beach Vitality laboratory research catalog film, chemical research material only, premium American research aesthetic. PRIMARY SUBJECT (must be clearly recognizable, real laboratory object, sharp and centered): eye wash bottle sealed. Physical detail: emergency eyewash bottle object. Setting surface: dark charcoal epoxy resin countertop. Lighting: soft overhead softbox, even catalog lighting. Camera: locked tripod hero frame with subtle push. No abstract shapes, no glass orbs, no crystal balls, no surreal spheres, no CGI blobs, no nebula, no galaxies, no fantasy energy, no particle portals, no impossible geometry, no melting objects, no dreamscape, no people, no faces, no hands, no bare skin, no needles penetrating skin, no injection act, no clinic patient scene, no gym, no lifestyle, no wellness claims, no nicknames, no supplements aesthetic. Quality: ultra detailed, extremely detailed, hyper-detailed, razor sharp focus, tack sharp, crystal clear, ultra sharp, 8k resolution, photorealistic, hyperrealistic, ultra realistic, HDR. creation motif 244/500 · LAB-244. Keep product identity and any on-screen research typography sharp and unchanged. For laboratory research use only. Not for human use or consumption.",Active,0,
PBVita-Lab-245,245,LAB-245,ppe_sterile,biohazard sharps container closed unused,"closed container, not in use scene","biohazard sharps container closed unused on cool gray ceramic tile, warm neutral side light, still clinical, low angle tracking slide",12,"ultra detailed, extremely detailed, hyper-detailed, razor sharp focus, tack sharp, crystal clear, ultra sharp, 8k resolution, photorealistic, hyperrealistic, ultra realistic, HDR",9:16,8,1080p,grok-imagine-image-quality,grok-imagine-video-1.5,2k,"Photoreal vertical 9:16 Palm Beach Vitality laboratory research catalog film, chemical research material only, premium American research aesthetic. PRIMARY SUBJECT (must be clearly recognizable, real laboratory object, sharp and centered): biohazard sharps container closed unused. Physical detail: closed container, not in use scene. Setting surface: cool gray ceramic tile. Lighting: warm neutral side light, still clinical. Camera: low angle tracking slide. No abstract shapes, no glass orbs, no crystal balls, no surreal spheres, no CGI blobs, no nebula, no galaxies, no fantasy energy, no particle portals, no impossible geometry, no melting objects, no dreamscape, no people, no faces, no hands, no bare skin, no needles penetrating skin, no injection act, no clinic patient scene, no gym, no lifestyle, no wellness claims, no nicknames, no supplements aesthetic. Quality: ultra detailed, extremely detailed, hyper-detailed, razor sharp focus, tack sharp, crystal clear, ultra sharp, 8k resolution, photorealistic, hyperrealistic, ultra realistic, HDR. creation motif 245/500 · LAB-245. Keep product identity and any on-screen research typography sharp and unchanged. For laboratory research use only. Not for human use or consumption.",Active,0,
PBVita-Lab-246,246,LAB-246,ppe_sterile,specimen transport bag with pouch,bio bag empty,"specimen transport bag with pouch on mirrored chrome instrument tray, split soft key and gentle bounce, circular arc that never fully completes",12,"ultra detailed, extremely detailed, hyper-detailed, razor sharp focus, tack sharp, crystal clear, ultra sharp, 8k resolution, photorealistic, hyperrealistic, ultra realistic, HDR",9:16,8,1080p,grok-imagine-image-quality,grok-imagine-video-1.5,2k,"Photoreal vertical 9:16 Palm Beach Vitality laboratory research catalog film, chemical research material only, premium American research aesthetic. PRIMARY SUBJECT (must be clearly recognizable, real laboratory object, sharp and centered): specimen transport bag with pouch. Physical detail: bio bag empty. Setting surface: mirrored chrome instrument tray. Lighting: split soft key and gentle bounce. Camera: circular arc that never fully completes. No abstract shapes, no glass orbs, no crystal balls, no surreal spheres, no CGI blobs, no nebula, no galaxies, no fantasy energy, no particle portals, no impossible geometry, no melting objects, no dreamscape, no people, no faces, no hands, no bare skin, no needles penetrating skin, no injection act, no clinic patient scene, no gym, no lifestyle, no wellness claims, no nicknames, no supplements aesthetic. Quality: ultra detailed, extremely detailed, hyper-detailed, razor sharp focus, tack sharp, crystal clear, ultra sharp, 8k resolution, photorealistic, hyperrealistic, ultra realistic, HDR. creation motif 246/500 · LAB-246. Keep product identity and any on-screen research typography sharp and unchanged. For laboratory research use only. Not for human use or consumption.",Active,0,
PBVita-Lab-247,247,LAB-247,ppe_sterile,cleanroom sticky mat sheet roll,tacky mat,"cleanroom sticky mat sheet roll on white melamine cleanroom table, high-key seamless catalog lighting, vertical rise from base to label",12,"ultra detailed, extremely detailed, hyper-detailed, razor sharp focus, tack sharp, crystal clear, ultra sharp, 8k resolution, photorealistic, hyperrealistic, ultra realistic, HDR",9:16,8,1080p,grok-imagine-image-quality,grok-imagine-video-1.5,2k,"Photoreal vertical 9:16 Palm Beach Vitality laboratory research catalog film, chemical research material only, premium American research aesthetic. PRIMARY SUBJECT (must be clearly recognizable, real laboratory object, sharp and centered): cleanroom sticky mat sheet roll. Physical detail: tacky mat. Setting surface: white melamine cleanroom table. Lighting: high-key seamless catalog lighting. Camera: vertical rise from base to label. No abstract shapes, no glass orbs, no crystal balls, no surreal spheres, no CGI blobs, no nebula, no galaxies, no fantasy energy, no particle portals, no impossible geometry, no melting objects, no dreamscape, no people, no faces, no hands, no bare skin, no needles penetrating skin, no injection act, no clinic patient scene, no gym, no lifestyle, no wellness claims, no nicknames, no supplements aesthetic. Quality: ultra detailed, extremely detailed, hyper-detailed, razor sharp focus, tack sharp, crystal clear, ultra sharp, 8k resolution, photorealistic, hyperrealistic, ultra realistic, HDR. creation motif 247/500 · LAB-247. Keep product identity and any on-screen research typography sharp and unchanged. For laboratory research use only. Not for human use or consumption.",Active,0,
PBVita-Lab-248,248,LAB-248,ppe_sterile,IPA spray bottle 70 percent labeled research,solvent bottle,"IPA spray bottle 70 percent labeled research on textured slate sample board, low-key selective highlight on glass edges, fast resolve into locked hero frame",12,"ultra detailed, extremely detailed, hyper-detailed, razor sharp focus, tack sharp, crystal clear, ultra sharp, 8k resolution, photorealistic, hyperrealistic, ultra realistic, HDR",9:16,8,1080p,grok-imagine-image-quality,grok-imagine-video-1.5,2k,"Photoreal vertical 9:16 Palm Beach Vitality laboratory research catalog film, chemical research material only, premium American research aesthetic. PRIMARY SUBJECT (must be clearly recognizable, real laboratory object, sharp and centered): IPA spray bottle 70 percent labeled research. Physical detail: solvent bottle. Setting surface: textured slate sample board. Lighting: low-key selective highlight on glass edges. Camera: fast resolve into locked hero frame. No abstract shapes, no glass orbs, no crystal balls, no surreal spheres, no CGI blobs, no nebula, no galaxies, no fantasy energy, no particle portals, no impossible geometry, no melting objects, no dreamscape, no people, no faces, no hands, no bare skin, no needles penetrating skin, no injection act, no clinic patient scene, no gym, no lifestyle, no wellness claims, no nicknames, no supplements aesthetic. Quality: ultra detailed, extremely detailed, hyper-detailed, razor sharp focus, tack sharp, crystal clear, ultra sharp, 8k resolution, photorealistic, hyperrealistic, ultra realistic, HDR. creation motif 248/500 · LAB-248. Keep product identity and any on-screen research typography sharp and unchanged. For laboratory research use only. Not for human use or consumption.",Active,0,
PBVita-Lab-249,249,LAB-249,ppe_sterile,lint-free wipes canister,wipes,"lint-free wipes canister on soft gray seamless paper backdrop, soft rim light from behind, slow 360 degree orbit at eye level",12,"ultra detailed, extremely detailed, hyper-detailed, razor sharp focus, tack sharp, crystal clear, ultra sharp, 8k resolution, photorealistic, hyperrealistic, ultra realistic, HDR",9:16,8,1080p,grok-imagine-image-quality,grok-imagine-video-1.5,2k,"Photoreal vertical 9:16 Palm Beach Vitality laboratory research catalog film, chemical research material only, premium American research aesthetic. PRIMARY SUBJECT (must be clearly recognizable, real laboratory object, sharp and centered): lint-free wipes canister. Physical detail: wipes. Setting surface: soft gray seamless paper backdrop. Lighting: soft rim light from behind. Camera: slow 360 degree orbit at eye level. No abstract shapes, no glass orbs, no crystal balls, no surreal spheres, no CGI blobs, no nebula, no galaxies, no fantasy energy, no particle portals, no impossible geometry, no melting objects, no dreamscape, no people, no faces, no hands, no bare skin, no needles penetrating skin, no injection act, no clinic patient scene, no gym, no lifestyle, no wellness claims, no nicknames, no supplements aesthetic. Quality: ultra detailed, extremely detailed, hyper-detailed, razor sharp focus, tack sharp, crystal clear, ultra sharp, 8k resolution, photorealistic, hyperrealistic, ultra realistic, HDR. creation motif 249/500 · LAB-249. Keep product identity and any on-screen research typography sharp and unchanged. For laboratory research use only. Not for human use or consumption.",Active,0,
PBVita-Lab-250,250,LAB-250,ppe_sterile,sterile field wrap unfolded empty,blue sterile wrap,"sterile field wrap unfolded empty on anodized aluminum tray, cool clinical blue-white LED, extreme macro push-in",12,"ultra detailed, extremely detailed, hyper-detailed, razor sharp focus, tack sharp, crystal clear, ultra sharp, 8k resolution, photorealistic, hyperrealistic, ultra realistic, HDR",9:16,8,1080p,grok-imagine-image-quality,grok-imagine-video-1.5,2k,"Photoreal vertical 9:16 Palm Beach Vitality laboratory research catalog film, chemical research material only, premium American research aesthetic. PRIMARY SUBJECT (must be clearly recognizable, real laboratory object, sharp and centered): sterile field wrap unfolded empty. Physical detail: blue sterile wrap. Setting surface: anodized aluminum tray. Lighting: cool clinical blue-white LED. Camera: extreme macro push-in. No abstract shapes, no glass orbs, no crystal balls, no surreal spheres, no CGI blobs, no nebula, no galaxies, no fantasy energy, no particle portals, no impossible geometry, no melting objects, no dreamscape, no people, no faces, no hands, no bare skin, no needles penetrating skin, no injection act, no clinic patient scene, no gym, no lifestyle, no wellness claims, no nicknames, no supplements aesthetic. Quality: ultra detailed, extremely detailed, hyper-detailed, razor sharp focus, tack sharp, crystal clear, ultra sharp, 8k resolution, photorealistic, hyperrealistic, ultra realistic, HDR. creation motif 250/500 · LAB-250. Keep product identity and any on-screen research typography sharp and unchanged. For laboratory research use only. Not for human use or consumption.",Active,0,
PBVita-Lab-251,251,LAB-251,vials_containers,cobalt blue glass research vial sealed,"blue glass UV protection, crimp seal","cobalt blue glass research vial sealed on polished black reflective acrylic, single hard key light with controlled fill, gentle top-down descending move",12,"ultra detailed, extremely detailed, hyper-detailed, razor sharp focus, tack sharp, crystal clear, ultra sharp, 8k resolution, photorealistic, hyperrealistic, ultra realistic, HDR",9:16,8,1080p,grok-imagine-image-quality,grok-imagine-video-1.5,2k,"Photoreal vertical 9:16 Palm Beach Vitality laboratory research catalog film, chemical research material only, premium American research aesthetic. PRIMARY SUBJECT (must be clearly recognizable, real laboratory object, sharp and centered): cobalt blue glass research vial sealed. Physical detail: blue glass UV protection, crimp seal. Setting surface: polished black reflective acrylic. Lighting: single hard key light with controlled fill. Camera: gentle top-down descending move. No abstract shapes, no glass orbs, no crystal balls, no surreal spheres, no CGI blobs, no nebula, no galaxies, no fantasy energy, no particle portals, no impossible geometry, no melting objects, no dreamscape, no people, no faces, no hands, no bare skin, no needles penetrating skin, no injection act, no clinic patient scene, no gym, no lifestyle, no wellness claims, no nicknames, no supplements aesthetic. Quality: ultra detailed, extremely detailed, hyper-detailed, razor sharp focus, tack sharp, crystal clear, ultra sharp, 8k resolution, photorealistic, hyperrealistic, ultra realistic, HDR. creation motif 251/500 · LAB-251. Keep product identity and any on-screen research typography sharp and unchanged. For laboratory research use only. Not for human use or consumption.",Active,0,
PBVita-Lab-252,252,LAB-252,vials_containers,clear vial with flip-off seal green,plastic flip-off button over stopper,"clear vial with flip-off seal green on matte pure white infinity surface, soft overhead softbox, even catalog lighting, locked tripod hero frame with subtle push",12,"ultra detailed, extremely detailed, hyper-detailed, razor sharp focus, tack sharp, crystal clear, ultra sharp, 8k resolution, photorealistic, hyperrealistic, ultra realistic, HDR",9:16,8,1080p,grok-imagine-image-quality,grok-imagine-video-1.5,2k,"Photoreal vertical 9:16 Palm Beach Vitality laboratory research catalog film, chemical research material only, premium American research aesthetic. PRIMARY SUBJECT (must be clearly recognizable, real laboratory object, sharp and centered): clear vial with flip-off seal green. Physical detail: plastic flip-off button over stopper. Setting surface: matte pure white infinity surface. Lighting: soft overhead softbox, even catalog lighting. Camera: locked tripod hero frame with subtle push. No abstract shapes, no glass orbs, no crystal balls, no surreal spheres, no CGI blobs, no nebula, no galaxies, no fantasy energy, no particle portals, no impossible geometry, no melting objects, no dreamscape, no people, no faces, no hands, no bare skin, no needles penetrating skin, no injection act, no clinic patient scene, no gym, no lifestyle, no wellness claims, no nicknames, no supplements aesthetic. Quality: ultra detailed, extremely detailed, hyper-detailed, razor sharp focus, tack sharp, crystal clear, ultra sharp, 8k resolution, photorealistic, hyperrealistic, ultra realistic, HDR. creation motif 252/500 · LAB-252. Keep product identity and any on-screen research typography sharp and unchanged. For laboratory research use only. Not for human use or consumption.",Active,0,
PBVita-Lab-253,253,LAB-253,vials_containers,amber vial with measured fill to shoulder,"fill line at shoulder, clinical clarity","amber vial with measured fill to shoulder on brushed stainless steel lab bench, warm neutral side light, still clinical, low angle tracking slide",12,"ultra detailed, extremely detailed, hyper-detailed, razor sharp focus, tack sharp, crystal clear, ultra sharp, 8k resolution, photorealistic, hyperrealistic, ultra realistic, HDR",9:16,8,1080p,grok-imagine-image-quality,grok-imagine-video-1.5,2k,"Photoreal vertical 9:16 Palm Beach Vitality laboratory research catalog film, chemical research material only, premium American research aesthetic. PRIMARY SUBJECT (must be clearly recognizable, real laboratory object, sharp and centered): amber vial with measured fill to shoulder. Physical detail: fill line at shoulder, clinical clarity. Setting surface: brushed stainless steel lab bench. Lighting: warm neutral side light, still clinical. Camera: low angle tracking slide. No abstract shapes, no glass orbs, no crystal balls, no surreal spheres, no CGI blobs, no nebula, no galaxies, no fantasy energy, no particle portals, no impossible geometry, no melting objects, no dreamscape, no people, no faces, no hands, no bare skin, no needles penetrating skin, no injection act, no clinic patient scene, no gym, no lifestyle, no wellness claims, no nicknames, no supplements aesthetic. Quality: ultra detailed, extremely detailed, hyper-detailed, razor sharp focus, tack sharp, crystal clear, ultra sharp, 8k resolution, photorealistic, hyperrealistic, ultra realistic, HDR. creation motif 253/500 · LAB-253. Keep product identity and any on-screen research typography sharp and unchanged. For laboratory research use only. Not for human use or consumption.",Active,0,
PBVita-Lab-254,254,LAB-254,vials_containers,twin-pack vials in clear clamshell,"two vials nested, hinged pack","twin-pack vials in clear clamshell on dark charcoal epoxy resin countertop, split soft key and gentle bounce, circular arc that never fully completes",12,"ultra detailed, extremely detailed, hyper-detailed, razor sharp focus, tack sharp, crystal clear, ultra sharp, 8k resolution, photorealistic, hyperrealistic, ultra realistic, HDR",9:16,8,1080p,grok-imagine-image-quality,grok-imagine-video-1.5,2k,"Photoreal vertical 9:16 Palm Beach Vitality laboratory research catalog film, chemical research material only, premium American research aesthetic. PRIMARY SUBJECT (must be clearly recognizable, real laboratory object, sharp and centered): twin-pack vials in clear clamshell. Physical detail: two vials nested, hinged pack. Setting surface: dark charcoal epoxy resin countertop. Lighting: split soft key and gentle bounce. Camera: circular arc that never fully completes. No abstract shapes, no glass orbs, no crystal balls, no surreal spheres, no CGI blobs, no nebula, no galaxies, no fantasy energy, no particle portals, no impossible geometry, no melting objects, no dreamscape, no people, no faces, no hands, no bare skin, no needles penetrating skin, no injection act, no clinic patient scene, no gym, no lifestyle, no wellness claims, no nicknames, no supplements aesthetic. Quality: ultra detailed, extremely detailed, hyper-detailed, razor sharp focus, tack sharp, crystal clear, ultra sharp, 8k resolution, photorealistic, hyperrealistic, ultra realistic, HDR. creation motif 254/500 · LAB-254. Keep product identity and any on-screen research typography sharp and unchanged. For laboratory research use only. Not for human use or consumption.",Active,0,
PBVita-Lab-255,255,LAB-255,vials_containers,vial with RFID collar ring installed,inventory collar on neck,"vial with RFID collar ring installed on cool gray ceramic tile, high-key seamless catalog lighting, vertical rise from base to label",12,"ultra detailed, extremely detailed, hyper-detailed, razor sharp focus, tack sharp, crystal clear, ultra sharp, 8k resolution, photorealistic, hyperrealistic, ultra realistic, HDR",9:16,8,1080p,grok-imagine-image-quality,grok-imagine-video-1.5,2k,"Photoreal vertical 9:16 Palm Beach Vitality laboratory research catalog film, chemical research material only, premium American research aesthetic. PRIMARY SUBJECT (must be clearly recognizable, real laboratory object, sharp and centered): vial with RFID collar ring installed. Physical detail: inventory collar on neck. Setting surface: cool gray ceramic tile. Lighting: high-key seamless catalog lighting. Camera: vertical rise from base to label. No abstract shapes, no glass orbs, no crystal balls, no surreal spheres, no CGI blobs, no nebula, no galaxies, no fantasy energy, no particle portals, no impossible geometry, no melting objects, no dreamscape, no people, no faces, no hands, no bare skin, no needles penetrating skin, no injection act, no clinic patient scene, no gym, no lifestyle, no wellness claims, no nicknames, no supplements aesthetic. Quality: ultra detailed, extremely detailed, hyper-detailed, razor sharp focus, tack sharp, crystal clear, ultra sharp, 8k resolution, photorealistic, hyperrealistic, ultra realistic, HDR. creation motif 255/500 · LAB-255. Keep product identity and any on-screen research typography sharp and unchanged. For laboratory research use only. Not for human use or consumption.",Active,0,
PBVita-Lab-256,256,LAB-256,vials_containers,research vial in individual carton window,window shows glass,"research vial in individual carton window on mirrored chrome instrument tray, low-key selective highlight on glass edges, fast resolve into locked hero frame",12,"ultra detailed, extremely detailed, hyper-detailed, razor sharp focus, tack sharp, crystal clear, ultra sharp, 8k resolution, photorealistic, hyperrealistic, ultra realistic, HDR",9:16,8,1080p,grok-imagine-image-quality,grok-imagine-video-1.5,2k,"Photoreal vertical 9:16 Palm Beach Vitality laboratory research catalog film, chemical research material only, premium American research aesthetic. PRIMARY SUBJECT (must be clearly recognizable, real laboratory object, sharp and centered): research vial in individual carton window. Physical detail: window shows glass. Setting surface: mirrored chrome instrument tray. Lighting: low-key selective highlight on glass edges. Camera: fast resolve into locked hero frame. No abstract shapes, no glass orbs, no crystal balls, no surreal spheres, no CGI blobs, no nebula, no galaxies, no fantasy energy, no particle portals, no impossible geometry, no melting objects, no dreamscape, no people, no faces, no hands, no bare skin, no needles penetrating skin, no injection act, no clinic patient scene, no gym, no lifestyle, no wellness claims, no nicknames, no supplements aesthetic. Quality: ultra detailed, extremely detailed, hyper-detailed, razor sharp focus, tack sharp, crystal clear, ultra sharp, 8k resolution, photorealistic, hyperrealistic, ultra realistic, HDR. creation motif 256/500 · LAB-256. Keep product identity and any on-screen research typography sharp and unchanged. For laboratory research use only. Not for human use or consumption.",Active,0,
PBVita-Lab-257,257,LAB-257,vials_containers,silicone-coated vial for sticky compounds,special interior coating sheen,"silicone-coated vial for sticky compounds on white melamine cleanroom table, soft rim light from behind, slow 360 degree orbit at eye level",12,"ultra detailed, extremely detailed, hyper-detailed, razor sharp focus, tack sharp, crystal clear, ultra sharp, 8k resolution, photorealistic, hyperrealistic, ultra realistic, HDR",9:16,8,1080p,grok-imagine-image-quality,grok-imagine-video-1.5,2k,"Photoreal vertical 9:16 Palm Beach Vitality laboratory research catalog film, chemical research material only, premium American research aesthetic. PRIMARY SUBJECT (must be clearly recognizable, real laboratory object, sharp and centered): silicone-coated vial for sticky compounds. Physical detail: special interior coating sheen. Setting surface: white melamine cleanroom table. Lighting: soft rim light from behind. Camera: slow 360 degree orbit at eye level. No abstract shapes, no glass orbs, no crystal balls, no surreal spheres, no CGI blobs, no nebula, no galaxies, no fantasy energy, no particle portals, no impossible geometry, no melting objects, no dreamscape, no people, no faces, no hands, no bare skin, no needles penetrating skin, no injection act, no clinic patient scene, no gym, no lifestyle, no wellness claims, no nicknames, no supplements aesthetic. Quality: ultra detailed, extremely detailed, hyper-detailed, razor sharp focus, tack sharp, crystal clear, ultra sharp, 8k resolution, photorealistic, hyperrealistic, ultra realistic, HDR. creation motif 257/500 · LAB-257. Keep product identity and any on-screen research typography sharp and unchanged. For laboratory research use only. Not for human use or consumption.",Active,0,
PBVita-Lab-258,258,LAB-258,vials_containers,vial with colored break-ring neck,score ring visible,"vial with colored break-ring neck on textured slate sample board, cool clinical blue-white LED, extreme macro push-in",12,"ultra detailed, extremely detailed, hyper-detailed, razor sharp focus, tack sharp, crystal clear, ultra sharp, 8k resolution, photorealistic, hyperrealistic, ultra realistic, HDR",9:16,8,1080p,grok-imagine-image-quality,grok-imagine-video-1.5,2k,"Photoreal vertical 9:16 Palm Beach Vitality laboratory research catalog film, chemical research material only, premium American research aesthetic. PRIMARY SUBJECT (must be clearly recognizable, real laboratory object, sharp and centered): vial with colored break-ring neck. Physical detail: score ring visible. Setting surface: textured slate sample board. Lighting: cool clinical blue-white LED. Camera: extreme macro push-in. No abstract shapes, no glass orbs, no crystal balls, no surreal spheres, no CGI blobs, no nebula, no galaxies, no fantasy energy, no particle portals, no impossible geometry, no melting objects, no dreamscape, no people, no faces, no hands, no bare skin, no needles penetrating skin, no injection act, no clinic patient scene, no gym, no lifestyle, no wellness claims, no nicknames, no supplements aesthetic. Quality: ultra detailed, extremely detailed, hyper-detailed, razor sharp focus, tack sharp, crystal clear, ultra sharp, 8k resolution, photorealistic, hyperrealistic, ultra realistic, HDR. creation motif 258/500 · LAB-258. Keep product identity and any on-screen research typography sharp and unchanged. For laboratory research use only. Not for human use or consumption.",Active,0,
PBVita-Lab-259,259,LAB-259,vials_containers,heavy-wall pressure vial,thick glass research vial,"heavy-wall pressure vial on soft gray seamless paper backdrop, single hard key light with controlled fill, gentle top-down descending move",12,"ultra detailed, extremely detailed, hyper-detailed, razor sharp focus, tack sharp, crystal clear, ultra sharp, 8k resolution, photorealistic, hyperrealistic, ultra realistic, HDR",9:16,8,1080p,grok-imagine-image-quality,grok-imagine-video-1.5,2k,"Photoreal vertical 9:16 Palm Beach Vitality laboratory research catalog film, chemical research material only, premium American research aesthetic. PRIMARY SUBJECT (must be clearly recognizable, real laboratory object, sharp and centered): heavy-wall pressure vial. Physical detail: thick glass research vial. Setting surface: soft gray seamless paper backdrop. Lighting: single hard key light with controlled fill. Camera: gentle top-down descending move. No abstract shapes, no glass orbs, no crystal balls, no surreal spheres, no CGI blobs, no nebula, no galaxies, no fantasy energy, no particle portals, no impossible geometry, no melting objects, no dreamscape, no people, no faces, no hands, no bare skin, no needles penetrating skin, no injection act, no clinic patient scene, no gym, no lifestyle, no wellness claims, no nicknames, no supplements aesthetic. Quality: ultra detailed, extremely detailed, hyper-detailed, razor sharp focus, tack sharp, crystal clear, ultra sharp, 8k resolution, photorealistic, hyperrealistic, ultra realistic, HDR. creation motif 259/500 · LAB-259. Keep product identity and any on-screen research typography sharp and unchanged. For laboratory research use only. Not for human use or consumption.",Active,0,
PBVita-Lab-260,260,LAB-260,vials_containers,vial standing in CNC-machined aluminum puck,precision puck holder,"vial standing in CNC-machined aluminum puck on anodized aluminum tray, soft overhead softbox, even catalog lighting, locked tripod hero frame with subtle push",12,"ultra detailed, extremely detailed, hyper-detailed, razor sharp focus, tack sharp, crystal clear, ultra sharp, 8k resolution, photorealistic, hyperrealistic, ultra realistic, HDR",9:16,8,1080p,grok-imagine-image-quality,grok-imagine-video-1.5,2k,"Photoreal vertical 9:16 Palm Beach Vitality laboratory research catalog film, chemical research material only, premium American research aesthetic. PRIMARY SUBJECT (must be clearly recognizable, real laboratory object, sharp and centered): vial standing in CNC-machined aluminum puck. Physical detail: precision puck holder. Setting surface: anodized aluminum tray. Lighting: soft overhead softbox, even catalog lighting. Camera: locked tripod hero frame with subtle push. No abstract shapes, no glass orbs, no crystal balls, no surreal spheres, no CGI blobs, no nebula, no galaxies, no fantasy energy, no particle portals, no impossible geometry, no melting objects, no dreamscape, no people, no faces, no hands, no bare skin, no needles penetrating skin, no injection act, no clinic patient scene, no gym, no lifestyle, no wellness claims, no nicknames, no supplements aesthetic. Quality: ultra detailed, extremely detailed, hyper-detailed, razor sharp focus, tack sharp, crystal clear, ultra sharp, 8k resolution, photorealistic, hyperrealistic, ultra realistic, HDR. creation motif 260/500 · LAB-260. Keep product identity and any on-screen research typography sharp and unchanged. For laboratory research use only. Not for human use or consumption.",Active,0,
PBVita-Lab-261,261,LAB-261,vials_containers,clear vial with laser-etched lot panel blank,etched frosted rectangle,"clear vial with laser-etched lot panel blank on polished black reflective acrylic, warm neutral side light, still clinical, low angle tracking slide",12,"ultra detailed, extremely detailed, hyper-detailed, razor sharp focus, tack sharp, crystal clear, ultra sharp, 8k resolution, photorealistic, hyperrealistic, ultra realistic, HDR",9:16,8,1080p,grok-imagine-image-quality,grok-imagine-video-1.5,2k,"Photoreal vertical 9:16 Palm Beach Vitality laboratory research catalog film, chemical research material only, premium American research aesthetic. PRIMARY SUBJECT (must be clearly recognizable, real laboratory object, sharp and centered): clear vial with laser-etched lot panel blank. Physical detail: etched frosted rectangle. Setting surface: polished black reflective acrylic. Lighting: warm neutral side light, still clinical. Camera: low angle tracking slide. No abstract shapes, no glass orbs, no crystal balls, no surreal spheres, no CGI blobs, no nebula, no galaxies, no fantasy energy, no particle portals, no impossible geometry, no melting objects, no dreamscape, no people, no faces, no hands, no bare skin, no needles penetrating skin, no injection act, no clinic patient scene, no gym, no lifestyle, no wellness claims, no nicknames, no supplements aesthetic. Quality: ultra detailed, extremely detailed, hyper-detailed, razor sharp focus, tack sharp, crystal clear, ultra sharp, 8k resolution, photorealistic, hyperrealistic, ultra realistic, HDR. creation motif 261/500 · LAB-261. Keep product identity and any on-screen research typography sharp and unchanged. For laboratory research use only. Not for human use or consumption.",Active,0,
PBVita-Lab-262,262,LAB-262,vials_containers,amber vial beside silica canister mini,desiccant neighbor,"amber vial beside silica canister mini on matte pure white infinity surface, split soft key and gentle bounce, circular arc that never fully completes",12,"ultra detailed, extremely detailed, hyper-detailed, razor sharp focus, tack sharp, crystal clear, ultra sharp, 8k resolution, photorealistic, hyperrealistic, ultra realistic, HDR",9:16,8,1080p,grok-imagine-image-quality,grok-imagine-video-1.5,2k,"Photoreal vertical 9:16 Palm Beach Vitality laboratory research catalog film, chemical research material only, premium American research aesthetic. PRIMARY SUBJECT (must be clearly recognizable, real laboratory object, sharp and centered): amber vial beside silica canister mini. Physical detail: desiccant neighbor. Setting surface: matte pure white infinity surface. Lighting: split soft key and gentle bounce. Camera: circular arc that never fully completes. No abstract shapes, no glass orbs, no crystal balls, no surreal spheres, no CGI blobs, no nebula, no galaxies, no fantasy energy, no particle portals, no impossible geometry, no melting objects, no dreamscape, no people, no faces, no hands, no bare skin, no needles penetrating skin, no injection act, no clinic patient scene, no gym, no lifestyle, no wellness claims, no nicknames, no supplements aesthetic. Quality: ultra detailed, extremely detailed, hyper-detailed, razor sharp focus, tack sharp, crystal clear, ultra sharp, 8k resolution, photorealistic, hyperrealistic, ultra realistic, HDR. creation motif 262/500 · LAB-262. Keep product identity and any on-screen research typography sharp and unchanged. For laboratory research use only. Not for human use or consumption.",Active,0,
PBVita-Lab-263,263,LAB-263,vials_containers,vial rack aluminum 5x10 empty slots with one vial,mostly empty rack hero,"vial rack aluminum 5x10 empty slots with one vial on brushed stainless steel lab bench, high-key seamless catalog lighting, vertical rise from base to label",12,"ultra detailed, extremely detailed, hyper-detailed, razor sharp focus, tack sharp, crystal clear, ultra sharp, 8k resolution, photorealistic, hyperrealistic, ultra realistic, HDR",9:16,8,1080p,grok-imagine-image-quality,grok-imagine-video-1.5,2k,"Photoreal vertical 9:16 Palm Beach Vitality laboratory research catalog film, chemical research material only, premium American research aesthetic. PRIMARY SUBJECT (must be clearly recognizable, real laboratory object, sharp and centered): vial rack aluminum 5x10 empty slots with one vial. Physical detail: mostly empty rack hero. Setting surface: brushed stainless steel lab bench. Lighting: high-key seamless catalog lighting. Camera: vertical rise from base to label. No abstract shapes, no glass orbs, no crystal balls, no surreal spheres, no CGI blobs, no nebula, no galaxies, no fantasy energy, no particle portals, no impossible geometry, no melting objects, no dreamscape, no people, no faces, no hands, no bare skin, no needles penetrating skin, no injection act, no clinic patient scene, no gym, no lifestyle, no wellness claims, no nicknames, no supplements aesthetic. Quality: ultra detailed, extremely detailed, hyper-detailed, razor sharp focus, tack sharp, crystal clear, ultra sharp, 8k resolution, photorealistic, hyperrealistic, ultra realistic, HDR. creation motif 263/500 · LAB-263. Keep product identity and any on-screen research typography sharp and unchanged. For laboratory research use only. Not for human use or consumption.",Active,0,
PBVita-Lab-264,264,LAB-264,vials_containers,crimped vial under magnifying dome lamp light,inspection lighting,"crimped vial under magnifying dome lamp light on dark charcoal epoxy resin countertop, low-key selective highlight on glass edges, fast resolve into locked hero frame",12,"ultra detailed, extremely detailed, hyper-detailed, razor sharp focus, tack sharp, crystal clear, ultra sharp, 8k resolution, photorealistic, hyperrealistic, ultra realistic, HDR",9:16,8,1080p,grok-imagine-image-quality,grok-imagine-video-1.5,2k,"Photoreal vertical 9:16 Palm Beach Vitality laboratory research catalog film, chemical research material only, premium American research aesthetic. PRIMARY SUBJECT (must be clearly recognizable, real laboratory object, sharp and centered): crimped vial under magnifying dome lamp light. Physical detail: inspection lighting. Setting surface: dark charcoal epoxy resin countertop. Lighting: low-key selective highlight on glass edges. Camera: fast resolve into locked hero frame. No abstract shapes, no glass orbs, no crystal balls, no surreal spheres, no CGI blobs, no nebula, no galaxies, no fantasy energy, no particle portals, no impossible geometry, no melting objects, no dreamscape, no people, no faces, no hands, no bare skin, no needles penetrating skin, no injection act, no clinic patient scene, no gym, no lifestyle, no wellness claims, no nicknames, no supplements aesthetic. Quality: ultra detailed, extremely detailed, hyper-detailed, razor sharp focus, tack sharp, crystal clear, ultra sharp, 8k resolution, photorealistic, hyperrealistic, ultra realistic, HDR. creation motif 264/500 · LAB-264. Keep product identity and any on-screen research typography sharp and unchanged. For laboratory research use only. Not for human use or consumption.",Active,0,
PBVita-Lab-265,265,LAB-265,vials_containers,research vial with heat-shrink neck band gold,gold band aesthetic catalog,"research vial with heat-shrink neck band gold on cool gray ceramic tile, soft rim light from behind, slow 360 degree orbit at eye level",12,"ultra detailed, extremely detailed, hyper-detailed, razor sharp focus, tack sharp, crystal clear, ultra sharp, 8k resolution, photorealistic, hyperrealistic, ultra realistic, HDR",9:16,8,1080p,grok-imagine-image-quality,grok-imagine-video-1.5,2k,"Photoreal vertical 9:16 Palm Beach Vitality laboratory research catalog film, chemical research material only, premium American research aesthetic. PRIMARY SUBJECT (must be clearly recognizable, real laboratory object, sharp and centered): research vial with heat-shrink neck band gold. Physical detail: gold band aesthetic catalog. Setting surface: cool gray ceramic tile. Lighting: soft rim light from behind. Camera: slow 360 degree orbit at eye level. No abstract shapes, no glass orbs, no crystal balls, no surreal spheres, no CGI blobs, no nebula, no galaxies, no fantasy energy, no particle portals, no impossible geometry, no melting objects, no dreamscape, no people, no faces, no hands, no bare skin, no needles penetrating skin, no injection act, no clinic patient scene, no gym, no lifestyle, no wellness claims, no nicknames, no supplements aesthetic. Quality: ultra detailed, extremely detailed, hyper-detailed, razor sharp focus, tack sharp, crystal clear, ultra sharp, 8k resolution, photorealistic, hyperrealistic, ultra realistic, HDR. creation motif 265/500 · LAB-265. Keep product identity and any on-screen research typography sharp and unchanged. For laboratory research use only. Not for human use or consumption.",Active,0,
PBVita-Lab-266,266,LAB-266,vials_containers,glass vial with plastic overcap tethered,tethered overcap,"glass vial with plastic overcap tethered on mirrored chrome instrument tray, cool clinical blue-white LED, extreme macro push-in",12,"ultra detailed, extremely detailed, hyper-detailed, razor sharp focus, tack sharp, crystal clear, ultra sharp, 8k resolution, photorealistic, hyperrealistic, ultra realistic, HDR",9:16,8,1080p,grok-imagine-image-quality,grok-imagine-video-1.5,2k,"Photoreal vertical 9:16 Palm Beach Vitality laboratory research catalog film, chemical research material only, premium American research aesthetic. PRIMARY SUBJECT (must be clearly recognizable, real laboratory object, sharp and centered): glass vial with plastic overcap tethered. Physical detail: tethered overcap. Setting surface: mirrored chrome instrument tray. Lighting: cool clinical blue-white LED. Camera: extreme macro push-in. No abstract shapes, no glass orbs, no crystal balls, no surreal spheres, no CGI blobs, no nebula, no galaxies, no fantasy energy, no particle portals, no impossible geometry, no melting objects, no dreamscape, no people, no faces, no hands, no bare skin, no needles penetrating skin, no injection act, no clinic patient scene, no gym, no lifestyle, no wellness claims, no nicknames, no supplements aesthetic. Quality: ultra detailed, extremely detailed, hyper-detailed, razor sharp focus, tack sharp, crystal clear, ultra sharp, 8k resolution, photorealistic, hyperrealistic, ultra realistic, HDR. creation motif 266/500 · LAB-266. Keep product identity and any on-screen research typography sharp and unchanged. For laboratory research use only. Not for human use or consumption.",Active,0,
PBVita-Lab-267,267,LAB-267,vials_containers,microbarcoded vial close-up label area,tiny barcode zone,"microbarcoded vial close-up label area on white melamine cleanroom table, single hard key light with controlled fill, gentle top-down descending move",12,"ultra detailed, extremely detailed, hyper-detailed, razor sharp focus, tack sharp, crystal clear, ultra sharp, 8k resolution, photorealistic, hyperrealistic, ultra realistic, HDR",9:16,8,1080p,grok-imagine-image-quality,grok-imagine-video-1.5,2k,"Photoreal vertical 9:16 Palm Beach Vitality laboratory research catalog film, chemical research material only, premium American research aesthetic. PRIMARY SUBJECT (must be clearly recognizable, real laboratory object, sharp and centered): microbarcoded vial close-up label area. Physical detail: tiny barcode zone. Setting surface: white melamine cleanroom table. Lighting: single hard key light with controlled fill. Camera: gentle top-down descending move. No abstract shapes, no glass orbs, no crystal balls, no surreal spheres, no CGI blobs, no nebula, no galaxies, no fantasy energy, no particle portals, no impossible geometry, no melting objects, no dreamscape, no people, no faces, no hands, no bare skin, no needles penetrating skin, no injection act, no clinic patient scene, no gym, no lifestyle, no wellness claims, no nicknames, no supplements aesthetic. Quality: ultra detailed, extremely detailed, hyper-detailed, razor sharp focus, tack sharp, crystal clear, ultra sharp, 8k resolution, photorealistic, hyperrealistic, ultra realistic, HDR. creation motif 267/500 · LAB-267. Keep product identity and any on-screen research typography sharp and unchanged. For laboratory research use only. Not for human use or consumption.",Active,0,
PBVita-Lab-268,268,LAB-268,vials_containers,vial in vacuum skin-pack card,carded vacuum pack,"vial in vacuum skin-pack card on textured slate sample board, soft overhead softbox, even catalog lighting, locked tripod hero frame with subtle push",12,"ultra detailed, extremely detailed, hyper-detailed, razor sharp focus, tack sharp, crystal clear, ultra sharp, 8k resolution, photorealistic, hyperrealistic, ultra realistic, HDR",9:16,8,1080p,grok-imagine-image-quality,grok-imagine-video-1.5,2k,"Photoreal vertical 9:16 Palm Beach Vitality laboratory research catalog film, chemical research material only, premium American research aesthetic. PRIMARY SUBJECT (must be clearly recognizable, real laboratory object, sharp and centered): vial in vacuum skin-pack card. Physical detail: carded vacuum pack. Setting surface: textured slate sample board. Lighting: soft overhead softbox, even catalog lighting. Camera: locked tripod hero frame with subtle push. No abstract shapes, no glass orbs, no crystal balls, no surreal spheres, no CGI blobs, no nebula, no galaxies, no fantasy energy, no particle portals, no impossible geometry, no melting objects, no dreamscape, no people, no faces, no hands, no bare skin, no needles penetrating skin, no injection act, no clinic patient scene, no gym, no lifestyle, no wellness claims, no nicknames, no supplements aesthetic. Quality: ultra detailed, extremely detailed, hyper-detailed, razor sharp focus, tack sharp, crystal clear, ultra sharp, 8k resolution, photorealistic, hyperrealistic, ultra realistic, HDR. creation motif 268/500 · LAB-268. Keep product identity and any on-screen research typography sharp and unchanged. For laboratory research use only. Not for human use or consumption.",Active,0,
PBVita-Lab-269,269,LAB-269,vials_containers,clear vial suspended in acrylic block embed mock,acrylic block display prop,"clear vial suspended in acrylic block embed mock on soft gray seamless paper backdrop, warm neutral side light, still clinical, low angle tracking slide",12,"ultra detailed, extremely detailed, hyper-detailed, razor sharp focus, tack sharp, crystal clear, ultra sharp, 8k resolution, photorealistic, hyperrealistic, ultra realistic, HDR",9:16,8,1080p,grok-imagine-image-quality,grok-imagine-video-1.5,2k,"Photoreal vertical 9:16 Palm Beach Vitality laboratory research catalog film, chemical research material only, premium American research aesthetic. PRIMARY SUBJECT (must be clearly recognizable, real laboratory object, sharp and centered): clear vial suspended in acrylic block embed mock. Physical detail: acrylic block display prop. Setting surface: soft gray seamless paper backdrop. Lighting: warm neutral side light, still clinical. Camera: low angle tracking slide. No abstract shapes, no glass orbs, no crystal balls, no surreal spheres, no CGI blobs, no nebula, no galaxies, no fantasy energy, no particle portals, no impossible geometry, no melting objects, no dreamscape, no people, no faces, no hands, no bare skin, no needles penetrating skin, no injection act, no clinic patient scene, no gym, no lifestyle, no wellness claims, no nicknames, no supplements aesthetic. Quality: ultra detailed, extremely detailed, hyper-detailed, razor sharp focus, tack sharp, crystal clear, ultra sharp, 8k resolution, photorealistic, hyperrealistic, ultra realistic, HDR. creation motif 269/500 · LAB-269. Keep product identity and any on-screen research typography sharp and unchanged. For laboratory research use only. Not for human use or consumption.",Active,0,
PBVita-Lab-270,270,LAB-270,vials_containers,amber vial next to calibrated pipette tip,scale reference still,"amber vial next to calibrated pipette tip on anodized aluminum tray, split soft key and gentle bounce, circular arc that never fully completes",12,"ultra detailed, extremely detailed, hyper-detailed, razor sharp focus, tack sharp, crystal clear, ultra sharp, 8k resolution, photorealistic, hyperrealistic, ultra realistic, HDR",9:16,8,1080p,grok-imagine-image-quality,grok-imagine-video-1.5,2k,"Photoreal vertical 9:16 Palm Beach Vitality laboratory research catalog film, chemical research material only, premium American research aesthetic. PRIMARY SUBJECT (must be clearly recognizable, real laboratory object, sharp and centered): amber vial next to calibrated pipette tip. Physical detail: scale reference still. Setting surface: anodized aluminum tray. Lighting: split soft key and gentle bounce. Camera: circular arc that never fully completes. No abstract shapes, no glass orbs, no crystal balls, no surreal spheres, no CGI blobs, no nebula, no galaxies, no fantasy energy, no particle portals, no impossible geometry, no melting objects, no dreamscape, no people, no faces, no hands, no bare skin, no needles penetrating skin, no injection act, no clinic patient scene, no gym, no lifestyle, no wellness claims, no nicknames, no supplements aesthetic. Quality: ultra detailed, extremely detailed, hyper-detailed, razor sharp focus, tack sharp, crystal clear, ultra sharp, 8k resolution, photorealistic, hyperrealistic, ultra realistic, HDR. creation motif 270/500 · LAB-270. Keep product identity and any on-screen research typography sharp and unchanged. For laboratory research use only. Not for human use or consumption.",Active,0,
PBVita-Lab-271,271,LAB-271,vials_containers,lyo vial with cake cracked texture visible,lyophilized cake detail,"lyo vial with cake cracked texture visible on polished black reflective acrylic, high-key seamless catalog lighting, vertical rise from base to label",12,"ultra detailed, extremely detailed, hyper-detailed, razor sharp focus, tack sharp, crystal clear, ultra sharp, 8k resolution, photorealistic, hyperrealistic, ultra realistic, HDR",9:16,8,1080p,grok-imagine-image-quality,grok-imagine-video-1.5,2k,"Photoreal vertical 9:16 Palm Beach Vitality laboratory research catalog film, chemical research material only, premium American research aesthetic. PRIMARY SUBJECT (must be clearly recognizable, real laboratory object, sharp and centered): lyo vial with cake cracked texture visible. Physical detail: lyophilized cake detail. Setting surface: polished black reflective acrylic. Lighting: high-key seamless catalog lighting. Camera: vertical rise from base to label. No abstract shapes, no glass orbs, no crystal balls, no surreal spheres, no CGI blobs, no nebula, no galaxies, no fantasy energy, no particle portals, no impossible geometry, no melting objects, no dreamscape, no people, no faces, no hands, no bare skin, no needles penetrating skin, no injection act, no clinic patient scene, no gym, no lifestyle, no wellness claims, no nicknames, no supplements aesthetic. Quality: ultra detailed, extremely detailed, hyper-detailed, razor sharp focus, tack sharp, crystal clear, ultra sharp, 8k resolution, photorealistic, hyperrealistic, ultra realistic, HDR. creation motif 271/500 · LAB-271. Keep product identity and any on-screen research typography sharp and unchanged. For laboratory research use only. Not for human use or consumption.",Active,0,
PBVita-Lab-272,272,LAB-272,vials_containers,vial with nitrogen headspace indication label,headspace note on label panel,"vial with nitrogen headspace indication label on matte pure white infinity surface, low-key selective highlight on glass edges, fast resolve into locked hero frame",12,"ultra detailed, extremely detailed, hyper-detailed, razor sharp focus, tack sharp, crystal clear, ultra sharp, 8k resolution, photorealistic, hyperrealistic, ultra realistic, HDR",9:16,8,1080p,grok-imagine-image-quality,grok-imagine-video-1.5,2k,"Photoreal vertical 9:16 Palm Beach Vitality laboratory research catalog film, chemical research material only, premium American research aesthetic. PRIMARY SUBJECT (must be clearly recognizable, real laboratory object, sharp and centered): vial with nitrogen headspace indication label. Physical detail: headspace note on label panel. Setting surface: matte pure white infinity surface. Lighting: low-key selective highlight on glass edges. Camera: fast resolve into locked hero frame. No abstract shapes, no glass orbs, no crystal balls, no surreal spheres, no CGI blobs, no nebula, no galaxies, no fantasy energy, no particle portals, no impossible geometry, no melting objects, no dreamscape, no people, no faces, no hands, no bare skin, no needles penetrating skin, no injection act, no clinic patient scene, no gym, no lifestyle, no wellness claims, no nicknames, no supplements aesthetic. Quality: ultra detailed, extremely detailed, hyper-detailed, razor sharp focus, tack sharp, crystal clear, ultra sharp, 8k resolution, photorealistic, hyperrealistic, ultra realistic, HDR. creation motif 272/500 · LAB-272. Keep product identity and any on-screen research typography sharp and unchanged. For laboratory research use only. Not for human use or consumption.",Active,0,
PBVita-Lab-273,273,LAB-273,vials_containers,research vial on anti-roll hexagonal base adapter,base adapter,"research vial on anti-roll hexagonal base adapter on brushed stainless steel lab bench, soft rim light from behind, slow 360 degree orbit at eye level",12,"ultra detailed, extremely detailed, hyper-detailed, razor sharp focus, tack sharp, crystal clear, ultra sharp, 8k resolution, photorealistic, hyperrealistic, ultra realistic, HDR",9:16,8,1080p,grok-imagine-image-quality,grok-imagine-video-1.5,2k,"Photoreal vertical 9:16 Palm Beach Vitality laboratory research catalog film, chemical research material only, premium American research aesthetic. PRIMARY SUBJECT (must be clearly recognizable, real laboratory object, sharp and centered): research vial on anti-roll hexagonal base adapter. Physical detail: base adapter. Setting surface: brushed stainless steel lab bench. Lighting: soft rim light from behind. Camera: slow 360 degree orbit at eye level. No abstract shapes, no glass orbs, no crystal balls, no surreal spheres, no CGI blobs, no nebula, no galaxies, no fantasy energy, no particle portals, no impossible geometry, no melting objects, no dreamscape, no people, no faces, no hands, no bare skin, no needles penetrating skin, no injection act, no clinic patient scene, no gym, no lifestyle, no wellness claims, no nicknames, no supplements aesthetic. Quality: ultra detailed, extremely detailed, hyper-detailed, razor sharp focus, tack sharp, crystal clear, ultra sharp, 8k resolution, photorealistic, hyperrealistic, ultra realistic, HDR. creation motif 273/500 · LAB-273. Keep product identity and any on-screen research typography sharp and unchanged. For laboratory research use only. Not for human use or consumption.",Active,0,
PBVita-Lab-274,274,LAB-274,vials_containers,glass vial with ceramic print opaque white,ceramic baked label area,"glass vial with ceramic print opaque white on dark charcoal epoxy resin countertop, cool clinical blue-white LED, extreme macro push-in",12,"ultra detailed, extremely detailed, hyper-detailed, razor sharp focus, tack sharp, crystal clear, ultra sharp, 8k resolution, photorealistic, hyperrealistic, ultra realistic, HDR",9:16,8,1080p,grok-imagine-image-quality,grok-imagine-video-1.5,2k,"Photoreal vertical 9:16 Palm Beach Vitality laboratory research catalog film, chemical research material only, premium American research aesthetic. PRIMARY SUBJECT (must be clearly recognizable, real laboratory object, sharp and centered): glass vial with ceramic print opaque white. Physical detail: ceramic baked label area. Setting surface: dark charcoal epoxy resin countertop. Lighting: cool clinical blue-white LED. Camera: extreme macro push-in. No abstract shapes, no glass orbs, no crystal balls, no surreal spheres, no CGI blobs, no nebula, no galaxies, no fantasy energy, no particle portals, no impossible geometry, no melting objects, no dreamscape, no people, no faces, no hands, no bare skin, no needles penetrating skin, no injection act, no clinic patient scene, no gym, no lifestyle, no wellness claims, no nicknames, no supplements aesthetic. Quality: ultra detailed, extremely detailed, hyper-detailed, razor sharp focus, tack sharp, crystal clear, ultra sharp, 8k resolution, photorealistic, hyperrealistic, ultra realistic, HDR. creation motif 274/500 · LAB-274. Keep product identity and any on-screen research typography sharp and unchanged. For laboratory research use only. Not for human use or consumption.",Active,0,
PBVita-Lab-275,275,LAB-275,vials_containers,vial shipper insert pulp tray single well,molded pulp tray,"vial shipper insert pulp tray single well on cool gray ceramic tile, single hard key light with controlled fill, gentle top-down descending move",12,"ultra detailed, extremely detailed, hyper-detailed, razor sharp focus, tack sharp, crystal clear, ultra sharp, 8k resolution, photorealistic, hyperrealistic, ultra realistic, HDR",9:16,8,1080p,grok-imagine-image-quality,grok-imagine-video-1.5,2k,"Photoreal vertical 9:16 Palm Beach Vitality laboratory research catalog film, chemical research material only, premium American research aesthetic. PRIMARY SUBJECT (must be clearly recognizable, real laboratory object, sharp and centered): vial shipper insert pulp tray single well. Physical detail: molded pulp tray. Setting surface: cool gray ceramic tile. Lighting: single hard key light with controlled fill. Camera: gentle top-down descending move. No abstract shapes, no glass orbs, no crystal balls, no surreal spheres, no CGI blobs, no nebula, no galaxies, no fantasy energy, no particle portals, no impossible geometry, no melting objects, no dreamscape, no people, no faces, no hands, no bare skin, no needles penetrating skin, no injection act, no clinic patient scene, no gym, no lifestyle, no wellness claims, no nicknames, no supplements aesthetic. Quality: ultra detailed, extremely detailed, hyper-detailed, razor sharp focus, tack sharp, crystal clear, ultra sharp, 8k resolution, photorealistic, hyperrealistic, ultra realistic, HDR. creation motif 275/500 · LAB-275. Keep product identity and any on-screen research typography sharp and unchanged. For laboratory research use only. Not for human use or consumption.",Active,0,
PBVita-Lab-276,276,LAB-276,research_pens,research pen with metal nose cone,"metal tip housing, cap on","research pen with metal nose cone on mirrored chrome instrument tray, soft overhead softbox, even catalog lighting, locked tripod hero frame with subtle push",12,"ultra detailed, extremely detailed, hyper-detailed, razor sharp focus, tack sharp, crystal clear, ultra sharp, 8k resolution, photorealistic, hyperrealistic, ultra realistic, HDR",9:16,8,1080p,grok-imagine-image-quality,grok-imagine-video-1.5,2k,"Photoreal vertical 9:16 Palm Beach Vitality laboratory research catalog film, chemical research material only, premium American research aesthetic. PRIMARY SUBJECT (must be clearly recognizable, real laboratory object, sharp and centered): research pen with metal nose cone. Physical detail: metal tip housing, cap on. Setting surface: mirrored chrome instrument tray. Lighting: soft overhead softbox, even catalog lighting. Camera: locked tripod hero frame with subtle push. No abstract shapes, no glass orbs, no crystal balls, no surreal spheres, no CGI blobs, no nebula, no galaxies, no fantasy energy, no particle portals, no impossible geometry, no melting objects, no dreamscape, no people, no faces, no hands, no bare skin, no needles penetrating skin, no injection act, no clinic patient scene, no gym, no lifestyle, no wellness claims, no nicknames, no supplements aesthetic. Quality: ultra detailed, extremely detailed, hyper-detailed, razor sharp focus, tack sharp, crystal clear, ultra sharp, 8k resolution, photorealistic, hyperrealistic, ultra realistic, HDR. creation motif 276/500 · LAB-276. Keep product identity and any on-screen research typography sharp and unchanged. For laboratory research use only. Not for human use or consumption.",Active,0,
PBVita-Lab-277,277,LAB-277,research_pens,slim research pen graphite gray body,matte gray finish,"slim research pen graphite gray body on white melamine cleanroom table, warm neutral side light, still clinical, low angle tracking slide",12,"ultra detailed, extremely detailed, hyper-detailed, razor sharp focus, tack sharp, crystal clear, ultra sharp, 8k resolution, photorealistic, hyperrealistic, ultra realistic, HDR",9:16,8,1080p,grok-imagine-image-quality,grok-imagine-video-1.5,2k,"Photoreal vertical 9:16 Palm Beach Vitality laboratory research catalog film, chemical research material only, premium American research aesthetic. PRIMARY SUBJECT (must be clearly recognizable, real laboratory object, sharp and centered): slim research pen graphite gray body. Physical detail: matte gray finish. Setting surface: white melamine cleanroom table. Lighting: warm neutral side light, still clinical. Camera: low angle tracking slide. No abstract shapes, no glass orbs, no crystal balls, no surreal spheres, no CGI blobs, no nebula, no galaxies, no fantasy energy, no particle portals, no impossible geometry, no melting objects, no dreamscape, no people, no faces, no hands, no bare skin, no needles penetrating skin, no injection act, no clinic patient scene, no gym, no lifestyle, no wellness claims, no nicknames, no supplements aesthetic. Quality: ultra detailed, extremely detailed, hyper-detailed, razor sharp focus, tack sharp, crystal clear, ultra sharp, 8k resolution, photorealistic, hyperrealistic, ultra realistic, HDR. creation motif 277/500 · LAB-277. Keep product identity and any on-screen research typography sharp and unchanged. For laboratory research use only. Not for human use or consumption.",Active,0,
PBVita-Lab-278,278,LAB-278,research_pens,research pen with translucent smoke barrel,smoke tint showing liquid,"research pen with translucent smoke barrel on textured slate sample board, split soft key and gentle bounce, circular arc that never fully completes",12,"ultra detailed, extremely detailed, hyper-detailed, razor sharp focus, tack sharp, crystal clear, ultra sharp, 8k resolution, photorealistic, hyperrealistic, ultra realistic, HDR",9:16,8,1080p,grok-imagine-image-quality,grok-imagine-video-1.5,2k,"Photoreal vertical 9:16 Palm Beach Vitality laboratory research catalog film, chemical research material only, premium American research aesthetic. PRIMARY SUBJECT (must be clearly recognizable, real laboratory object, sharp and centered): research pen with translucent smoke barrel. Physical detail: smoke tint showing liquid. Setting surface: textured slate sample board. Lighting: split soft key and gentle bounce. Camera: circular arc that never fully completes. No abstract shapes, no glass orbs, no crystal balls, no surreal spheres, no CGI blobs, no nebula, no galaxies, no fantasy energy, no particle portals, no impossible geometry, no melting objects, no dreamscape, no people, no faces, no hands, no bare skin, no needles penetrating skin, no injection act, no clinic patient scene, no gym, no lifestyle, no wellness claims, no nicknames, no supplements aesthetic. Quality: ultra detailed, extremely detailed, hyper-detailed, razor sharp focus, tack sharp, crystal clear, ultra sharp, 8k resolution, photorealistic, hyperrealistic, ultra realistic, HDR. creation motif 278/500 · LAB-278. Keep product identity and any on-screen research typography sharp and unchanged. For laboratory research use only. Not for human use or consumption.",Active,0,
PBVita-Lab-279,279,LAB-279,research_pens,research pen docked in display stand prop,stand is display only,"research pen docked in display stand prop on soft gray seamless paper backdrop, high-key seamless catalog lighting, vertical rise from base to label",12,"ultra detailed, extremely detailed, hyper-detailed, razor sharp focus, tack sharp, crystal clear, ultra sharp, 8k resolution, photorealistic, hyperrealistic, ultra realistic, HDR",9:16,8,1080p,grok-imagine-image-quality,grok-imagine-video-1.5,2k,"Photoreal vertical 9:16 Palm Beach Vitality laboratory research catalog film, chemical research material only, premium American research aesthetic. PRIMARY SUBJECT (must be clearly recognizable, real laboratory object, sharp and centered): research pen docked in display stand prop. Physical detail: stand is display only. Setting surface: soft gray seamless paper backdrop. Lighting: high-key seamless catalog lighting. Camera: vertical rise from base to label. No abstract shapes, no glass orbs, no crystal balls, no surreal spheres, no CGI blobs, no nebula, no galaxies, no fantasy energy, no particle portals, no impossible geometry, no melting objects, no dreamscape, no people, no faces, no hands, no bare skin, no needles penetrating skin, no injection act, no clinic patient scene, no gym, no lifestyle, no wellness claims, no nicknames, no supplements aesthetic. Quality: ultra detailed, extremely detailed, hyper-detailed, razor sharp focus, tack sharp, crystal clear, ultra sharp, 8k resolution, photorealistic, hyperrealistic, ultra realistic, HDR. creation motif 279/500 · LAB-279. Keep product identity and any on-screen research typography sharp and unchanged. For laboratory research use only. Not for human use or consumption.",Active,0,
PBVita-Lab-280,280,LAB-280,research_pens,research pen beside torque-test fixture,QA fixture and pen,"research pen beside torque-test fixture on anodized aluminum tray, low-key selective highlight on glass edges, fast resolve into locked hero frame",12,"ultra detailed, extremely detailed, hyper-detailed, razor sharp focus, tack sharp, crystal clear, ultra sharp, 8k resolution, photorealistic, hyperrealistic, ultra realistic, HDR",9:16,8,1080p,grok-imagine-image-quality,grok-imagine-video-1.5,2k,"Photoreal vertical 9:16 Palm Beach Vitality laboratory research catalog film, chemical research material only, premium American research aesthetic. PRIMARY SUBJECT (must be clearly recognizable, real laboratory object, sharp and centered): research pen beside torque-test fixture. Physical detail: QA fixture and pen. Setting surface: anodized aluminum tray. Lighting: low-key selective highlight on glass edges. Camera: fast resolve into locked hero frame. No abstract shapes, no glass orbs, no crystal balls, no surreal spheres, no CGI blobs, no nebula, no galaxies, no fantasy energy, no particle portals, no impossible geometry, no melting objects, no dreamscape, no people, no faces, no hands, no bare skin, no needles penetrating skin, no injection act, no clinic patient scene, no gym, no lifestyle, no wellness claims, no nicknames, no supplements aesthetic. Quality: ultra detailed, extremely detailed, hyper-detailed, razor sharp focus, tack sharp, crystal clear, ultra sharp, 8k resolution, photorealistic, hyperrealistic, ultra realistic, HDR. creation motif 280/500 · LAB-280. Keep product identity and any on-screen research typography sharp and unchanged. For laboratory research use only. Not for human use or consumption.",Active,0,
PBVita-Lab-281,281,LAB-281,research_pens,research pen clip detail macro,metal clip extreme macro,"research pen clip detail macro on polished black reflective acrylic, soft rim light from behind, slow 360 degree orbit at eye level",12,"ultra detailed, extremely detailed, hyper-detailed, razor sharp focus, tack sharp, crystal clear, ultra sharp, 8k resolution, photorealistic, hyperrealistic, ultra realistic, HDR",9:16,8,1080p,grok-imagine-image-quality,grok-imagine-video-1.5,2k,"Photoreal vertical 9:16 Palm Beach Vitality laboratory research catalog film, chemical research material only, premium American research aesthetic. PRIMARY SUBJECT (must be clearly recognizable, real laboratory object, sharp and centered): research pen clip detail macro. Physical detail: metal clip extreme macro. Setting surface: polished black reflective acrylic. Lighting: soft rim light from behind. Camera: slow 360 degree orbit at eye level. No abstract shapes, no glass orbs, no crystal balls, no surreal spheres, no CGI blobs, no nebula, no galaxies, no fantasy energy, no particle portals, no impossible geometry, no melting objects, no dreamscape, no people, no faces, no hands, no bare skin, no needles penetrating skin, no injection act, no clinic patient scene, no gym, no lifestyle, no wellness claims, no nicknames, no supplements aesthetic. Quality: ultra detailed, extremely detailed, hyper-detailed, razor sharp focus, tack sharp, crystal clear, ultra sharp, 8k resolution, photorealistic, hyperrealistic, ultra realistic, HDR. creation motif 281/500 · LAB-281. Keep product identity and any on-screen research typography sharp and unchanged. For laboratory research use only. Not for human use or consumption.",Active,0,
PBVita-Lab-282,282,LAB-282,research_pens,research pen rubber grip section macro,grip texture,"research pen rubber grip section macro on matte pure white infinity surface, cool clinical blue-white LED, extreme macro push-in",12,"ultra detailed, extremely detailed, hyper-detailed, razor sharp focus, tack sharp, crystal clear, ultra sharp, 8k resolution, photorealistic, hyperrealistic, ultra realistic, HDR",9:16,8,1080p,grok-imagine-image-quality,grok-imagine-video-1.5,2k,"Photoreal vertical 9:16 Palm Beach Vitality laboratory research catalog film, chemical research material only, premium American research aesthetic. PRIMARY SUBJECT (must be clearly recognizable, real laboratory object, sharp and centered): research pen rubber grip section macro. Physical detail: grip texture. Setting surface: matte pure white infinity surface. Lighting: cool clinical blue-white LED. Camera: extreme macro push-in. No abstract shapes, no glass orbs, no crystal balls, no surreal spheres, no CGI blobs, no nebula, no galaxies, no fantasy energy, no particle portals, no impossible geometry, no melting objects, no dreamscape, no people, no faces, no hands, no bare skin, no needles penetrating skin, no injection act, no clinic patient scene, no gym, no lifestyle, no wellness claims, no nicknames, no supplements aesthetic. Quality: ultra detailed, extremely detailed, hyper-detailed, razor sharp focus, tack sharp, crystal clear, ultra sharp, 8k resolution, photorealistic, hyperrealistic, ultra realistic, HDR. creation motif 282/500 · LAB-282. Keep product identity and any on-screen research typography sharp and unchanged. For laboratory research use only. Not for human use or consumption.",Active,0,
PBVita-Lab-283,283,LAB-283,research_pens,research pen dial click collar engraved,collar engraving,"research pen dial click collar engraved on brushed stainless steel lab bench, single hard key light with controlled fill, gentle top-down descending move",12,"ultra detailed, extremely detailed, hyper-detailed, razor sharp focus, tack sharp, crystal clear, ultra sharp, 8k resolution, photorealistic, hyperrealistic, ultra realistic, HDR",9:16,8,1080p,grok-imagine-image-quality,grok-imagine-video-1.5,2k,"Photoreal vertical 9:16 Palm Beach Vitality laboratory research catalog film, chemical research material only, premium American research aesthetic. PRIMARY SUBJECT (must be clearly recognizable, real laboratory object, sharp and centered): research pen dial click collar engraved. Physical detail: collar engraving. Setting surface: brushed stainless steel lab bench. Lighting: single hard key light with controlled fill. Camera: gentle top-down descending move. No abstract shapes, no glass orbs, no crystal balls, no surreal spheres, no CGI blobs, no nebula, no galaxies, no fantasy energy, no particle portals, no impossible geometry, no melting objects, no dreamscape, no people, no faces, no hands, no bare skin, no needles penetrating skin, no injection act, no clinic patient scene, no gym, no lifestyle, no wellness claims, no nicknames, no supplements aesthetic. Quality: ultra detailed, extremely detailed, hyper-detailed, razor sharp focus, tack sharp, crystal clear, ultra sharp, 8k resolution, photorealistic, hyperrealistic, ultra realistic, HDR. creation motif 283/500 · LAB-283. Keep product identity and any on-screen research typography sharp and unchanged. For laboratory research use only. Not for human use or consumption.",Active,0,
PBVita-Lab-284,284,LAB-284,research_pens,research pen in vertical acrylic tower,tower display,"research pen in vertical acrylic tower on dark charcoal epoxy resin countertop, soft overhead softbox, even catalog lighting, locked tripod hero frame with subtle push",12,"ultra detailed, extremely detailed, hyper-detailed, razor sharp focus, tack sharp, crystal clear, ultra sharp, 8k resolution, photorealistic, hyperrealistic, ultra realistic, HDR",9:16,8,1080p,grok-imagine-image-quality,grok-imagine-video-1.5,2k,"Photoreal vertical 9:16 Palm Beach Vitality laboratory research catalog film, chemical research material only, premium American research aesthetic. PRIMARY SUBJECT (must be clearly recognizable, real laboratory object, sharp and centered): research pen in vertical acrylic tower. Physical detail: tower display. Setting surface: dark charcoal epoxy resin countertop. Lighting: soft overhead softbox, even catalog lighting. Camera: locked tripod hero frame with subtle push. No abstract shapes, no glass orbs, no crystal balls, no surreal spheres, no CGI blobs, no nebula, no galaxies, no fantasy energy, no particle portals, no impossible geometry, no melting objects, no dreamscape, no people, no faces, no hands, no bare skin, no needles penetrating skin, no injection act, no clinic patient scene, no gym, no lifestyle, no wellness claims, no nicknames, no supplements aesthetic. Quality: ultra detailed, extremely detailed, hyper-detailed, razor sharp focus, tack sharp, crystal clear, ultra sharp, 8k resolution, photorealistic, hyperrealistic, ultra realistic, HDR. creation motif 284/500 · LAB-284. Keep product identity and any on-screen research typography sharp and unchanged. For laboratory research use only. Not for human use or consumption.",Active,0,
PBVita-Lab-285,285,LAB-285,research_pens,research pen kit tin open,metal tin packaging,"research pen kit tin open on cool gray ceramic tile, warm neutral side light, still clinical, low angle tracking slide",12,"ultra detailed, extremely detailed, hyper-detailed, razor sharp focus, tack sharp, crystal clear, ultra sharp, 8k resolution, photorealistic, hyperrealistic, ultra realistic, HDR",9:16,8,1080p,grok-imagine-image-quality,grok-imagine-video-1.5,2k,"Photoreal vertical 9:16 Palm Beach Vitality laboratory research catalog film, chemical research material only, premium American research aesthetic. PRIMARY SUBJECT (must be clearly recognizable, real laboratory object, sharp and centered): research pen kit tin open. Physical detail: metal tin packaging. Setting surface: cool gray ceramic tile. Lighting: warm neutral side light, still clinical. Camera: low angle tracking slide. No abstract shapes, no glass orbs, no crystal balls, no surreal spheres, no CGI blobs, no nebula, no galaxies, no fantasy energy, no particle portals, no impossible geometry, no melting objects, no dreamscape, no people, no faces, no hands, no bare skin, no needles penetrating skin, no injection act, no clinic patient scene, no gym, no lifestyle, no wellness claims, no nicknames, no supplements aesthetic. Quality: ultra detailed, extremely detailed, hyper-detailed, razor sharp focus, tack sharp, crystal clear, ultra sharp, 8k resolution, photorealistic, hyperrealistic, ultra realistic, HDR. creation motif 285/500 · LAB-285. Keep product identity and any on-screen research typography sharp and unchanged. For laboratory research use only. Not for human use or consumption.",Active,0,
PBVita-Lab-286,286,LAB-286,research_pens,research pen with spare cartridge pair,two cartridges aligned,"research pen with spare cartridge pair on mirrored chrome instrument tray, split soft key and gentle bounce, circular arc that never fully completes",12,"ultra detailed, extremely detailed, hyper-detailed, razor sharp focus, tack sharp, crystal clear, ultra sharp, 8k resolution, photorealistic, hyperrealistic, ultra realistic, HDR",9:16,8,1080p,grok-imagine-image-quality,grok-imagine-video-1.5,2k,"Photoreal vertical 9:16 Palm Beach Vitality laboratory research catalog film, chemical research material only, premium American research aesthetic. PRIMARY SUBJECT (must be clearly recognizable, real laboratory object, sharp and centered): research pen with spare cartridge pair. Physical detail: two cartridges aligned. Setting surface: mirrored chrome instrument tray. Lighting: split soft key and gentle bounce. Camera: circular arc that never fully completes. No abstract shapes, no glass orbs, no crystal balls, no surreal spheres, no CGI blobs, no nebula, no galaxies, no fantasy energy, no particle portals, no impossible geometry, no melting objects, no dreamscape, no people, no faces, no hands, no bare skin, no needles penetrating skin, no injection act, no clinic patient scene, no gym, no lifestyle, no wellness claims, no nicknames, no supplements aesthetic. Quality: ultra detailed, extremely detailed, hyper-detailed, razor sharp focus, tack sharp, crystal clear, ultra sharp, 8k resolution, photorealistic, hyperrealistic, ultra realistic, HDR. creation motif 286/500 · LAB-286. Keep product identity and any on-screen research typography sharp and unchanged. For laboratory research use only. Not for human use or consumption.",Active,0,
PBVita-Lab-287,287,LAB-287,research_pens,research pen under polarizing light tent,soft tent lighting product,"research pen under polarizing light tent on white melamine cleanroom table, high-key seamless catalog lighting, vertical rise from base to label",12,"ultra detailed, extremely detailed, hyper-detailed, razor sharp focus, tack sharp, crystal clear, ultra sharp, 8k resolution, photorealistic, hyperrealistic, ultra realistic, HDR",9:16,8,1080p,grok-imagine-image-quality,grok-imagine-video-1.5,2k,"Photoreal vertical 9:16 Palm Beach Vitality laboratory research catalog film, chemical research material only, premium American research aesthetic. PRIMARY SUBJECT (must be clearly recognizable, real laboratory object, sharp and centered): research pen under polarizing light tent. Physical detail: soft tent lighting product. Setting surface: white melamine cleanroom table. Lighting: high-key seamless catalog lighting. Camera: vertical rise from base to label. No abstract shapes, no glass orbs, no crystal balls, no surreal spheres, no CGI blobs, no nebula, no galaxies, no fantasy energy, no particle portals, no impossible geometry, no melting objects, no dreamscape, no people, no faces, no hands, no bare skin, no needles penetrating skin, no injection act, no clinic patient scene, no gym, no lifestyle, no wellness claims, no nicknames, no supplements aesthetic. Quality: ultra detailed, extremely detailed, hyper-detailed, razor sharp focus, tack sharp, crystal clear, ultra sharp, 8k resolution, photorealistic, hyperrealistic, ultra realistic, HDR. creation motif 287/500 · LAB-287. Keep product identity and any on-screen research typography sharp and unchanged. For laboratory research use only. Not for human use or consumption.",Active,0,
PBVita-Lab-288,288,LAB-288,research_pens,research pen on carbon-fiber sample plate,tech plate surface,"research pen on carbon-fiber sample plate on textured slate sample board, low-key selective highlight on glass edges, fast resolve into locked hero frame",12,"ultra detailed, extremely detailed, hyper-detailed, razor sharp focus, tack sharp, crystal clear, ultra sharp, 8k resolution, photorealistic, hyperrealistic, ultra realistic, HDR",9:16,8,1080p,grok-imagine-image-quality,grok-imagine-video-1.5,2k,"Photoreal vertical 9:16 Palm Beach Vitality laboratory research catalog film, chemical research material only, premium American research aesthetic. PRIMARY SUBJECT (must be clearly recognizable, real laboratory object, sharp and centered): research pen on carbon-fiber sample plate. Physical detail: tech plate surface. Setting surface: textured slate sample board. Lighting: low-key selective highlight on glass edges. Camera: fast resolve into locked hero frame. No abstract shapes, no glass orbs, no crystal balls, no surreal spheres, no CGI blobs, no nebula, no galaxies, no fantasy energy, no particle portals, no impossible geometry, no melting objects, no dreamscape, no people, no faces, no hands, no bare skin, no needles penetrating skin, no injection act, no clinic patient scene, no gym, no lifestyle, no wellness claims, no nicknames, no supplements aesthetic. Quality: ultra detailed, extremely detailed, hyper-detailed, razor sharp focus, tack sharp, crystal clear, ultra sharp, 8k resolution, photorealistic, hyperrealistic, ultra realistic, HDR. creation motif 288/500 · LAB-288. Keep product identity and any on-screen research typography sharp and unchanged. For laboratory research use only. Not for human use or consumption.",Active,0,
PBVita-Lab-289,289,LAB-289,research_pens,research pen tip-cap forest green,color-coded tip cap,"research pen tip-cap forest green on soft gray seamless paper backdrop, soft rim light from behind, slow 360 degree orbit at eye level",12,"ultra detailed, extremely detailed, hyper-detailed, razor sharp focus, tack sharp, crystal clear, ultra sharp, 8k resolution, photorealistic, hyperrealistic, ultra realistic, HDR",9:16,8,1080p,grok-imagine-image-quality,grok-imagine-video-1.5,2k,"Photoreal vertical 9:16 Palm Beach Vitality laboratory research catalog film, chemical research material only, premium American research aesthetic. PRIMARY SUBJECT (must be clearly recognizable, real laboratory object, sharp and centered): research pen tip-cap forest green. Physical detail: color-coded tip cap. Setting surface: soft gray seamless paper backdrop. Lighting: soft rim light from behind. Camera: slow 360 degree orbit at eye level. No abstract shapes, no glass orbs, no crystal balls, no surreal spheres, no CGI blobs, no nebula, no galaxies, no fantasy energy, no particle portals, no impossible geometry, no melting objects, no dreamscape, no people, no faces, no hands, no bare skin, no needles penetrating skin, no injection act, no clinic patient scene, no gym, no lifestyle, no wellness claims, no nicknames, no supplements aesthetic. Quality: ultra detailed, extremely detailed, hyper-detailed, razor sharp focus, tack sharp, crystal clear, ultra sharp, 8k resolution, photorealistic, hyperrealistic, ultra realistic, HDR. creation motif 289/500 · LAB-289. Keep product identity and any on-screen research typography sharp and unchanged. For laboratory research use only. Not for human use or consumption.",Active,0,
PBVita-Lab-290,290,LAB-290,research_pens,research pen body disassembled halves,"two housing halves, no sharps","research pen body disassembled halves on anodized aluminum tray, cool clinical blue-white LED, extreme macro push-in",12,"ultra detailed, extremely detailed, hyper-detailed, razor sharp focus, tack sharp, crystal clear, ultra sharp, 8k resolution, photorealistic, hyperrealistic, ultra realistic, HDR",9:16,8,1080p,grok-imagine-image-quality,grok-imagine-video-1.5,2k,"Photoreal vertical 9:16 Palm Beach Vitality laboratory research catalog film, chemical research material only, premium American research aesthetic. PRIMARY SUBJECT (must be clearly recognizable, real laboratory object, sharp and centered): research pen body disassembled halves. Physical detail: two housing halves, no sharps. Setting surface: anodized aluminum tray. Lighting: cool clinical blue-white LED. Camera: extreme macro push-in. No abstract shapes, no glass orbs, no crystal balls, no surreal spheres, no CGI blobs, no nebula, no galaxies, no fantasy energy, no particle portals, no impossible geometry, no melting objects, no dreamscape, no people, no faces, no hands, no bare skin, no needles penetrating skin, no injection act, no clinic patient scene, no gym, no lifestyle, no wellness claims, no nicknames, no supplements aesthetic. Quality: ultra detailed, extremely detailed, hyper-detailed, razor sharp focus, tack sharp, crystal clear, ultra sharp, 8k resolution, photorealistic, hyperrealistic, ultra realistic, HDR. creation motif 290/500 · LAB-290. Keep product identity and any on-screen research typography sharp and unchanged. For laboratory research use only. Not for human use or consumption.",Active,0,
PBVita-Lab-291,291,LAB-291,research_pens,research pen with serialized sticker blank,blank serial panel,"research pen with serialized sticker blank on polished black reflective acrylic, single hard key light with controlled fill, gentle top-down descending move",12,"ultra detailed, extremely detailed, hyper-detailed, razor sharp focus, tack sharp, crystal clear, ultra sharp, 8k resolution, photorealistic, hyperrealistic, ultra realistic, HDR",9:16,8,1080p,grok-imagine-image-quality,grok-imagine-video-1.5,2k,"Photoreal vertical 9:16 Palm Beach Vitality laboratory research catalog film, chemical research material only, premium American research aesthetic. PRIMARY SUBJECT (must be clearly recognizable, real laboratory object, sharp and centered): research pen with serialized sticker blank. Physical detail: blank serial panel. Setting surface: polished black reflective acrylic. Lighting: single hard key light with controlled fill. Camera: gentle top-down descending move. No abstract shapes, no glass orbs, no crystal balls, no surreal spheres, no CGI blobs, no nebula, no galaxies, no fantasy energy, no particle portals, no impossible geometry, no melting objects, no dreamscape, no people, no faces, no hands, no bare skin, no needles penetrating skin, no injection act, no clinic patient scene, no gym, no lifestyle, no wellness claims, no nicknames, no supplements aesthetic. Quality: ultra detailed, extremely detailed, hyper-detailed, razor sharp focus, tack sharp, crystal clear, ultra sharp, 8k resolution, photorealistic, hyperrealistic, ultra realistic, HDR. creation motif 291/500 · LAB-291. Keep product identity and any on-screen research typography sharp and unchanged. For laboratory research use only. Not for human use or consumption.",Active,0,
PBVita-Lab-292,292,LAB-292,research_pens,research pen in velvet-lined evaluation box,evaluation kit box,"research pen in velvet-lined evaluation box on matte pure white infinity surface, soft overhead softbox, even catalog lighting, locked tripod hero frame with subtle push",12,"ultra detailed, extremely detailed, hyper-detailed, razor sharp focus, tack sharp, crystal clear, ultra sharp, 8k resolution, photorealistic, hyperrealistic, ultra realistic, HDR",9:16,8,1080p,grok-imagine-image-quality,grok-imagine-video-1.5,2k,"Photoreal vertical 9:16 Palm Beach Vitality laboratory research catalog film, chemical research material only, premium American research aesthetic. PRIMARY SUBJECT (must be clearly recognizable, real laboratory object, sharp and centered): research pen in velvet-lined evaluation box. Physical detail: evaluation kit box. Setting surface: matte pure white infinity surface. Lighting: soft overhead softbox, even catalog lighting. Camera: locked tripod hero frame with subtle push. No abstract shapes, no glass orbs, no crystal balls, no surreal spheres, no CGI blobs, no nebula, no galaxies, no fantasy energy, no particle portals, no impossible geometry, no melting objects, no dreamscape, no people, no faces, no hands, no bare skin, no needles penetrating skin, no injection act, no clinic patient scene, no gym, no lifestyle, no wellness claims, no nicknames, no supplements aesthetic. Quality: ultra detailed, extremely detailed, hyper-detailed, razor sharp focus, tack sharp, crystal clear, ultra sharp, 8k resolution, photorealistic, hyperrealistic, ultra realistic, HDR. creation motif 292/500 · LAB-292. Keep product identity and any on-screen research typography sharp and unchanged. For laboratory research use only. Not for human use or consumption.",Active,0,
PBVita-Lab-293,293,LAB-293,research_pens,research pen silhouette against soft gradient gray,catalog silhouette,"research pen silhouette against soft gradient gray on brushed stainless steel lab bench, warm neutral side light, still clinical, low angle tracking slide",12,"ultra detailed, extremely detailed, hyper-detailed, razor sharp focus, tack sharp, crystal clear, ultra sharp, 8k resolution, photorealistic, hyperrealistic, ultra realistic, HDR",9:16,8,1080p,grok-imagine-image-quality,grok-imagine-video-1.5,2k,"Photoreal vertical 9:16 Palm Beach Vitality laboratory research catalog film, chemical research material only, premium American research aesthetic. PRIMARY SUBJECT (must be clearly recognizable, real laboratory object, sharp and centered): research pen silhouette against soft gradient gray. Physical detail: catalog silhouette. Setting surface: brushed stainless steel lab bench. Lighting: warm neutral side light, still clinical. Camera: low angle tracking slide. No abstract shapes, no glass orbs, no crystal balls, no surreal spheres, no CGI blobs, no nebula, no galaxies, no fantasy energy, no particle portals, no impossible geometry, no melting objects, no dreamscape, no people, no faces, no hands, no bare skin, no needles penetrating skin, no injection act, no clinic patient scene, no gym, no lifestyle, no wellness claims, no nicknames, no supplements aesthetic. Quality: ultra detailed, extremely detailed, hyper-detailed, razor sharp focus, tack sharp, crystal clear, ultra sharp, 8k resolution, photorealistic, hyperrealistic, ultra realistic, HDR. creation motif 293/500 · LAB-293. Keep product identity and any on-screen research typography sharp and unchanged. For laboratory research use only. Not for human use or consumption.",Active,0,
PBVita-Lab-294,294,LAB-294,research_pens,research pen next to thickness gauge,metrology still,"research pen next to thickness gauge on dark charcoal epoxy resin countertop, split soft key and gentle bounce, circular arc that never fully completes",12,"ultra detailed, extremely detailed, hyper-detailed, razor sharp focus, tack sharp, crystal clear, ultra sharp, 8k resolution, photorealistic, hyperrealistic, ultra realistic, HDR",9:16,8,1080p,grok-imagine-image-quality,grok-imagine-video-1.5,2k,"Photoreal vertical 9:16 Palm Beach Vitality laboratory research catalog film, chemical research material only, premium American research aesthetic. PRIMARY SUBJECT (must be clearly recognizable, real laboratory object, sharp and centered): research pen next to thickness gauge. Physical detail: metrology still. Setting surface: dark charcoal epoxy resin countertop. Lighting: split soft key and gentle bounce. Camera: circular arc that never fully completes. No abstract shapes, no glass orbs, no crystal balls, no surreal spheres, no CGI blobs, no nebula, no galaxies, no fantasy energy, no particle portals, no impossible geometry, no melting objects, no dreamscape, no people, no faces, no hands, no bare skin, no needles penetrating skin, no injection act, no clinic patient scene, no gym, no lifestyle, no wellness claims, no nicknames, no supplements aesthetic. Quality: ultra detailed, extremely detailed, hyper-detailed, razor sharp focus, tack sharp, crystal clear, ultra sharp, 8k resolution, photorealistic, hyperrealistic, ultra realistic, HDR. creation motif 294/500 · LAB-294. Keep product identity and any on-screen research typography sharp and unchanged. For laboratory research use only. Not for human use or consumption.",Active,0,
PBVita-Lab-295,295,LAB-295,research_pens,research pen capped and uncapped twins,pair showing both states,"research pen capped and uncapped twins on cool gray ceramic tile, high-key seamless catalog lighting, vertical rise from base to label",12,"ultra detailed, extremely detailed, hyper-detailed, razor sharp focus, tack sharp, crystal clear, ultra sharp, 8k resolution, photorealistic, hyperrealistic, ultra realistic, HDR",9:16,8,1080p,grok-imagine-image-quality,grok-imagine-video-1.5,2k,"Photoreal vertical 9:16 Palm Beach Vitality laboratory research catalog film, chemical research material only, premium American research aesthetic. PRIMARY SUBJECT (must be clearly recognizable, real laboratory object, sharp and centered): research pen capped and uncapped twins. Physical detail: pair showing both states. Setting surface: cool gray ceramic tile. Lighting: high-key seamless catalog lighting. Camera: vertical rise from base to label. No abstract shapes, no glass orbs, no crystal balls, no surreal spheres, no CGI blobs, no nebula, no galaxies, no fantasy energy, no particle portals, no impossible geometry, no melting objects, no dreamscape, no people, no faces, no hands, no bare skin, no needles penetrating skin, no injection act, no clinic patient scene, no gym, no lifestyle, no wellness claims, no nicknames, no supplements aesthetic. Quality: ultra detailed, extremely detailed, hyper-detailed, razor sharp focus, tack sharp, crystal clear, ultra sharp, 8k resolution, photorealistic, hyperrealistic, ultra realistic, HDR. creation motif 295/500 · LAB-295. Keep product identity and any on-screen research typography sharp and unchanged. For laboratory research use only. Not for human use or consumption.",Active,0,
PBVita-Lab-296,296,LAB-296,research_pens,compact research pen titanium-look shell,metallic shell,"compact research pen titanium-look shell on mirrored chrome instrument tray, low-key selective highlight on glass edges, fast resolve into locked hero frame",12,"ultra detailed, extremely detailed, hyper-detailed, razor sharp focus, tack sharp, crystal clear, ultra sharp, 8k resolution, photorealistic, hyperrealistic, ultra realistic, HDR",9:16,8,1080p,grok-imagine-image-quality,grok-imagine-video-1.5,2k,"Photoreal vertical 9:16 Palm Beach Vitality laboratory research catalog film, chemical research material only, premium American research aesthetic. PRIMARY SUBJECT (must be clearly recognizable, real laboratory object, sharp and centered): compact research pen titanium-look shell. Physical detail: metallic shell. Setting surface: mirrored chrome instrument tray. Lighting: low-key selective highlight on glass edges. Camera: fast resolve into locked hero frame. No abstract shapes, no glass orbs, no crystal balls, no surreal spheres, no CGI blobs, no nebula, no galaxies, no fantasy energy, no particle portals, no impossible geometry, no melting objects, no dreamscape, no people, no faces, no hands, no bare skin, no needles penetrating skin, no injection act, no clinic patient scene, no gym, no lifestyle, no wellness claims, no nicknames, no supplements aesthetic. Quality: ultra detailed, extremely detailed, hyper-detailed, razor sharp focus, tack sharp, crystal clear, ultra sharp, 8k resolution, photorealistic, hyperrealistic, ultra realistic, HDR. creation motif 296/500 · LAB-296. Keep product identity and any on-screen research typography sharp and unchanged. For laboratory research use only. Not for human use or consumption.",Active,0,
PBVita-Lab-297,297,LAB-297,research_pens,research pen with soft-touch overmold,overmold texture,"research pen with soft-touch overmold on white melamine cleanroom table, soft rim light from behind, slow 360 degree orbit at eye level",12,"ultra detailed, extremely detailed, hyper-detailed, razor sharp focus, tack sharp, crystal clear, ultra sharp, 8k resolution, photorealistic, hyperrealistic, ultra realistic, HDR",9:16,8,1080p,grok-imagine-image-quality,grok-imagine-video-1.5,2k,"Photoreal vertical 9:16 Palm Beach Vitality laboratory research catalog film, chemical research material only, premium American research aesthetic. PRIMARY SUBJECT (must be clearly recognizable, real laboratory object, sharp and centered): research pen with soft-touch overmold. Physical detail: overmold texture. Setting surface: white melamine cleanroom table. Lighting: soft rim light from behind. Camera: slow 360 degree orbit at eye level. No abstract shapes, no glass orbs, no crystal balls, no surreal spheres, no CGI blobs, no nebula, no galaxies, no fantasy energy, no particle portals, no impossible geometry, no melting objects, no dreamscape, no people, no faces, no hands, no bare skin, no needles penetrating skin, no injection act, no clinic patient scene, no gym, no lifestyle, no wellness claims, no nicknames, no supplements aesthetic. Quality: ultra detailed, extremely detailed, hyper-detailed, razor sharp focus, tack sharp, crystal clear, ultra sharp, 8k resolution, photorealistic, hyperrealistic, ultra realistic, HDR. creation motif 297/500 · LAB-297. Keep product identity and any on-screen research typography sharp and unchanged. For laboratory research use only. Not for human use or consumption.",Active,0,
PBVita-Lab-298,298,LAB-298,research_pens,research pen window showing piston position,piston visible,"research pen window showing piston position on textured slate sample board, cool clinical blue-white LED, extreme macro push-in",12,"ultra detailed, extremely detailed, hyper-detailed, razor sharp focus, tack sharp, crystal clear, ultra sharp, 8k resolution, photorealistic, hyperrealistic, ultra realistic, HDR",9:16,8,1080p,grok-imagine-image-quality,grok-imagine-video-1.5,2k,"Photoreal vertical 9:16 Palm Beach Vitality laboratory research catalog film, chemical research material only, premium American research aesthetic. PRIMARY SUBJECT (must be clearly recognizable, real laboratory object, sharp and centered): research pen window showing piston position. Physical detail: piston visible. Setting surface: textured slate sample board. Lighting: cool clinical blue-white LED. Camera: extreme macro push-in. No abstract shapes, no glass orbs, no crystal balls, no surreal spheres, no CGI blobs, no nebula, no galaxies, no fantasy energy, no particle portals, no impossible geometry, no melting objects, no dreamscape, no people, no faces, no hands, no bare skin, no needles penetrating skin, no injection act, no clinic patient scene, no gym, no lifestyle, no wellness claims, no nicknames, no supplements aesthetic. Quality: ultra detailed, extremely detailed, hyper-detailed, razor sharp focus, tack sharp, crystal clear, ultra sharp, 8k resolution, photorealistic, hyperrealistic, ultra realistic, HDR. creation motif 298/500 · LAB-298. Keep product identity and any on-screen research typography sharp and unchanged. For laboratory research use only. Not for human use or consumption.",Active,0,
PBVita-Lab-299,299,LAB-299,research_pens,research pen on linen lab wipe folded,wipe as surface,"research pen on linen lab wipe folded on soft gray seamless paper backdrop, single hard key light with controlled fill, gentle top-down descending move",12,"ultra detailed, extremely detailed, hyper-detailed, razor sharp focus, tack sharp, crystal clear, ultra sharp, 8k resolution, photorealistic, hyperrealistic, ultra realistic, HDR",9:16,8,1080p,grok-imagine-image-quality,grok-imagine-video-1.5,2k,"Photoreal vertical 9:16 Palm Beach Vitality laboratory research catalog film, chemical research material only, premium American research aesthetic. PRIMARY SUBJECT (must be clearly recognizable, real laboratory object, sharp and centered): research pen on linen lab wipe folded. Physical detail: wipe as surface. Setting surface: soft gray seamless paper backdrop. Lighting: single hard key light with controlled fill. Camera: gentle top-down descending move. No abstract shapes, no glass orbs, no crystal balls, no surreal spheres, no CGI blobs, no nebula, no galaxies, no fantasy energy, no particle portals, no impossible geometry, no melting objects, no dreamscape, no people, no faces, no hands, no bare skin, no needles penetrating skin, no injection act, no clinic patient scene, no gym, no lifestyle, no wellness claims, no nicknames, no supplements aesthetic. Quality: ultra detailed, extremely detailed, hyper-detailed, razor sharp focus, tack sharp, crystal clear, ultra sharp, 8k resolution, photorealistic, hyperrealistic, ultra realistic, HDR. creation motif 299/500 · LAB-299. Keep product identity and any on-screen research typography sharp and unchanged. For laboratory research use only. Not for human use or consumption.",Active,0,
PBVita-Lab-300,300,LAB-300,research_pens,research pen aligned to ruler for scale,scale reference,"research pen aligned to ruler for scale on anodized aluminum tray, soft overhead softbox, even catalog lighting, locked tripod hero frame with subtle push",12,"ultra detailed, extremely detailed, hyper-detailed, razor sharp focus, tack sharp, crystal clear, ultra sharp, 8k resolution, photorealistic, hyperrealistic, ultra realistic, HDR",9:16,8,1080p,grok-imagine-image-quality,grok-imagine-video-1.5,2k,"Photoreal vertical 9:16 Palm Beach Vitality laboratory research catalog film, chemical research material only, premium American research aesthetic. PRIMARY SUBJECT (must be clearly recognizable, real laboratory object, sharp and centered): research pen aligned to ruler for scale. Physical detail: scale reference. Setting surface: anodized aluminum tray. Lighting: soft overhead softbox, even catalog lighting. Camera: locked tripod hero frame with subtle push. No abstract shapes, no glass orbs, no crystal balls, no surreal spheres, no CGI blobs, no nebula, no galaxies, no fantasy energy, no particle portals, no impossible geometry, no melting objects, no dreamscape, no people, no faces, no hands, no bare skin, no needles penetrating skin, no injection act, no clinic patient scene, no gym, no lifestyle, no wellness claims, no nicknames, no supplements aesthetic. Quality: ultra detailed, extremely detailed, hyper-detailed, razor sharp focus, tack sharp, crystal clear, ultra sharp, 8k resolution, photorealistic, hyperrealistic, ultra realistic, HDR. creation motif 300/500 · LAB-300. Keep product identity and any on-screen research typography sharp and unchanged. For laboratory research use only. Not for human use or consumption.",Active,0,
PBVita-Lab-301,301,LAB-301,glassware,Schlenk flask with side arm stopcock,airfree glassware,"Schlenk flask with side arm stopcock on polished black reflective acrylic, warm neutral side light, still clinical, low angle tracking slide",12,"ultra detailed, extremely detailed, hyper-detailed, razor sharp focus, tack sharp, crystal clear, ultra sharp, 8k resolution, photorealistic, hyperrealistic, ultra realistic, HDR",9:16,8,1080p,grok-imagine-image-quality,grok-imagine-video-1.5,2k,"Photoreal vertical 9:16 Palm Beach Vitality laboratory research catalog film, chemical research material only, premium American research aesthetic. PRIMARY SUBJECT (must be clearly recognizable, real laboratory object, sharp and centered): Schlenk flask with side arm stopcock. Physical detail: airfree glassware. Setting surface: polished black reflective acrylic. Lighting: warm neutral side light, still clinical. Camera: low angle tracking slide. No abstract shapes, no glass orbs, no crystal balls, no surreal spheres, no CGI blobs, no nebula, no galaxies, no fantasy energy, no particle portals, no impossible geometry, no melting objects, no dreamscape, no people, no faces, no hands, no bare skin, no needles penetrating skin, no injection act, no clinic patient scene, no gym, no lifestyle, no wellness claims, no nicknames, no supplements aesthetic. Quality: ultra detailed, extremely detailed, hyper-detailed, razor sharp focus, tack sharp, crystal clear, ultra sharp, 8k resolution, photorealistic, hyperrealistic, ultra realistic, HDR. creation motif 301/500 · LAB-301. Keep product identity and any on-screen research typography sharp and unchanged. For laboratory research use only. Not for human use or consumption.",Active,0,
PBVita-Lab-302,302,LAB-302,glassware,pear-shaped flask,recovery flask shape,"pear-shaped flask on matte pure white infinity surface, split soft key and gentle bounce, circular arc that never fully completes",12,"ultra detailed, extremely detailed, hyper-detailed, razor sharp focus, tack sharp, crystal clear, ultra sharp, 8k resolution, photorealistic, hyperrealistic, ultra realistic, HDR",9:16,8,1080p,grok-imagine-image-quality,grok-imagine-video-1.5,2k,"Photoreal vertical 9:16 Palm Beach Vitality laboratory research catalog film, chemical research material only, premium American research aesthetic. PRIMARY SUBJECT (must be clearly recognizable, real laboratory object, sharp and centered): pear-shaped flask. Physical detail: recovery flask shape. Setting surface: matte pure white infinity surface. Lighting: split soft key and gentle bounce. Camera: circular arc that never fully completes. No abstract shapes, no glass orbs, no crystal balls, no surreal spheres, no CGI blobs, no nebula, no galaxies, no fantasy energy, no particle portals, no impossible geometry, no melting objects, no dreamscape, no people, no faces, no hands, no bare skin, no needles penetrating skin, no injection act, no clinic patient scene, no gym, no lifestyle, no wellness claims, no nicknames, no supplements aesthetic. Quality: ultra detailed, extremely detailed, hyper-detailed, razor sharp focus, tack sharp, crystal clear, ultra sharp, 8k resolution, photorealistic, hyperrealistic, ultra realistic, HDR. creation motif 302/500 · LAB-302. Keep product identity and any on-screen research typography sharp and unchanged. For laboratory research use only. Not for human use or consumption.",Active,0,
PBVita-Lab-303,303,LAB-303,glassware,filter flask with ceramic Buchner funnel seated,filtration assembly dry,"filter flask with ceramic Buchner funnel seated on brushed stainless steel lab bench, high-key seamless catalog lighting, vertical rise from base to label",12,"ultra detailed, extremely detailed, hyper-detailed, razor sharp focus, tack sharp, crystal clear, ultra sharp, 8k resolution, photorealistic, hyperrealistic, ultra realistic, HDR",9:16,8,1080p,grok-imagine-image-quality,grok-imagine-video-1.5,2k,"Photoreal vertical 9:16 Palm Beach Vitality laboratory research catalog film, chemical research material only, premium American research aesthetic. PRIMARY SUBJECT (must be clearly recognizable, real laboratory object, sharp and centered): filter flask with ceramic Buchner funnel seated. Physical detail: filtration assembly dry. Setting surface: brushed stainless steel lab bench. Lighting: high-key seamless catalog lighting. Camera: vertical rise from base to label. No abstract shapes, no glass orbs, no crystal balls, no surreal spheres, no CGI blobs, no nebula, no galaxies, no fantasy energy, no particle portals, no impossible geometry, no melting objects, no dreamscape, no people, no faces, no hands, no bare skin, no needles penetrating skin, no injection act, no clinic patient scene, no gym, no lifestyle, no wellness claims, no nicknames, no supplements aesthetic. Quality: ultra detailed, extremely detailed, hyper-detailed, razor sharp focus, tack sharp, crystal clear, ultra sharp, 8k resolution, photorealistic, hyperrealistic, ultra realistic, HDR. creation motif 303/500 · LAB-303. Keep product identity and any on-screen research typography sharp and unchanged. For laboratory research use only. Not for human use or consumption.",Active,0,
PBVita-Lab-304,304,LAB-304,glassware,addition funnel graduated,dropping funnel,"addition funnel graduated on dark charcoal epoxy resin countertop, low-key selective highlight on glass edges, fast resolve into locked hero frame",12,"ultra detailed, extremely detailed, hyper-detailed, razor sharp focus, tack sharp, crystal clear, ultra sharp, 8k resolution, photorealistic, hyperrealistic, ultra realistic, HDR",9:16,8,1080p,grok-imagine-image-quality,grok-imagine-video-1.5,2k,"Photoreal vertical 9:16 Palm Beach Vitality laboratory research catalog film, chemical research material only, premium American research aesthetic. PRIMARY SUBJECT (must be clearly recognizable, real laboratory object, sharp and centered): addition funnel graduated. Physical detail: dropping funnel. Setting surface: dark charcoal epoxy resin countertop. Lighting: low-key selective highlight on glass edges. Camera: fast resolve into locked hero frame. No abstract shapes, no glass orbs, no crystal balls, no surreal spheres, no CGI blobs, no nebula, no galaxies, no fantasy energy, no particle portals, no impossible geometry, no melting objects, no dreamscape, no people, no faces, no hands, no bare skin, no needles penetrating skin, no injection act, no clinic patient scene, no gym, no lifestyle, no wellness claims, no nicknames, no supplements aesthetic. Quality: ultra detailed, extremely detailed, hyper-detailed, razor sharp focus, tack sharp, crystal clear, ultra sharp, 8k resolution, photorealistic, hyperrealistic, ultra realistic, HDR. creation motif 304/500 · LAB-304. Keep product identity and any on-screen research typography sharp and unchanged. For laboratory research use only. Not for human use or consumption.",Active,0,
PBVita-Lab-305,305,LAB-305,glassware,Claisen adapter glass,distillation adapter,"Claisen adapter glass on cool gray ceramic tile, soft rim light from behind, slow 360 degree orbit at eye level",12,"ultra detailed, extremely detailed, hyper-detailed, razor sharp focus, tack sharp, crystal clear, ultra sharp, 8k resolution, photorealistic, hyperrealistic, ultra realistic, HDR",9:16,8,1080p,grok-imagine-image-quality,grok-imagine-video-1.5,2k,"Photoreal vertical 9:16 Palm Beach Vitality laboratory research catalog film, chemical research material only, premium American research aesthetic. PRIMARY SUBJECT (must be clearly recognizable, real laboratory object, sharp and centered): Claisen adapter glass. Physical detail: distillation adapter. Setting surface: cool gray ceramic tile. Lighting: soft rim light from behind. Camera: slow 360 degree orbit at eye level. No abstract shapes, no glass orbs, no crystal balls, no surreal spheres, no CGI blobs, no nebula, no galaxies, no fantasy energy, no particle portals, no impossible geometry, no melting objects, no dreamscape, no people, no faces, no hands, no bare skin, no needles penetrating skin, no injection act, no clinic patient scene, no gym, no lifestyle, no wellness claims, no nicknames, no supplements aesthetic. Quality: ultra detailed, extremely detailed, hyper-detailed, razor sharp focus, tack sharp, crystal clear, ultra sharp, 8k resolution, photorealistic, hyperrealistic, ultra realistic, HDR. creation motif 305/500 · LAB-305. Keep product identity and any on-screen research typography sharp and unchanged. For laboratory research use only. Not for human use or consumption.",Active,0,
PBVita-Lab-306,306,LAB-306,glassware,Y-adapter vacuum,glass adapter,"Y-adapter vacuum on mirrored chrome instrument tray, cool clinical blue-white LED, extreme macro push-in",12,"ultra detailed, extremely detailed, hyper-detailed, razor sharp focus, tack sharp, crystal clear, ultra sharp, 8k resolution, photorealistic, hyperrealistic, ultra realistic, HDR",9:16,8,1080p,grok-imagine-image-quality,grok-imagine-video-1.5,2k,"Photoreal vertical 9:16 Palm Beach Vitality laboratory research catalog film, chemical research material only, premium American research aesthetic. PRIMARY SUBJECT (must be clearly recognizable, real laboratory object, sharp and centered): Y-adapter vacuum. Physical detail: glass adapter. Setting surface: mirrored chrome instrument tray. Lighting: cool clinical blue-white LED. Camera: extreme macro push-in. No abstract shapes, no glass orbs, no crystal balls, no surreal spheres, no CGI blobs, no nebula, no galaxies, no fantasy energy, no particle portals, no impossible geometry, no melting objects, no dreamscape, no people, no faces, no hands, no bare skin, no needles penetrating skin, no injection act, no clinic patient scene, no gym, no lifestyle, no wellness claims, no nicknames, no supplements aesthetic. Quality: ultra detailed, extremely detailed, hyper-detailed, razor sharp focus, tack sharp, crystal clear, ultra sharp, 8k resolution, photorealistic, hyperrealistic, ultra realistic, HDR. creation motif 306/500 · LAB-306. Keep product identity and any on-screen research typography sharp and unchanged. For laboratory research use only. Not for human use or consumption.",Active,0,
PBVita-Lab-307,307,LAB-307,glassware,cold finger condenser,cold finger form,"cold finger condenser on white melamine cleanroom table, single hard key light with controlled fill, gentle top-down descending move",12,"ultra detailed, extremely detailed, hyper-detailed, razor sharp focus, tack sharp, crystal clear, ultra sharp, 8k resolution, photorealistic, hyperrealistic, ultra realistic, HDR",9:16,8,1080p,grok-imagine-image-quality,grok-imagine-video-1.5,2k,"Photoreal vertical 9:16 Palm Beach Vitality laboratory research catalog film, chemical research material only, premium American research aesthetic. PRIMARY SUBJECT (must be clearly recognizable, real laboratory object, sharp and centered): cold finger condenser. Physical detail: cold finger form. Setting surface: white melamine cleanroom table. Lighting: single hard key light with controlled fill. Camera: gentle top-down descending move. No abstract shapes, no glass orbs, no crystal balls, no surreal spheres, no CGI blobs, no nebula, no galaxies, no fantasy energy, no particle portals, no impossible geometry, no melting objects, no dreamscape, no people, no faces, no hands, no bare skin, no needles penetrating skin, no injection act, no clinic patient scene, no gym, no lifestyle, no wellness claims, no nicknames, no supplements aesthetic. Quality: ultra detailed, extremely detailed, hyper-detailed, razor sharp focus, tack sharp, crystal clear, ultra sharp, 8k resolution, photorealistic, hyperrealistic, ultra realistic, HDR. creation motif 307/500 · LAB-307. Keep product identity and any on-screen research typography sharp and unchanged. For laboratory research use only. Not for human use or consumption.",Active,0,
PBVita-Lab-308,308,LAB-308,glassware,jacketed beaker,reaction beaker jacket,"jacketed beaker on textured slate sample board, soft overhead softbox, even catalog lighting, locked tripod hero frame with subtle push",12,"ultra detailed, extremely detailed, hyper-detailed, razor sharp focus, tack sharp, crystal clear, ultra sharp, 8k resolution, photorealistic, hyperrealistic, ultra realistic, HDR",9:16,8,1080p,grok-imagine-image-quality,grok-imagine-video-1.5,2k,"Photoreal vertical 9:16 Palm Beach Vitality laboratory research catalog film, chemical research material only, premium American research aesthetic. PRIMARY SUBJECT (must be clearly recognizable, real laboratory object, sharp and centered): jacketed beaker. Physical detail: reaction beaker jacket. Setting surface: textured slate sample board. Lighting: soft overhead softbox, even catalog lighting. Camera: locked tripod hero frame with subtle push. No abstract shapes, no glass orbs, no crystal balls, no surreal spheres, no CGI blobs, no nebula, no galaxies, no fantasy energy, no particle portals, no impossible geometry, no melting objects, no dreamscape, no people, no faces, no hands, no bare skin, no needles penetrating skin, no injection act, no clinic patient scene, no gym, no lifestyle, no wellness claims, no nicknames, no supplements aesthetic. Quality: ultra detailed, extremely detailed, hyper-detailed, razor sharp focus, tack sharp, crystal clear, ultra sharp, 8k resolution, photorealistic, hyperrealistic, ultra realistic, HDR. creation motif 308/500 · LAB-308. Keep product identity and any on-screen research typography sharp and unchanged. For laboratory research use only. Not for human use or consumption.",Active,0,
PBVita-Lab-309,309,LAB-309,glassware,crystallizer dish jacketed,temp-controlled dish,"crystallizer dish jacketed on soft gray seamless paper backdrop, warm neutral side light, still clinical, low angle tracking slide",12,"ultra detailed, extremely detailed, hyper-detailed, razor sharp focus, tack sharp, crystal clear, ultra sharp, 8k resolution, photorealistic, hyperrealistic, ultra realistic, HDR",9:16,8,1080p,grok-imagine-image-quality,grok-imagine-video-1.5,2k,"Photoreal vertical 9:16 Palm Beach Vitality laboratory research catalog film, chemical research material only, premium American research aesthetic. PRIMARY SUBJECT (must be clearly recognizable, real laboratory object, sharp and centered): crystallizer dish jacketed. Physical detail: temp-controlled dish. Setting surface: soft gray seamless paper backdrop. Lighting: warm neutral side light, still clinical. Camera: low angle tracking slide. No abstract shapes, no glass orbs, no crystal balls, no surreal spheres, no CGI blobs, no nebula, no galaxies, no fantasy energy, no particle portals, no impossible geometry, no melting objects, no dreamscape, no people, no faces, no hands, no bare skin, no needles penetrating skin, no injection act, no clinic patient scene, no gym, no lifestyle, no wellness claims, no nicknames, no supplements aesthetic. Quality: ultra detailed, extremely detailed, hyper-detailed, razor sharp focus, tack sharp, crystal clear, ultra sharp, 8k resolution, photorealistic, hyperrealistic, ultra realistic, HDR. creation motif 309/500 · LAB-309. Keep product identity and any on-screen research typography sharp and unchanged. For laboratory research use only. Not for human use or consumption.",Active,0,
PBVita-Lab-310,310,LAB-310,glassware,glass reaction tube sealed,pressure tube,"glass reaction tube sealed on anodized aluminum tray, split soft key and gentle bounce, circular arc that never fully completes",12,"ultra detailed, extremely detailed, hyper-detailed, razor sharp focus, tack sharp, crystal clear, ultra sharp, 8k resolution, photorealistic, hyperrealistic, ultra realistic, HDR",9:16,8,1080p,grok-imagine-image-quality,grok-imagine-video-1.5,2k,"Photoreal vertical 9:16 Palm Beach Vitality laboratory research catalog film, chemical research material only, premium American research aesthetic. PRIMARY SUBJECT (must be clearly recognizable, real laboratory object, sharp and centered): glass reaction tube sealed. Physical detail: pressure tube. Setting surface: anodized aluminum tray. Lighting: split soft key and gentle bounce. Camera: circular arc that never fully completes. No abstract shapes, no glass orbs, no crystal balls, no surreal spheres, no CGI blobs, no nebula, no galaxies, no fantasy energy, no particle portals, no impossible geometry, no melting objects, no dreamscape, no people, no faces, no hands, no bare skin, no needles penetrating skin, no injection act, no clinic patient scene, no gym, no lifestyle, no wellness claims, no nicknames, no supplements aesthetic. Quality: ultra detailed, extremely detailed, hyper-detailed, razor sharp focus, tack sharp, crystal clear, ultra sharp, 8k resolution, photorealistic, hyperrealistic, ultra realistic, HDR. creation motif 310/500 · LAB-310. Keep product identity and any on-screen research typography sharp and unchanged. For laboratory research use only. Not for human use or consumption.",Active,0,
PBVita-Lab-311,311,LAB-311,glassware,NMR spinner turbine with tube,spinner and tube,"NMR spinner turbine with tube on polished black reflective acrylic, high-key seamless catalog lighting, vertical rise from base to label",12,"ultra detailed, extremely detailed, hyper-detailed, razor sharp focus, tack sharp, crystal clear, ultra sharp, 8k resolution, photorealistic, hyperrealistic, ultra realistic, HDR",9:16,8,1080p,grok-imagine-image-quality,grok-imagine-video-1.5,2k,"Photoreal vertical 9:16 Palm Beach Vitality laboratory research catalog film, chemical research material only, premium American research aesthetic. PRIMARY SUBJECT (must be clearly recognizable, real laboratory object, sharp and centered): NMR spinner turbine with tube. Physical detail: spinner and tube. Setting surface: polished black reflective acrylic. Lighting: high-key seamless catalog lighting. Camera: vertical rise from base to label. No abstract shapes, no glass orbs, no crystal balls, no surreal spheres, no CGI blobs, no nebula, no galaxies, no fantasy energy, no particle portals, no impossible geometry, no melting objects, no dreamscape, no people, no faces, no hands, no bare skin, no needles penetrating skin, no injection act, no clinic patient scene, no gym, no lifestyle, no wellness claims, no nicknames, no supplements aesthetic. Quality: ultra detailed, extremely detailed, hyper-detailed, razor sharp focus, tack sharp, crystal clear, ultra sharp, 8k resolution, photorealistic, hyperrealistic, ultra realistic, HDR. creation motif 311/500 · LAB-311. Keep product identity and any on-screen research typography sharp and unchanged. For laboratory research use only. Not for human use or consumption.",Active,0,
PBVita-Lab-312,312,LAB-312,glassware,cuvette rack acrylic holding four,cuvette organizer,"cuvette rack acrylic holding four on matte pure white infinity surface, low-key selective highlight on glass edges, fast resolve into locked hero frame",12,"ultra detailed, extremely detailed, hyper-detailed, razor sharp focus, tack sharp, crystal clear, ultra sharp, 8k resolution, photorealistic, hyperrealistic, ultra realistic, HDR",9:16,8,1080p,grok-imagine-image-quality,grok-imagine-video-1.5,2k,"Photoreal vertical 9:16 Palm Beach Vitality laboratory research catalog film, chemical research material only, premium American research aesthetic. PRIMARY SUBJECT (must be clearly recognizable, real laboratory object, sharp and centered): cuvette rack acrylic holding four. Physical detail: cuvette organizer. Setting surface: matte pure white infinity surface. Lighting: low-key selective highlight on glass edges. Camera: fast resolve into locked hero frame. No abstract shapes, no glass orbs, no crystal balls, no surreal spheres, no CGI blobs, no nebula, no galaxies, no fantasy energy, no particle portals, no impossible geometry, no melting objects, no dreamscape, no people, no faces, no hands, no bare skin, no needles penetrating skin, no injection act, no clinic patient scene, no gym, no lifestyle, no wellness claims, no nicknames, no supplements aesthetic. Quality: ultra detailed, extremely detailed, hyper-detailed, razor sharp focus, tack sharp, crystal clear, ultra sharp, 8k resolution, photorealistic, hyperrealistic, ultra realistic, HDR. creation motif 312/500 · LAB-312. Keep product identity and any on-screen research typography sharp and unchanged. For laboratory research use only. Not for human use or consumption.",Active,0,
PBVita-Lab-313,313,LAB-313,glassware,flow cell glass optical,optical flow cell,"flow cell glass optical on brushed stainless steel lab bench, soft rim light from behind, slow 360 degree orbit at eye level",12,"ultra detailed, extremely detailed, hyper-detailed, razor sharp focus, tack sharp, crystal clear, ultra sharp, 8k resolution, photorealistic, hyperrealistic, ultra realistic, HDR",9:16,8,1080p,grok-imagine-image-quality,grok-imagine-video-1.5,2k,"Photoreal vertical 9:16 Palm Beach Vitality laboratory research catalog film, chemical research material only, premium American research aesthetic. PRIMARY SUBJECT (must be clearly recognizable, real laboratory object, sharp and centered): flow cell glass optical. Physical detail: optical flow cell. Setting surface: brushed stainless steel lab bench. Lighting: soft rim light from behind. Camera: slow 360 degree orbit at eye level. No abstract shapes, no glass orbs, no crystal balls, no surreal spheres, no CGI blobs, no nebula, no galaxies, no fantasy energy, no particle portals, no impossible geometry, no melting objects, no dreamscape, no people, no faces, no hands, no bare skin, no needles penetrating skin, no injection act, no clinic patient scene, no gym, no lifestyle, no wellness claims, no nicknames, no supplements aesthetic. Quality: ultra detailed, extremely detailed, hyper-detailed, razor sharp focus, tack sharp, crystal clear, ultra sharp, 8k resolution, photorealistic, hyperrealistic, ultra realistic, HDR. creation motif 313/500 · LAB-313. Keep product identity and any on-screen research typography sharp and unchanged. For laboratory research use only. Not for human use or consumption.",Active,0,
PBVita-Lab-314,314,LAB-314,glassware,Soxhlet extractor assembled dry,extractor glassware,"Soxhlet extractor assembled dry on dark charcoal epoxy resin countertop, cool clinical blue-white LED, extreme macro push-in",12,"ultra detailed, extremely detailed, hyper-detailed, razor sharp focus, tack sharp, crystal clear, ultra sharp, 8k resolution, photorealistic, hyperrealistic, ultra realistic, HDR",9:16,8,1080p,grok-imagine-image-quality,grok-imagine-video-1.5,2k,"Photoreal vertical 9:16 Palm Beach Vitality laboratory research catalog film, chemical research material only, premium American research aesthetic. PRIMARY SUBJECT (must be clearly recognizable, real laboratory object, sharp and centered): Soxhlet extractor assembled dry. Physical detail: extractor glassware. Setting surface: dark charcoal epoxy resin countertop. Lighting: cool clinical blue-white LED. Camera: extreme macro push-in. No abstract shapes, no glass orbs, no crystal balls, no surreal spheres, no CGI blobs, no nebula, no galaxies, no fantasy energy, no particle portals, no impossible geometry, no melting objects, no dreamscape, no people, no faces, no hands, no bare skin, no needles penetrating skin, no injection act, no clinic patient scene, no gym, no lifestyle, no wellness claims, no nicknames, no supplements aesthetic. Quality: ultra detailed, extremely detailed, hyper-detailed, razor sharp focus, tack sharp, crystal clear, ultra sharp, 8k resolution, photorealistic, hyperrealistic, ultra realistic, HDR. creation motif 314/500 · LAB-314. Keep product identity and any on-screen research typography sharp and unchanged. For laboratory research use only. Not for human use or consumption.",Active,0,
PBVita-Lab-315,315,LAB-315,glassware,Dean-Stark trap,trap apparatus,"Dean-Stark trap on cool gray ceramic tile, single hard key light with controlled fill, gentle top-down descending move",12,"ultra detailed, extremely detailed, hyper-detailed, razor sharp focus, tack sharp, crystal clear, ultra sharp, 8k resolution, photorealistic, hyperrealistic, ultra realistic, HDR",9:16,8,1080p,grok-imagine-image-quality,grok-imagine-video-1.5,2k,"Photoreal vertical 9:16 Palm Beach Vitality laboratory research catalog film, chemical research material only, premium American research aesthetic. PRIMARY SUBJECT (must be clearly recognizable, real laboratory object, sharp and centered): Dean-Stark trap. Physical detail: trap apparatus. Setting surface: cool gray ceramic tile. Lighting: single hard key light with controlled fill. Camera: gentle top-down descending move. No abstract shapes, no glass orbs, no crystal balls, no surreal spheres, no CGI blobs, no nebula, no galaxies, no fantasy energy, no particle portals, no impossible geometry, no melting objects, no dreamscape, no people, no faces, no hands, no bare skin, no needles penetrating skin, no injection act, no clinic patient scene, no gym, no lifestyle, no wellness claims, no nicknames, no supplements aesthetic. Quality: ultra detailed, extremely detailed, hyper-detailed, razor sharp focus, tack sharp, crystal clear, ultra sharp, 8k resolution, photorealistic, hyperrealistic, ultra realistic, HDR. creation motif 315/500 · LAB-315. Keep product identity and any on-screen research typography sharp and unchanged. For laboratory research use only. Not for human use or consumption.",Active,0,
PBVita-Lab-316,316,LAB-316,glassware,gas burette,gas measurement glass,"gas burette on mirrored chrome instrument tray, soft overhead softbox, even catalog lighting, locked tripod hero frame with subtle push",12,"ultra detailed, extremely detailed, hyper-detailed, razor sharp focus, tack sharp, crystal clear, ultra sharp, 8k resolution, photorealistic, hyperrealistic, ultra realistic, HDR",9:16,8,1080p,grok-imagine-image-quality,grok-imagine-video-1.5,2k,"Photoreal vertical 9:16 Palm Beach Vitality laboratory research catalog film, chemical research material only, premium American research aesthetic. PRIMARY SUBJECT (must be clearly recognizable, real laboratory object, sharp and centered): gas burette. Physical detail: gas measurement glass. Setting surface: mirrored chrome instrument tray. Lighting: soft overhead softbox, even catalog lighting. Camera: locked tripod hero frame with subtle push. No abstract shapes, no glass orbs, no crystal balls, no surreal spheres, no CGI blobs, no nebula, no galaxies, no fantasy energy, no particle portals, no impossible geometry, no melting objects, no dreamscape, no people, no faces, no hands, no bare skin, no needles penetrating skin, no injection act, no clinic patient scene, no gym, no lifestyle, no wellness claims, no nicknames, no supplements aesthetic. Quality: ultra detailed, extremely detailed, hyper-detailed, razor sharp focus, tack sharp, crystal clear, ultra sharp, 8k resolution, photorealistic, hyperrealistic, ultra realistic, HDR. creation motif 316/500 · LAB-316. Keep product identity and any on-screen research typography sharp and unchanged. For laboratory research use only. Not for human use or consumption.",Active,0,
PBVita-Lab-317,317,LAB-317,glassware,pycnometer bottle,density bottle,"pycnometer bottle on white melamine cleanroom table, warm neutral side light, still clinical, low angle tracking slide",12,"ultra detailed, extremely detailed, hyper-detailed, razor sharp focus, tack sharp, crystal clear, ultra sharp, 8k resolution, photorealistic, hyperrealistic, ultra realistic, HDR",9:16,8,1080p,grok-imagine-image-quality,grok-imagine-video-1.5,2k,"Photoreal vertical 9:16 Palm Beach Vitality laboratory research catalog film, chemical research material only, premium American research aesthetic. PRIMARY SUBJECT (must be clearly recognizable, real laboratory object, sharp and centered): pycnometer bottle. Physical detail: density bottle. Setting surface: white melamine cleanroom table. Lighting: warm neutral side light, still clinical. Camera: low angle tracking slide. No abstract shapes, no glass orbs, no crystal balls, no surreal spheres, no CGI blobs, no nebula, no galaxies, no fantasy energy, no particle portals, no impossible geometry, no melting objects, no dreamscape, no people, no faces, no hands, no bare skin, no needles penetrating skin, no injection act, no clinic patient scene, no gym, no lifestyle, no wellness claims, no nicknames, no supplements aesthetic. Quality: ultra detailed, extremely detailed, hyper-detailed, razor sharp focus, tack sharp, crystal clear, ultra sharp, 8k resolution, photorealistic, hyperrealistic, ultra realistic, HDR. creation motif 317/500 · LAB-317. Keep product identity and any on-screen research typography sharp and unchanged. For laboratory research use only. Not for human use or consumption.",Active,0,
PBVita-Lab-318,318,LAB-318,glassware,specific gravity bottle,glass density ware,"specific gravity bottle on textured slate sample board, split soft key and gentle bounce, circular arc that never fully completes",12,"ultra detailed, extremely detailed, hyper-detailed, razor sharp focus, tack sharp, crystal clear, ultra sharp, 8k resolution, photorealistic, hyperrealistic, ultra realistic, HDR",9:16,8,1080p,grok-imagine-image-quality,grok-imagine-video-1.5,2k,"Photoreal vertical 9:16 Palm Beach Vitality laboratory research catalog film, chemical research material only, premium American research aesthetic. PRIMARY SUBJECT (must be clearly recognizable, real laboratory object, sharp and centered): specific gravity bottle. Physical detail: glass density ware. Setting surface: textured slate sample board. Lighting: split soft key and gentle bounce. Camera: circular arc that never fully completes. No abstract shapes, no glass orbs, no crystal balls, no surreal spheres, no CGI blobs, no nebula, no galaxies, no fantasy energy, no particle portals, no impossible geometry, no melting objects, no dreamscape, no people, no faces, no hands, no bare skin, no needles penetrating skin, no injection act, no clinic patient scene, no gym, no lifestyle, no wellness claims, no nicknames, no supplements aesthetic. Quality: ultra detailed, extremely detailed, hyper-detailed, razor sharp focus, tack sharp, crystal clear, ultra sharp, 8k resolution, photorealistic, hyperrealistic, ultra realistic, HDR. creation motif 318/500 · LAB-318. Keep product identity and any on-screen research typography sharp and unchanged. For laboratory research use only. Not for human use or consumption.",Active,0,
PBVita-Lab-319,319,LAB-319,glassware,wide dilution bottle research,wide dilution bottle,"wide dilution bottle research on soft gray seamless paper backdrop, high-key seamless catalog lighting, vertical rise from base to label",12,"ultra detailed, extremely detailed, hyper-detailed, razor sharp focus, tack sharp, crystal clear, ultra sharp, 8k resolution, photorealistic, hyperrealistic, ultra realistic, HDR",9:16,8,1080p,grok-imagine-image-quality,grok-imagine-video-1.5,2k,"Photoreal vertical 9:16 Palm Beach Vitality laboratory research catalog film, chemical research material only, premium American research aesthetic. PRIMARY SUBJECT (must be clearly recognizable, real laboratory object, sharp and centered): wide dilution bottle research. Physical detail: wide dilution bottle. Setting surface: soft gray seamless paper backdrop. Lighting: high-key seamless catalog lighting. Camera: vertical rise from base to label. No abstract shapes, no glass orbs, no crystal balls, no surreal spheres, no CGI blobs, no nebula, no galaxies, no fantasy energy, no particle portals, no impossible geometry, no melting objects, no dreamscape, no people, no faces, no hands, no bare skin, no needles penetrating skin, no injection act, no clinic patient scene, no gym, no lifestyle, no wellness claims, no nicknames, no supplements aesthetic. Quality: ultra detailed, extremely detailed, hyper-detailed, razor sharp focus, tack sharp, crystal clear, ultra sharp, 8k resolution, photorealistic, hyperrealistic, ultra realistic, HDR. creation motif 319/500 · LAB-319. Keep product identity and any on-screen research typography sharp and unchanged. For laboratory research use only. Not for human use or consumption.",Active,0,
PBVita-Lab-320,320,LAB-320,glassware,media Roux bottle flat,flat culture bottle,"media Roux bottle flat on anodized aluminum tray, low-key selective highlight on glass edges, fast resolve into locked hero frame",12,"ultra detailed, extremely detailed, hyper-detailed, razor sharp focus, tack sharp, crystal clear, ultra sharp, 8k resolution, photorealistic, hyperrealistic, ultra realistic, HDR",9:16,8,1080p,grok-imagine-image-quality,grok-imagine-video-1.5,2k,"Photoreal vertical 9:16 Palm Beach Vitality laboratory research catalog film, chemical research material only, premium American research aesthetic. PRIMARY SUBJECT (must be clearly recognizable, real laboratory object, sharp and centered): media Roux bottle flat. Physical detail: flat culture bottle. Setting surface: anodized aluminum tray. Lighting: low-key selective highlight on glass edges. Camera: fast resolve into locked hero frame. No abstract shapes, no glass orbs, no crystal balls, no surreal spheres, no CGI blobs, no nebula, no galaxies, no fantasy energy, no particle portals, no impossible geometry, no melting objects, no dreamscape, no people, no faces, no hands, no bare skin, no needles penetrating skin, no injection act, no clinic patient scene, no gym, no lifestyle, no wellness claims, no nicknames, no supplements aesthetic. Quality: ultra detailed, extremely detailed, hyper-detailed, razor sharp focus, tack sharp, crystal clear, ultra sharp, 8k resolution, photorealistic, hyperrealistic, ultra realistic, HDR. creation motif 320/500 · LAB-320. Keep product identity and any on-screen research typography sharp and unchanged. For laboratory research use only. Not for human use or consumption.",Active,0,
PBVita-Lab-321,321,LAB-321,glassware,roller bottle cell culture empty,roller bottle,"roller bottle cell culture empty on polished black reflective acrylic, soft rim light from behind, slow 360 degree orbit at eye level",12,"ultra detailed, extremely detailed, hyper-detailed, razor sharp focus, tack sharp, crystal clear, ultra sharp, 8k resolution, photorealistic, hyperrealistic, ultra realistic, HDR",9:16,8,1080p,grok-imagine-image-quality,grok-imagine-video-1.5,2k,"Photoreal vertical 9:16 Palm Beach Vitality laboratory research catalog film, chemical research material only, premium American research aesthetic. PRIMARY SUBJECT (must be clearly recognizable, real laboratory object, sharp and centered): roller bottle cell culture empty. Physical detail: roller bottle. Setting surface: polished black reflective acrylic. Lighting: soft rim light from behind. Camera: slow 360 degree orbit at eye level. No abstract shapes, no glass orbs, no crystal balls, no surreal spheres, no CGI blobs, no nebula, no galaxies, no fantasy energy, no particle portals, no impossible geometry, no melting objects, no dreamscape, no people, no faces, no hands, no bare skin, no needles penetrating skin, no injection act, no clinic patient scene, no gym, no lifestyle, no wellness claims, no nicknames, no supplements aesthetic. Quality: ultra detailed, extremely detailed, hyper-detailed, razor sharp focus, tack sharp, crystal clear, ultra sharp, 8k resolution, photorealistic, hyperrealistic, ultra realistic, HDR. creation motif 321/500 · LAB-321. Keep product identity and any on-screen research typography sharp and unchanged. For laboratory research use only. Not for human use or consumption.",Active,0,
PBVita-Lab-322,322,LAB-322,glassware,spinner flask with impeller,impeller flask,"spinner flask with impeller on matte pure white infinity surface, cool clinical blue-white LED, extreme macro push-in",12,"ultra detailed, extremely detailed, hyper-detailed, razor sharp focus, tack sharp, crystal clear, ultra sharp, 8k resolution, photorealistic, hyperrealistic, ultra realistic, HDR",9:16,8,1080p,grok-imagine-image-quality,grok-imagine-video-1.5,2k,"Photoreal vertical 9:16 Palm Beach Vitality laboratory research catalog film, chemical research material only, premium American research aesthetic. PRIMARY SUBJECT (must be clearly recognizable, real laboratory object, sharp and centered): spinner flask with impeller. Physical detail: impeller flask. Setting surface: matte pure white infinity surface. Lighting: cool clinical blue-white LED. Camera: extreme macro push-in. No abstract shapes, no glass orbs, no crystal balls, no surreal spheres, no CGI blobs, no nebula, no galaxies, no fantasy energy, no particle portals, no impossible geometry, no melting objects, no dreamscape, no people, no faces, no hands, no bare skin, no needles penetrating skin, no injection act, no clinic patient scene, no gym, no lifestyle, no wellness claims, no nicknames, no supplements aesthetic. Quality: ultra detailed, extremely detailed, hyper-detailed, razor sharp focus, tack sharp, crystal clear, ultra sharp, 8k resolution, photorealistic, hyperrealistic, ultra realistic, HDR. creation motif 322/500 · LAB-322. Keep product identity and any on-screen research typography sharp and unchanged. For laboratory research use only. Not for human use or consumption.",Active,0,
PBVita-Lab-323,323,LAB-323,glassware,glass desiccator plate alone,perforated plate,"glass desiccator plate alone on brushed stainless steel lab bench, single hard key light with controlled fill, gentle top-down descending move",12,"ultra detailed, extremely detailed, hyper-detailed, razor sharp focus, tack sharp, crystal clear, ultra sharp, 8k resolution, photorealistic, hyperrealistic, ultra realistic, HDR",9:16,8,1080p,grok-imagine-image-quality,grok-imagine-video-1.5,2k,"Photoreal vertical 9:16 Palm Beach Vitality laboratory research catalog film, chemical research material only, premium American research aesthetic. PRIMARY SUBJECT (must be clearly recognizable, real laboratory object, sharp and centered): glass desiccator plate alone. Physical detail: perforated plate. Setting surface: brushed stainless steel lab bench. Lighting: single hard key light with controlled fill. Camera: gentle top-down descending move. No abstract shapes, no glass orbs, no crystal balls, no surreal spheres, no CGI blobs, no nebula, no galaxies, no fantasy energy, no particle portals, no impossible geometry, no melting objects, no dreamscape, no people, no faces, no hands, no bare skin, no needles penetrating skin, no injection act, no clinic patient scene, no gym, no lifestyle, no wellness claims, no nicknames, no supplements aesthetic. Quality: ultra detailed, extremely detailed, hyper-detailed, razor sharp focus, tack sharp, crystal clear, ultra sharp, 8k resolution, photorealistic, hyperrealistic, ultra realistic, HDR. creation motif 323/500 · LAB-323. Keep product identity and any on-screen research typography sharp and unchanged. For laboratory research use only. Not for human use or consumption.",Active,0,
PBVita-Lab-324,324,LAB-324,glassware,weighing bottle tall form,glass weighing bottle,"weighing bottle tall form on dark charcoal epoxy resin countertop, soft overhead softbox, even catalog lighting, locked tripod hero frame with subtle push",12,"ultra detailed, extremely detailed, hyper-detailed, razor sharp focus, tack sharp, crystal clear, ultra sharp, 8k resolution, photorealistic, hyperrealistic, ultra realistic, HDR",9:16,8,1080p,grok-imagine-image-quality,grok-imagine-video-1.5,2k,"Photoreal vertical 9:16 Palm Beach Vitality laboratory research catalog film, chemical research material only, premium American research aesthetic. PRIMARY SUBJECT (must be clearly recognizable, real laboratory object, sharp and centered): weighing bottle tall form. Physical detail: glass weighing bottle. Setting surface: dark charcoal epoxy resin countertop. Lighting: soft overhead softbox, even catalog lighting. Camera: locked tripod hero frame with subtle push. No abstract shapes, no glass orbs, no crystal balls, no surreal spheres, no CGI blobs, no nebula, no galaxies, no fantasy energy, no particle portals, no impossible geometry, no melting objects, no dreamscape, no people, no faces, no hands, no bare skin, no needles penetrating skin, no injection act, no clinic patient scene, no gym, no lifestyle, no wellness claims, no nicknames, no supplements aesthetic. Quality: ultra detailed, extremely detailed, hyper-detailed, razor sharp focus, tack sharp, crystal clear, ultra sharp, 8k resolution, photorealistic, hyperrealistic, ultra realistic, HDR. creation motif 324/500 · LAB-324. Keep product identity and any on-screen research typography sharp and unchanged. For laboratory research use only. Not for human use or consumption.",Active,0,
PBVita-Lab-325,325,LAB-325,glassware,sample bomb cylinder small research closed,small sample cylinder closed,"sample bomb cylinder small research closed on cool gray ceramic tile, warm neutral side light, still clinical, low angle tracking slide",12,"ultra detailed, extremely detailed, hyper-detailed, razor sharp focus, tack sharp, crystal clear, ultra sharp, 8k resolution, photorealistic, hyperrealistic, ultra realistic, HDR",9:16,8,1080p,grok-imagine-image-quality,grok-imagine-video-1.5,2k,"Photoreal vertical 9:16 Palm Beach Vitality laboratory research catalog film, chemical research material only, premium American research aesthetic. PRIMARY SUBJECT (must be clearly recognizable, real laboratory object, sharp and centered): sample bomb cylinder small research closed. Physical detail: small sample cylinder closed. Setting surface: cool gray ceramic tile. Lighting: warm neutral side light, still clinical. Camera: low angle tracking slide. No abstract shapes, no glass orbs, no crystal balls, no surreal spheres, no CGI blobs, no nebula, no galaxies, no fantasy energy, no particle portals, no impossible geometry, no melting objects, no dreamscape, no people, no faces, no hands, no bare skin, no needles penetrating skin, no injection act, no clinic patient scene, no gym, no lifestyle, no wellness claims, no nicknames, no supplements aesthetic. Quality: ultra detailed, extremely detailed, hyper-detailed, razor sharp focus, tack sharp, crystal clear, ultra sharp, 8k resolution, photorealistic, hyperrealistic, ultra realistic, HDR. creation motif 325/500 · LAB-325. Keep product identity and any on-screen research typography sharp and unchanged. For laboratory research use only. Not for human use or consumption.",Active,0,
PBVita-Lab-326,326,LAB-326,liquid_handling,positive displacement capillary tip pack,capillary tips box,"positive displacement capillary tip pack on mirrored chrome instrument tray, split soft key and gentle bounce, circular arc that never fully completes",12,"ultra detailed, extremely detailed, hyper-detailed, razor sharp focus, tack sharp, crystal clear, ultra sharp, 8k resolution, photorealistic, hyperrealistic, ultra realistic, HDR",9:16,8,1080p,grok-imagine-image-quality,grok-imagine-video-1.5,2k,"Photoreal vertical 9:16 Palm Beach Vitality laboratory research catalog film, chemical research material only, premium American research aesthetic. PRIMARY SUBJECT (must be clearly recognizable, real laboratory object, sharp and centered): positive displacement capillary tip pack. Physical detail: capillary tips box. Setting surface: mirrored chrome instrument tray. Lighting: split soft key and gentle bounce. Camera: circular arc that never fully completes. No abstract shapes, no glass orbs, no crystal balls, no surreal spheres, no CGI blobs, no nebula, no galaxies, no fantasy energy, no particle portals, no impossible geometry, no melting objects, no dreamscape, no people, no faces, no hands, no bare skin, no needles penetrating skin, no injection act, no clinic patient scene, no gym, no lifestyle, no wellness claims, no nicknames, no supplements aesthetic. Quality: ultra detailed, extremely detailed, hyper-detailed, razor sharp focus, tack sharp, crystal clear, ultra sharp, 8k resolution, photorealistic, hyperrealistic, ultra realistic, HDR. creation motif 326/500 · LAB-326. Keep product identity and any on-screen research typography sharp and unchanged. For laboratory research use only. Not for human use or consumption.",Active,0,
PBVita-Lab-327,327,LAB-327,liquid_handling,gel-loading pipette tips rack,thin tips,"gel-loading pipette tips rack on white melamine cleanroom table, high-key seamless catalog lighting, vertical rise from base to label",12,"ultra detailed, extremely detailed, hyper-detailed, razor sharp focus, tack sharp, crystal clear, ultra sharp, 8k resolution, photorealistic, hyperrealistic, ultra realistic, HDR",9:16,8,1080p,grok-imagine-image-quality,grok-imagine-video-1.5,2k,"Photoreal vertical 9:16 Palm Beach Vitality laboratory research catalog film, chemical research material only, premium American research aesthetic. PRIMARY SUBJECT (must be clearly recognizable, real laboratory object, sharp and centered): gel-loading pipette tips rack. Physical detail: thin tips. Setting surface: white melamine cleanroom table. Lighting: high-key seamless catalog lighting. Camera: vertical rise from base to label. No abstract shapes, no glass orbs, no crystal balls, no surreal spheres, no CGI blobs, no nebula, no galaxies, no fantasy energy, no particle portals, no impossible geometry, no melting objects, no dreamscape, no people, no faces, no hands, no bare skin, no needles penetrating skin, no injection act, no clinic patient scene, no gym, no lifestyle, no wellness claims, no nicknames, no supplements aesthetic. Quality: ultra detailed, extremely detailed, hyper-detailed, razor sharp focus, tack sharp, crystal clear, ultra sharp, 8k resolution, photorealistic, hyperrealistic, ultra realistic, HDR. creation motif 327/500 · LAB-327. Keep product identity and any on-screen research typography sharp and unchanged. For laboratory research use only. Not for human use or consumption.",Active,0,
PBVita-Lab-328,328,LAB-328,liquid_handling,wide-bore pipette tips for viscous samples,wide orifice tips,"wide-bore pipette tips for viscous samples on textured slate sample board, low-key selective highlight on glass edges, fast resolve into locked hero frame",12,"ultra detailed, extremely detailed, hyper-detailed, razor sharp focus, tack sharp, crystal clear, ultra sharp, 8k resolution, photorealistic, hyperrealistic, ultra realistic, HDR",9:16,8,1080p,grok-imagine-image-quality,grok-imagine-video-1.5,2k,"Photoreal vertical 9:16 Palm Beach Vitality laboratory research catalog film, chemical research material only, premium American research aesthetic. PRIMARY SUBJECT (must be clearly recognizable, real laboratory object, sharp and centered): wide-bore pipette tips for viscous samples. Physical detail: wide orifice tips. Setting surface: textured slate sample board. Lighting: low-key selective highlight on glass edges. Camera: fast resolve into locked hero frame. No abstract shapes, no glass orbs, no crystal balls, no surreal spheres, no CGI blobs, no nebula, no galaxies, no fantasy energy, no particle portals, no impossible geometry, no melting objects, no dreamscape, no people, no faces, no hands, no bare skin, no needles penetrating skin, no injection act, no clinic patient scene, no gym, no lifestyle, no wellness claims, no nicknames, no supplements aesthetic. Quality: ultra detailed, extremely detailed, hyper-detailed, razor sharp focus, tack sharp, crystal clear, ultra sharp, 8k resolution, photorealistic, hyperrealistic, ultra realistic, HDR. creation motif 328/500 · LAB-328. Keep product identity and any on-screen research typography sharp and unchanged. For laboratory research use only. Not for human use or consumption.",Active,0,
PBVita-Lab-329,329,LAB-329,liquid_handling,filtered pipette tips sterile rack purple,purple filter tips,"filtered pipette tips sterile rack purple on soft gray seamless paper backdrop, soft rim light from behind, slow 360 degree orbit at eye level",12,"ultra detailed, extremely detailed, hyper-detailed, razor sharp focus, tack sharp, crystal clear, ultra sharp, 8k resolution, photorealistic, hyperrealistic, ultra realistic, HDR",9:16,8,1080p,grok-imagine-image-quality,grok-imagine-video-1.5,2k,"Photoreal vertical 9:16 Palm Beach Vitality laboratory research catalog film, chemical research material only, premium American research aesthetic. PRIMARY SUBJECT (must be clearly recognizable, real laboratory object, sharp and centered): filtered pipette tips sterile rack purple. Physical detail: purple filter tips. Setting surface: soft gray seamless paper backdrop. Lighting: soft rim light from behind. Camera: slow 360 degree orbit at eye level. No abstract shapes, no glass orbs, no crystal balls, no surreal spheres, no CGI blobs, no nebula, no galaxies, no fantasy energy, no particle portals, no impossible geometry, no melting objects, no dreamscape, no people, no faces, no hands, no bare skin, no needles penetrating skin, no injection act, no clinic patient scene, no gym, no lifestyle, no wellness claims, no nicknames, no supplements aesthetic. Quality: ultra detailed, extremely detailed, hyper-detailed, razor sharp focus, tack sharp, crystal clear, ultra sharp, 8k resolution, photorealistic, hyperrealistic, ultra realistic, HDR. creation motif 329/500 · LAB-329. Keep product identity and any on-screen research typography sharp and unchanged. For laboratory research use only. Not for human use or consumption.",Active,0,
PBVita-Lab-330,330,LAB-330,liquid_handling,pipette calibration balance kit case,calibration kit,"pipette calibration balance kit case on anodized aluminum tray, cool clinical blue-white LED, extreme macro push-in",12,"ultra detailed, extremely detailed, hyper-detailed, razor sharp focus, tack sharp, crystal clear, ultra sharp, 8k resolution, photorealistic, hyperrealistic, ultra realistic, HDR",9:16,8,1080p,grok-imagine-image-quality,grok-imagine-video-1.5,2k,"Photoreal vertical 9:16 Palm Beach Vitality laboratory research catalog film, chemical research material only, premium American research aesthetic. PRIMARY SUBJECT (must be clearly recognizable, real laboratory object, sharp and centered): pipette calibration balance kit case. Physical detail: calibration kit. Setting surface: anodized aluminum tray. Lighting: cool clinical blue-white LED. Camera: extreme macro push-in. No abstract shapes, no glass orbs, no crystal balls, no surreal spheres, no CGI blobs, no nebula, no galaxies, no fantasy energy, no particle portals, no impossible geometry, no melting objects, no dreamscape, no people, no faces, no hands, no bare skin, no needles penetrating skin, no injection act, no clinic patient scene, no gym, no lifestyle, no wellness claims, no nicknames, no supplements aesthetic. Quality: ultra detailed, extremely detailed, hyper-detailed, razor sharp focus, tack sharp, crystal clear, ultra sharp, 8k resolution, photorealistic, hyperrealistic, ultra realistic, HDR. creation motif 330/500 · LAB-330. Keep product identity and any on-screen research typography sharp and unchanged. For laboratory research use only. Not for human use or consumption.",Active,0,
PBVita-Lab-331,331,LAB-331,liquid_handling,bottle-top aspirator,aspirator unit,"bottle-top aspirator on polished black reflective acrylic, single hard key light with controlled fill, gentle top-down descending move",12,"ultra detailed, extremely detailed, hyper-detailed, razor sharp focus, tack sharp, crystal clear, ultra sharp, 8k resolution, photorealistic, hyperrealistic, ultra realistic, HDR",9:16,8,1080p,grok-imagine-image-quality,grok-imagine-video-1.5,2k,"Photoreal vertical 9:16 Palm Beach Vitality laboratory research catalog film, chemical research material only, premium American research aesthetic. PRIMARY SUBJECT (must be clearly recognizable, real laboratory object, sharp and centered): bottle-top aspirator. Physical detail: aspirator unit. Setting surface: polished black reflective acrylic. Lighting: single hard key light with controlled fill. Camera: gentle top-down descending move. No abstract shapes, no glass orbs, no crystal balls, no surreal spheres, no CGI blobs, no nebula, no galaxies, no fantasy energy, no particle portals, no impossible geometry, no melting objects, no dreamscape, no people, no faces, no hands, no bare skin, no needles penetrating skin, no injection act, no clinic patient scene, no gym, no lifestyle, no wellness claims, no nicknames, no supplements aesthetic. Quality: ultra detailed, extremely detailed, hyper-detailed, razor sharp focus, tack sharp, crystal clear, ultra sharp, 8k resolution, photorealistic, hyperrealistic, ultra realistic, HDR. creation motif 331/500 · LAB-331. Keep product identity and any on-screen research typography sharp and unchanged. For laboratory research use only. Not for human use or consumption.",Active,0,
PBVita-Lab-332,332,LAB-332,liquid_handling,vacuum aspiration pipette controller,aspiration tool,"vacuum aspiration pipette controller on matte pure white infinity surface, soft overhead softbox, even catalog lighting, locked tripod hero frame with subtle push",12,"ultra detailed, extremely detailed, hyper-detailed, razor sharp focus, tack sharp, crystal clear, ultra sharp, 8k resolution, photorealistic, hyperrealistic, ultra realistic, HDR",9:16,8,1080p,grok-imagine-image-quality,grok-imagine-video-1.5,2k,"Photoreal vertical 9:16 Palm Beach Vitality laboratory research catalog film, chemical research material only, premium American research aesthetic. PRIMARY SUBJECT (must be clearly recognizable, real laboratory object, sharp and centered): vacuum aspiration pipette controller. Physical detail: aspiration tool. Setting surface: matte pure white infinity surface. Lighting: soft overhead softbox, even catalog lighting. Camera: locked tripod hero frame with subtle push. No abstract shapes, no glass orbs, no crystal balls, no surreal spheres, no CGI blobs, no nebula, no galaxies, no fantasy energy, no particle portals, no impossible geometry, no melting objects, no dreamscape, no people, no faces, no hands, no bare skin, no needles penetrating skin, no injection act, no clinic patient scene, no gym, no lifestyle, no wellness claims, no nicknames, no supplements aesthetic. Quality: ultra detailed, extremely detailed, hyper-detailed, razor sharp focus, tack sharp, crystal clear, ultra sharp, 8k resolution, photorealistic, hyperrealistic, ultra realistic, HDR. creation motif 332/500 · LAB-332. Keep product identity and any on-screen research typography sharp and unchanged. For laboratory research use only. Not for human use or consumption.",Active,0,
PBVita-Lab-333,333,LAB-333,liquid_handling,serological pipette individually wrapped bundle,wrapped pipettes,"serological pipette individually wrapped bundle on brushed stainless steel lab bench, warm neutral side light, still clinical, low angle tracking slide",12,"ultra detailed, extremely detailed, hyper-detailed, razor sharp focus, tack sharp, crystal clear, ultra sharp, 8k resolution, photorealistic, hyperrealistic, ultra realistic, HDR",9:16,8,1080p,grok-imagine-image-quality,grok-imagine-video-1.5,2k,"Photoreal vertical 9:16 Palm Beach Vitality laboratory research catalog film, chemical research material only, premium American research aesthetic. PRIMARY SUBJECT (must be clearly recognizable, real laboratory object, sharp and centered): serological pipette individually wrapped bundle. Physical detail: wrapped pipettes. Setting surface: brushed stainless steel lab bench. Lighting: warm neutral side light, still clinical. Camera: low angle tracking slide. No abstract shapes, no glass orbs, no crystal balls, no surreal spheres, no CGI blobs, no nebula, no galaxies, no fantasy energy, no particle portals, no impossible geometry, no melting objects, no dreamscape, no people, no faces, no hands, no bare skin, no needles penetrating skin, no injection act, no clinic patient scene, no gym, no lifestyle, no wellness claims, no nicknames, no supplements aesthetic. Quality: ultra detailed, extremely detailed, hyper-detailed, razor sharp focus, tack sharp, crystal clear, ultra sharp, 8k resolution, photorealistic, hyperrealistic, ultra realistic, HDR. creation motif 333/500 · LAB-333. Keep product identity and any on-screen research typography sharp and unchanged. For laboratory research use only. Not for human use or consumption.",Active,0,
PBVita-Lab-334,334,LAB-334,liquid_handling,bulb pipette filler classic,rubber bulb filler,"bulb pipette filler classic on dark charcoal epoxy resin countertop, split soft key and gentle bounce, circular arc that never fully completes",12,"ultra detailed, extremely detailed, hyper-detailed, razor sharp focus, tack sharp, crystal clear, ultra sharp, 8k resolution, photorealistic, hyperrealistic, ultra realistic, HDR",9:16,8,1080p,grok-imagine-image-quality,grok-imagine-video-1.5,2k,"Photoreal vertical 9:16 Palm Beach Vitality laboratory research catalog film, chemical research material only, premium American research aesthetic. PRIMARY SUBJECT (must be clearly recognizable, real laboratory object, sharp and centered): bulb pipette filler classic. Physical detail: rubber bulb filler. Setting surface: dark charcoal epoxy resin countertop. Lighting: split soft key and gentle bounce. Camera: circular arc that never fully completes. No abstract shapes, no glass orbs, no crystal balls, no surreal spheres, no CGI blobs, no nebula, no galaxies, no fantasy energy, no particle portals, no impossible geometry, no melting objects, no dreamscape, no people, no faces, no hands, no bare skin, no needles penetrating skin, no injection act, no clinic patient scene, no gym, no lifestyle, no wellness claims, no nicknames, no supplements aesthetic. Quality: ultra detailed, extremely detailed, hyper-detailed, razor sharp focus, tack sharp, crystal clear, ultra sharp, 8k resolution, photorealistic, hyperrealistic, ultra realistic, HDR. creation motif 334/500 · LAB-334. Keep product identity and any on-screen research typography sharp and unchanged. For laboratory research use only. Not for human use or consumption.",Active,0,
PBVita-Lab-335,335,LAB-335,liquid_handling,motorized pipette filler,electronic filler,"motorized pipette filler on cool gray ceramic tile, high-key seamless catalog lighting, vertical rise from base to label",12,"ultra detailed, extremely detailed, hyper-detailed, razor sharp focus, tack sharp, crystal clear, ultra sharp, 8k resolution, photorealistic, hyperrealistic, ultra realistic, HDR",9:16,8,1080p,grok-imagine-image-quality,grok-imagine-video-1.5,2k,"Photoreal vertical 9:16 Palm Beach Vitality laboratory research catalog film, chemical research material only, premium American research aesthetic. PRIMARY SUBJECT (must be clearly recognizable, real laboratory object, sharp and centered): motorized pipette filler. Physical detail: electronic filler. Setting surface: cool gray ceramic tile. Lighting: high-key seamless catalog lighting. Camera: vertical rise from base to label. No abstract shapes, no glass orbs, no crystal balls, no surreal spheres, no CGI blobs, no nebula, no galaxies, no fantasy energy, no particle portals, no impossible geometry, no melting objects, no dreamscape, no people, no faces, no hands, no bare skin, no needles penetrating skin, no injection act, no clinic patient scene, no gym, no lifestyle, no wellness claims, no nicknames, no supplements aesthetic. Quality: ultra detailed, extremely detailed, hyper-detailed, razor sharp focus, tack sharp, crystal clear, ultra sharp, 8k resolution, photorealistic, hyperrealistic, ultra realistic, HDR. creation motif 335/500 · LAB-335. Keep product identity and any on-screen research typography sharp and unchanged. For laboratory research use only. Not for human use or consumption.",Active,0,
PBVita-Lab-336,336,LAB-336,liquid_handling,reagent reservoir 12-column,divided reservoir,"reagent reservoir 12-column on mirrored chrome instrument tray, low-key selective highlight on glass edges, fast resolve into locked hero frame",12,"ultra detailed, extremely detailed, hyper-detailed, razor sharp focus, tack sharp, crystal clear, ultra sharp, 8k resolution, photorealistic, hyperrealistic, ultra realistic, HDR",9:16,8,1080p,grok-imagine-image-quality,grok-imagine-video-1.5,2k,"Photoreal vertical 9:16 Palm Beach Vitality laboratory research catalog film, chemical research material only, premium American research aesthetic. PRIMARY SUBJECT (must be clearly recognizable, real laboratory object, sharp and centered): reagent reservoir 12-column. Physical detail: divided reservoir. Setting surface: mirrored chrome instrument tray. Lighting: low-key selective highlight on glass edges. Camera: fast resolve into locked hero frame. No abstract shapes, no glass orbs, no crystal balls, no surreal spheres, no CGI blobs, no nebula, no galaxies, no fantasy energy, no particle portals, no impossible geometry, no melting objects, no dreamscape, no people, no faces, no hands, no bare skin, no needles penetrating skin, no injection act, no clinic patient scene, no gym, no lifestyle, no wellness claims, no nicknames, no supplements aesthetic. Quality: ultra detailed, extremely detailed, hyper-detailed, razor sharp focus, tack sharp, crystal clear, ultra sharp, 8k resolution, photorealistic, hyperrealistic, ultra realistic, HDR. creation motif 336/500 · LAB-336. Keep product identity and any on-screen research typography sharp and unchanged. For laboratory research use only. Not for human use or consumption.",Active,0,
PBVita-Lab-337,337,LAB-337,liquid_handling,trough for 16-channel pipette,wide trough,"trough for 16-channel pipette on white melamine cleanroom table, soft rim light from behind, slow 360 degree orbit at eye level",12,"ultra detailed, extremely detailed, hyper-detailed, razor sharp focus, tack sharp, crystal clear, ultra sharp, 8k resolution, photorealistic, hyperrealistic, ultra realistic, HDR",9:16,8,1080p,grok-imagine-image-quality,grok-imagine-video-1.5,2k,"Photoreal vertical 9:16 Palm Beach Vitality laboratory research catalog film, chemical research material only, premium American research aesthetic. PRIMARY SUBJECT (must be clearly recognizable, real laboratory object, sharp and centered): trough for 16-channel pipette. Physical detail: wide trough. Setting surface: white melamine cleanroom table. Lighting: soft rim light from behind. Camera: slow 360 degree orbit at eye level. No abstract shapes, no glass orbs, no crystal balls, no surreal spheres, no CGI blobs, no nebula, no galaxies, no fantasy energy, no particle portals, no impossible geometry, no melting objects, no dreamscape, no people, no faces, no hands, no bare skin, no needles penetrating skin, no injection act, no clinic patient scene, no gym, no lifestyle, no wellness claims, no nicknames, no supplements aesthetic. Quality: ultra detailed, extremely detailed, hyper-detailed, razor sharp focus, tack sharp, crystal clear, ultra sharp, 8k resolution, photorealistic, hyperrealistic, ultra realistic, HDR. creation motif 337/500 · LAB-337. Keep product identity and any on-screen research typography sharp and unchanged. For laboratory research use only. Not for human use or consumption.",Active,0,
PBVita-Lab-338,338,LAB-338,liquid_handling,disposable transfer pipette pack,plastic transfer pipettes,"disposable transfer pipette pack on textured slate sample board, cool clinical blue-white LED, extreme macro push-in",12,"ultra detailed, extremely detailed, hyper-detailed, razor sharp focus, tack sharp, crystal clear, ultra sharp, 8k resolution, photorealistic, hyperrealistic, ultra realistic, HDR",9:16,8,1080p,grok-imagine-image-quality,grok-imagine-video-1.5,2k,"Photoreal vertical 9:16 Palm Beach Vitality laboratory research catalog film, chemical research material only, premium American research aesthetic. PRIMARY SUBJECT (must be clearly recognizable, real laboratory object, sharp and centered): disposable transfer pipette pack. Physical detail: plastic transfer pipettes. Setting surface: textured slate sample board. Lighting: cool clinical blue-white LED. Camera: extreme macro push-in. No abstract shapes, no glass orbs, no crystal balls, no surreal spheres, no CGI blobs, no nebula, no galaxies, no fantasy energy, no particle portals, no impossible geometry, no melting objects, no dreamscape, no people, no faces, no hands, no bare skin, no needles penetrating skin, no injection act, no clinic patient scene, no gym, no lifestyle, no wellness claims, no nicknames, no supplements aesthetic. Quality: ultra detailed, extremely detailed, hyper-detailed, razor sharp focus, tack sharp, crystal clear, ultra sharp, 8k resolution, photorealistic, hyperrealistic, ultra realistic, HDR. creation motif 338/500 · LAB-338. Keep product identity and any on-screen research typography sharp and unchanged. For laboratory research use only. Not for human use or consumption.",Active,0,
PBVita-Lab-339,339,LAB-339,liquid_handling,Pasteur pipette rubber bulbs bag,bulbs only,"Pasteur pipette rubber bulbs bag on soft gray seamless paper backdrop, single hard key light with controlled fill, gentle top-down descending move",12,"ultra detailed, extremely detailed, hyper-detailed, razor sharp focus, tack sharp, crystal clear, ultra sharp, 8k resolution, photorealistic, hyperrealistic, ultra realistic, HDR",9:16,8,1080p,grok-imagine-image-quality,grok-imagine-video-1.5,2k,"Photoreal vertical 9:16 Palm Beach Vitality laboratory research catalog film, chemical research material only, premium American research aesthetic. PRIMARY SUBJECT (must be clearly recognizable, real laboratory object, sharp and centered): Pasteur pipette rubber bulbs bag. Physical detail: bulbs only. Setting surface: soft gray seamless paper backdrop. Lighting: single hard key light with controlled fill. Camera: gentle top-down descending move. No abstract shapes, no glass orbs, no crystal balls, no surreal spheres, no CGI blobs, no nebula, no galaxies, no fantasy energy, no particle portals, no impossible geometry, no melting objects, no dreamscape, no people, no faces, no hands, no bare skin, no needles penetrating skin, no injection act, no clinic patient scene, no gym, no lifestyle, no wellness claims, no nicknames, no supplements aesthetic. Quality: ultra detailed, extremely detailed, hyper-detailed, razor sharp focus, tack sharp, crystal clear, ultra sharp, 8k resolution, photorealistic, hyperrealistic, ultra realistic, HDR. creation motif 339/500 · LAB-339. Keep product identity and any on-screen research typography sharp and unchanged. For laboratory research use only. Not for human use or consumption.",Active,0,
PBVita-Lab-340,340,LAB-340,liquid_handling,syringe pump bare with research syringe glass,pump and glass syringe no needle,"syringe pump bare with research syringe glass on anodized aluminum tray, soft overhead softbox, even catalog lighting, locked tripod hero frame with subtle push",12,"ultra detailed, extremely detailed, hyper-detailed, razor sharp focus, tack sharp, crystal clear, ultra sharp, 8k resolution, photorealistic, hyperrealistic, ultra realistic, HDR",9:16,8,1080p,grok-imagine-image-quality,grok-imagine-video-1.5,2k,"Photoreal vertical 9:16 Palm Beach Vitality laboratory research catalog film, chemical research material only, premium American research aesthetic. PRIMARY SUBJECT (must be clearly recognizable, real laboratory object, sharp and centered): syringe pump bare with research syringe glass. Physical detail: pump and glass syringe no needle. Setting surface: anodized aluminum tray. Lighting: soft overhead softbox, even catalog lighting. Camera: locked tripod hero frame with subtle push. No abstract shapes, no glass orbs, no crystal balls, no surreal spheres, no CGI blobs, no nebula, no galaxies, no fantasy energy, no particle portals, no impossible geometry, no melting objects, no dreamscape, no people, no faces, no hands, no bare skin, no needles penetrating skin, no injection act, no clinic patient scene, no gym, no lifestyle, no wellness claims, no nicknames, no supplements aesthetic. Quality: ultra detailed, extremely detailed, hyper-detailed, razor sharp focus, tack sharp, crystal clear, ultra sharp, 8k resolution, photorealistic, hyperrealistic, ultra realistic, HDR. creation motif 340/500 · LAB-340. Keep product identity and any on-screen research typography sharp and unchanged. For laboratory research use only. Not for human use or consumption.",Active,0,
PBVita-Lab-341,341,LAB-341,liquid_handling,microfluidic chip in petri carrier,chip on dish,"microfluidic chip in petri carrier on polished black reflective acrylic, warm neutral side light, still clinical, low angle tracking slide",12,"ultra detailed, extremely detailed, hyper-detailed, razor sharp focus, tack sharp, crystal clear, ultra sharp, 8k resolution, photorealistic, hyperrealistic, ultra realistic, HDR",9:16,8,1080p,grok-imagine-image-quality,grok-imagine-video-1.5,2k,"Photoreal vertical 9:16 Palm Beach Vitality laboratory research catalog film, chemical research material only, premium American research aesthetic. PRIMARY SUBJECT (must be clearly recognizable, real laboratory object, sharp and centered): microfluidic chip in petri carrier. Physical detail: chip on dish. Setting surface: polished black reflective acrylic. Lighting: warm neutral side light, still clinical. Camera: low angle tracking slide. No abstract shapes, no glass orbs, no crystal balls, no surreal spheres, no CGI blobs, no nebula, no galaxies, no fantasy energy, no particle portals, no impossible geometry, no melting objects, no dreamscape, no people, no faces, no hands, no bare skin, no needles penetrating skin, no injection act, no clinic patient scene, no gym, no lifestyle, no wellness claims, no nicknames, no supplements aesthetic. Quality: ultra detailed, extremely detailed, hyper-detailed, razor sharp focus, tack sharp, crystal clear, ultra sharp, 8k resolution, photorealistic, hyperrealistic, ultra realistic, HDR. creation motif 341/500 · LAB-341. Keep product identity and any on-screen research typography sharp and unchanged. For laboratory research use only. Not for human use or consumption.",Active,0,
PBVita-Lab-342,342,LAB-342,liquid_handling,tubing kit silicone assorted diameters,coiled tubing,"tubing kit silicone assorted diameters on matte pure white infinity surface, split soft key and gentle bounce, circular arc that never fully completes",12,"ultra detailed, extremely detailed, hyper-detailed, razor sharp focus, tack sharp, crystal clear, ultra sharp, 8k resolution, photorealistic, hyperrealistic, ultra realistic, HDR",9:16,8,1080p,grok-imagine-image-quality,grok-imagine-video-1.5,2k,"Photoreal vertical 9:16 Palm Beach Vitality laboratory research catalog film, chemical research material only, premium American research aesthetic. PRIMARY SUBJECT (must be clearly recognizable, real laboratory object, sharp and centered): tubing kit silicone assorted diameters. Physical detail: coiled tubing. Setting surface: matte pure white infinity surface. Lighting: split soft key and gentle bounce. Camera: circular arc that never fully completes. No abstract shapes, no glass orbs, no crystal balls, no surreal spheres, no CGI blobs, no nebula, no galaxies, no fantasy energy, no particle portals, no impossible geometry, no melting objects, no dreamscape, no people, no faces, no hands, no bare skin, no needles penetrating skin, no injection act, no clinic patient scene, no gym, no lifestyle, no wellness claims, no nicknames, no supplements aesthetic. Quality: ultra detailed, extremely detailed, hyper-detailed, razor sharp focus, tack sharp, crystal clear, ultra sharp, 8k resolution, photorealistic, hyperrealistic, ultra realistic, HDR. creation motif 342/500 · LAB-342. Keep product identity and any on-screen research typography sharp and unchanged. For laboratory research use only. Not for human use or consumption.",Active,0,
PBVita-Lab-343,343,LAB-343,liquid_handling,quick-connect luer fittings tray,fittings assortment,"quick-connect luer fittings tray on brushed stainless steel lab bench, high-key seamless catalog lighting, vertical rise from base to label",12,"ultra detailed, extremely detailed, hyper-detailed, razor sharp focus, tack sharp, crystal clear, ultra sharp, 8k resolution, photorealistic, hyperrealistic, ultra realistic, HDR",9:16,8,1080p,grok-imagine-image-quality,grok-imagine-video-1.5,2k,"Photoreal vertical 9:16 Palm Beach Vitality laboratory research catalog film, chemical research material only, premium American research aesthetic. PRIMARY SUBJECT (must be clearly recognizable, real laboratory object, sharp and centered): quick-connect luer fittings tray. Physical detail: fittings assortment. Setting surface: brushed stainless steel lab bench. Lighting: high-key seamless catalog lighting. Camera: vertical rise from base to label. No abstract shapes, no glass orbs, no crystal balls, no surreal spheres, no CGI blobs, no nebula, no galaxies, no fantasy energy, no particle portals, no impossible geometry, no melting objects, no dreamscape, no people, no faces, no hands, no bare skin, no needles penetrating skin, no injection act, no clinic patient scene, no gym, no lifestyle, no wellness claims, no nicknames, no supplements aesthetic. Quality: ultra detailed, extremely detailed, hyper-detailed, razor sharp focus, tack sharp, crystal clear, ultra sharp, 8k resolution, photorealistic, hyperrealistic, ultra realistic, HDR. creation motif 343/500 · LAB-343. Keep product identity and any on-screen research typography sharp and unchanged. For laboratory research use only. Not for human use or consumption.",Active,0,
PBVita-Lab-344,344,LAB-344,liquid_handling,check valve luer set,valves,"check valve luer set on dark charcoal epoxy resin countertop, low-key selective highlight on glass edges, fast resolve into locked hero frame",12,"ultra detailed, extremely detailed, hyper-detailed, razor sharp focus, tack sharp, crystal clear, ultra sharp, 8k resolution, photorealistic, hyperrealistic, ultra realistic, HDR",9:16,8,1080p,grok-imagine-image-quality,grok-imagine-video-1.5,2k,"Photoreal vertical 9:16 Palm Beach Vitality laboratory research catalog film, chemical research material only, premium American research aesthetic. PRIMARY SUBJECT (must be clearly recognizable, real laboratory object, sharp and centered): check valve luer set. Physical detail: valves. Setting surface: dark charcoal epoxy resin countertop. Lighting: low-key selective highlight on glass edges. Camera: fast resolve into locked hero frame. No abstract shapes, no glass orbs, no crystal balls, no surreal spheres, no CGI blobs, no nebula, no galaxies, no fantasy energy, no particle portals, no impossible geometry, no melting objects, no dreamscape, no people, no faces, no hands, no bare skin, no needles penetrating skin, no injection act, no clinic patient scene, no gym, no lifestyle, no wellness claims, no nicknames, no supplements aesthetic. Quality: ultra detailed, extremely detailed, hyper-detailed, razor sharp focus, tack sharp, crystal clear, ultra sharp, 8k resolution, photorealistic, hyperrealistic, ultra realistic, HDR. creation motif 344/500 · LAB-344. Keep product identity and any on-screen research typography sharp and unchanged. For laboratory research use only. Not for human use or consumption.",Active,0,
PBVita-Lab-345,345,LAB-345,liquid_handling,in-line filter capsule,capsule filter,"in-line filter capsule on cool gray ceramic tile, soft rim light from behind, slow 360 degree orbit at eye level",12,"ultra detailed, extremely detailed, hyper-detailed, razor sharp focus, tack sharp, crystal clear, ultra sharp, 8k resolution, photorealistic, hyperrealistic, ultra realistic, HDR",9:16,8,1080p,grok-imagine-image-quality,grok-imagine-video-1.5,2k,"Photoreal vertical 9:16 Palm Beach Vitality laboratory research catalog film, chemical research material only, premium American research aesthetic. PRIMARY SUBJECT (must be clearly recognizable, real laboratory object, sharp and centered): in-line filter capsule. Physical detail: capsule filter. Setting surface: cool gray ceramic tile. Lighting: soft rim light from behind. Camera: slow 360 degree orbit at eye level. No abstract shapes, no glass orbs, no crystal balls, no surreal spheres, no CGI blobs, no nebula, no galaxies, no fantasy energy, no particle portals, no impossible geometry, no melting objects, no dreamscape, no people, no faces, no hands, no bare skin, no needles penetrating skin, no injection act, no clinic patient scene, no gym, no lifestyle, no wellness claims, no nicknames, no supplements aesthetic. Quality: ultra detailed, extremely detailed, hyper-detailed, razor sharp focus, tack sharp, crystal clear, ultra sharp, 8k resolution, photorealistic, hyperrealistic, ultra realistic, HDR. creation motif 345/500 · LAB-345. Keep product identity and any on-screen research typography sharp and unchanged. For laboratory research use only. Not for human use or consumption.",Active,0,
PBVita-Lab-346,346,LAB-346,liquid_handling,sterile media bag empty folded,bioprocess bag folded,"sterile media bag empty folded on mirrored chrome instrument tray, cool clinical blue-white LED, extreme macro push-in",12,"ultra detailed, extremely detailed, hyper-detailed, razor sharp focus, tack sharp, crystal clear, ultra sharp, 8k resolution, photorealistic, hyperrealistic, ultra realistic, HDR",9:16,8,1080p,grok-imagine-image-quality,grok-imagine-video-1.5,2k,"Photoreal vertical 9:16 Palm Beach Vitality laboratory research catalog film, chemical research material only, premium American research aesthetic. PRIMARY SUBJECT (must be clearly recognizable, real laboratory object, sharp and centered): sterile media bag empty folded. Physical detail: bioprocess bag folded. Setting surface: mirrored chrome instrument tray. Lighting: cool clinical blue-white LED. Camera: extreme macro push-in. No abstract shapes, no glass orbs, no crystal balls, no surreal spheres, no CGI blobs, no nebula, no galaxies, no fantasy energy, no particle portals, no impossible geometry, no melting objects, no dreamscape, no people, no faces, no hands, no bare skin, no needles penetrating skin, no injection act, no clinic patient scene, no gym, no lifestyle, no wellness claims, no nicknames, no supplements aesthetic. Quality: ultra detailed, extremely detailed, hyper-detailed, razor sharp focus, tack sharp, crystal clear, ultra sharp, 8k resolution, photorealistic, hyperrealistic, ultra realistic, HDR. creation motif 346/500 · LAB-346. Keep product identity and any on-screen research typography sharp and unchanged. For laboratory research use only. Not for human use or consumption.",Active,0,
PBVita-Lab-347,347,LAB-347,liquid_handling,bag spike port cover set,port covers,"bag spike port cover set on white melamine cleanroom table, single hard key light with controlled fill, gentle top-down descending move",12,"ultra detailed, extremely detailed, hyper-detailed, razor sharp focus, tack sharp, crystal clear, ultra sharp, 8k resolution, photorealistic, hyperrealistic, ultra realistic, HDR",9:16,8,1080p,grok-imagine-image-quality,grok-imagine-video-1.5,2k,"Photoreal vertical 9:16 Palm Beach Vitality laboratory research catalog film, chemical research material only, premium American research aesthetic. PRIMARY SUBJECT (must be clearly recognizable, real laboratory object, sharp and centered): bag spike port cover set. Physical detail: port covers. Setting surface: white melamine cleanroom table. Lighting: single hard key light with controlled fill. Camera: gentle top-down descending move. No abstract shapes, no glass orbs, no crystal balls, no surreal spheres, no CGI blobs, no nebula, no galaxies, no fantasy energy, no particle portals, no impossible geometry, no melting objects, no dreamscape, no people, no faces, no hands, no bare skin, no needles penetrating skin, no injection act, no clinic patient scene, no gym, no lifestyle, no wellness claims, no nicknames, no supplements aesthetic. Quality: ultra detailed, extremely detailed, hyper-detailed, razor sharp focus, tack sharp, crystal clear, ultra sharp, 8k resolution, photorealistic, hyperrealistic, ultra realistic, HDR. creation motif 347/500 · LAB-347. Keep product identity and any on-screen research typography sharp and unchanged. For laboratory research use only. Not for human use or consumption.",Active,0,
PBVita-Lab-348,348,LAB-348,liquid_handling,graduated conical tube 50ml rack,conical tubes in rack,"graduated conical tube 50ml rack on textured slate sample board, soft overhead softbox, even catalog lighting, locked tripod hero frame with subtle push",12,"ultra detailed, extremely detailed, hyper-detailed, razor sharp focus, tack sharp, crystal clear, ultra sharp, 8k resolution, photorealistic, hyperrealistic, ultra realistic, HDR",9:16,8,1080p,grok-imagine-image-quality,grok-imagine-video-1.5,2k,"Photoreal vertical 9:16 Palm Beach Vitality laboratory research catalog film, chemical research material only, premium American research aesthetic. PRIMARY SUBJECT (must be clearly recognizable, real laboratory object, sharp and centered): graduated conical tube 50ml rack. Physical detail: conical tubes in rack. Setting surface: textured slate sample board. Lighting: soft overhead softbox, even catalog lighting. Camera: locked tripod hero frame with subtle push. No abstract shapes, no glass orbs, no crystal balls, no surreal spheres, no CGI blobs, no nebula, no galaxies, no fantasy energy, no particle portals, no impossible geometry, no melting objects, no dreamscape, no people, no faces, no hands, no bare skin, no needles penetrating skin, no injection act, no clinic patient scene, no gym, no lifestyle, no wellness claims, no nicknames, no supplements aesthetic. Quality: ultra detailed, extremely detailed, hyper-detailed, razor sharp focus, tack sharp, crystal clear, ultra sharp, 8k resolution, photorealistic, hyperrealistic, ultra realistic, HDR. creation motif 348/500 · LAB-348. Keep product identity and any on-screen research typography sharp and unchanged. For laboratory research use only. Not for human use or consumption.",Active,0,
PBVita-Lab-349,349,LAB-349,liquid_handling,conical tube 15ml amber,amber conical,"conical tube 15ml amber on soft gray seamless paper backdrop, warm neutral side light, still clinical, low angle tracking slide",12,"ultra detailed, extremely detailed, hyper-detailed, razor sharp focus, tack sharp, crystal clear, ultra sharp, 8k resolution, photorealistic, hyperrealistic, ultra realistic, HDR",9:16,8,1080p,grok-imagine-image-quality,grok-imagine-video-1.5,2k,"Photoreal vertical 9:16 Palm Beach Vitality laboratory research catalog film, chemical research material only, premium American research aesthetic. PRIMARY SUBJECT (must be clearly recognizable, real laboratory object, sharp and centered): conical tube 15ml amber. Physical detail: amber conical. Setting surface: soft gray seamless paper backdrop. Lighting: warm neutral side light, still clinical. Camera: low angle tracking slide. No abstract shapes, no glass orbs, no crystal balls, no surreal spheres, no CGI blobs, no nebula, no galaxies, no fantasy energy, no particle portals, no impossible geometry, no melting objects, no dreamscape, no people, no faces, no hands, no bare skin, no needles penetrating skin, no injection act, no clinic patient scene, no gym, no lifestyle, no wellness claims, no nicknames, no supplements aesthetic. Quality: ultra detailed, extremely detailed, hyper-detailed, razor sharp focus, tack sharp, crystal clear, ultra sharp, 8k resolution, photorealistic, hyperrealistic, ultra realistic, HDR. creation motif 349/500 · LAB-349. Keep product identity and any on-screen research typography sharp and unchanged. For laboratory research use only. Not for human use or consumption.",Active,0,
PBVita-Lab-350,350,LAB-350,liquid_handling,screw-cap microtube amber 2ml,amber microtube,"screw-cap microtube amber 2ml on anodized aluminum tray, split soft key and gentle bounce, circular arc that never fully completes",12,"ultra detailed, extremely detailed, hyper-detailed, razor sharp focus, tack sharp, crystal clear, ultra sharp, 8k resolution, photorealistic, hyperrealistic, ultra realistic, HDR",9:16,8,1080p,grok-imagine-image-quality,grok-imagine-video-1.5,2k,"Photoreal vertical 9:16 Palm Beach Vitality laboratory research catalog film, chemical research material only, premium American research aesthetic. PRIMARY SUBJECT (must be clearly recognizable, real laboratory object, sharp and centered): screw-cap microtube amber 2ml. Physical detail: amber microtube. Setting surface: anodized aluminum tray. Lighting: split soft key and gentle bounce. Camera: circular arc that never fully completes. No abstract shapes, no glass orbs, no crystal balls, no surreal spheres, no CGI blobs, no nebula, no galaxies, no fantasy energy, no particle portals, no impossible geometry, no melting objects, no dreamscape, no people, no faces, no hands, no bare skin, no needles penetrating skin, no injection act, no clinic patient scene, no gym, no lifestyle, no wellness claims, no nicknames, no supplements aesthetic. Quality: ultra detailed, extremely detailed, hyper-detailed, razor sharp focus, tack sharp, crystal clear, ultra sharp, 8k resolution, photorealistic, hyperrealistic, ultra realistic, HDR. creation motif 350/500 · LAB-350. Keep product identity and any on-screen research typography sharp and unchanged. For laboratory research use only. Not for human use or consumption.",Active,0,
PBVita-Lab-351,351,LAB-351,cold_chain,validated cold chain tote rigid,rigid tote,"validated cold chain tote rigid on polished black reflective acrylic, high-key seamless catalog lighting, vertical rise from base to label",12,"ultra detailed, extremely detailed, hyper-detailed, razor sharp focus, tack sharp, crystal clear, ultra sharp, 8k resolution, photorealistic, hyperrealistic, ultra realistic, HDR",9:16,8,1080p,grok-imagine-image-quality,grok-imagine-video-1.5,2k,"Photoreal vertical 9:16 Palm Beach Vitality laboratory research catalog film, chemical research material only, premium American research aesthetic. PRIMARY SUBJECT (must be clearly recognizable, real laboratory object, sharp and centered): validated cold chain tote rigid. Physical detail: rigid tote. Setting surface: polished black reflective acrylic. Lighting: high-key seamless catalog lighting. Camera: vertical rise from base to label. No abstract shapes, no glass orbs, no crystal balls, no surreal spheres, no CGI blobs, no nebula, no galaxies, no fantasy energy, no particle portals, no impossible geometry, no melting objects, no dreamscape, no people, no faces, no hands, no bare skin, no needles penetrating skin, no injection act, no clinic patient scene, no gym, no lifestyle, no wellness claims, no nicknames, no supplements aesthetic. Quality: ultra detailed, extremely detailed, hyper-detailed, razor sharp focus, tack sharp, crystal clear, ultra sharp, 8k resolution, photorealistic, hyperrealistic, ultra realistic, HDR. creation motif 351/500 · LAB-351. Keep product identity and any on-screen research typography sharp and unchanged. For laboratory research use only. Not for human use or consumption.",Active,0,
PBVita-Lab-352,352,LAB-352,cold_chain,probe thermometer in vial sleeve,probe + sleeve,"probe thermometer in vial sleeve on matte pure white infinity surface, low-key selective highlight on glass edges, fast resolve into locked hero frame",12,"ultra detailed, extremely detailed, hyper-detailed, razor sharp focus, tack sharp, crystal clear, ultra sharp, 8k resolution, photorealistic, hyperrealistic, ultra realistic, HDR",9:16,8,1080p,grok-imagine-image-quality,grok-imagine-video-1.5,2k,"Photoreal vertical 9:16 Palm Beach Vitality laboratory research catalog film, chemical research material only, premium American research aesthetic. PRIMARY SUBJECT (must be clearly recognizable, real laboratory object, sharp and centered): probe thermometer in vial sleeve. Physical detail: probe + sleeve. Setting surface: matte pure white infinity surface. Lighting: low-key selective highlight on glass edges. Camera: fast resolve into locked hero frame. No abstract shapes, no glass orbs, no crystal balls, no surreal spheres, no CGI blobs, no nebula, no galaxies, no fantasy energy, no particle portals, no impossible geometry, no melting objects, no dreamscape, no people, no faces, no hands, no bare skin, no needles penetrating skin, no injection act, no clinic patient scene, no gym, no lifestyle, no wellness claims, no nicknames, no supplements aesthetic. Quality: ultra detailed, extremely detailed, hyper-detailed, razor sharp focus, tack sharp, crystal clear, ultra sharp, 8k resolution, photorealistic, hyperrealistic, ultra realistic, HDR. creation motif 352/500 · LAB-352. Keep product identity and any on-screen research typography sharp and unchanged. For laboratory research use only. Not for human use or consumption.",Active,0,
PBVita-Lab-353,353,LAB-353,cold_chain,USB temperature logger blister,logger packaging,"USB temperature logger blister on brushed stainless steel lab bench, soft rim light from behind, slow 360 degree orbit at eye level",12,"ultra detailed, extremely detailed, hyper-detailed, razor sharp focus, tack sharp, crystal clear, ultra sharp, 8k resolution, photorealistic, hyperrealistic, ultra realistic, HDR",9:16,8,1080p,grok-imagine-image-quality,grok-imagine-video-1.5,2k,"Photoreal vertical 9:16 Palm Beach Vitality laboratory research catalog film, chemical research material only, premium American research aesthetic. PRIMARY SUBJECT (must be clearly recognizable, real laboratory object, sharp and centered): USB temperature logger blister. Physical detail: logger packaging. Setting surface: brushed stainless steel lab bench. Lighting: soft rim light from behind. Camera: slow 360 degree orbit at eye level. No abstract shapes, no glass orbs, no crystal balls, no surreal spheres, no CGI blobs, no nebula, no galaxies, no fantasy energy, no particle portals, no impossible geometry, no melting objects, no dreamscape, no people, no faces, no hands, no bare skin, no needles penetrating skin, no injection act, no clinic patient scene, no gym, no lifestyle, no wellness claims, no nicknames, no supplements aesthetic. Quality: ultra detailed, extremely detailed, hyper-detailed, razor sharp focus, tack sharp, crystal clear, ultra sharp, 8k resolution, photorealistic, hyperrealistic, ultra realistic, HDR. creation motif 353/500 · LAB-353. Keep product identity and any on-screen research typography sharp and unchanged. For laboratory research use only. Not for human use or consumption.",Active,0,
PBVita-Lab-354,354,LAB-354,cold_chain,freeze indicator labels roll,freeze labels,"freeze indicator labels roll on dark charcoal epoxy resin countertop, cool clinical blue-white LED, extreme macro push-in",12,"ultra detailed, extremely detailed, hyper-detailed, razor sharp focus, tack sharp, crystal clear, ultra sharp, 8k resolution, photorealistic, hyperrealistic, ultra realistic, HDR",9:16,8,1080p,grok-imagine-image-quality,grok-imagine-video-1.5,2k,"Photoreal vertical 9:16 Palm Beach Vitality laboratory research catalog film, chemical research material only, premium American research aesthetic. PRIMARY SUBJECT (must be clearly recognizable, real laboratory object, sharp and centered): freeze indicator labels roll. Physical detail: freeze labels. Setting surface: dark charcoal epoxy resin countertop. Lighting: cool clinical blue-white LED. Camera: extreme macro push-in. No abstract shapes, no glass orbs, no crystal balls, no surreal spheres, no CGI blobs, no nebula, no galaxies, no fantasy energy, no particle portals, no impossible geometry, no melting objects, no dreamscape, no people, no faces, no hands, no bare skin, no needles penetrating skin, no injection act, no clinic patient scene, no gym, no lifestyle, no wellness claims, no nicknames, no supplements aesthetic. Quality: ultra detailed, extremely detailed, hyper-detailed, razor sharp focus, tack sharp, crystal clear, ultra sharp, 8k resolution, photorealistic, hyperrealistic, ultra realistic, HDR. creation motif 354/500 · LAB-354. Keep product identity and any on-screen research typography sharp and unchanged. For laboratory research use only. Not for human use or consumption.",Active,0,
PBVita-Lab-355,355,LAB-355,cold_chain,warm indicator labels pack,heat exposure labels,"warm indicator labels pack on cool gray ceramic tile, single hard key light with controlled fill, gentle top-down descending move",12,"ultra detailed, extremely detailed, hyper-detailed, razor sharp focus, tack sharp, crystal clear, ultra sharp, 8k resolution, photorealistic, hyperrealistic, ultra realistic, HDR",9:16,8,1080p,grok-imagine-image-quality,grok-imagine-video-1.5,2k,"Photoreal vertical 9:16 Palm Beach Vitality laboratory research catalog film, chemical research material only, premium American research aesthetic. PRIMARY SUBJECT (must be clearly recognizable, real laboratory object, sharp and centered): warm indicator labels pack. Physical detail: heat exposure labels. Setting surface: cool gray ceramic tile. Lighting: single hard key light with controlled fill. Camera: gentle top-down descending move. No abstract shapes, no glass orbs, no crystal balls, no surreal spheres, no CGI blobs, no nebula, no galaxies, no fantasy energy, no particle portals, no impossible geometry, no melting objects, no dreamscape, no people, no faces, no hands, no bare skin, no needles penetrating skin, no injection act, no clinic patient scene, no gym, no lifestyle, no wellness claims, no nicknames, no supplements aesthetic. Quality: ultra detailed, extremely detailed, hyper-detailed, razor sharp focus, tack sharp, crystal clear, ultra sharp, 8k resolution, photorealistic, hyperrealistic, ultra realistic, HDR. creation motif 355/500 · LAB-355. Keep product identity and any on-screen research typography sharp and unchanged. For laboratory research use only. Not for human use or consumption.",Active,0,
PBVita-Lab-356,356,LAB-356,cold_chain,gel pack honeycomb style,textured gel pack,"gel pack honeycomb style on mirrored chrome instrument tray, soft overhead softbox, even catalog lighting, locked tripod hero frame with subtle push",12,"ultra detailed, extremely detailed, hyper-detailed, razor sharp focus, tack sharp, crystal clear, ultra sharp, 8k resolution, photorealistic, hyperrealistic, ultra realistic, HDR",9:16,8,1080p,grok-imagine-image-quality,grok-imagine-video-1.5,2k,"Photoreal vertical 9:16 Palm Beach Vitality laboratory research catalog film, chemical research material only, premium American research aesthetic. PRIMARY SUBJECT (must be clearly recognizable, real laboratory object, sharp and centered): gel pack honeycomb style. Physical detail: textured gel pack. Setting surface: mirrored chrome instrument tray. Lighting: soft overhead softbox, even catalog lighting. Camera: locked tripod hero frame with subtle push. No abstract shapes, no glass orbs, no crystal balls, no surreal spheres, no CGI blobs, no nebula, no galaxies, no fantasy energy, no particle portals, no impossible geometry, no melting objects, no dreamscape, no people, no faces, no hands, no bare skin, no needles penetrating skin, no injection act, no clinic patient scene, no gym, no lifestyle, no wellness claims, no nicknames, no supplements aesthetic. Quality: ultra detailed, extremely detailed, hyper-detailed, razor sharp focus, tack sharp, crystal clear, ultra sharp, 8k resolution, photorealistic, hyperrealistic, ultra realistic, HDR. creation motif 356/500 · LAB-356. Keep product identity and any on-screen research typography sharp and unchanged. For laboratory research use only. Not for human use or consumption.",Active,0,
PBVita-Lab-357,357,LAB-357,cold_chain,PCM panel flat pack,phase change panel,"PCM panel flat pack on white melamine cleanroom table, warm neutral side light, still clinical, low angle tracking slide",12,"ultra detailed, extremely detailed, hyper-detailed, razor sharp focus, tack sharp, crystal clear, ultra sharp, 8k resolution, photorealistic, hyperrealistic, ultra realistic, HDR",9:16,8,1080p,grok-imagine-image-quality,grok-imagine-video-1.5,2k,"Photoreal vertical 9:16 Palm Beach Vitality laboratory research catalog film, chemical research material only, premium American research aesthetic. PRIMARY SUBJECT (must be clearly recognizable, real laboratory object, sharp and centered): PCM panel flat pack. Physical detail: phase change panel. Setting surface: white melamine cleanroom table. Lighting: warm neutral side light, still clinical. Camera: low angle tracking slide. No abstract shapes, no glass orbs, no crystal balls, no surreal spheres, no CGI blobs, no nebula, no galaxies, no fantasy energy, no particle portals, no impossible geometry, no melting objects, no dreamscape, no people, no faces, no hands, no bare skin, no needles penetrating skin, no injection act, no clinic patient scene, no gym, no lifestyle, no wellness claims, no nicknames, no supplements aesthetic. Quality: ultra detailed, extremely detailed, hyper-detailed, razor sharp focus, tack sharp, crystal clear, ultra sharp, 8k resolution, photorealistic, hyperrealistic, ultra realistic, HDR. creation motif 357/500 · LAB-357. Keep product identity and any on-screen research typography sharp and unchanged. For laboratory research use only. Not for human use or consumption.",Active,0,
PBVita-Lab-358,358,LAB-358,cold_chain,dry ice chest exterior closed labeled research,chest exterior,"dry ice chest exterior closed labeled research on textured slate sample board, split soft key and gentle bounce, circular arc that never fully completes",12,"ultra detailed, extremely detailed, hyper-detailed, razor sharp focus, tack sharp, crystal clear, ultra sharp, 8k resolution, photorealistic, hyperrealistic, ultra realistic, HDR",9:16,8,1080p,grok-imagine-image-quality,grok-imagine-video-1.5,2k,"Photoreal vertical 9:16 Palm Beach Vitality laboratory research catalog film, chemical research material only, premium American research aesthetic. PRIMARY SUBJECT (must be clearly recognizable, real laboratory object, sharp and centered): dry ice chest exterior closed labeled research. Physical detail: chest exterior. Setting surface: textured slate sample board. Lighting: split soft key and gentle bounce. Camera: circular arc that never fully completes. No abstract shapes, no glass orbs, no crystal balls, no surreal spheres, no CGI blobs, no nebula, no galaxies, no fantasy energy, no particle portals, no impossible geometry, no melting objects, no dreamscape, no people, no faces, no hands, no bare skin, no needles penetrating skin, no injection act, no clinic patient scene, no gym, no lifestyle, no wellness claims, no nicknames, no supplements aesthetic. Quality: ultra detailed, extremely detailed, hyper-detailed, razor sharp focus, tack sharp, crystal clear, ultra sharp, 8k resolution, photorealistic, hyperrealistic, ultra realistic, HDR. creation motif 358/500 · LAB-358. Keep product identity and any on-screen research typography sharp and unchanged. For laboratory research use only. Not for human use or consumption.",Active,0,
PBVita-Lab-359,359,LAB-359,cold_chain,cryo label kit freezer-grade,cryo labels,"cryo label kit freezer-grade on soft gray seamless paper backdrop, high-key seamless catalog lighting, vertical rise from base to label",12,"ultra detailed, extremely detailed, hyper-detailed, razor sharp focus, tack sharp, crystal clear, ultra sharp, 8k resolution, photorealistic, hyperrealistic, ultra realistic, HDR",9:16,8,1080p,grok-imagine-image-quality,grok-imagine-video-1.5,2k,"Photoreal vertical 9:16 Palm Beach Vitality laboratory research catalog film, chemical research material only, premium American research aesthetic. PRIMARY SUBJECT (must be clearly recognizable, real laboratory object, sharp and centered): cryo label kit freezer-grade. Physical detail: cryo labels. Setting surface: soft gray seamless paper backdrop. Lighting: high-key seamless catalog lighting. Camera: vertical rise from base to label. No abstract shapes, no glass orbs, no crystal balls, no surreal spheres, no CGI blobs, no nebula, no galaxies, no fantasy energy, no particle portals, no impossible geometry, no melting objects, no dreamscape, no people, no faces, no hands, no bare skin, no needles penetrating skin, no injection act, no clinic patient scene, no gym, no lifestyle, no wellness claims, no nicknames, no supplements aesthetic. Quality: ultra detailed, extremely detailed, hyper-detailed, razor sharp focus, tack sharp, crystal clear, ultra sharp, 8k resolution, photorealistic, hyperrealistic, ultra realistic, HDR. creation motif 359/500 · LAB-359. Keep product identity and any on-screen research typography sharp and unchanged. For laboratory research use only. Not for human use or consumption.",Active,0,
PBVita-Lab-360,360,LAB-360,cold_chain,freezer tape roll white,freezer tape,"freezer tape roll white on anodized aluminum tray, low-key selective highlight on glass edges, fast resolve into locked hero frame",12,"ultra detailed, extremely detailed, hyper-detailed, razor sharp focus, tack sharp, crystal clear, ultra sharp, 8k resolution, photorealistic, hyperrealistic, ultra realistic, HDR",9:16,8,1080p,grok-imagine-image-quality,grok-imagine-video-1.5,2k,"Photoreal vertical 9:16 Palm Beach Vitality laboratory research catalog film, chemical research material only, premium American research aesthetic. PRIMARY SUBJECT (must be clearly recognizable, real laboratory object, sharp and centered): freezer tape roll white. Physical detail: freezer tape. Setting surface: anodized aluminum tray. Lighting: low-key selective highlight on glass edges. Camera: fast resolve into locked hero frame. No abstract shapes, no glass orbs, no crystal balls, no surreal spheres, no CGI blobs, no nebula, no galaxies, no fantasy energy, no particle portals, no impossible geometry, no melting objects, no dreamscape, no people, no faces, no hands, no bare skin, no needles penetrating skin, no injection act, no clinic patient scene, no gym, no lifestyle, no wellness claims, no nicknames, no supplements aesthetic. Quality: ultra detailed, extremely detailed, hyper-detailed, razor sharp focus, tack sharp, crystal clear, ultra sharp, 8k resolution, photorealistic, hyperrealistic, ultra realistic, HDR. creation motif 360/500 · LAB-360. Keep product identity and any on-screen research typography sharp and unchanged. For laboratory research use only. Not for human use or consumption.",Active,0,
PBVita-Lab-361,361,LAB-361,cold_chain,cryobox cardboard 10x10 with partial vials,partially filled,"cryobox cardboard 10x10 with partial vials on polished black reflective acrylic, soft rim light from behind, slow 360 degree orbit at eye level",12,"ultra detailed, extremely detailed, hyper-detailed, razor sharp focus, tack sharp, crystal clear, ultra sharp, 8k resolution, photorealistic, hyperrealistic, ultra realistic, HDR",9:16,8,1080p,grok-imagine-image-quality,grok-imagine-video-1.5,2k,"Photoreal vertical 9:16 Palm Beach Vitality laboratory research catalog film, chemical research material only, premium American research aesthetic. PRIMARY SUBJECT (must be clearly recognizable, real laboratory object, sharp and centered): cryobox cardboard 10x10 with partial vials. Physical detail: partially filled. Setting surface: polished black reflective acrylic. Lighting: soft rim light from behind. Camera: slow 360 degree orbit at eye level. No abstract shapes, no glass orbs, no crystal balls, no surreal spheres, no CGI blobs, no nebula, no galaxies, no fantasy energy, no particle portals, no impossible geometry, no melting objects, no dreamscape, no people, no faces, no hands, no bare skin, no needles penetrating skin, no injection act, no clinic patient scene, no gym, no lifestyle, no wellness claims, no nicknames, no supplements aesthetic. Quality: ultra detailed, extremely detailed, hyper-detailed, razor sharp focus, tack sharp, crystal clear, ultra sharp, 8k resolution, photorealistic, hyperrealistic, ultra realistic, HDR. creation motif 361/500 · LAB-361. Keep product identity and any on-screen research typography sharp and unchanged. For laboratory research use only. Not for human use or consumption.",Active,0,
PBVita-Lab-362,362,LAB-362,cold_chain,polycarbonate cryobox latch closed,latched box,"polycarbonate cryobox latch closed on matte pure white infinity surface, cool clinical blue-white LED, extreme macro push-in",12,"ultra detailed, extremely detailed, hyper-detailed, razor sharp focus, tack sharp, crystal clear, ultra sharp, 8k resolution, photorealistic, hyperrealistic, ultra realistic, HDR",9:16,8,1080p,grok-imagine-image-quality,grok-imagine-video-1.5,2k,"Photoreal vertical 9:16 Palm Beach Vitality laboratory research catalog film, chemical research material only, premium American research aesthetic. PRIMARY SUBJECT (must be clearly recognizable, real laboratory object, sharp and centered): polycarbonate cryobox latch closed. Physical detail: latched box. Setting surface: matte pure white infinity surface. Lighting: cool clinical blue-white LED. Camera: extreme macro push-in. No abstract shapes, no glass orbs, no crystal balls, no surreal spheres, no CGI blobs, no nebula, no galaxies, no fantasy energy, no particle portals, no impossible geometry, no melting objects, no dreamscape, no people, no faces, no hands, no bare skin, no needles penetrating skin, no injection act, no clinic patient scene, no gym, no lifestyle, no wellness claims, no nicknames, no supplements aesthetic. Quality: ultra detailed, extremely detailed, hyper-detailed, razor sharp focus, tack sharp, crystal clear, ultra sharp, 8k resolution, photorealistic, hyperrealistic, ultra realistic, HDR. creation motif 362/500 · LAB-362. Keep product identity and any on-screen research typography sharp and unchanged. For laboratory research use only. Not for human use or consumption.",Active,0,
PBVita-Lab-363,363,LAB-363,cold_chain,cold brick stack of two,stacked bricks,"cold brick stack of two on brushed stainless steel lab bench, single hard key light with controlled fill, gentle top-down descending move",12,"ultra detailed, extremely detailed, hyper-detailed, razor sharp focus, tack sharp, crystal clear, ultra sharp, 8k resolution, photorealistic, hyperrealistic, ultra realistic, HDR",9:16,8,1080p,grok-imagine-image-quality,grok-imagine-video-1.5,2k,"Photoreal vertical 9:16 Palm Beach Vitality laboratory research catalog film, chemical research material only, premium American research aesthetic. PRIMARY SUBJECT (must be clearly recognizable, real laboratory object, sharp and centered): cold brick stack of two. Physical detail: stacked bricks. Setting surface: brushed stainless steel lab bench. Lighting: single hard key light with controlled fill. Camera: gentle top-down descending move. No abstract shapes, no glass orbs, no crystal balls, no surreal spheres, no CGI blobs, no nebula, no galaxies, no fantasy energy, no particle portals, no impossible geometry, no melting objects, no dreamscape, no people, no faces, no hands, no bare skin, no needles penetrating skin, no injection act, no clinic patient scene, no gym, no lifestyle, no wellness claims, no nicknames, no supplements aesthetic. Quality: ultra detailed, extremely detailed, hyper-detailed, razor sharp focus, tack sharp, crystal clear, ultra sharp, 8k resolution, photorealistic, hyperrealistic, ultra realistic, HDR. creation motif 363/500 · LAB-363. Keep product identity and any on-screen research typography sharp and unchanged. For laboratory research use only. Not for human use or consumption.",Active,0,
PBVita-Lab-364,364,LAB-364,cold_chain,insulated bottle carrier for reagents,carrier,"insulated bottle carrier for reagents on dark charcoal epoxy resin countertop, soft overhead softbox, even catalog lighting, locked tripod hero frame with subtle push",12,"ultra detailed, extremely detailed, hyper-detailed, razor sharp focus, tack sharp, crystal clear, ultra sharp, 8k resolution, photorealistic, hyperrealistic, ultra realistic, HDR",9:16,8,1080p,grok-imagine-image-quality,grok-imagine-video-1.5,2k,"Photoreal vertical 9:16 Palm Beach Vitality laboratory research catalog film, chemical research material only, premium American research aesthetic. PRIMARY SUBJECT (must be clearly recognizable, real laboratory object, sharp and centered): insulated bottle carrier for reagents. Physical detail: carrier. Setting surface: dark charcoal epoxy resin countertop. Lighting: soft overhead softbox, even catalog lighting. Camera: locked tripod hero frame with subtle push. No abstract shapes, no glass orbs, no crystal balls, no surreal spheres, no CGI blobs, no nebula, no galaxies, no fantasy energy, no particle portals, no impossible geometry, no melting objects, no dreamscape, no people, no faces, no hands, no bare skin, no needles penetrating skin, no injection act, no clinic patient scene, no gym, no lifestyle, no wellness claims, no nicknames, no supplements aesthetic. Quality: ultra detailed, extremely detailed, hyper-detailed, razor sharp focus, tack sharp, crystal clear, ultra sharp, 8k resolution, photorealistic, hyperrealistic, ultra realistic, HDR. creation motif 364/500 · LAB-364. Keep product identity and any on-screen research typography sharp and unchanged. For laboratory research use only. Not for human use or consumption.",Active,0,
PBVita-Lab-365,365,LAB-365,cold_chain,refrigerated centrifuge rotor lid,rotor lid object,"refrigerated centrifuge rotor lid on cool gray ceramic tile, warm neutral side light, still clinical, low angle tracking slide",12,"ultra detailed, extremely detailed, hyper-detailed, razor sharp focus, tack sharp, crystal clear, ultra sharp, 8k resolution, photorealistic, hyperrealistic, ultra realistic, HDR",9:16,8,1080p,grok-imagine-image-quality,grok-imagine-video-1.5,2k,"Photoreal vertical 9:16 Palm Beach Vitality laboratory research catalog film, chemical research material only, premium American research aesthetic. PRIMARY SUBJECT (must be clearly recognizable, real laboratory object, sharp and centered): refrigerated centrifuge rotor lid. Physical detail: rotor lid object. Setting surface: cool gray ceramic tile. Lighting: warm neutral side light, still clinical. Camera: low angle tracking slide. No abstract shapes, no glass orbs, no crystal balls, no surreal spheres, no CGI blobs, no nebula, no galaxies, no fantasy energy, no particle portals, no impossible geometry, no melting objects, no dreamscape, no people, no faces, no hands, no bare skin, no needles penetrating skin, no injection act, no clinic patient scene, no gym, no lifestyle, no wellness claims, no nicknames, no supplements aesthetic. Quality: ultra detailed, extremely detailed, hyper-detailed, razor sharp focus, tack sharp, crystal clear, ultra sharp, 8k resolution, photorealistic, hyperrealistic, ultra realistic, HDR. creation motif 365/500 · LAB-365. Keep product identity and any on-screen research typography sharp and unchanged. For laboratory research use only. Not for human use or consumption.",Active,0,
PBVita-Lab-366,366,LAB-366,cold_chain,pre-chilled aluminum tube block,cold block,"pre-chilled aluminum tube block on mirrored chrome instrument tray, split soft key and gentle bounce, circular arc that never fully completes",12,"ultra detailed, extremely detailed, hyper-detailed, razor sharp focus, tack sharp, crystal clear, ultra sharp, 8k resolution, photorealistic, hyperrealistic, ultra realistic, HDR",9:16,8,1080p,grok-imagine-image-quality,grok-imagine-video-1.5,2k,"Photoreal vertical 9:16 Palm Beach Vitality laboratory research catalog film, chemical research material only, premium American research aesthetic. PRIMARY SUBJECT (must be clearly recognizable, real laboratory object, sharp and centered): pre-chilled aluminum tube block. Physical detail: cold block. Setting surface: mirrored chrome instrument tray. Lighting: split soft key and gentle bounce. Camera: circular arc that never fully completes. No abstract shapes, no glass orbs, no crystal balls, no surreal spheres, no CGI blobs, no nebula, no galaxies, no fantasy energy, no particle portals, no impossible geometry, no melting objects, no dreamscape, no people, no faces, no hands, no bare skin, no needles penetrating skin, no injection act, no clinic patient scene, no gym, no lifestyle, no wellness claims, no nicknames, no supplements aesthetic. Quality: ultra detailed, extremely detailed, hyper-detailed, razor sharp focus, tack sharp, crystal clear, ultra sharp, 8k resolution, photorealistic, hyperrealistic, ultra realistic, HDR. creation motif 366/500 · LAB-366. Keep product identity and any on-screen research typography sharp and unchanged. For laboratory research use only. Not for human use or consumption.",Active,0,
PBVita-Lab-367,367,LAB-367,cold_chain,cooling core for shipper,replaceable core,"cooling core for shipper on white melamine cleanroom table, high-key seamless catalog lighting, vertical rise from base to label",12,"ultra detailed, extremely detailed, hyper-detailed, razor sharp focus, tack sharp, crystal clear, ultra sharp, 8k resolution, photorealistic, hyperrealistic, ultra realistic, HDR",9:16,8,1080p,grok-imagine-image-quality,grok-imagine-video-1.5,2k,"Photoreal vertical 9:16 Palm Beach Vitality laboratory research catalog film, chemical research material only, premium American research aesthetic. PRIMARY SUBJECT (must be clearly recognizable, real laboratory object, sharp and centered): cooling core for shipper. Physical detail: replaceable core. Setting surface: white melamine cleanroom table. Lighting: high-key seamless catalog lighting. Camera: vertical rise from base to label. No abstract shapes, no glass orbs, no crystal balls, no surreal spheres, no CGI blobs, no nebula, no galaxies, no fantasy energy, no particle portals, no impossible geometry, no melting objects, no dreamscape, no people, no faces, no hands, no bare skin, no needles penetrating skin, no injection act, no clinic patient scene, no gym, no lifestyle, no wellness claims, no nicknames, no supplements aesthetic. Quality: ultra detailed, extremely detailed, hyper-detailed, razor sharp focus, tack sharp, crystal clear, ultra sharp, 8k resolution, photorealistic, hyperrealistic, ultra realistic, HDR. creation motif 367/500 · LAB-367. Keep product identity and any on-screen research typography sharp and unchanged. For laboratory research use only. Not for human use or consumption.",Active,0,
PBVita-Lab-368,368,LAB-368,cold_chain,thermal pallet cover folded,cover fabric,"thermal pallet cover folded on textured slate sample board, low-key selective highlight on glass edges, fast resolve into locked hero frame",12,"ultra detailed, extremely detailed, hyper-detailed, razor sharp focus, tack sharp, crystal clear, ultra sharp, 8k resolution, photorealistic, hyperrealistic, ultra realistic, HDR",9:16,8,1080p,grok-imagine-image-quality,grok-imagine-video-1.5,2k,"Photoreal vertical 9:16 Palm Beach Vitality laboratory research catalog film, chemical research material only, premium American research aesthetic. PRIMARY SUBJECT (must be clearly recognizable, real laboratory object, sharp and centered): thermal pallet cover folded. Physical detail: cover fabric. Setting surface: textured slate sample board. Lighting: low-key selective highlight on glass edges. Camera: fast resolve into locked hero frame. No abstract shapes, no glass orbs, no crystal balls, no surreal spheres, no CGI blobs, no nebula, no galaxies, no fantasy energy, no particle portals, no impossible geometry, no melting objects, no dreamscape, no people, no faces, no hands, no bare skin, no needles penetrating skin, no injection act, no clinic patient scene, no gym, no lifestyle, no wellness claims, no nicknames, no supplements aesthetic. Quality: ultra detailed, extremely detailed, hyper-detailed, razor sharp focus, tack sharp, crystal clear, ultra sharp, 8k resolution, photorealistic, hyperrealistic, ultra realistic, HDR. creation motif 368/500 · LAB-368. Keep product identity and any on-screen research typography sharp and unchanged. For laboratory research use only. Not for human use or consumption.",Active,0,
PBVita-Lab-369,369,LAB-369,cold_chain,cold chain SOP binder spine only,binder spine,"cold chain SOP binder spine only on soft gray seamless paper backdrop, soft rim light from behind, slow 360 degree orbit at eye level",12,"ultra detailed, extremely detailed, hyper-detailed, razor sharp focus, tack sharp, crystal clear, ultra sharp, 8k resolution, photorealistic, hyperrealistic, ultra realistic, HDR",9:16,8,1080p,grok-imagine-image-quality,grok-imagine-video-1.5,2k,"Photoreal vertical 9:16 Palm Beach Vitality laboratory research catalog film, chemical research material only, premium American research aesthetic. PRIMARY SUBJECT (must be clearly recognizable, real laboratory object, sharp and centered): cold chain SOP binder spine only. Physical detail: binder spine. Setting surface: soft gray seamless paper backdrop. Lighting: soft rim light from behind. Camera: slow 360 degree orbit at eye level. No abstract shapes, no glass orbs, no crystal balls, no surreal spheres, no CGI blobs, no nebula, no galaxies, no fantasy energy, no particle portals, no impossible geometry, no melting objects, no dreamscape, no people, no faces, no hands, no bare skin, no needles penetrating skin, no injection act, no clinic patient scene, no gym, no lifestyle, no wellness claims, no nicknames, no supplements aesthetic. Quality: ultra detailed, extremely detailed, hyper-detailed, razor sharp focus, tack sharp, crystal clear, ultra sharp, 8k resolution, photorealistic, hyperrealistic, ultra realistic, HDR. creation motif 369/500 · LAB-369. Keep product identity and any on-screen research typography sharp and unchanged. For laboratory research use only. Not for human use or consumption.",Active,0,
PBVita-Lab-370,370,LAB-370,cold_chain,ice sleeve for single conical tube,tube sleeve,"ice sleeve for single conical tube on anodized aluminum tray, cool clinical blue-white LED, extreme macro push-in",12,"ultra detailed, extremely detailed, hyper-detailed, razor sharp focus, tack sharp, crystal clear, ultra sharp, 8k resolution, photorealistic, hyperrealistic, ultra realistic, HDR",9:16,8,1080p,grok-imagine-image-quality,grok-imagine-video-1.5,2k,"Photoreal vertical 9:16 Palm Beach Vitality laboratory research catalog film, chemical research material only, premium American research aesthetic. PRIMARY SUBJECT (must be clearly recognizable, real laboratory object, sharp and centered): ice sleeve for single conical tube. Physical detail: tube sleeve. Setting surface: anodized aluminum tray. Lighting: cool clinical blue-white LED. Camera: extreme macro push-in. No abstract shapes, no glass orbs, no crystal balls, no surreal spheres, no CGI blobs, no nebula, no galaxies, no fantasy energy, no particle portals, no impossible geometry, no melting objects, no dreamscape, no people, no faces, no hands, no bare skin, no needles penetrating skin, no injection act, no clinic patient scene, no gym, no lifestyle, no wellness claims, no nicknames, no supplements aesthetic. Quality: ultra detailed, extremely detailed, hyper-detailed, razor sharp focus, tack sharp, crystal clear, ultra sharp, 8k resolution, photorealistic, hyperrealistic, ultra realistic, HDR. creation motif 370/500 · LAB-370. Keep product identity and any on-screen research typography sharp and unchanged. For laboratory research use only. Not for human use or consumption.",Active,0,
PBVita-Lab-371,371,LAB-371,cold_chain,frost-free freezer shelf bin labeled research,bin label research,"frost-free freezer shelf bin labeled research on polished black reflective acrylic, single hard key light with controlled fill, gentle top-down descending move",12,"ultra detailed, extremely detailed, hyper-detailed, razor sharp focus, tack sharp, crystal clear, ultra sharp, 8k resolution, photorealistic, hyperrealistic, ultra realistic, HDR",9:16,8,1080p,grok-imagine-image-quality,grok-imagine-video-1.5,2k,"Photoreal vertical 9:16 Palm Beach Vitality laboratory research catalog film, chemical research material only, premium American research aesthetic. PRIMARY SUBJECT (must be clearly recognizable, real laboratory object, sharp and centered): frost-free freezer shelf bin labeled research. Physical detail: bin label research. Setting surface: polished black reflective acrylic. Lighting: single hard key light with controlled fill. Camera: gentle top-down descending move. No abstract shapes, no glass orbs, no crystal balls, no surreal spheres, no CGI blobs, no nebula, no galaxies, no fantasy energy, no particle portals, no impossible geometry, no melting objects, no dreamscape, no people, no faces, no hands, no bare skin, no needles penetrating skin, no injection act, no clinic patient scene, no gym, no lifestyle, no wellness claims, no nicknames, no supplements aesthetic. Quality: ultra detailed, extremely detailed, hyper-detailed, razor sharp focus, tack sharp, crystal clear, ultra sharp, 8k resolution, photorealistic, hyperrealistic, ultra realistic, HDR. creation motif 371/500 · LAB-371. Keep product identity and any on-screen research typography sharp and unchanged. For laboratory research use only. Not for human use or consumption.",Active,0,
PBVita-Lab-372,372,LAB-372,cold_chain,LN2 glove pair boxed,cryo gloves box,"LN2 glove pair boxed on matte pure white infinity surface, soft overhead softbox, even catalog lighting, locked tripod hero frame with subtle push",12,"ultra detailed, extremely detailed, hyper-detailed, razor sharp focus, tack sharp, crystal clear, ultra sharp, 8k resolution, photorealistic, hyperrealistic, ultra realistic, HDR",9:16,8,1080p,grok-imagine-image-quality,grok-imagine-video-1.5,2k,"Photoreal vertical 9:16 Palm Beach Vitality laboratory research catalog film, chemical research material only, premium American research aesthetic. PRIMARY SUBJECT (must be clearly recognizable, real laboratory object, sharp and centered): LN2 glove pair boxed. Physical detail: cryo gloves box. Setting surface: matte pure white infinity surface. Lighting: soft overhead softbox, even catalog lighting. Camera: locked tripod hero frame with subtle push. No abstract shapes, no glass orbs, no crystal balls, no surreal spheres, no CGI blobs, no nebula, no galaxies, no fantasy energy, no particle portals, no impossible geometry, no melting objects, no dreamscape, no people, no faces, no hands, no bare skin, no needles penetrating skin, no injection act, no clinic patient scene, no gym, no lifestyle, no wellness claims, no nicknames, no supplements aesthetic. Quality: ultra detailed, extremely detailed, hyper-detailed, razor sharp focus, tack sharp, crystal clear, ultra sharp, 8k resolution, photorealistic, hyperrealistic, ultra realistic, HDR. creation motif 372/500 · LAB-372. Keep product identity and any on-screen research typography sharp and unchanged. For laboratory research use only. Not for human use or consumption.",Active,0,
PBVita-Lab-373,373,LAB-373,cold_chain,face shield for cryo boxed,shield packaging,"face shield for cryo boxed on brushed stainless steel lab bench, warm neutral side light, still clinical, low angle tracking slide",12,"ultra detailed, extremely detailed, hyper-detailed, razor sharp focus, tack sharp, crystal clear, ultra sharp, 8k resolution, photorealistic, hyperrealistic, ultra realistic, HDR",9:16,8,1080p,grok-imagine-image-quality,grok-imagine-video-1.5,2k,"Photoreal vertical 9:16 Palm Beach Vitality laboratory research catalog film, chemical research material only, premium American research aesthetic. PRIMARY SUBJECT (must be clearly recognizable, real laboratory object, sharp and centered): face shield for cryo boxed. Physical detail: shield packaging. Setting surface: brushed stainless steel lab bench. Lighting: warm neutral side light, still clinical. Camera: low angle tracking slide. No abstract shapes, no glass orbs, no crystal balls, no surreal spheres, no CGI blobs, no nebula, no galaxies, no fantasy energy, no particle portals, no impossible geometry, no melting objects, no dreamscape, no people, no faces, no hands, no bare skin, no needles penetrating skin, no injection act, no clinic patient scene, no gym, no lifestyle, no wellness claims, no nicknames, no supplements aesthetic. Quality: ultra detailed, extremely detailed, hyper-detailed, razor sharp focus, tack sharp, crystal clear, ultra sharp, 8k resolution, photorealistic, hyperrealistic, ultra realistic, HDR. creation motif 373/500 · LAB-373. Keep product identity and any on-screen research typography sharp and unchanged. For laboratory research use only. Not for human use or consumption.",Active,0,
PBVita-Lab-374,374,LAB-374,cold_chain,cryo cane numbered tags,tags,"cryo cane numbered tags on dark charcoal epoxy resin countertop, split soft key and gentle bounce, circular arc that never fully completes",12,"ultra detailed, extremely detailed, hyper-detailed, razor sharp focus, tack sharp, crystal clear, ultra sharp, 8k resolution, photorealistic, hyperrealistic, ultra realistic, HDR",9:16,8,1080p,grok-imagine-image-quality,grok-imagine-video-1.5,2k,"Photoreal vertical 9:16 Palm Beach Vitality laboratory research catalog film, chemical research material only, premium American research aesthetic. PRIMARY SUBJECT (must be clearly recognizable, real laboratory object, sharp and centered): cryo cane numbered tags. Physical detail: tags. Setting surface: dark charcoal epoxy resin countertop. Lighting: split soft key and gentle bounce. Camera: circular arc that never fully completes. No abstract shapes, no glass orbs, no crystal balls, no surreal spheres, no CGI blobs, no nebula, no galaxies, no fantasy energy, no particle portals, no impossible geometry, no melting objects, no dreamscape, no people, no faces, no hands, no bare skin, no needles penetrating skin, no injection act, no clinic patient scene, no gym, no lifestyle, no wellness claims, no nicknames, no supplements aesthetic. Quality: ultra detailed, extremely detailed, hyper-detailed, razor sharp focus, tack sharp, crystal clear, ultra sharp, 8k resolution, photorealistic, hyperrealistic, ultra realistic, HDR. creation motif 374/500 · LAB-374. Keep product identity and any on-screen research typography sharp and unchanged. For laboratory research use only. Not for human use or consumption.",Active,0,
PBVita-Lab-375,375,LAB-375,cold_chain,vapor plug for dry shipper,plug component,"vapor plug for dry shipper on cool gray ceramic tile, high-key seamless catalog lighting, vertical rise from base to label",12,"ultra detailed, extremely detailed, hyper-detailed, razor sharp focus, tack sharp, crystal clear, ultra sharp, 8k resolution, photorealistic, hyperrealistic, ultra realistic, HDR",9:16,8,1080p,grok-imagine-image-quality,grok-imagine-video-1.5,2k,"Photoreal vertical 9:16 Palm Beach Vitality laboratory research catalog film, chemical research material only, premium American research aesthetic. PRIMARY SUBJECT (must be clearly recognizable, real laboratory object, sharp and centered): vapor plug for dry shipper. Physical detail: plug component. Setting surface: cool gray ceramic tile. Lighting: high-key seamless catalog lighting. Camera: vertical rise from base to label. No abstract shapes, no glass orbs, no crystal balls, no surreal spheres, no CGI blobs, no nebula, no galaxies, no fantasy energy, no particle portals, no impossible geometry, no melting objects, no dreamscape, no people, no faces, no hands, no bare skin, no needles penetrating skin, no injection act, no clinic patient scene, no gym, no lifestyle, no wellness claims, no nicknames, no supplements aesthetic. Quality: ultra detailed, extremely detailed, hyper-detailed, razor sharp focus, tack sharp, crystal clear, ultra sharp, 8k resolution, photorealistic, hyperrealistic, ultra realistic, HDR. creation motif 375/500 · LAB-375. Keep product identity and any on-screen research typography sharp and unchanged. For laboratory research use only. Not for human use or consumption.",Active,0,
PBVita-Lab-376,376,LAB-376,instruments,microplate reader closed,plate reader instrument,"microplate reader closed on mirrored chrome instrument tray, low-key selective highlight on glass edges, fast resolve into locked hero frame",12,"ultra detailed, extremely detailed, hyper-detailed, razor sharp focus, tack sharp, crystal clear, ultra sharp, 8k resolution, photorealistic, hyperrealistic, ultra realistic, HDR",9:16,8,1080p,grok-imagine-image-quality,grok-imagine-video-1.5,2k,"Photoreal vertical 9:16 Palm Beach Vitality laboratory research catalog film, chemical research material only, premium American research aesthetic. PRIMARY SUBJECT (must be clearly recognizable, real laboratory object, sharp and centered): microplate reader closed. Physical detail: plate reader instrument. Setting surface: mirrored chrome instrument tray. Lighting: low-key selective highlight on glass edges. Camera: fast resolve into locked hero frame. No abstract shapes, no glass orbs, no crystal balls, no surreal spheres, no CGI blobs, no nebula, no galaxies, no fantasy energy, no particle portals, no impossible geometry, no melting objects, no dreamscape, no people, no faces, no hands, no bare skin, no needles penetrating skin, no injection act, no clinic patient scene, no gym, no lifestyle, no wellness claims, no nicknames, no supplements aesthetic. Quality: ultra detailed, extremely detailed, hyper-detailed, razor sharp focus, tack sharp, crystal clear, ultra sharp, 8k resolution, photorealistic, hyperrealistic, ultra realistic, HDR. creation motif 376/500 · LAB-376. Keep product identity and any on-screen research typography sharp and unchanged. For laboratory research use only. Not for human use or consumption.",Active,0,
PBVita-Lab-377,377,LAB-377,instruments,qPCR machine lid closed,thermocycler exterior,"qPCR machine lid closed on white melamine cleanroom table, soft rim light from behind, slow 360 degree orbit at eye level",12,"ultra detailed, extremely detailed, hyper-detailed, razor sharp focus, tack sharp, crystal clear, ultra sharp, 8k resolution, photorealistic, hyperrealistic, ultra realistic, HDR",9:16,8,1080p,grok-imagine-image-quality,grok-imagine-video-1.5,2k,"Photoreal vertical 9:16 Palm Beach Vitality laboratory research catalog film, chemical research material only, premium American research aesthetic. PRIMARY SUBJECT (must be clearly recognizable, real laboratory object, sharp and centered): qPCR machine lid closed. Physical detail: thermocycler exterior. Setting surface: white melamine cleanroom table. Lighting: soft rim light from behind. Camera: slow 360 degree orbit at eye level. No abstract shapes, no glass orbs, no crystal balls, no surreal spheres, no CGI blobs, no nebula, no galaxies, no fantasy energy, no particle portals, no impossible geometry, no melting objects, no dreamscape, no people, no faces, no hands, no bare skin, no needles penetrating skin, no injection act, no clinic patient scene, no gym, no lifestyle, no wellness claims, no nicknames, no supplements aesthetic. Quality: ultra detailed, extremely detailed, hyper-detailed, razor sharp focus, tack sharp, crystal clear, ultra sharp, 8k resolution, photorealistic, hyperrealistic, ultra realistic, HDR. creation motif 377/500 · LAB-377. Keep product identity and any on-screen research typography sharp and unchanged. For laboratory research use only. Not for human use or consumption.",Active,0,
PBVita-Lab-378,378,LAB-378,instruments,thermocycler block alone empty,metal block,"thermocycler block alone empty on textured slate sample board, cool clinical blue-white LED, extreme macro push-in",12,"ultra detailed, extremely detailed, hyper-detailed, razor sharp focus, tack sharp, crystal clear, ultra sharp, 8k resolution, photorealistic, hyperrealistic, ultra realistic, HDR",9:16,8,1080p,grok-imagine-image-quality,grok-imagine-video-1.5,2k,"Photoreal vertical 9:16 Palm Beach Vitality laboratory research catalog film, chemical research material only, premium American research aesthetic. PRIMARY SUBJECT (must be clearly recognizable, real laboratory object, sharp and centered): thermocycler block alone empty. Physical detail: metal block. Setting surface: textured slate sample board. Lighting: cool clinical blue-white LED. Camera: extreme macro push-in. No abstract shapes, no glass orbs, no crystal balls, no surreal spheres, no CGI blobs, no nebula, no galaxies, no fantasy energy, no particle portals, no impossible geometry, no melting objects, no dreamscape, no people, no faces, no hands, no bare skin, no needles penetrating skin, no injection act, no clinic patient scene, no gym, no lifestyle, no wellness claims, no nicknames, no supplements aesthetic. Quality: ultra detailed, extremely detailed, hyper-detailed, razor sharp focus, tack sharp, crystal clear, ultra sharp, 8k resolution, photorealistic, hyperrealistic, ultra realistic, HDR. creation motif 378/500 · LAB-378. Keep product identity and any on-screen research typography sharp and unchanged. For laboratory research use only. Not for human use or consumption.",Active,0,
PBVita-Lab-379,379,LAB-379,instruments,gel imager darkroom unit closed,imager,"gel imager darkroom unit closed on soft gray seamless paper backdrop, single hard key light with controlled fill, gentle top-down descending move",12,"ultra detailed, extremely detailed, hyper-detailed, razor sharp focus, tack sharp, crystal clear, ultra sharp, 8k resolution, photorealistic, hyperrealistic, ultra realistic, HDR",9:16,8,1080p,grok-imagine-image-quality,grok-imagine-video-1.5,2k,"Photoreal vertical 9:16 Palm Beach Vitality laboratory research catalog film, chemical research material only, premium American research aesthetic. PRIMARY SUBJECT (must be clearly recognizable, real laboratory object, sharp and centered): gel imager darkroom unit closed. Physical detail: imager. Setting surface: soft gray seamless paper backdrop. Lighting: single hard key light with controlled fill. Camera: gentle top-down descending move. No abstract shapes, no glass orbs, no crystal balls, no surreal spheres, no CGI blobs, no nebula, no galaxies, no fantasy energy, no particle portals, no impossible geometry, no melting objects, no dreamscape, no people, no faces, no hands, no bare skin, no needles penetrating skin, no injection act, no clinic patient scene, no gym, no lifestyle, no wellness claims, no nicknames, no supplements aesthetic. Quality: ultra detailed, extremely detailed, hyper-detailed, razor sharp focus, tack sharp, crystal clear, ultra sharp, 8k resolution, photorealistic, hyperrealistic, ultra realistic, HDR. creation motif 379/500 · LAB-379. Keep product identity and any on-screen research typography sharp and unchanged. For laboratory research use only. Not for human use or consumption.",Active,0,
PBVita-Lab-380,380,LAB-380,instruments,western blot transfer tank,transfer tank,"western blot transfer tank on anodized aluminum tray, soft overhead softbox, even catalog lighting, locked tripod hero frame with subtle push",12,"ultra detailed, extremely detailed, hyper-detailed, razor sharp focus, tack sharp, crystal clear, ultra sharp, 8k resolution, photorealistic, hyperrealistic, ultra realistic, HDR",9:16,8,1080p,grok-imagine-image-quality,grok-imagine-video-1.5,2k,"Photoreal vertical 9:16 Palm Beach Vitality laboratory research catalog film, chemical research material only, premium American research aesthetic. PRIMARY SUBJECT (must be clearly recognizable, real laboratory object, sharp and centered): western blot transfer tank. Physical detail: transfer tank. Setting surface: anodized aluminum tray. Lighting: soft overhead softbox, even catalog lighting. Camera: locked tripod hero frame with subtle push. No abstract shapes, no glass orbs, no crystal balls, no surreal spheres, no CGI blobs, no nebula, no galaxies, no fantasy energy, no particle portals, no impossible geometry, no melting objects, no dreamscape, no people, no faces, no hands, no bare skin, no needles penetrating skin, no injection act, no clinic patient scene, no gym, no lifestyle, no wellness claims, no nicknames, no supplements aesthetic. Quality: ultra detailed, extremely detailed, hyper-detailed, razor sharp focus, tack sharp, crystal clear, ultra sharp, 8k resolution, photorealistic, hyperrealistic, ultra realistic, HDR. creation motif 380/500 · LAB-380. Keep product identity and any on-screen research typography sharp and unchanged. For laboratory research use only. Not for human use or consumption.",Active,0,
PBVita-Lab-381,381,LAB-381,instruments,rocking platform mixer,rocker,"rocking platform mixer on polished black reflective acrylic, warm neutral side light, still clinical, low angle tracking slide",12,"ultra detailed, extremely detailed, hyper-detailed, razor sharp focus, tack sharp, crystal clear, ultra sharp, 8k resolution, photorealistic, hyperrealistic, ultra realistic, HDR",9:16,8,1080p,grok-imagine-image-quality,grok-imagine-video-1.5,2k,"Photoreal vertical 9:16 Palm Beach Vitality laboratory research catalog film, chemical research material only, premium American research aesthetic. PRIMARY SUBJECT (must be clearly recognizable, real laboratory object, sharp and centered): rocking platform mixer. Physical detail: rocker. Setting surface: polished black reflective acrylic. Lighting: warm neutral side light, still clinical. Camera: low angle tracking slide. No abstract shapes, no glass orbs, no crystal balls, no surreal spheres, no CGI blobs, no nebula, no galaxies, no fantasy energy, no particle portals, no impossible geometry, no melting objects, no dreamscape, no people, no faces, no hands, no bare skin, no needles penetrating skin, no injection act, no clinic patient scene, no gym, no lifestyle, no wellness claims, no nicknames, no supplements aesthetic. Quality: ultra detailed, extremely detailed, hyper-detailed, razor sharp focus, tack sharp, crystal clear, ultra sharp, 8k resolution, photorealistic, hyperrealistic, ultra realistic, HDR. creation motif 381/500 · LAB-381. Keep product identity and any on-screen research typography sharp and unchanged. For laboratory research use only. Not for human use or consumption.",Active,0,
PBVita-Lab-382,382,LAB-382,instruments,3D nutating mixer,nutator,"3D nutating mixer on matte pure white infinity surface, split soft key and gentle bounce, circular arc that never fully completes",12,"ultra detailed, extremely detailed, hyper-detailed, razor sharp focus, tack sharp, crystal clear, ultra sharp, 8k resolution, photorealistic, hyperrealistic, ultra realistic, HDR",9:16,8,1080p,grok-imagine-image-quality,grok-imagine-video-1.5,2k,"Photoreal vertical 9:16 Palm Beach Vitality laboratory research catalog film, chemical research material only, premium American research aesthetic. PRIMARY SUBJECT (must be clearly recognizable, real laboratory object, sharp and centered): 3D nutating mixer. Physical detail: nutator. Setting surface: matte pure white infinity surface. Lighting: split soft key and gentle bounce. Camera: circular arc that never fully completes. No abstract shapes, no glass orbs, no crystal balls, no surreal spheres, no CGI blobs, no nebula, no galaxies, no fantasy energy, no particle portals, no impossible geometry, no melting objects, no dreamscape, no people, no faces, no hands, no bare skin, no needles penetrating skin, no injection act, no clinic patient scene, no gym, no lifestyle, no wellness claims, no nicknames, no supplements aesthetic. Quality: ultra detailed, extremely detailed, hyper-detailed, razor sharp focus, tack sharp, crystal clear, ultra sharp, 8k resolution, photorealistic, hyperrealistic, ultra realistic, HDR. creation motif 382/500 · LAB-382. Keep product identity and any on-screen research typography sharp and unchanged. For laboratory research use only. Not for human use or consumption.",Active,0,
PBVita-Lab-383,383,LAB-383,instruments,overhead stirrer motor on stand,stirrer motor,"overhead stirrer motor on stand on brushed stainless steel lab bench, high-key seamless catalog lighting, vertical rise from base to label",12,"ultra detailed, extremely detailed, hyper-detailed, razor sharp focus, tack sharp, crystal clear, ultra sharp, 8k resolution, photorealistic, hyperrealistic, ultra realistic, HDR",9:16,8,1080p,grok-imagine-image-quality,grok-imagine-video-1.5,2k,"Photoreal vertical 9:16 Palm Beach Vitality laboratory research catalog film, chemical research material only, premium American research aesthetic. PRIMARY SUBJECT (must be clearly recognizable, real laboratory object, sharp and centered): overhead stirrer motor on stand. Physical detail: stirrer motor. Setting surface: brushed stainless steel lab bench. Lighting: high-key seamless catalog lighting. Camera: vertical rise from base to label. No abstract shapes, no glass orbs, no crystal balls, no surreal spheres, no CGI blobs, no nebula, no galaxies, no fantasy energy, no particle portals, no impossible geometry, no melting objects, no dreamscape, no people, no faces, no hands, no bare skin, no needles penetrating skin, no injection act, no clinic patient scene, no gym, no lifestyle, no wellness claims, no nicknames, no supplements aesthetic. Quality: ultra detailed, extremely detailed, hyper-detailed, razor sharp focus, tack sharp, crystal clear, ultra sharp, 8k resolution, photorealistic, hyperrealistic, ultra realistic, HDR. creation motif 383/500 · LAB-383. Keep product identity and any on-screen research typography sharp and unchanged. For laboratory research use only. Not for human use or consumption.",Active,0,
PBVita-Lab-384,384,LAB-384,instruments,homogenizer probe parked in stand,probe stand,"homogenizer probe parked in stand on dark charcoal epoxy resin countertop, low-key selective highlight on glass edges, fast resolve into locked hero frame",12,"ultra detailed, extremely detailed, hyper-detailed, razor sharp focus, tack sharp, crystal clear, ultra sharp, 8k resolution, photorealistic, hyperrealistic, ultra realistic, HDR",9:16,8,1080p,grok-imagine-image-quality,grok-imagine-video-1.5,2k,"Photoreal vertical 9:16 Palm Beach Vitality laboratory research catalog film, chemical research material only, premium American research aesthetic. PRIMARY SUBJECT (must be clearly recognizable, real laboratory object, sharp and centered): homogenizer probe parked in stand. Physical detail: probe stand. Setting surface: dark charcoal epoxy resin countertop. Lighting: low-key selective highlight on glass edges. Camera: fast resolve into locked hero frame. No abstract shapes, no glass orbs, no crystal balls, no surreal spheres, no CGI blobs, no nebula, no galaxies, no fantasy energy, no particle portals, no impossible geometry, no melting objects, no dreamscape, no people, no faces, no hands, no bare skin, no needles penetrating skin, no injection act, no clinic patient scene, no gym, no lifestyle, no wellness claims, no nicknames, no supplements aesthetic. Quality: ultra detailed, extremely detailed, hyper-detailed, razor sharp focus, tack sharp, crystal clear, ultra sharp, 8k resolution, photorealistic, hyperrealistic, ultra realistic, HDR. creation motif 384/500 · LAB-384. Keep product identity and any on-screen research typography sharp and unchanged. For laboratory research use only. Not for human use or consumption.",Active,0,
PBVita-Lab-385,385,LAB-385,instruments,sonic probe tip set,probe tips,"sonic probe tip set on cool gray ceramic tile, soft rim light from behind, slow 360 degree orbit at eye level",12,"ultra detailed, extremely detailed, hyper-detailed, razor sharp focus, tack sharp, crystal clear, ultra sharp, 8k resolution, photorealistic, hyperrealistic, ultra realistic, HDR",9:16,8,1080p,grok-imagine-image-quality,grok-imagine-video-1.5,2k,"Photoreal vertical 9:16 Palm Beach Vitality laboratory research catalog film, chemical research material only, premium American research aesthetic. PRIMARY SUBJECT (must be clearly recognizable, real laboratory object, sharp and centered): sonic probe tip set. Physical detail: probe tips. Setting surface: cool gray ceramic tile. Lighting: soft rim light from behind. Camera: slow 360 degree orbit at eye level. No abstract shapes, no glass orbs, no crystal balls, no surreal spheres, no CGI blobs, no nebula, no galaxies, no fantasy energy, no particle portals, no impossible geometry, no melting objects, no dreamscape, no people, no faces, no hands, no bare skin, no needles penetrating skin, no injection act, no clinic patient scene, no gym, no lifestyle, no wellness claims, no nicknames, no supplements aesthetic. Quality: ultra detailed, extremely detailed, hyper-detailed, razor sharp focus, tack sharp, crystal clear, ultra sharp, 8k resolution, photorealistic, hyperrealistic, ultra realistic, HDR. creation motif 385/500 · LAB-385. Keep product identity and any on-screen research typography sharp and unchanged. For laboratory research use only. Not for human use or consumption.",Active,0,
PBVita-Lab-386,386,LAB-386,instruments,lab homogenizer tube adapter,adapter,"lab homogenizer tube adapter on mirrored chrome instrument tray, cool clinical blue-white LED, extreme macro push-in",12,"ultra detailed, extremely detailed, hyper-detailed, razor sharp focus, tack sharp, crystal clear, ultra sharp, 8k resolution, photorealistic, hyperrealistic, ultra realistic, HDR",9:16,8,1080p,grok-imagine-image-quality,grok-imagine-video-1.5,2k,"Photoreal vertical 9:16 Palm Beach Vitality laboratory research catalog film, chemical research material only, premium American research aesthetic. PRIMARY SUBJECT (must be clearly recognizable, real laboratory object, sharp and centered): lab homogenizer tube adapter. Physical detail: adapter. Setting surface: mirrored chrome instrument tray. Lighting: cool clinical blue-white LED. Camera: extreme macro push-in. No abstract shapes, no glass orbs, no crystal balls, no surreal spheres, no CGI blobs, no nebula, no galaxies, no fantasy energy, no particle portals, no impossible geometry, no melting objects, no dreamscape, no people, no faces, no hands, no bare skin, no needles penetrating skin, no injection act, no clinic patient scene, no gym, no lifestyle, no wellness claims, no nicknames, no supplements aesthetic. Quality: ultra detailed, extremely detailed, hyper-detailed, razor sharp focus, tack sharp, crystal clear, ultra sharp, 8k resolution, photorealistic, hyperrealistic, ultra realistic, HDR. creation motif 386/500 · LAB-386. Keep product identity and any on-screen research typography sharp and unchanged. For laboratory research use only. Not for human use or consumption.",Active,0,
PBVita-Lab-387,387,LAB-387,instruments,vacuum concentrator closed,concentrator exterior,"vacuum concentrator closed on white melamine cleanroom table, single hard key light with controlled fill, gentle top-down descending move",12,"ultra detailed, extremely detailed, hyper-detailed, razor sharp focus, tack sharp, crystal clear, ultra sharp, 8k resolution, photorealistic, hyperrealistic, ultra realistic, HDR",9:16,8,1080p,grok-imagine-image-quality,grok-imagine-video-1.5,2k,"Photoreal vertical 9:16 Palm Beach Vitality laboratory research catalog film, chemical research material only, premium American research aesthetic. PRIMARY SUBJECT (must be clearly recognizable, real laboratory object, sharp and centered): vacuum concentrator closed. Physical detail: concentrator exterior. Setting surface: white melamine cleanroom table. Lighting: single hard key light with controlled fill. Camera: gentle top-down descending move. No abstract shapes, no glass orbs, no crystal balls, no surreal spheres, no CGI blobs, no nebula, no galaxies, no fantasy energy, no particle portals, no impossible geometry, no melting objects, no dreamscape, no people, no faces, no hands, no bare skin, no needles penetrating skin, no injection act, no clinic patient scene, no gym, no lifestyle, no wellness claims, no nicknames, no supplements aesthetic. Quality: ultra detailed, extremely detailed, hyper-detailed, razor sharp focus, tack sharp, crystal clear, ultra sharp, 8k resolution, photorealistic, hyperrealistic, ultra realistic, HDR. creation motif 387/500 · LAB-387. Keep product identity and any on-screen research typography sharp and unchanged. For laboratory research use only. Not for human use or consumption.",Active,0,
PBVita-Lab-388,388,LAB-388,instruments,lyophilizer chamber exterior,freeze dryer exterior,"lyophilizer chamber exterior on textured slate sample board, soft overhead softbox, even catalog lighting, locked tripod hero frame with subtle push",12,"ultra detailed, extremely detailed, hyper-detailed, razor sharp focus, tack sharp, crystal clear, ultra sharp, 8k resolution, photorealistic, hyperrealistic, ultra realistic, HDR",9:16,8,1080p,grok-imagine-image-quality,grok-imagine-video-1.5,2k,"Photoreal vertical 9:16 Palm Beach Vitality laboratory research catalog film, chemical research material only, premium American research aesthetic. PRIMARY SUBJECT (must be clearly recognizable, real laboratory object, sharp and centered): lyophilizer chamber exterior. Physical detail: freeze dryer exterior. Setting surface: textured slate sample board. Lighting: soft overhead softbox, even catalog lighting. Camera: locked tripod hero frame with subtle push. No abstract shapes, no glass orbs, no crystal balls, no surreal spheres, no CGI blobs, no nebula, no galaxies, no fantasy energy, no particle portals, no impossible geometry, no melting objects, no dreamscape, no people, no faces, no hands, no bare skin, no needles penetrating skin, no injection act, no clinic patient scene, no gym, no lifestyle, no wellness claims, no nicknames, no supplements aesthetic. Quality: ultra detailed, extremely detailed, hyper-detailed, razor sharp focus, tack sharp, crystal clear, ultra sharp, 8k resolution, photorealistic, hyperrealistic, ultra realistic, HDR. creation motif 388/500 · LAB-388. Keep product identity and any on-screen research typography sharp and unchanged. For laboratory research use only. Not for human use or consumption.",Active,0,
PBVita-Lab-389,389,LAB-389,instruments,manifold freeze dryer ports capped,ports capped,"manifold freeze dryer ports capped on soft gray seamless paper backdrop, warm neutral side light, still clinical, low angle tracking slide",12,"ultra detailed, extremely detailed, hyper-detailed, razor sharp focus, tack sharp, crystal clear, ultra sharp, 8k resolution, photorealistic, hyperrealistic, ultra realistic, HDR",9:16,8,1080p,grok-imagine-image-quality,grok-imagine-video-1.5,2k,"Photoreal vertical 9:16 Palm Beach Vitality laboratory research catalog film, chemical research material only, premium American research aesthetic. PRIMARY SUBJECT (must be clearly recognizable, real laboratory object, sharp and centered): manifold freeze dryer ports capped. Physical detail: ports capped. Setting surface: soft gray seamless paper backdrop. Lighting: warm neutral side light, still clinical. Camera: low angle tracking slide. No abstract shapes, no glass orbs, no crystal balls, no surreal spheres, no CGI blobs, no nebula, no galaxies, no fantasy energy, no particle portals, no impossible geometry, no melting objects, no dreamscape, no people, no faces, no hands, no bare skin, no needles penetrating skin, no injection act, no clinic patient scene, no gym, no lifestyle, no wellness claims, no nicknames, no supplements aesthetic. Quality: ultra detailed, extremely detailed, hyper-detailed, razor sharp focus, tack sharp, crystal clear, ultra sharp, 8k resolution, photorealistic, hyperrealistic, ultra realistic, HDR. creation motif 389/500 · LAB-389. Keep product identity and any on-screen research typography sharp and unchanged. For laboratory research use only. Not for human use or consumption.",Active,0,
PBVita-Lab-390,390,LAB-390,instruments,rotary evaporator glassware dry assembled,rotovap glass,"rotary evaporator glassware dry assembled on anodized aluminum tray, split soft key and gentle bounce, circular arc that never fully completes",12,"ultra detailed, extremely detailed, hyper-detailed, razor sharp focus, tack sharp, crystal clear, ultra sharp, 8k resolution, photorealistic, hyperrealistic, ultra realistic, HDR",9:16,8,1080p,grok-imagine-image-quality,grok-imagine-video-1.5,2k,"Photoreal vertical 9:16 Palm Beach Vitality laboratory research catalog film, chemical research material only, premium American research aesthetic. PRIMARY SUBJECT (must be clearly recognizable, real laboratory object, sharp and centered): rotary evaporator glassware dry assembled. Physical detail: rotovap glass. Setting surface: anodized aluminum tray. Lighting: split soft key and gentle bounce. Camera: circular arc that never fully completes. No abstract shapes, no glass orbs, no crystal balls, no surreal spheres, no CGI blobs, no nebula, no galaxies, no fantasy energy, no particle portals, no impossible geometry, no melting objects, no dreamscape, no people, no faces, no hands, no bare skin, no needles penetrating skin, no injection act, no clinic patient scene, no gym, no lifestyle, no wellness claims, no nicknames, no supplements aesthetic. Quality: ultra detailed, extremely detailed, hyper-detailed, razor sharp focus, tack sharp, crystal clear, ultra sharp, 8k resolution, photorealistic, hyperrealistic, ultra realistic, HDR. creation motif 390/500 · LAB-390. Keep product identity and any on-screen research typography sharp and unchanged. For laboratory research use only. Not for human use or consumption.",Active,0,
PBVita-Lab-391,391,LAB-391,instruments,chiller recirculator compact,chiller unit,"chiller recirculator compact on polished black reflective acrylic, high-key seamless catalog lighting, vertical rise from base to label",12,"ultra detailed, extremely detailed, hyper-detailed, razor sharp focus, tack sharp, crystal clear, ultra sharp, 8k resolution, photorealistic, hyperrealistic, ultra realistic, HDR",9:16,8,1080p,grok-imagine-image-quality,grok-imagine-video-1.5,2k,"Photoreal vertical 9:16 Palm Beach Vitality laboratory research catalog film, chemical research material only, premium American research aesthetic. PRIMARY SUBJECT (must be clearly recognizable, real laboratory object, sharp and centered): chiller recirculator compact. Physical detail: chiller unit. Setting surface: polished black reflective acrylic. Lighting: high-key seamless catalog lighting. Camera: vertical rise from base to label. No abstract shapes, no glass orbs, no crystal balls, no surreal spheres, no CGI blobs, no nebula, no galaxies, no fantasy energy, no particle portals, no impossible geometry, no melting objects, no dreamscape, no people, no faces, no hands, no bare skin, no needles penetrating skin, no injection act, no clinic patient scene, no gym, no lifestyle, no wellness claims, no nicknames, no supplements aesthetic. Quality: ultra detailed, extremely detailed, hyper-detailed, razor sharp focus, tack sharp, crystal clear, ultra sharp, 8k resolution, photorealistic, hyperrealistic, ultra realistic, HDR. creation motif 391/500 · LAB-391. Keep product identity and any on-screen research typography sharp and unchanged. For laboratory research use only. Not for human use or consumption.",Active,0,
PBVita-Lab-392,392,LAB-392,instruments,lab water bath lid on,water bath,"lab water bath lid on on matte pure white infinity surface, low-key selective highlight on glass edges, fast resolve into locked hero frame",12,"ultra detailed, extremely detailed, hyper-detailed, razor sharp focus, tack sharp, crystal clear, ultra sharp, 8k resolution, photorealistic, hyperrealistic, ultra realistic, HDR",9:16,8,1080p,grok-imagine-image-quality,grok-imagine-video-1.5,2k,"Photoreal vertical 9:16 Palm Beach Vitality laboratory research catalog film, chemical research material only, premium American research aesthetic. PRIMARY SUBJECT (must be clearly recognizable, real laboratory object, sharp and centered): lab water bath lid on. Physical detail: water bath. Setting surface: matte pure white infinity surface. Lighting: low-key selective highlight on glass edges. Camera: fast resolve into locked hero frame. No abstract shapes, no glass orbs, no crystal balls, no surreal spheres, no CGI blobs, no nebula, no galaxies, no fantasy energy, no particle portals, no impossible geometry, no melting objects, no dreamscape, no people, no faces, no hands, no bare skin, no needles penetrating skin, no injection act, no clinic patient scene, no gym, no lifestyle, no wellness claims, no nicknames, no supplements aesthetic. Quality: ultra detailed, extremely detailed, hyper-detailed, razor sharp focus, tack sharp, crystal clear, ultra sharp, 8k resolution, photorealistic, hyperrealistic, ultra realistic, HDR. creation motif 392/500 · LAB-392. Keep product identity and any on-screen research typography sharp and unchanged. For laboratory research use only. Not for human use or consumption.",Active,0,
PBVita-Lab-393,393,LAB-393,instruments,oil bath pot empty clean,oil bath vessel,"oil bath pot empty clean on brushed stainless steel lab bench, soft rim light from behind, slow 360 degree orbit at eye level",12,"ultra detailed, extremely detailed, hyper-detailed, razor sharp focus, tack sharp, crystal clear, ultra sharp, 8k resolution, photorealistic, hyperrealistic, ultra realistic, HDR",9:16,8,1080p,grok-imagine-image-quality,grok-imagine-video-1.5,2k,"Photoreal vertical 9:16 Palm Beach Vitality laboratory research catalog film, chemical research material only, premium American research aesthetic. PRIMARY SUBJECT (must be clearly recognizable, real laboratory object, sharp and centered): oil bath pot empty clean. Physical detail: oil bath vessel. Setting surface: brushed stainless steel lab bench. Lighting: soft rim light from behind. Camera: slow 360 degree orbit at eye level. No abstract shapes, no glass orbs, no crystal balls, no surreal spheres, no CGI blobs, no nebula, no galaxies, no fantasy energy, no particle portals, no impossible geometry, no melting objects, no dreamscape, no people, no faces, no hands, no bare skin, no needles penetrating skin, no injection act, no clinic patient scene, no gym, no lifestyle, no wellness claims, no nicknames, no supplements aesthetic. Quality: ultra detailed, extremely detailed, hyper-detailed, razor sharp focus, tack sharp, crystal clear, ultra sharp, 8k resolution, photorealistic, hyperrealistic, ultra realistic, HDR. creation motif 393/500 · LAB-393. Keep product identity and any on-screen research typography sharp and unchanged. For laboratory research use only. Not for human use or consumption.",Active,0,
PBVita-Lab-394,394,LAB-394,instruments,heating mantle nested sizes,mantles,"heating mantle nested sizes on dark charcoal epoxy resin countertop, cool clinical blue-white LED, extreme macro push-in",12,"ultra detailed, extremely detailed, hyper-detailed, razor sharp focus, tack sharp, crystal clear, ultra sharp, 8k resolution, photorealistic, hyperrealistic, ultra realistic, HDR",9:16,8,1080p,grok-imagine-image-quality,grok-imagine-video-1.5,2k,"Photoreal vertical 9:16 Palm Beach Vitality laboratory research catalog film, chemical research material only, premium American research aesthetic. PRIMARY SUBJECT (must be clearly recognizable, real laboratory object, sharp and centered): heating mantle nested sizes. Physical detail: mantles. Setting surface: dark charcoal epoxy resin countertop. Lighting: cool clinical blue-white LED. Camera: extreme macro push-in. No abstract shapes, no glass orbs, no crystal balls, no surreal spheres, no CGI blobs, no nebula, no galaxies, no fantasy energy, no particle portals, no impossible geometry, no melting objects, no dreamscape, no people, no faces, no hands, no bare skin, no needles penetrating skin, no injection act, no clinic patient scene, no gym, no lifestyle, no wellness claims, no nicknames, no supplements aesthetic. Quality: ultra detailed, extremely detailed, hyper-detailed, razor sharp focus, tack sharp, crystal clear, ultra sharp, 8k resolution, photorealistic, hyperrealistic, ultra realistic, HDR. creation motif 394/500 · LAB-394. Keep product identity and any on-screen research typography sharp and unchanged. For laboratory research use only. Not for human use or consumption.",Active,0,
PBVita-Lab-395,395,LAB-395,instruments,PID temperature controller box,controller,"PID temperature controller box on cool gray ceramic tile, single hard key light with controlled fill, gentle top-down descending move",12,"ultra detailed, extremely detailed, hyper-detailed, razor sharp focus, tack sharp, crystal clear, ultra sharp, 8k resolution, photorealistic, hyperrealistic, ultra realistic, HDR",9:16,8,1080p,grok-imagine-image-quality,grok-imagine-video-1.5,2k,"Photoreal vertical 9:16 Palm Beach Vitality laboratory research catalog film, chemical research material only, premium American research aesthetic. PRIMARY SUBJECT (must be clearly recognizable, real laboratory object, sharp and centered): PID temperature controller box. Physical detail: controller. Setting surface: cool gray ceramic tile. Lighting: single hard key light with controlled fill. Camera: gentle top-down descending move. No abstract shapes, no glass orbs, no crystal balls, no surreal spheres, no CGI blobs, no nebula, no galaxies, no fantasy energy, no particle portals, no impossible geometry, no melting objects, no dreamscape, no people, no faces, no hands, no bare skin, no needles penetrating skin, no injection act, no clinic patient scene, no gym, no lifestyle, no wellness claims, no nicknames, no supplements aesthetic. Quality: ultra detailed, extremely detailed, hyper-detailed, razor sharp focus, tack sharp, crystal clear, ultra sharp, 8k resolution, photorealistic, hyperrealistic, ultra realistic, HDR. creation motif 395/500 · LAB-395. Keep product identity and any on-screen research typography sharp and unchanged. For laboratory research use only. Not for human use or consumption.",Active,0,
PBVita-Lab-396,396,LAB-396,instruments,thermocouple wire spool,wire spool,"thermocouple wire spool on mirrored chrome instrument tray, soft overhead softbox, even catalog lighting, locked tripod hero frame with subtle push",12,"ultra detailed, extremely detailed, hyper-detailed, razor sharp focus, tack sharp, crystal clear, ultra sharp, 8k resolution, photorealistic, hyperrealistic, ultra realistic, HDR",9:16,8,1080p,grok-imagine-image-quality,grok-imagine-video-1.5,2k,"Photoreal vertical 9:16 Palm Beach Vitality laboratory research catalog film, chemical research material only, premium American research aesthetic. PRIMARY SUBJECT (must be clearly recognizable, real laboratory object, sharp and centered): thermocouple wire spool. Physical detail: wire spool. Setting surface: mirrored chrome instrument tray. Lighting: soft overhead softbox, even catalog lighting. Camera: locked tripod hero frame with subtle push. No abstract shapes, no glass orbs, no crystal balls, no surreal spheres, no CGI blobs, no nebula, no galaxies, no fantasy energy, no particle portals, no impossible geometry, no melting objects, no dreamscape, no people, no faces, no hands, no bare skin, no needles penetrating skin, no injection act, no clinic patient scene, no gym, no lifestyle, no wellness claims, no nicknames, no supplements aesthetic. Quality: ultra detailed, extremely detailed, hyper-detailed, razor sharp focus, tack sharp, crystal clear, ultra sharp, 8k resolution, photorealistic, hyperrealistic, ultra realistic, HDR. creation motif 396/500 · LAB-396. Keep product identity and any on-screen research typography sharp and unchanged. For laboratory research use only. Not for human use or consumption.",Active,0,
PBVita-Lab-397,397,LAB-397,instruments,data acquisition module USB,DAQ module,"data acquisition module USB on white melamine cleanroom table, warm neutral side light, still clinical, low angle tracking slide",12,"ultra detailed, extremely detailed, hyper-detailed, razor sharp focus, tack sharp, crystal clear, ultra sharp, 8k resolution, photorealistic, hyperrealistic, ultra realistic, HDR",9:16,8,1080p,grok-imagine-image-quality,grok-imagine-video-1.5,2k,"Photoreal vertical 9:16 Palm Beach Vitality laboratory research catalog film, chemical research material only, premium American research aesthetic. PRIMARY SUBJECT (must be clearly recognizable, real laboratory object, sharp and centered): data acquisition module USB. Physical detail: DAQ module. Setting surface: white melamine cleanroom table. Lighting: warm neutral side light, still clinical. Camera: low angle tracking slide. No abstract shapes, no glass orbs, no crystal balls, no surreal spheres, no CGI blobs, no nebula, no galaxies, no fantasy energy, no particle portals, no impossible geometry, no melting objects, no dreamscape, no people, no faces, no hands, no bare skin, no needles penetrating skin, no injection act, no clinic patient scene, no gym, no lifestyle, no wellness claims, no nicknames, no supplements aesthetic. Quality: ultra detailed, extremely detailed, hyper-detailed, razor sharp focus, tack sharp, crystal clear, ultra sharp, 8k resolution, photorealistic, hyperrealistic, ultra realistic, HDR. creation motif 397/500 · LAB-397. Keep product identity and any on-screen research typography sharp and unchanged. For laboratory research use only. Not for human use or consumption.",Active,0,
PBVita-Lab-398,398,LAB-398,instruments,lab computer terminal blank screen cropped,terminal only blank,"lab computer terminal blank screen cropped on textured slate sample board, split soft key and gentle bounce, circular arc that never fully completes",12,"ultra detailed, extremely detailed, hyper-detailed, razor sharp focus, tack sharp, crystal clear, ultra sharp, 8k resolution, photorealistic, hyperrealistic, ultra realistic, HDR",9:16,8,1080p,grok-imagine-image-quality,grok-imagine-video-1.5,2k,"Photoreal vertical 9:16 Palm Beach Vitality laboratory research catalog film, chemical research material only, premium American research aesthetic. PRIMARY SUBJECT (must be clearly recognizable, real laboratory object, sharp and centered): lab computer terminal blank screen cropped. Physical detail: terminal only blank. Setting surface: textured slate sample board. Lighting: split soft key and gentle bounce. Camera: circular arc that never fully completes. No abstract shapes, no glass orbs, no crystal balls, no surreal spheres, no CGI blobs, no nebula, no galaxies, no fantasy energy, no particle portals, no impossible geometry, no melting objects, no dreamscape, no people, no faces, no hands, no bare skin, no needles penetrating skin, no injection act, no clinic patient scene, no gym, no lifestyle, no wellness claims, no nicknames, no supplements aesthetic. Quality: ultra detailed, extremely detailed, hyper-detailed, razor sharp focus, tack sharp, crystal clear, ultra sharp, 8k resolution, photorealistic, hyperrealistic, ultra realistic, HDR. creation motif 398/500 · LAB-398. Keep product identity and any on-screen research typography sharp and unchanged. For laboratory research use only. Not for human use or consumption.",Active,0,
PBVita-Lab-399,399,LAB-399,instruments,balance anti-vibration table section,table surface,"balance anti-vibration table section on soft gray seamless paper backdrop, high-key seamless catalog lighting, vertical rise from base to label",12,"ultra detailed, extremely detailed, hyper-detailed, razor sharp focus, tack sharp, crystal clear, ultra sharp, 8k resolution, photorealistic, hyperrealistic, ultra realistic, HDR",9:16,8,1080p,grok-imagine-image-quality,grok-imagine-video-1.5,2k,"Photoreal vertical 9:16 Palm Beach Vitality laboratory research catalog film, chemical research material only, premium American research aesthetic. PRIMARY SUBJECT (must be clearly recognizable, real laboratory object, sharp and centered): balance anti-vibration table section. Physical detail: table surface. Setting surface: soft gray seamless paper backdrop. Lighting: high-key seamless catalog lighting. Camera: vertical rise from base to label. No abstract shapes, no glass orbs, no crystal balls, no surreal spheres, no CGI blobs, no nebula, no galaxies, no fantasy energy, no particle portals, no impossible geometry, no melting objects, no dreamscape, no people, no faces, no hands, no bare skin, no needles penetrating skin, no injection act, no clinic patient scene, no gym, no lifestyle, no wellness claims, no nicknames, no supplements aesthetic. Quality: ultra detailed, extremely detailed, hyper-detailed, razor sharp focus, tack sharp, crystal clear, ultra sharp, 8k resolution, photorealistic, hyperrealistic, ultra realistic, HDR. creation motif 399/500 · LAB-399. Keep product identity and any on-screen research typography sharp and unchanged. For laboratory research use only. Not for human use or consumption.",Active,0,
PBVita-Lab-400,400,LAB-400,instruments,ionizer bar over weigh station,ionizer,"ionizer bar over weigh station on anodized aluminum tray, low-key selective highlight on glass edges, fast resolve into locked hero frame",12,"ultra detailed, extremely detailed, hyper-detailed, razor sharp focus, tack sharp, crystal clear, ultra sharp, 8k resolution, photorealistic, hyperrealistic, ultra realistic, HDR",9:16,8,1080p,grok-imagine-image-quality,grok-imagine-video-1.5,2k,"Photoreal vertical 9:16 Palm Beach Vitality laboratory research catalog film, chemical research material only, premium American research aesthetic. PRIMARY SUBJECT (must be clearly recognizable, real laboratory object, sharp and centered): ionizer bar over weigh station. Physical detail: ionizer. Setting surface: anodized aluminum tray. Lighting: low-key selective highlight on glass edges. Camera: fast resolve into locked hero frame. No abstract shapes, no glass orbs, no crystal balls, no surreal spheres, no CGI blobs, no nebula, no galaxies, no fantasy energy, no particle portals, no impossible geometry, no melting objects, no dreamscape, no people, no faces, no hands, no bare skin, no needles penetrating skin, no injection act, no clinic patient scene, no gym, no lifestyle, no wellness claims, no nicknames, no supplements aesthetic. Quality: ultra detailed, extremely detailed, hyper-detailed, razor sharp focus, tack sharp, crystal clear, ultra sharp, 8k resolution, photorealistic, hyperrealistic, ultra realistic, HDR. creation motif 400/500 · LAB-400. Keep product identity and any on-screen research typography sharp and unchanged. For laboratory research use only. Not for human use or consumption.",Active,0,
PBVita-Lab-401,401,LAB-401,instruments,static gun industrial lab,ionizing gun,"static gun industrial lab on polished black reflective acrylic, soft rim light from behind, slow 360 degree orbit at eye level",12,"ultra detailed, extremely detailed, hyper-detailed, razor sharp focus, tack sharp, crystal clear, ultra sharp, 8k resolution, photorealistic, hyperrealistic, ultra realistic, HDR",9:16,8,1080p,grok-imagine-image-quality,grok-imagine-video-1.5,2k,"Photoreal vertical 9:16 Palm Beach Vitality laboratory research catalog film, chemical research material only, premium American research aesthetic. PRIMARY SUBJECT (must be clearly recognizable, real laboratory object, sharp and centered): static gun industrial lab. Physical detail: ionizing gun. Setting surface: polished black reflective acrylic. Lighting: soft rim light from behind. Camera: slow 360 degree orbit at eye level. No abstract shapes, no glass orbs, no crystal balls, no surreal spheres, no CGI blobs, no nebula, no galaxies, no fantasy energy, no particle portals, no impossible geometry, no melting objects, no dreamscape, no people, no faces, no hands, no bare skin, no needles penetrating skin, no injection act, no clinic patient scene, no gym, no lifestyle, no wellness claims, no nicknames, no supplements aesthetic. Quality: ultra detailed, extremely detailed, hyper-detailed, razor sharp focus, tack sharp, crystal clear, ultra sharp, 8k resolution, photorealistic, hyperrealistic, ultra realistic, HDR. creation motif 401/500 · LAB-401. Keep product identity and any on-screen research typography sharp and unchanged. For laboratory research use only. Not for human use or consumption.",Active,0,
PBVita-Lab-402,402,LAB-402,instruments,particle-free pen for cleanroom labeling,cleanroom pen,"particle-free pen for cleanroom labeling on matte pure white infinity surface, cool clinical blue-white LED, extreme macro push-in",12,"ultra detailed, extremely detailed, hyper-detailed, razor sharp focus, tack sharp, crystal clear, ultra sharp, 8k resolution, photorealistic, hyperrealistic, ultra realistic, HDR",9:16,8,1080p,grok-imagine-image-quality,grok-imagine-video-1.5,2k,"Photoreal vertical 9:16 Palm Beach Vitality laboratory research catalog film, chemical research material only, premium American research aesthetic. PRIMARY SUBJECT (must be clearly recognizable, real laboratory object, sharp and centered): particle-free pen for cleanroom labeling. Physical detail: cleanroom pen. Setting surface: matte pure white infinity surface. Lighting: cool clinical blue-white LED. Camera: extreme macro push-in. No abstract shapes, no glass orbs, no crystal balls, no surreal spheres, no CGI blobs, no nebula, no galaxies, no fantasy energy, no particle portals, no impossible geometry, no melting objects, no dreamscape, no people, no faces, no hands, no bare skin, no needles penetrating skin, no injection act, no clinic patient scene, no gym, no lifestyle, no wellness claims, no nicknames, no supplements aesthetic. Quality: ultra detailed, extremely detailed, hyper-detailed, razor sharp focus, tack sharp, crystal clear, ultra sharp, 8k resolution, photorealistic, hyperrealistic, ultra realistic, HDR. creation motif 402/500 · LAB-402. Keep product identity and any on-screen research typography sharp and unchanged. For laboratory research use only. Not for human use or consumption.",Active,0,
PBVita-Lab-403,403,LAB-403,instruments,cleanroom binder plastic,binder,"cleanroom binder plastic on brushed stainless steel lab bench, single hard key light with controlled fill, gentle top-down descending move",12,"ultra detailed, extremely detailed, hyper-detailed, razor sharp focus, tack sharp, crystal clear, ultra sharp, 8k resolution, photorealistic, hyperrealistic, ultra realistic, HDR",9:16,8,1080p,grok-imagine-image-quality,grok-imagine-video-1.5,2k,"Photoreal vertical 9:16 Palm Beach Vitality laboratory research catalog film, chemical research material only, premium American research aesthetic. PRIMARY SUBJECT (must be clearly recognizable, real laboratory object, sharp and centered): cleanroom binder plastic. Physical detail: binder. Setting surface: brushed stainless steel lab bench. Lighting: single hard key light with controlled fill. Camera: gentle top-down descending move. No abstract shapes, no glass orbs, no crystal balls, no surreal spheres, no CGI blobs, no nebula, no galaxies, no fantasy energy, no particle portals, no impossible geometry, no melting objects, no dreamscape, no people, no faces, no hands, no bare skin, no needles penetrating skin, no injection act, no clinic patient scene, no gym, no lifestyle, no wellness claims, no nicknames, no supplements aesthetic. Quality: ultra detailed, extremely detailed, hyper-detailed, razor sharp focus, tack sharp, crystal clear, ultra sharp, 8k resolution, photorealistic, hyperrealistic, ultra realistic, HDR. creation motif 403/500 · LAB-403. Keep product identity and any on-screen research typography sharp and unchanged. For laboratory research use only. Not for human use or consumption.",Active,0,
PBVita-Lab-404,404,LAB-404,instruments,glove integrity tester unit,tester,"glove integrity tester unit on dark charcoal epoxy resin countertop, soft overhead softbox, even catalog lighting, locked tripod hero frame with subtle push",12,"ultra detailed, extremely detailed, hyper-detailed, razor sharp focus, tack sharp, crystal clear, ultra sharp, 8k resolution, photorealistic, hyperrealistic, ultra realistic, HDR",9:16,8,1080p,grok-imagine-image-quality,grok-imagine-video-1.5,2k,"Photoreal vertical 9:16 Palm Beach Vitality laboratory research catalog film, chemical research material only, premium American research aesthetic. PRIMARY SUBJECT (must be clearly recognizable, real laboratory object, sharp and centered): glove integrity tester unit. Physical detail: tester. Setting surface: dark charcoal epoxy resin countertop. Lighting: soft overhead softbox, even catalog lighting. Camera: locked tripod hero frame with subtle push. No abstract shapes, no glass orbs, no crystal balls, no surreal spheres, no CGI blobs, no nebula, no galaxies, no fantasy energy, no particle portals, no impossible geometry, no melting objects, no dreamscape, no people, no faces, no hands, no bare skin, no needles penetrating skin, no injection act, no clinic patient scene, no gym, no lifestyle, no wellness claims, no nicknames, no supplements aesthetic. Quality: ultra detailed, extremely detailed, hyper-detailed, razor sharp focus, tack sharp, crystal clear, ultra sharp, 8k resolution, photorealistic, hyperrealistic, ultra realistic, HDR. creation motif 404/500 · LAB-404. Keep product identity and any on-screen research typography sharp and unchanged. For laboratory research use only. Not for human use or consumption.",Active,0,
PBVita-Lab-405,405,LAB-405,instruments,seal strength tester grips empty,tester grips,"seal strength tester grips empty on cool gray ceramic tile, warm neutral side light, still clinical, low angle tracking slide",12,"ultra detailed, extremely detailed, hyper-detailed, razor sharp focus, tack sharp, crystal clear, ultra sharp, 8k resolution, photorealistic, hyperrealistic, ultra realistic, HDR",9:16,8,1080p,grok-imagine-image-quality,grok-imagine-video-1.5,2k,"Photoreal vertical 9:16 Palm Beach Vitality laboratory research catalog film, chemical research material only, premium American research aesthetic. PRIMARY SUBJECT (must be clearly recognizable, real laboratory object, sharp and centered): seal strength tester grips empty. Physical detail: tester grips. Setting surface: cool gray ceramic tile. Lighting: warm neutral side light, still clinical. Camera: low angle tracking slide. No abstract shapes, no glass orbs, no crystal balls, no surreal spheres, no CGI blobs, no nebula, no galaxies, no fantasy energy, no particle portals, no impossible geometry, no melting objects, no dreamscape, no people, no faces, no hands, no bare skin, no needles penetrating skin, no injection act, no clinic patient scene, no gym, no lifestyle, no wellness claims, no nicknames, no supplements aesthetic. Quality: ultra detailed, extremely detailed, hyper-detailed, razor sharp focus, tack sharp, crystal clear, ultra sharp, 8k resolution, photorealistic, hyperrealistic, ultra realistic, HDR. creation motif 405/500 · LAB-405. Keep product identity and any on-screen research typography sharp and unchanged. For laboratory research use only. Not for human use or consumption.",Active,0,
PBVita-Lab-406,406,LAB-406,instruments,torque tester for caps,cap torque tool,"torque tester for caps on mirrored chrome instrument tray, split soft key and gentle bounce, circular arc that never fully completes",12,"ultra detailed, extremely detailed, hyper-detailed, razor sharp focus, tack sharp, crystal clear, ultra sharp, 8k resolution, photorealistic, hyperrealistic, ultra realistic, HDR",9:16,8,1080p,grok-imagine-image-quality,grok-imagine-video-1.5,2k,"Photoreal vertical 9:16 Palm Beach Vitality laboratory research catalog film, chemical research material only, premium American research aesthetic. PRIMARY SUBJECT (must be clearly recognizable, real laboratory object, sharp and centered): torque tester for caps. Physical detail: cap torque tool. Setting surface: mirrored chrome instrument tray. Lighting: split soft key and gentle bounce. Camera: circular arc that never fully completes. No abstract shapes, no glass orbs, no crystal balls, no surreal spheres, no CGI blobs, no nebula, no galaxies, no fantasy energy, no particle portals, no impossible geometry, no melting objects, no dreamscape, no people, no faces, no hands, no bare skin, no needles penetrating skin, no injection act, no clinic patient scene, no gym, no lifestyle, no wellness claims, no nicknames, no supplements aesthetic. Quality: ultra detailed, extremely detailed, hyper-detailed, razor sharp focus, tack sharp, crystal clear, ultra sharp, 8k resolution, photorealistic, hyperrealistic, ultra realistic, HDR. creation motif 406/500 · LAB-406. Keep product identity and any on-screen research typography sharp and unchanged. For laboratory research use only. Not for human use or consumption.",Active,0,
PBVita-Lab-407,407,LAB-407,instruments,vision inspection camera enclosure,camera housing,"vision inspection camera enclosure on white melamine cleanroom table, high-key seamless catalog lighting, vertical rise from base to label",12,"ultra detailed, extremely detailed, hyper-detailed, razor sharp focus, tack sharp, crystal clear, ultra sharp, 8k resolution, photorealistic, hyperrealistic, ultra realistic, HDR",9:16,8,1080p,grok-imagine-image-quality,grok-imagine-video-1.5,2k,"Photoreal vertical 9:16 Palm Beach Vitality laboratory research catalog film, chemical research material only, premium American research aesthetic. PRIMARY SUBJECT (must be clearly recognizable, real laboratory object, sharp and centered): vision inspection camera enclosure. Physical detail: camera housing. Setting surface: white melamine cleanroom table. Lighting: high-key seamless catalog lighting. Camera: vertical rise from base to label. No abstract shapes, no glass orbs, no crystal balls, no surreal spheres, no CGI blobs, no nebula, no galaxies, no fantasy energy, no particle portals, no impossible geometry, no melting objects, no dreamscape, no people, no faces, no hands, no bare skin, no needles penetrating skin, no injection act, no clinic patient scene, no gym, no lifestyle, no wellness claims, no nicknames, no supplements aesthetic. Quality: ultra detailed, extremely detailed, hyper-detailed, razor sharp focus, tack sharp, crystal clear, ultra sharp, 8k resolution, photorealistic, hyperrealistic, ultra realistic, HDR. creation motif 407/500 · LAB-407. Keep product identity and any on-screen research typography sharp and unchanged. For laboratory research use only. Not for human use or consumption.",Active,0,
PBVita-Lab-408,408,LAB-408,instruments,label verification scanner tunnel,scan tunnel,"label verification scanner tunnel on textured slate sample board, low-key selective highlight on glass edges, fast resolve into locked hero frame",12,"ultra detailed, extremely detailed, hyper-detailed, razor sharp focus, tack sharp, crystal clear, ultra sharp, 8k resolution, photorealistic, hyperrealistic, ultra realistic, HDR",9:16,8,1080p,grok-imagine-image-quality,grok-imagine-video-1.5,2k,"Photoreal vertical 9:16 Palm Beach Vitality laboratory research catalog film, chemical research material only, premium American research aesthetic. PRIMARY SUBJECT (must be clearly recognizable, real laboratory object, sharp and centered): label verification scanner tunnel. Physical detail: scan tunnel. Setting surface: textured slate sample board. Lighting: low-key selective highlight on glass edges. Camera: fast resolve into locked hero frame. No abstract shapes, no glass orbs, no crystal balls, no surreal spheres, no CGI blobs, no nebula, no galaxies, no fantasy energy, no particle portals, no impossible geometry, no melting objects, no dreamscape, no people, no faces, no hands, no bare skin, no needles penetrating skin, no injection act, no clinic patient scene, no gym, no lifestyle, no wellness claims, no nicknames, no supplements aesthetic. Quality: ultra detailed, extremely detailed, hyper-detailed, razor sharp focus, tack sharp, crystal clear, ultra sharp, 8k resolution, photorealistic, hyperrealistic, ultra realistic, HDR. creation motif 408/500 · LAB-408. Keep product identity and any on-screen research typography sharp and unchanged. For laboratory research use only. Not for human use or consumption.",Active,0,
PBVita-Lab-409,409,LAB-409,instruments,metal detector aperture lab pack line,aperture only,"metal detector aperture lab pack line on soft gray seamless paper backdrop, soft rim light from behind, slow 360 degree orbit at eye level",12,"ultra detailed, extremely detailed, hyper-detailed, razor sharp focus, tack sharp, crystal clear, ultra sharp, 8k resolution, photorealistic, hyperrealistic, ultra realistic, HDR",9:16,8,1080p,grok-imagine-image-quality,grok-imagine-video-1.5,2k,"Photoreal vertical 9:16 Palm Beach Vitality laboratory research catalog film, chemical research material only, premium American research aesthetic. PRIMARY SUBJECT (must be clearly recognizable, real laboratory object, sharp and centered): metal detector aperture lab pack line. Physical detail: aperture only. Setting surface: soft gray seamless paper backdrop. Lighting: soft rim light from behind. Camera: slow 360 degree orbit at eye level. No abstract shapes, no glass orbs, no crystal balls, no surreal spheres, no CGI blobs, no nebula, no galaxies, no fantasy energy, no particle portals, no impossible geometry, no melting objects, no dreamscape, no people, no faces, no hands, no bare skin, no needles penetrating skin, no injection act, no clinic patient scene, no gym, no lifestyle, no wellness claims, no nicknames, no supplements aesthetic. Quality: ultra detailed, extremely detailed, hyper-detailed, razor sharp focus, tack sharp, crystal clear, ultra sharp, 8k resolution, photorealistic, hyperrealistic, ultra realistic, HDR. creation motif 409/500 · LAB-409. Keep product identity and any on-screen research typography sharp and unchanged. For laboratory research use only. Not for human use or consumption.",Active,0,
PBVita-Lab-410,410,LAB-410,instruments,checkweigher conveyor section static,conveyor static product,"checkweigher conveyor section static on anodized aluminum tray, cool clinical blue-white LED, extreme macro push-in",12,"ultra detailed, extremely detailed, hyper-detailed, razor sharp focus, tack sharp, crystal clear, ultra sharp, 8k resolution, photorealistic, hyperrealistic, ultra realistic, HDR",9:16,8,1080p,grok-imagine-image-quality,grok-imagine-video-1.5,2k,"Photoreal vertical 9:16 Palm Beach Vitality laboratory research catalog film, chemical research material only, premium American research aesthetic. PRIMARY SUBJECT (must be clearly recognizable, real laboratory object, sharp and centered): checkweigher conveyor section static. Physical detail: conveyor static product. Setting surface: anodized aluminum tray. Lighting: cool clinical blue-white LED. Camera: extreme macro push-in. No abstract shapes, no glass orbs, no crystal balls, no surreal spheres, no CGI blobs, no nebula, no galaxies, no fantasy energy, no particle portals, no impossible geometry, no melting objects, no dreamscape, no people, no faces, no hands, no bare skin, no needles penetrating skin, no injection act, no clinic patient scene, no gym, no lifestyle, no wellness claims, no nicknames, no supplements aesthetic. Quality: ultra detailed, extremely detailed, hyper-detailed, razor sharp focus, tack sharp, crystal clear, ultra sharp, 8k resolution, photorealistic, hyperrealistic, ultra realistic, HDR. creation motif 410/500 · LAB-410. Keep product identity and any on-screen research typography sharp and unchanged. For laboratory research use only. Not for human use or consumption.",Active,0,
PBVita-Lab-411,411,LAB-411,surfaces_org,pass-through chamber closed doors,pass box,"pass-through chamber closed doors on polished black reflective acrylic, single hard key light with controlled fill, gentle top-down descending move",12,"ultra detailed, extremely detailed, hyper-detailed, razor sharp focus, tack sharp, crystal clear, ultra sharp, 8k resolution, photorealistic, hyperrealistic, ultra realistic, HDR",9:16,8,1080p,grok-imagine-image-quality,grok-imagine-video-1.5,2k,"Photoreal vertical 9:16 Palm Beach Vitality laboratory research catalog film, chemical research material only, premium American research aesthetic. PRIMARY SUBJECT (must be clearly recognizable, real laboratory object, sharp and centered): pass-through chamber closed doors. Physical detail: pass box. Setting surface: polished black reflective acrylic. Lighting: single hard key light with controlled fill. Camera: gentle top-down descending move. No abstract shapes, no glass orbs, no crystal balls, no surreal spheres, no CGI blobs, no nebula, no galaxies, no fantasy energy, no particle portals, no impossible geometry, no melting objects, no dreamscape, no people, no faces, no hands, no bare skin, no needles penetrating skin, no injection act, no clinic patient scene, no gym, no lifestyle, no wellness claims, no nicknames, no supplements aesthetic. Quality: ultra detailed, extremely detailed, hyper-detailed, razor sharp focus, tack sharp, crystal clear, ultra sharp, 8k resolution, photorealistic, hyperrealistic, ultra realistic, HDR. creation motif 411/500 · LAB-411. Keep product identity and any on-screen research typography sharp and unchanged. For laboratory research use only. Not for human use or consumption.",Active,0,
PBVita-Lab-412,412,LAB-412,surfaces_org,cleanroom cart with sealed bins,cart,"cleanroom cart with sealed bins on matte pure white infinity surface, soft overhead softbox, even catalog lighting, locked tripod hero frame with subtle push",12,"ultra detailed, extremely detailed, hyper-detailed, razor sharp focus, tack sharp, crystal clear, ultra sharp, 8k resolution, photorealistic, hyperrealistic, ultra realistic, HDR",9:16,8,1080p,grok-imagine-image-quality,grok-imagine-video-1.5,2k,"Photoreal vertical 9:16 Palm Beach Vitality laboratory research catalog film, chemical research material only, premium American research aesthetic. PRIMARY SUBJECT (must be clearly recognizable, real laboratory object, sharp and centered): cleanroom cart with sealed bins. Physical detail: cart. Setting surface: matte pure white infinity surface. Lighting: soft overhead softbox, even catalog lighting. Camera: locked tripod hero frame with subtle push. No abstract shapes, no glass orbs, no crystal balls, no surreal spheres, no CGI blobs, no nebula, no galaxies, no fantasy energy, no particle portals, no impossible geometry, no melting objects, no dreamscape, no people, no faces, no hands, no bare skin, no needles penetrating skin, no injection act, no clinic patient scene, no gym, no lifestyle, no wellness claims, no nicknames, no supplements aesthetic. Quality: ultra detailed, extremely detailed, hyper-detailed, razor sharp focus, tack sharp, crystal clear, ultra sharp, 8k resolution, photorealistic, hyperrealistic, ultra realistic, HDR. creation motif 412/500 · LAB-412. Keep product identity and any on-screen research typography sharp and unchanged. For laboratory research use only. Not for human use or consumption.",Active,0,
PBVita-Lab-413,413,LAB-413,surfaces_org,stainless utility cart two shelf,cart shelves,"stainless utility cart two shelf on brushed stainless steel lab bench, warm neutral side light, still clinical, low angle tracking slide",12,"ultra detailed, extremely detailed, hyper-detailed, razor sharp focus, tack sharp, crystal clear, ultra sharp, 8k resolution, photorealistic, hyperrealistic, ultra realistic, HDR",9:16,8,1080p,grok-imagine-image-quality,grok-imagine-video-1.5,2k,"Photoreal vertical 9:16 Palm Beach Vitality laboratory research catalog film, chemical research material only, premium American research aesthetic. PRIMARY SUBJECT (must be clearly recognizable, real laboratory object, sharp and centered): stainless utility cart two shelf. Physical detail: cart shelves. Setting surface: brushed stainless steel lab bench. Lighting: warm neutral side light, still clinical. Camera: low angle tracking slide. No abstract shapes, no glass orbs, no crystal balls, no surreal spheres, no CGI blobs, no nebula, no galaxies, no fantasy energy, no particle portals, no impossible geometry, no melting objects, no dreamscape, no people, no faces, no hands, no bare skin, no needles penetrating skin, no injection act, no clinic patient scene, no gym, no lifestyle, no wellness claims, no nicknames, no supplements aesthetic. Quality: ultra detailed, extremely detailed, hyper-detailed, razor sharp focus, tack sharp, crystal clear, ultra sharp, 8k resolution, photorealistic, hyperrealistic, ultra realistic, HDR. creation motif 413/500 · LAB-413. Keep product identity and any on-screen research typography sharp and unchanged. For laboratory research use only. Not for human use or consumption.",Active,0,
PBVita-Lab-414,414,LAB-414,surfaces_org,lab stool base only cropped,"base, no person","lab stool base only cropped on dark charcoal epoxy resin countertop, split soft key and gentle bounce, circular arc that never fully completes",12,"ultra detailed, extremely detailed, hyper-detailed, razor sharp focus, tack sharp, crystal clear, ultra sharp, 8k resolution, photorealistic, hyperrealistic, ultra realistic, HDR",9:16,8,1080p,grok-imagine-image-quality,grok-imagine-video-1.5,2k,"Photoreal vertical 9:16 Palm Beach Vitality laboratory research catalog film, chemical research material only, premium American research aesthetic. PRIMARY SUBJECT (must be clearly recognizable, real laboratory object, sharp and centered): lab stool base only cropped. Physical detail: base, no person. Setting surface: dark charcoal epoxy resin countertop. Lighting: split soft key and gentle bounce. Camera: circular arc that never fully completes. No abstract shapes, no glass orbs, no crystal balls, no surreal spheres, no CGI blobs, no nebula, no galaxies, no fantasy energy, no particle portals, no impossible geometry, no melting objects, no dreamscape, no people, no faces, no hands, no bare skin, no needles penetrating skin, no injection act, no clinic patient scene, no gym, no lifestyle, no wellness claims, no nicknames, no supplements aesthetic. Quality: ultra detailed, extremely detailed, hyper-detailed, razor sharp focus, tack sharp, crystal clear, ultra sharp, 8k resolution, photorealistic, hyperrealistic, ultra realistic, HDR. creation motif 414/500 · LAB-414. Keep product identity and any on-screen research typography sharp and unchanged. For laboratory research use only. Not for human use or consumption.",Active,0,
PBVita-Lab-415,415,LAB-415,surfaces_org,anti-fatigue mat section with tray,mat + tray,"anti-fatigue mat section with tray on cool gray ceramic tile, high-key seamless catalog lighting, vertical rise from base to label",12,"ultra detailed, extremely detailed, hyper-detailed, razor sharp focus, tack sharp, crystal clear, ultra sharp, 8k resolution, photorealistic, hyperrealistic, ultra realistic, HDR",9:16,8,1080p,grok-imagine-image-quality,grok-imagine-video-1.5,2k,"Photoreal vertical 9:16 Palm Beach Vitality laboratory research catalog film, chemical research material only, premium American research aesthetic. PRIMARY SUBJECT (must be clearly recognizable, real laboratory object, sharp and centered): anti-fatigue mat section with tray. Physical detail: mat + tray. Setting surface: cool gray ceramic tile. Lighting: high-key seamless catalog lighting. Camera: vertical rise from base to label. No abstract shapes, no glass orbs, no crystal balls, no surreal spheres, no CGI blobs, no nebula, no galaxies, no fantasy energy, no particle portals, no impossible geometry, no melting objects, no dreamscape, no people, no faces, no hands, no bare skin, no needles penetrating skin, no injection act, no clinic patient scene, no gym, no lifestyle, no wellness claims, no nicknames, no supplements aesthetic. Quality: ultra detailed, extremely detailed, hyper-detailed, razor sharp focus, tack sharp, crystal clear, ultra sharp, 8k resolution, photorealistic, hyperrealistic, ultra realistic, HDR. creation motif 415/500 · LAB-415. Keep product identity and any on-screen research typography sharp and unchanged. For laboratory research use only. Not for human use or consumption.",Active,0,
PBVita-Lab-416,416,LAB-416,surfaces_org,chemical storage cabinet closed flammable,yellow cabinet closed,"chemical storage cabinet closed flammable on mirrored chrome instrument tray, low-key selective highlight on glass edges, fast resolve into locked hero frame",12,"ultra detailed, extremely detailed, hyper-detailed, razor sharp focus, tack sharp, crystal clear, ultra sharp, 8k resolution, photorealistic, hyperrealistic, ultra realistic, HDR",9:16,8,1080p,grok-imagine-image-quality,grok-imagine-video-1.5,2k,"Photoreal vertical 9:16 Palm Beach Vitality laboratory research catalog film, chemical research material only, premium American research aesthetic. PRIMARY SUBJECT (must be clearly recognizable, real laboratory object, sharp and centered): chemical storage cabinet closed flammable. Physical detail: yellow cabinet closed. Setting surface: mirrored chrome instrument tray. Lighting: low-key selective highlight on glass edges. Camera: fast resolve into locked hero frame. No abstract shapes, no glass orbs, no crystal balls, no surreal spheres, no CGI blobs, no nebula, no galaxies, no fantasy energy, no particle portals, no impossible geometry, no melting objects, no dreamscape, no people, no faces, no hands, no bare skin, no needles penetrating skin, no injection act, no clinic patient scene, no gym, no lifestyle, no wellness claims, no nicknames, no supplements aesthetic. Quality: ultra detailed, extremely detailed, hyper-detailed, razor sharp focus, tack sharp, crystal clear, ultra sharp, 8k resolution, photorealistic, hyperrealistic, ultra realistic, HDR. creation motif 416/500 · LAB-416. Keep product identity and any on-screen research typography sharp and unchanged. For laboratory research use only. Not for human use or consumption.",Active,0,
PBVita-Lab-417,417,LAB-417,surfaces_org,acid cabinet blue closed,blue cabinet,"acid cabinet blue closed on white melamine cleanroom table, soft rim light from behind, slow 360 degree orbit at eye level",12,"ultra detailed, extremely detailed, hyper-detailed, razor sharp focus, tack sharp, crystal clear, ultra sharp, 8k resolution, photorealistic, hyperrealistic, ultra realistic, HDR",9:16,8,1080p,grok-imagine-image-quality,grok-imagine-video-1.5,2k,"Photoreal vertical 9:16 Palm Beach Vitality laboratory research catalog film, chemical research material only, premium American research aesthetic. PRIMARY SUBJECT (must be clearly recognizable, real laboratory object, sharp and centered): acid cabinet blue closed. Physical detail: blue cabinet. Setting surface: white melamine cleanroom table. Lighting: soft rim light from behind. Camera: slow 360 degree orbit at eye level. No abstract shapes, no glass orbs, no crystal balls, no surreal spheres, no CGI blobs, no nebula, no galaxies, no fantasy energy, no particle portals, no impossible geometry, no melting objects, no dreamscape, no people, no faces, no hands, no bare skin, no needles penetrating skin, no injection act, no clinic patient scene, no gym, no lifestyle, no wellness claims, no nicknames, no supplements aesthetic. Quality: ultra detailed, extremely detailed, hyper-detailed, razor sharp focus, tack sharp, crystal clear, ultra sharp, 8k resolution, photorealistic, hyperrealistic, ultra realistic, HDR. creation motif 417/500 · LAB-417. Keep product identity and any on-screen research typography sharp and unchanged. For laboratory research use only. Not for human use or consumption.",Active,0,
PBVita-Lab-418,418,LAB-418,surfaces_org,gas cylinder restraint chain detail,"restraint hardware, no hazard scene","gas cylinder restraint chain detail on textured slate sample board, cool clinical blue-white LED, extreme macro push-in",12,"ultra detailed, extremely detailed, hyper-detailed, razor sharp focus, tack sharp, crystal clear, ultra sharp, 8k resolution, photorealistic, hyperrealistic, ultra realistic, HDR",9:16,8,1080p,grok-imagine-image-quality,grok-imagine-video-1.5,2k,"Photoreal vertical 9:16 Palm Beach Vitality laboratory research catalog film, chemical research material only, premium American research aesthetic. PRIMARY SUBJECT (must be clearly recognizable, real laboratory object, sharp and centered): gas cylinder restraint chain detail. Physical detail: restraint hardware, no hazard scene. Setting surface: textured slate sample board. Lighting: cool clinical blue-white LED. Camera: extreme macro push-in. No abstract shapes, no glass orbs, no crystal balls, no surreal spheres, no CGI blobs, no nebula, no galaxies, no fantasy energy, no particle portals, no impossible geometry, no melting objects, no dreamscape, no people, no faces, no hands, no bare skin, no needles penetrating skin, no injection act, no clinic patient scene, no gym, no lifestyle, no wellness claims, no nicknames, no supplements aesthetic. Quality: ultra detailed, extremely detailed, hyper-detailed, razor sharp focus, tack sharp, crystal clear, ultra sharp, 8k resolution, photorealistic, hyperrealistic, ultra realistic, HDR. creation motif 418/500 · LAB-418. Keep product identity and any on-screen research typography sharp and unchanged. For laboratory research use only. Not for human use or consumption.",Active,0,
PBVita-Lab-419,419,LAB-419,surfaces_org,cylinder cap and valve cover,cap hardware,"cylinder cap and valve cover on soft gray seamless paper backdrop, single hard key light with controlled fill, gentle top-down descending move",12,"ultra detailed, extremely detailed, hyper-detailed, razor sharp focus, tack sharp, crystal clear, ultra sharp, 8k resolution, photorealistic, hyperrealistic, ultra realistic, HDR",9:16,8,1080p,grok-imagine-image-quality,grok-imagine-video-1.5,2k,"Photoreal vertical 9:16 Palm Beach Vitality laboratory research catalog film, chemical research material only, premium American research aesthetic. PRIMARY SUBJECT (must be clearly recognizable, real laboratory object, sharp and centered): cylinder cap and valve cover. Physical detail: cap hardware. Setting surface: soft gray seamless paper backdrop. Lighting: single hard key light with controlled fill. Camera: gentle top-down descending move. No abstract shapes, no glass orbs, no crystal balls, no surreal spheres, no CGI blobs, no nebula, no galaxies, no fantasy energy, no particle portals, no impossible geometry, no melting objects, no dreamscape, no people, no faces, no hands, no bare skin, no needles penetrating skin, no injection act, no clinic patient scene, no gym, no lifestyle, no wellness claims, no nicknames, no supplements aesthetic. Quality: ultra detailed, extremely detailed, hyper-detailed, razor sharp focus, tack sharp, crystal clear, ultra sharp, 8k resolution, photorealistic, hyperrealistic, ultra realistic, HDR. creation motif 419/500 · LAB-419. Keep product identity and any on-screen research typography sharp and unchanged. For laboratory research use only. Not for human use or consumption.",Active,0,
PBVita-Lab-420,420,LAB-420,surfaces_org,bench linear organizer with vials pens,organizer loaded,"bench linear organizer with vials pens on anodized aluminum tray, soft overhead softbox, even catalog lighting, locked tripod hero frame with subtle push",12,"ultra detailed, extremely detailed, hyper-detailed, razor sharp focus, tack sharp, crystal clear, ultra sharp, 8k resolution, photorealistic, hyperrealistic, ultra realistic, HDR",9:16,8,1080p,grok-imagine-image-quality,grok-imagine-video-1.5,2k,"Photoreal vertical 9:16 Palm Beach Vitality laboratory research catalog film, chemical research material only, premium American research aesthetic. PRIMARY SUBJECT (must be clearly recognizable, real laboratory object, sharp and centered): bench linear organizer with vials pens. Physical detail: organizer loaded. Setting surface: anodized aluminum tray. Lighting: soft overhead softbox, even catalog lighting. Camera: locked tripod hero frame with subtle push. No abstract shapes, no glass orbs, no crystal balls, no surreal spheres, no CGI blobs, no nebula, no galaxies, no fantasy energy, no particle portals, no impossible geometry, no melting objects, no dreamscape, no people, no faces, no hands, no bare skin, no needles penetrating skin, no injection act, no clinic patient scene, no gym, no lifestyle, no wellness claims, no nicknames, no supplements aesthetic. Quality: ultra detailed, extremely detailed, hyper-detailed, razor sharp focus, tack sharp, crystal clear, ultra sharp, 8k resolution, photorealistic, hyperrealistic, ultra realistic, HDR. creation motif 420/500 · LAB-420. Keep product identity and any on-screen research typography sharp and unchanged. For laboratory research use only. Not for human use or consumption.",Active,0,
PBVita-Lab-421,421,LAB-421,surfaces_org,drawer organizer custom vial wells,custom wells,"drawer organizer custom vial wells on polished black reflective acrylic, warm neutral side light, still clinical, low angle tracking slide",12,"ultra detailed, extremely detailed, hyper-detailed, razor sharp focus, tack sharp, crystal clear, ultra sharp, 8k resolution, photorealistic, hyperrealistic, ultra realistic, HDR",9:16,8,1080p,grok-imagine-image-quality,grok-imagine-video-1.5,2k,"Photoreal vertical 9:16 Palm Beach Vitality laboratory research catalog film, chemical research material only, premium American research aesthetic. PRIMARY SUBJECT (must be clearly recognizable, real laboratory object, sharp and centered): drawer organizer custom vial wells. Physical detail: custom wells. Setting surface: polished black reflective acrylic. Lighting: warm neutral side light, still clinical. Camera: low angle tracking slide. No abstract shapes, no glass orbs, no crystal balls, no surreal spheres, no CGI blobs, no nebula, no galaxies, no fantasy energy, no particle portals, no impossible geometry, no melting objects, no dreamscape, no people, no faces, no hands, no bare skin, no needles penetrating skin, no injection act, no clinic patient scene, no gym, no lifestyle, no wellness claims, no nicknames, no supplements aesthetic. Quality: ultra detailed, extremely detailed, hyper-detailed, razor sharp focus, tack sharp, crystal clear, ultra sharp, 8k resolution, photorealistic, hyperrealistic, ultra realistic, HDR. creation motif 421/500 · LAB-421. Keep product identity and any on-screen research typography sharp and unchanged. For laboratory research use only. Not for human use or consumption.",Active,0,
PBVita-Lab-422,422,LAB-422,surfaces_org,wall-mounted glove dispenser empty slots,dispenser,"wall-mounted glove dispenser empty slots on matte pure white infinity surface, split soft key and gentle bounce, circular arc that never fully completes",12,"ultra detailed, extremely detailed, hyper-detailed, razor sharp focus, tack sharp, crystal clear, ultra sharp, 8k resolution, photorealistic, hyperrealistic, ultra realistic, HDR",9:16,8,1080p,grok-imagine-image-quality,grok-imagine-video-1.5,2k,"Photoreal vertical 9:16 Palm Beach Vitality laboratory research catalog film, chemical research material only, premium American research aesthetic. PRIMARY SUBJECT (must be clearly recognizable, real laboratory object, sharp and centered): wall-mounted glove dispenser empty slots. Physical detail: dispenser. Setting surface: matte pure white infinity surface. Lighting: split soft key and gentle bounce. Camera: circular arc that never fully completes. No abstract shapes, no glass orbs, no crystal balls, no surreal spheres, no CGI blobs, no nebula, no galaxies, no fantasy energy, no particle portals, no impossible geometry, no melting objects, no dreamscape, no people, no faces, no hands, no bare skin, no needles penetrating skin, no injection act, no clinic patient scene, no gym, no lifestyle, no wellness claims, no nicknames, no supplements aesthetic. Quality: ultra detailed, extremely detailed, hyper-detailed, razor sharp focus, tack sharp, crystal clear, ultra sharp, 8k resolution, photorealistic, hyperrealistic, ultra realistic, HDR. creation motif 422/500 · LAB-422. Keep product identity and any on-screen research typography sharp and unchanged. For laboratory research use only. Not for human use or consumption.",Active,0,
PBVita-Lab-423,423,LAB-423,surfaces_org,paper towel dispenser stainless lab,dispenser,"paper towel dispenser stainless lab on brushed stainless steel lab bench, high-key seamless catalog lighting, vertical rise from base to label",12,"ultra detailed, extremely detailed, hyper-detailed, razor sharp focus, tack sharp, crystal clear, ultra sharp, 8k resolution, photorealistic, hyperrealistic, ultra realistic, HDR",9:16,8,1080p,grok-imagine-image-quality,grok-imagine-video-1.5,2k,"Photoreal vertical 9:16 Palm Beach Vitality laboratory research catalog film, chemical research material only, premium American research aesthetic. PRIMARY SUBJECT (must be clearly recognizable, real laboratory object, sharp and centered): paper towel dispenser stainless lab. Physical detail: dispenser. Setting surface: brushed stainless steel lab bench. Lighting: high-key seamless catalog lighting. Camera: vertical rise from base to label. No abstract shapes, no glass orbs, no crystal balls, no surreal spheres, no CGI blobs, no nebula, no galaxies, no fantasy energy, no particle portals, no impossible geometry, no melting objects, no dreamscape, no people, no faces, no hands, no bare skin, no needles penetrating skin, no injection act, no clinic patient scene, no gym, no lifestyle, no wellness claims, no nicknames, no supplements aesthetic. Quality: ultra detailed, extremely detailed, hyper-detailed, razor sharp focus, tack sharp, crystal clear, ultra sharp, 8k resolution, photorealistic, hyperrealistic, ultra realistic, HDR. creation motif 423/500 · LAB-423. Keep product identity and any on-screen research typography sharp and unchanged. For laboratory research use only. Not for human use or consumption.",Active,0,
PBVita-Lab-424,424,LAB-424,surfaces_org,hands-free sensor trash can closed lab,bin closed,"hands-free sensor trash can closed lab on dark charcoal epoxy resin countertop, low-key selective highlight on glass edges, fast resolve into locked hero frame",12,"ultra detailed, extremely detailed, hyper-detailed, razor sharp focus, tack sharp, crystal clear, ultra sharp, 8k resolution, photorealistic, hyperrealistic, ultra realistic, HDR",9:16,8,1080p,grok-imagine-image-quality,grok-imagine-video-1.5,2k,"Photoreal vertical 9:16 Palm Beach Vitality laboratory research catalog film, chemical research material only, premium American research aesthetic. PRIMARY SUBJECT (must be clearly recognizable, real laboratory object, sharp and centered): hands-free sensor trash can closed lab. Physical detail: bin closed. Setting surface: dark charcoal epoxy resin countertop. Lighting: low-key selective highlight on glass edges. Camera: fast resolve into locked hero frame. No abstract shapes, no glass orbs, no crystal balls, no surreal spheres, no CGI blobs, no nebula, no galaxies, no fantasy energy, no particle portals, no impossible geometry, no melting objects, no dreamscape, no people, no faces, no hands, no bare skin, no needles penetrating skin, no injection act, no clinic patient scene, no gym, no lifestyle, no wellness claims, no nicknames, no supplements aesthetic. Quality: ultra detailed, extremely detailed, hyper-detailed, razor sharp focus, tack sharp, crystal clear, ultra sharp, 8k resolution, photorealistic, hyperrealistic, ultra realistic, HDR. creation motif 424/500 · LAB-424. Keep product identity and any on-screen research typography sharp and unchanged. For laboratory research use only. Not for human use or consumption.",Active,0,
PBVita-Lab-425,425,LAB-425,surfaces_org,recycling bin for tip boxes labeled,recycling,"recycling bin for tip boxes labeled on cool gray ceramic tile, soft rim light from behind, slow 360 degree orbit at eye level",12,"ultra detailed, extremely detailed, hyper-detailed, razor sharp focus, tack sharp, crystal clear, ultra sharp, 8k resolution, photorealistic, hyperrealistic, ultra realistic, HDR",9:16,8,1080p,grok-imagine-image-quality,grok-imagine-video-1.5,2k,"Photoreal vertical 9:16 Palm Beach Vitality laboratory research catalog film, chemical research material only, premium American research aesthetic. PRIMARY SUBJECT (must be clearly recognizable, real laboratory object, sharp and centered): recycling bin for tip boxes labeled. Physical detail: recycling. Setting surface: cool gray ceramic tile. Lighting: soft rim light from behind. Camera: slow 360 degree orbit at eye level. No abstract shapes, no glass orbs, no crystal balls, no surreal spheres, no CGI blobs, no nebula, no galaxies, no fantasy energy, no particle portals, no impossible geometry, no melting objects, no dreamscape, no people, no faces, no hands, no bare skin, no needles penetrating skin, no injection act, no clinic patient scene, no gym, no lifestyle, no wellness claims, no nicknames, no supplements aesthetic. Quality: ultra detailed, extremely detailed, hyper-detailed, razor sharp focus, tack sharp, crystal clear, ultra sharp, 8k resolution, photorealistic, hyperrealistic, ultra realistic, HDR. creation motif 425/500 · LAB-425. Keep product identity and any on-screen research typography sharp and unchanged. For laboratory research use only. Not for human use or consumption.",Active,0,
PBVita-Lab-426,426,LAB-426,surfaces_org,floor marked tape grid sample,tape grid,"floor marked tape grid sample on mirrored chrome instrument tray, cool clinical blue-white LED, extreme macro push-in",12,"ultra detailed, extremely detailed, hyper-detailed, razor sharp focus, tack sharp, crystal clear, ultra sharp, 8k resolution, photorealistic, hyperrealistic, ultra realistic, HDR",9:16,8,1080p,grok-imagine-image-quality,grok-imagine-video-1.5,2k,"Photoreal vertical 9:16 Palm Beach Vitality laboratory research catalog film, chemical research material only, premium American research aesthetic. PRIMARY SUBJECT (must be clearly recognizable, real laboratory object, sharp and centered): floor marked tape grid sample. Physical detail: tape grid. Setting surface: mirrored chrome instrument tray. Lighting: cool clinical blue-white LED. Camera: extreme macro push-in. No abstract shapes, no glass orbs, no crystal balls, no surreal spheres, no CGI blobs, no nebula, no galaxies, no fantasy energy, no particle portals, no impossible geometry, no melting objects, no dreamscape, no people, no faces, no hands, no bare skin, no needles penetrating skin, no injection act, no clinic patient scene, no gym, no lifestyle, no wellness claims, no nicknames, no supplements aesthetic. Quality: ultra detailed, extremely detailed, hyper-detailed, razor sharp focus, tack sharp, crystal clear, ultra sharp, 8k resolution, photorealistic, hyperrealistic, ultra realistic, HDR. creation motif 426/500 · LAB-426. Keep product identity and any on-screen research typography sharp and unchanged. For laboratory research use only. Not for human use or consumption.",Active,0,
PBVita-Lab-427,427,LAB-427,surfaces_org,cleanroom light panel glow on products,products under panel,"cleanroom light panel glow on products on white melamine cleanroom table, single hard key light with controlled fill, gentle top-down descending move",12,"ultra detailed, extremely detailed, hyper-detailed, razor sharp focus, tack sharp, crystal clear, ultra sharp, 8k resolution, photorealistic, hyperrealistic, ultra realistic, HDR",9:16,8,1080p,grok-imagine-image-quality,grok-imagine-video-1.5,2k,"Photoreal vertical 9:16 Palm Beach Vitality laboratory research catalog film, chemical research material only, premium American research aesthetic. PRIMARY SUBJECT (must be clearly recognizable, real laboratory object, sharp and centered): cleanroom light panel glow on products. Physical detail: products under panel. Setting surface: white melamine cleanroom table. Lighting: single hard key light with controlled fill. Camera: gentle top-down descending move. No abstract shapes, no glass orbs, no crystal balls, no surreal spheres, no CGI blobs, no nebula, no galaxies, no fantasy energy, no particle portals, no impossible geometry, no melting objects, no dreamscape, no people, no faces, no hands, no bare skin, no needles penetrating skin, no injection act, no clinic patient scene, no gym, no lifestyle, no wellness claims, no nicknames, no supplements aesthetic. Quality: ultra detailed, extremely detailed, hyper-detailed, razor sharp focus, tack sharp, crystal clear, ultra sharp, 8k resolution, photorealistic, hyperrealistic, ultra realistic, HDR. creation motif 427/500 · LAB-427. Keep product identity and any on-screen research typography sharp and unchanged. For laboratory research use only. Not for human use or consumption.",Active,0,
PBVita-Lab-428,428,LAB-428,surfaces_org,HEPA filter grill exterior,grill,"HEPA filter grill exterior on textured slate sample board, soft overhead softbox, even catalog lighting, locked tripod hero frame with subtle push",12,"ultra detailed, extremely detailed, hyper-detailed, razor sharp focus, tack sharp, crystal clear, ultra sharp, 8k resolution, photorealistic, hyperrealistic, ultra realistic, HDR",9:16,8,1080p,grok-imagine-image-quality,grok-imagine-video-1.5,2k,"Photoreal vertical 9:16 Palm Beach Vitality laboratory research catalog film, chemical research material only, premium American research aesthetic. PRIMARY SUBJECT (must be clearly recognizable, real laboratory object, sharp and centered): HEPA filter grill exterior. Physical detail: grill. Setting surface: textured slate sample board. Lighting: soft overhead softbox, even catalog lighting. Camera: locked tripod hero frame with subtle push. No abstract shapes, no glass orbs, no crystal balls, no surreal spheres, no CGI blobs, no nebula, no galaxies, no fantasy energy, no particle portals, no impossible geometry, no melting objects, no dreamscape, no people, no faces, no hands, no bare skin, no needles penetrating skin, no injection act, no clinic patient scene, no gym, no lifestyle, no wellness claims, no nicknames, no supplements aesthetic. Quality: ultra detailed, extremely detailed, hyper-detailed, razor sharp focus, tack sharp, crystal clear, ultra sharp, 8k resolution, photorealistic, hyperrealistic, ultra realistic, HDR. creation motif 428/500 · LAB-428. Keep product identity and any on-screen research typography sharp and unchanged. For laboratory research use only. Not for human use or consumption.",Active,0,
PBVita-Lab-429,429,LAB-429,surfaces_org,magnehelic gauge on wall,pressure gauge,"magnehelic gauge on wall on soft gray seamless paper backdrop, warm neutral side light, still clinical, low angle tracking slide",12,"ultra detailed, extremely detailed, hyper-detailed, razor sharp focus, tack sharp, crystal clear, ultra sharp, 8k resolution, photorealistic, hyperrealistic, ultra realistic, HDR",9:16,8,1080p,grok-imagine-image-quality,grok-imagine-video-1.5,2k,"Photoreal vertical 9:16 Palm Beach Vitality laboratory research catalog film, chemical research material only, premium American research aesthetic. PRIMARY SUBJECT (must be clearly recognizable, real laboratory object, sharp and centered): magnehelic gauge on wall. Physical detail: pressure gauge. Setting surface: soft gray seamless paper backdrop. Lighting: warm neutral side light, still clinical. Camera: low angle tracking slide. No abstract shapes, no glass orbs, no crystal balls, no surreal spheres, no CGI blobs, no nebula, no galaxies, no fantasy energy, no particle portals, no impossible geometry, no melting objects, no dreamscape, no people, no faces, no hands, no bare skin, no needles penetrating skin, no injection act, no clinic patient scene, no gym, no lifestyle, no wellness claims, no nicknames, no supplements aesthetic. Quality: ultra detailed, extremely detailed, hyper-detailed, razor sharp focus, tack sharp, crystal clear, ultra sharp, 8k resolution, photorealistic, hyperrealistic, ultra realistic, HDR. creation motif 429/500 · LAB-429. Keep product identity and any on-screen research typography sharp and unchanged. For laboratory research use only. Not for human use or consumption.",Active,0,
PBVita-Lab-430,430,LAB-430,surfaces_org,room differential pressure display,display,"room differential pressure display on anodized aluminum tray, split soft key and gentle bounce, circular arc that never fully completes",12,"ultra detailed, extremely detailed, hyper-detailed, razor sharp focus, tack sharp, crystal clear, ultra sharp, 8k resolution, photorealistic, hyperrealistic, ultra realistic, HDR",9:16,8,1080p,grok-imagine-image-quality,grok-imagine-video-1.5,2k,"Photoreal vertical 9:16 Palm Beach Vitality laboratory research catalog film, chemical research material only, premium American research aesthetic. PRIMARY SUBJECT (must be clearly recognizable, real laboratory object, sharp and centered): room differential pressure display. Physical detail: display. Setting surface: anodized aluminum tray. Lighting: split soft key and gentle bounce. Camera: circular arc that never fully completes. No abstract shapes, no glass orbs, no crystal balls, no surreal spheres, no CGI blobs, no nebula, no galaxies, no fantasy energy, no particle portals, no impossible geometry, no melting objects, no dreamscape, no people, no faces, no hands, no bare skin, no needles penetrating skin, no injection act, no clinic patient scene, no gym, no lifestyle, no wellness claims, no nicknames, no supplements aesthetic. Quality: ultra detailed, extremely detailed, hyper-detailed, razor sharp focus, tack sharp, crystal clear, ultra sharp, 8k resolution, photorealistic, hyperrealistic, ultra realistic, HDR. creation motif 430/500 · LAB-430. Keep product identity and any on-screen research typography sharp and unchanged. For laboratory research use only. Not for human use or consumption.",Active,0,
PBVita-Lab-431,431,LAB-431,surfaces_org,interlocking pass cart,cart,"interlocking pass cart on polished black reflective acrylic, high-key seamless catalog lighting, vertical rise from base to label",12,"ultra detailed, extremely detailed, hyper-detailed, razor sharp focus, tack sharp, crystal clear, ultra sharp, 8k resolution, photorealistic, hyperrealistic, ultra realistic, HDR",9:16,8,1080p,grok-imagine-image-quality,grok-imagine-video-1.5,2k,"Photoreal vertical 9:16 Palm Beach Vitality laboratory research catalog film, chemical research material only, premium American research aesthetic. PRIMARY SUBJECT (must be clearly recognizable, real laboratory object, sharp and centered): interlocking pass cart. Physical detail: cart. Setting surface: polished black reflective acrylic. Lighting: high-key seamless catalog lighting. Camera: vertical rise from base to label. No abstract shapes, no glass orbs, no crystal balls, no surreal spheres, no CGI blobs, no nebula, no galaxies, no fantasy energy, no particle portals, no impossible geometry, no melting objects, no dreamscape, no people, no faces, no hands, no bare skin, no needles penetrating skin, no injection act, no clinic patient scene, no gym, no lifestyle, no wellness claims, no nicknames, no supplements aesthetic. Quality: ultra detailed, extremely detailed, hyper-detailed, razor sharp focus, tack sharp, crystal clear, ultra sharp, 8k resolution, photorealistic, hyperrealistic, ultra realistic, HDR. creation motif 431/500 · LAB-431. Keep product identity and any on-screen research typography sharp and unchanged. For laboratory research use only. Not for human use or consumption.",Active,0,
PBVita-Lab-432,432,LAB-432,surfaces_org,gowning bench empty,bench no person,"gowning bench empty on matte pure white infinity surface, low-key selective highlight on glass edges, fast resolve into locked hero frame",12,"ultra detailed, extremely detailed, hyper-detailed, razor sharp focus, tack sharp, crystal clear, ultra sharp, 8k resolution, photorealistic, hyperrealistic, ultra realistic, HDR",9:16,8,1080p,grok-imagine-image-quality,grok-imagine-video-1.5,2k,"Photoreal vertical 9:16 Palm Beach Vitality laboratory research catalog film, chemical research material only, premium American research aesthetic. PRIMARY SUBJECT (must be clearly recognizable, real laboratory object, sharp and centered): gowning bench empty. Physical detail: bench no person. Setting surface: matte pure white infinity surface. Lighting: low-key selective highlight on glass edges. Camera: fast resolve into locked hero frame. No abstract shapes, no glass orbs, no crystal balls, no surreal spheres, no CGI blobs, no nebula, no galaxies, no fantasy energy, no particle portals, no impossible geometry, no melting objects, no dreamscape, no people, no faces, no hands, no bare skin, no needles penetrating skin, no injection act, no clinic patient scene, no gym, no lifestyle, no wellness claims, no nicknames, no supplements aesthetic. Quality: ultra detailed, extremely detailed, hyper-detailed, razor sharp focus, tack sharp, crystal clear, ultra sharp, 8k resolution, photorealistic, hyperrealistic, ultra realistic, HDR. creation motif 432/500 · LAB-432. Keep product identity and any on-screen research typography sharp and unchanged. For laboratory research use only. Not for human use or consumption.",Active,0,
PBVita-Lab-433,433,LAB-433,surfaces_org,bootie dispenser box,dispenser box,"bootie dispenser box on brushed stainless steel lab bench, soft rim light from behind, slow 360 degree orbit at eye level",12,"ultra detailed, extremely detailed, hyper-detailed, razor sharp focus, tack sharp, crystal clear, ultra sharp, 8k resolution, photorealistic, hyperrealistic, ultra realistic, HDR",9:16,8,1080p,grok-imagine-image-quality,grok-imagine-video-1.5,2k,"Photoreal vertical 9:16 Palm Beach Vitality laboratory research catalog film, chemical research material only, premium American research aesthetic. PRIMARY SUBJECT (must be clearly recognizable, real laboratory object, sharp and centered): bootie dispenser box. Physical detail: dispenser box. Setting surface: brushed stainless steel lab bench. Lighting: soft rim light from behind. Camera: slow 360 degree orbit at eye level. No abstract shapes, no glass orbs, no crystal balls, no surreal spheres, no CGI blobs, no nebula, no galaxies, no fantasy energy, no particle portals, no impossible geometry, no melting objects, no dreamscape, no people, no faces, no hands, no bare skin, no needles penetrating skin, no injection act, no clinic patient scene, no gym, no lifestyle, no wellness claims, no nicknames, no supplements aesthetic. Quality: ultra detailed, extremely detailed, hyper-detailed, razor sharp focus, tack sharp, crystal clear, ultra sharp, 8k resolution, photorealistic, hyperrealistic, ultra realistic, HDR. creation motif 433/500 · LAB-433. Keep product identity and any on-screen research typography sharp and unchanged. For laboratory research use only. Not for human use or consumption.",Active,0,
PBVita-Lab-434,434,LAB-434,surfaces_org,gowning mirror frame empty soft reflection,empty mirror area soft,"gowning mirror frame empty soft reflection on dark charcoal epoxy resin countertop, cool clinical blue-white LED, extreme macro push-in",12,"ultra detailed, extremely detailed, hyper-detailed, razor sharp focus, tack sharp, crystal clear, ultra sharp, 8k resolution, photorealistic, hyperrealistic, ultra realistic, HDR",9:16,8,1080p,grok-imagine-image-quality,grok-imagine-video-1.5,2k,"Photoreal vertical 9:16 Palm Beach Vitality laboratory research catalog film, chemical research material only, premium American research aesthetic. PRIMARY SUBJECT (must be clearly recognizable, real laboratory object, sharp and centered): gowning mirror frame empty soft reflection. Physical detail: empty mirror area soft. Setting surface: dark charcoal epoxy resin countertop. Lighting: cool clinical blue-white LED. Camera: extreme macro push-in. No abstract shapes, no glass orbs, no crystal balls, no surreal spheres, no CGI blobs, no nebula, no galaxies, no fantasy energy, no particle portals, no impossible geometry, no melting objects, no dreamscape, no people, no faces, no hands, no bare skin, no needles penetrating skin, no injection act, no clinic patient scene, no gym, no lifestyle, no wellness claims, no nicknames, no supplements aesthetic. Quality: ultra detailed, extremely detailed, hyper-detailed, razor sharp focus, tack sharp, crystal clear, ultra sharp, 8k resolution, photorealistic, hyperrealistic, ultra realistic, HDR. creation motif 434/500 · LAB-434. Keep product identity and any on-screen research typography sharp and unchanged. For laboratory research use only. Not for human use or consumption.",Active,0,
PBVita-Lab-435,435,LAB-435,surfaces_org,step-over bench cleanroom,bench,"step-over bench cleanroom on cool gray ceramic tile, single hard key light with controlled fill, gentle top-down descending move",12,"ultra detailed, extremely detailed, hyper-detailed, razor sharp focus, tack sharp, crystal clear, ultra sharp, 8k resolution, photorealistic, hyperrealistic, ultra realistic, HDR",9:16,8,1080p,grok-imagine-image-quality,grok-imagine-video-1.5,2k,"Photoreal vertical 9:16 Palm Beach Vitality laboratory research catalog film, chemical research material only, premium American research aesthetic. PRIMARY SUBJECT (must be clearly recognizable, real laboratory object, sharp and centered): step-over bench cleanroom. Physical detail: bench. Setting surface: cool gray ceramic tile. Lighting: single hard key light with controlled fill. Camera: gentle top-down descending move. No abstract shapes, no glass orbs, no crystal balls, no surreal spheres, no CGI blobs, no nebula, no galaxies, no fantasy energy, no particle portals, no impossible geometry, no melting objects, no dreamscape, no people, no faces, no hands, no bare skin, no needles penetrating skin, no injection act, no clinic patient scene, no gym, no lifestyle, no wellness claims, no nicknames, no supplements aesthetic. Quality: ultra detailed, extremely detailed, hyper-detailed, razor sharp focus, tack sharp, crystal clear, ultra sharp, 8k resolution, photorealistic, hyperrealistic, ultra realistic, HDR. creation motif 435/500 · LAB-435. Keep product identity and any on-screen research typography sharp and unchanged. For laboratory research use only. Not for human use or consumption.",Active,0,
PBVita-Lab-436,436,LAB-436,packaging,unit dose blister of research cartridges five,five-count blister,"unit dose blister of research cartridges five on mirrored chrome instrument tray, soft overhead softbox, even catalog lighting, locked tripod hero frame with subtle push",12,"ultra detailed, extremely detailed, hyper-detailed, razor sharp focus, tack sharp, crystal clear, ultra sharp, 8k resolution, photorealistic, hyperrealistic, ultra realistic, HDR",9:16,8,1080p,grok-imagine-image-quality,grok-imagine-video-1.5,2k,"Photoreal vertical 9:16 Palm Beach Vitality laboratory research catalog film, chemical research material only, premium American research aesthetic. PRIMARY SUBJECT (must be clearly recognizable, real laboratory object, sharp and centered): unit dose blister of research cartridges five. Physical detail: five-count blister. Setting surface: mirrored chrome instrument tray. Lighting: soft overhead softbox, even catalog lighting. Camera: locked tripod hero frame with subtle push. No abstract shapes, no glass orbs, no crystal balls, no surreal spheres, no CGI blobs, no nebula, no galaxies, no fantasy energy, no particle portals, no impossible geometry, no melting objects, no dreamscape, no people, no faces, no hands, no bare skin, no needles penetrating skin, no injection act, no clinic patient scene, no gym, no lifestyle, no wellness claims, no nicknames, no supplements aesthetic. Quality: ultra detailed, extremely detailed, hyper-detailed, razor sharp focus, tack sharp, crystal clear, ultra sharp, 8k resolution, photorealistic, hyperrealistic, ultra realistic, HDR. creation motif 436/500 · LAB-436. Keep product identity and any on-screen research typography sharp and unchanged. For laboratory research use only. Not for human use or consumption.",Active,0,
PBVita-Lab-437,437,LAB-437,packaging,child-resistant research vial cap assortment,CR caps,"child-resistant research vial cap assortment on white melamine cleanroom table, warm neutral side light, still clinical, low angle tracking slide",12,"ultra detailed, extremely detailed, hyper-detailed, razor sharp focus, tack sharp, crystal clear, ultra sharp, 8k resolution, photorealistic, hyperrealistic, ultra realistic, HDR",9:16,8,1080p,grok-imagine-image-quality,grok-imagine-video-1.5,2k,"Photoreal vertical 9:16 Palm Beach Vitality laboratory research catalog film, chemical research material only, premium American research aesthetic. PRIMARY SUBJECT (must be clearly recognizable, real laboratory object, sharp and centered): child-resistant research vial cap assortment. Physical detail: CR caps. Setting surface: white melamine cleanroom table. Lighting: warm neutral side light, still clinical. Camera: low angle tracking slide. No abstract shapes, no glass orbs, no crystal balls, no surreal spheres, no CGI blobs, no nebula, no galaxies, no fantasy energy, no particle portals, no impossible geometry, no melting objects, no dreamscape, no people, no faces, no hands, no bare skin, no needles penetrating skin, no injection act, no clinic patient scene, no gym, no lifestyle, no wellness claims, no nicknames, no supplements aesthetic. Quality: ultra detailed, extremely detailed, hyper-detailed, razor sharp focus, tack sharp, crystal clear, ultra sharp, 8k resolution, photorealistic, hyperrealistic, ultra realistic, HDR. creation motif 437/500 · LAB-437. Keep product identity and any on-screen research typography sharp and unchanged. For laboratory research use only. Not for human use or consumption.",Active,0,
PBVita-Lab-438,438,LAB-438,packaging,induction-sealed bottle mouth macro,seal wad macro,"induction-sealed bottle mouth macro on textured slate sample board, split soft key and gentle bounce, circular arc that never fully completes",12,"ultra detailed, extremely detailed, hyper-detailed, razor sharp focus, tack sharp, crystal clear, ultra sharp, 8k resolution, photorealistic, hyperrealistic, ultra realistic, HDR",9:16,8,1080p,grok-imagine-image-quality,grok-imagine-video-1.5,2k,"Photoreal vertical 9:16 Palm Beach Vitality laboratory research catalog film, chemical research material only, premium American research aesthetic. PRIMARY SUBJECT (must be clearly recognizable, real laboratory object, sharp and centered): induction-sealed bottle mouth macro. Physical detail: seal wad macro. Setting surface: textured slate sample board. Lighting: split soft key and gentle bounce. Camera: circular arc that never fully completes. No abstract shapes, no glass orbs, no crystal balls, no surreal spheres, no CGI blobs, no nebula, no galaxies, no fantasy energy, no particle portals, no impossible geometry, no melting objects, no dreamscape, no people, no faces, no hands, no bare skin, no needles penetrating skin, no injection act, no clinic patient scene, no gym, no lifestyle, no wellness claims, no nicknames, no supplements aesthetic. Quality: ultra detailed, extremely detailed, hyper-detailed, razor sharp focus, tack sharp, crystal clear, ultra sharp, 8k resolution, photorealistic, hyperrealistic, ultra realistic, HDR. creation motif 438/500 · LAB-438. Keep product identity and any on-screen research typography sharp and unchanged. For laboratory research use only. Not for human use or consumption.",Active,0,
PBVita-Lab-439,439,LAB-439,packaging,carton with perforation tear strip,tear strip,"carton with perforation tear strip on soft gray seamless paper backdrop, high-key seamless catalog lighting, vertical rise from base to label",12,"ultra detailed, extremely detailed, hyper-detailed, razor sharp focus, tack sharp, crystal clear, ultra sharp, 8k resolution, photorealistic, hyperrealistic, ultra realistic, HDR",9:16,8,1080p,grok-imagine-image-quality,grok-imagine-video-1.5,2k,"Photoreal vertical 9:16 Palm Beach Vitality laboratory research catalog film, chemical research material only, premium American research aesthetic. PRIMARY SUBJECT (must be clearly recognizable, real laboratory object, sharp and centered): carton with perforation tear strip. Physical detail: tear strip. Setting surface: soft gray seamless paper backdrop. Lighting: high-key seamless catalog lighting. Camera: vertical rise from base to label. No abstract shapes, no glass orbs, no crystal balls, no surreal spheres, no CGI blobs, no nebula, no galaxies, no fantasy energy, no particle portals, no impossible geometry, no melting objects, no dreamscape, no people, no faces, no hands, no bare skin, no needles penetrating skin, no injection act, no clinic patient scene, no gym, no lifestyle, no wellness claims, no nicknames, no supplements aesthetic. Quality: ultra detailed, extremely detailed, hyper-detailed, razor sharp focus, tack sharp, crystal clear, ultra sharp, 8k resolution, photorealistic, hyperrealistic, ultra realistic, HDR. creation motif 439/500 · LAB-439. Keep product identity and any on-screen research typography sharp and unchanged. For laboratory research use only. Not for human use or consumption.",Active,0,
PBVita-Lab-440,440,LAB-440,packaging,mailer with foam corners kit,protective corners,"mailer with foam corners kit on anodized aluminum tray, low-key selective highlight on glass edges, fast resolve into locked hero frame",12,"ultra detailed, extremely detailed, hyper-detailed, razor sharp focus, tack sharp, crystal clear, ultra sharp, 8k resolution, photorealistic, hyperrealistic, ultra realistic, HDR",9:16,8,1080p,grok-imagine-image-quality,grok-imagine-video-1.5,2k,"Photoreal vertical 9:16 Palm Beach Vitality laboratory research catalog film, chemical research material only, premium American research aesthetic. PRIMARY SUBJECT (must be clearly recognizable, real laboratory object, sharp and centered): mailer with foam corners kit. Physical detail: protective corners. Setting surface: anodized aluminum tray. Lighting: low-key selective highlight on glass edges. Camera: fast resolve into locked hero frame. No abstract shapes, no glass orbs, no crystal balls, no surreal spheres, no CGI blobs, no nebula, no galaxies, no fantasy energy, no particle portals, no impossible geometry, no melting objects, no dreamscape, no people, no faces, no hands, no bare skin, no needles penetrating skin, no injection act, no clinic patient scene, no gym, no lifestyle, no wellness claims, no nicknames, no supplements aesthetic. Quality: ultra detailed, extremely detailed, hyper-detailed, razor sharp focus, tack sharp, crystal clear, ultra sharp, 8k resolution, photorealistic, hyperrealistic, ultra realistic, HDR. creation motif 440/500 · LAB-440. Keep product identity and any on-screen research typography sharp and unchanged. For laboratory research use only. Not for human use or consumption.",Active,0,
PBVita-Lab-441,441,LAB-441,packaging,rigid plastic vial wallet,wallet case,"rigid plastic vial wallet on polished black reflective acrylic, soft rim light from behind, slow 360 degree orbit at eye level",12,"ultra detailed, extremely detailed, hyper-detailed, razor sharp focus, tack sharp, crystal clear, ultra sharp, 8k resolution, photorealistic, hyperrealistic, ultra realistic, HDR",9:16,8,1080p,grok-imagine-image-quality,grok-imagine-video-1.5,2k,"Photoreal vertical 9:16 Palm Beach Vitality laboratory research catalog film, chemical research material only, premium American research aesthetic. PRIMARY SUBJECT (must be clearly recognizable, real laboratory object, sharp and centered): rigid plastic vial wallet. Physical detail: wallet case. Setting surface: polished black reflective acrylic. Lighting: soft rim light from behind. Camera: slow 360 degree orbit at eye level. No abstract shapes, no glass orbs, no crystal balls, no surreal spheres, no CGI blobs, no nebula, no galaxies, no fantasy energy, no particle portals, no impossible geometry, no melting objects, no dreamscape, no people, no faces, no hands, no bare skin, no needles penetrating skin, no injection act, no clinic patient scene, no gym, no lifestyle, no wellness claims, no nicknames, no supplements aesthetic. Quality: ultra detailed, extremely detailed, hyper-detailed, razor sharp focus, tack sharp, crystal clear, ultra sharp, 8k resolution, photorealistic, hyperrealistic, ultra realistic, HDR. creation motif 441/500 · LAB-441. Keep product identity and any on-screen research typography sharp and unchanged. For laboratory research use only. Not for human use or consumption.",Active,0,
PBVita-Lab-442,442,LAB-442,packaging,aluminum bottle for light-sensitive reagent,alu bottle,"aluminum bottle for light-sensitive reagent on matte pure white infinity surface, cool clinical blue-white LED, extreme macro push-in",12,"ultra detailed, extremely detailed, hyper-detailed, razor sharp focus, tack sharp, crystal clear, ultra sharp, 8k resolution, photorealistic, hyperrealistic, ultra realistic, HDR",9:16,8,1080p,grok-imagine-image-quality,grok-imagine-video-1.5,2k,"Photoreal vertical 9:16 Palm Beach Vitality laboratory research catalog film, chemical research material only, premium American research aesthetic. PRIMARY SUBJECT (must be clearly recognizable, real laboratory object, sharp and centered): aluminum bottle for light-sensitive reagent. Physical detail: alu bottle. Setting surface: matte pure white infinity surface. Lighting: cool clinical blue-white LED. Camera: extreme macro push-in. No abstract shapes, no glass orbs, no crystal balls, no surreal spheres, no CGI blobs, no nebula, no galaxies, no fantasy energy, no particle portals, no impossible geometry, no melting objects, no dreamscape, no people, no faces, no hands, no bare skin, no needles penetrating skin, no injection act, no clinic patient scene, no gym, no lifestyle, no wellness claims, no nicknames, no supplements aesthetic. Quality: ultra detailed, extremely detailed, hyper-detailed, razor sharp focus, tack sharp, crystal clear, ultra sharp, 8k resolution, photorealistic, hyperrealistic, ultra realistic, HDR. creation motif 442/500 · LAB-442. Keep product identity and any on-screen research typography sharp and unchanged. For laboratory research use only. Not for human use or consumption.",Active,0,
PBVita-Lab-443,443,LAB-443,packaging,pump spray research solvent bottle empty,spray bottle,"pump spray research solvent bottle empty on brushed stainless steel lab bench, single hard key light with controlled fill, gentle top-down descending move",12,"ultra detailed, extremely detailed, hyper-detailed, razor sharp focus, tack sharp, crystal clear, ultra sharp, 8k resolution, photorealistic, hyperrealistic, ultra realistic, HDR",9:16,8,1080p,grok-imagine-image-quality,grok-imagine-video-1.5,2k,"Photoreal vertical 9:16 Palm Beach Vitality laboratory research catalog film, chemical research material only, premium American research aesthetic. PRIMARY SUBJECT (must be clearly recognizable, real laboratory object, sharp and centered): pump spray research solvent bottle empty. Physical detail: spray bottle. Setting surface: brushed stainless steel lab bench. Lighting: single hard key light with controlled fill. Camera: gentle top-down descending move. No abstract shapes, no glass orbs, no crystal balls, no surreal spheres, no CGI blobs, no nebula, no galaxies, no fantasy energy, no particle portals, no impossible geometry, no melting objects, no dreamscape, no people, no faces, no hands, no bare skin, no needles penetrating skin, no injection act, no clinic patient scene, no gym, no lifestyle, no wellness claims, no nicknames, no supplements aesthetic. Quality: ultra detailed, extremely detailed, hyper-detailed, razor sharp focus, tack sharp, crystal clear, ultra sharp, 8k resolution, photorealistic, hyperrealistic, ultra realistic, HDR. creation motif 443/500 · LAB-443. Keep product identity and any on-screen research typography sharp and unchanged. For laboratory research use only. Not for human use or consumption.",Active,0,
PBVita-Lab-444,444,LAB-444,packaging,dropper assembly components laid out,bulb and pipette parts no drug use scene,"dropper assembly components laid out on dark charcoal epoxy resin countertop, soft overhead softbox, even catalog lighting, locked tripod hero frame with subtle push",12,"ultra detailed, extremely detailed, hyper-detailed, razor sharp focus, tack sharp, crystal clear, ultra sharp, 8k resolution, photorealistic, hyperrealistic, ultra realistic, HDR",9:16,8,1080p,grok-imagine-image-quality,grok-imagine-video-1.5,2k,"Photoreal vertical 9:16 Palm Beach Vitality laboratory research catalog film, chemical research material only, premium American research aesthetic. PRIMARY SUBJECT (must be clearly recognizable, real laboratory object, sharp and centered): dropper assembly components laid out. Physical detail: bulb and pipette parts no drug use scene. Setting surface: dark charcoal epoxy resin countertop. Lighting: soft overhead softbox, even catalog lighting. Camera: locked tripod hero frame with subtle push. No abstract shapes, no glass orbs, no crystal balls, no surreal spheres, no CGI blobs, no nebula, no galaxies, no fantasy energy, no particle portals, no impossible geometry, no melting objects, no dreamscape, no people, no faces, no hands, no bare skin, no needles penetrating skin, no injection act, no clinic patient scene, no gym, no lifestyle, no wellness claims, no nicknames, no supplements aesthetic. Quality: ultra detailed, extremely detailed, hyper-detailed, razor sharp focus, tack sharp, crystal clear, ultra sharp, 8k resolution, photorealistic, hyperrealistic, ultra realistic, HDR. creation motif 444/500 · LAB-444. Keep product identity and any on-screen research typography sharp and unchanged. For laboratory research use only. Not for human use or consumption.",Active,0,
PBVita-Lab-445,445,LAB-445,packaging,measuring scoop nested sizes,scoops,"measuring scoop nested sizes on cool gray ceramic tile, warm neutral side light, still clinical, low angle tracking slide",12,"ultra detailed, extremely detailed, hyper-detailed, razor sharp focus, tack sharp, crystal clear, ultra sharp, 8k resolution, photorealistic, hyperrealistic, ultra realistic, HDR",9:16,8,1080p,grok-imagine-image-quality,grok-imagine-video-1.5,2k,"Photoreal vertical 9:16 Palm Beach Vitality laboratory research catalog film, chemical research material only, premium American research aesthetic. PRIMARY SUBJECT (must be clearly recognizable, real laboratory object, sharp and centered): measuring scoop nested sizes. Physical detail: scoops. Setting surface: cool gray ceramic tile. Lighting: warm neutral side light, still clinical. Camera: low angle tracking slide. No abstract shapes, no glass orbs, no crystal balls, no surreal spheres, no CGI blobs, no nebula, no galaxies, no fantasy energy, no particle portals, no impossible geometry, no melting objects, no dreamscape, no people, no faces, no hands, no bare skin, no needles penetrating skin, no injection act, no clinic patient scene, no gym, no lifestyle, no wellness claims, no nicknames, no supplements aesthetic. Quality: ultra detailed, extremely detailed, hyper-detailed, razor sharp focus, tack sharp, crystal clear, ultra sharp, 8k resolution, photorealistic, hyperrealistic, ultra realistic, HDR. creation motif 445/500 · LAB-445. Keep product identity and any on-screen research typography sharp and unchanged. For laboratory research use only. Not for human use or consumption.",Active,0,
PBVita-Lab-446,446,LAB-446,packaging,desiccant canister indicating unused,indicator desiccant,"desiccant canister indicating unused on mirrored chrome instrument tray, split soft key and gentle bounce, circular arc that never fully completes",12,"ultra detailed, extremely detailed, hyper-detailed, razor sharp focus, tack sharp, crystal clear, ultra sharp, 8k resolution, photorealistic, hyperrealistic, ultra realistic, HDR",9:16,8,1080p,grok-imagine-image-quality,grok-imagine-video-1.5,2k,"Photoreal vertical 9:16 Palm Beach Vitality laboratory research catalog film, chemical research material only, premium American research aesthetic. PRIMARY SUBJECT (must be clearly recognizable, real laboratory object, sharp and centered): desiccant canister indicating unused. Physical detail: indicator desiccant. Setting surface: mirrored chrome instrument tray. Lighting: split soft key and gentle bounce. Camera: circular arc that never fully completes. No abstract shapes, no glass orbs, no crystal balls, no surreal spheres, no CGI blobs, no nebula, no galaxies, no fantasy energy, no particle portals, no impossible geometry, no melting objects, no dreamscape, no people, no faces, no hands, no bare skin, no needles penetrating skin, no injection act, no clinic patient scene, no gym, no lifestyle, no wellness claims, no nicknames, no supplements aesthetic. Quality: ultra detailed, extremely detailed, hyper-detailed, razor sharp focus, tack sharp, crystal clear, ultra sharp, 8k resolution, photorealistic, hyperrealistic, ultra realistic, HDR. creation motif 446/500 · LAB-446. Keep product identity and any on-screen research typography sharp and unchanged. For laboratory research use only. Not for human use or consumption.",Active,0,
PBVita-Lab-447,447,LAB-447,packaging,humidity control pack for cabinets,cabinet pack,"humidity control pack for cabinets on white melamine cleanroom table, high-key seamless catalog lighting, vertical rise from base to label",12,"ultra detailed, extremely detailed, hyper-detailed, razor sharp focus, tack sharp, crystal clear, ultra sharp, 8k resolution, photorealistic, hyperrealistic, ultra realistic, HDR",9:16,8,1080p,grok-imagine-image-quality,grok-imagine-video-1.5,2k,"Photoreal vertical 9:16 Palm Beach Vitality laboratory research catalog film, chemical research material only, premium American research aesthetic. PRIMARY SUBJECT (must be clearly recognizable, real laboratory object, sharp and centered): humidity control pack for cabinets. Physical detail: cabinet pack. Setting surface: white melamine cleanroom table. Lighting: high-key seamless catalog lighting. Camera: vertical rise from base to label. No abstract shapes, no glass orbs, no crystal balls, no surreal spheres, no CGI blobs, no nebula, no galaxies, no fantasy energy, no particle portals, no impossible geometry, no melting objects, no dreamscape, no people, no faces, no hands, no bare skin, no needles penetrating skin, no injection act, no clinic patient scene, no gym, no lifestyle, no wellness claims, no nicknames, no supplements aesthetic. Quality: ultra detailed, extremely detailed, hyper-detailed, razor sharp focus, tack sharp, crystal clear, ultra sharp, 8k resolution, photorealistic, hyperrealistic, ultra realistic, HDR. creation motif 447/500 · LAB-447. Keep product identity and any on-screen research typography sharp and unchanged. For laboratory research use only. Not for human use or consumption.",Active,0,
PBVita-Lab-448,448,LAB-448,packaging,tamper sleeve on carton,sleeve,"tamper sleeve on carton on textured slate sample board, low-key selective highlight on glass edges, fast resolve into locked hero frame",12,"ultra detailed, extremely detailed, hyper-detailed, razor sharp focus, tack sharp, crystal clear, ultra sharp, 8k resolution, photorealistic, hyperrealistic, ultra realistic, HDR",9:16,8,1080p,grok-imagine-image-quality,grok-imagine-video-1.5,2k,"Photoreal vertical 9:16 Palm Beach Vitality laboratory research catalog film, chemical research material only, premium American research aesthetic. PRIMARY SUBJECT (must be clearly recognizable, real laboratory object, sharp and centered): tamper sleeve on carton. Physical detail: sleeve. Setting surface: textured slate sample board. Lighting: low-key selective highlight on glass edges. Camera: fast resolve into locked hero frame. No abstract shapes, no glass orbs, no crystal balls, no surreal spheres, no CGI blobs, no nebula, no galaxies, no fantasy energy, no particle portals, no impossible geometry, no melting objects, no dreamscape, no people, no faces, no hands, no bare skin, no needles penetrating skin, no injection act, no clinic patient scene, no gym, no lifestyle, no wellness claims, no nicknames, no supplements aesthetic. Quality: ultra detailed, extremely detailed, hyper-detailed, razor sharp focus, tack sharp, crystal clear, ultra sharp, 8k resolution, photorealistic, hyperrealistic, ultra realistic, HDR. creation motif 448/500 · LAB-448. Keep product identity and any on-screen research typography sharp and unchanged. For laboratory research use only. Not for human use or consumption.",Active,0,
PBVita-Lab-449,449,LAB-449,packaging,security tape on shipper seam,tape seam,"security tape on shipper seam on soft gray seamless paper backdrop, soft rim light from behind, slow 360 degree orbit at eye level",12,"ultra detailed, extremely detailed, hyper-detailed, razor sharp focus, tack sharp, crystal clear, ultra sharp, 8k resolution, photorealistic, hyperrealistic, ultra realistic, HDR",9:16,8,1080p,grok-imagine-image-quality,grok-imagine-video-1.5,2k,"Photoreal vertical 9:16 Palm Beach Vitality laboratory research catalog film, chemical research material only, premium American research aesthetic. PRIMARY SUBJECT (must be clearly recognizable, real laboratory object, sharp and centered): security tape on shipper seam. Physical detail: tape seam. Setting surface: soft gray seamless paper backdrop. Lighting: soft rim light from behind. Camera: slow 360 degree orbit at eye level. No abstract shapes, no glass orbs, no crystal balls, no surreal spheres, no CGI blobs, no nebula, no galaxies, no fantasy energy, no particle portals, no impossible geometry, no melting objects, no dreamscape, no people, no faces, no hands, no bare skin, no needles penetrating skin, no injection act, no clinic patient scene, no gym, no lifestyle, no wellness claims, no nicknames, no supplements aesthetic. Quality: ultra detailed, extremely detailed, hyper-detailed, razor sharp focus, tack sharp, crystal clear, ultra sharp, 8k resolution, photorealistic, hyperrealistic, ultra realistic, HDR. creation motif 449/500 · LAB-449. Keep product identity and any on-screen research typography sharp and unchanged. For laboratory research use only. Not for human use or consumption.",Active,0,
PBVita-Lab-450,450,LAB-450,packaging,QR code label sheet blank destination,QR labels,"QR code label sheet blank destination on anodized aluminum tray, cool clinical blue-white LED, extreme macro push-in",12,"ultra detailed, extremely detailed, hyper-detailed, razor sharp focus, tack sharp, crystal clear, ultra sharp, 8k resolution, photorealistic, hyperrealistic, ultra realistic, HDR",9:16,8,1080p,grok-imagine-image-quality,grok-imagine-video-1.5,2k,"Photoreal vertical 9:16 Palm Beach Vitality laboratory research catalog film, chemical research material only, premium American research aesthetic. PRIMARY SUBJECT (must be clearly recognizable, real laboratory object, sharp and centered): QR code label sheet blank destination. Physical detail: QR labels. Setting surface: anodized aluminum tray. Lighting: cool clinical blue-white LED. Camera: extreme macro push-in. No abstract shapes, no glass orbs, no crystal balls, no surreal spheres, no CGI blobs, no nebula, no galaxies, no fantasy energy, no particle portals, no impossible geometry, no melting objects, no dreamscape, no people, no faces, no hands, no bare skin, no needles penetrating skin, no injection act, no clinic patient scene, no gym, no lifestyle, no wellness claims, no nicknames, no supplements aesthetic. Quality: ultra detailed, extremely detailed, hyper-detailed, razor sharp focus, tack sharp, crystal clear, ultra sharp, 8k resolution, photorealistic, hyperrealistic, ultra realistic, HDR. creation motif 450/500 · LAB-450. Keep product identity and any on-screen research typography sharp and unchanged. For laboratory research use only. Not for human use or consumption.",Active,0,
PBVita-Lab-451,451,LAB-451,packaging,lot sticker sheets color coded,stickers,"lot sticker sheets color coded on polished black reflective acrylic, single hard key light with controlled fill, gentle top-down descending move",12,"ultra detailed, extremely detailed, hyper-detailed, razor sharp focus, tack sharp, crystal clear, ultra sharp, 8k resolution, photorealistic, hyperrealistic, ultra realistic, HDR",9:16,8,1080p,grok-imagine-image-quality,grok-imagine-video-1.5,2k,"Photoreal vertical 9:16 Palm Beach Vitality laboratory research catalog film, chemical research material only, premium American research aesthetic. PRIMARY SUBJECT (must be clearly recognizable, real laboratory object, sharp and centered): lot sticker sheets color coded. Physical detail: stickers. Setting surface: polished black reflective acrylic. Lighting: single hard key light with controlled fill. Camera: gentle top-down descending move. No abstract shapes, no glass orbs, no crystal balls, no surreal spheres, no CGI blobs, no nebula, no galaxies, no fantasy energy, no particle portals, no impossible geometry, no melting objects, no dreamscape, no people, no faces, no hands, no bare skin, no needles penetrating skin, no injection act, no clinic patient scene, no gym, no lifestyle, no wellness claims, no nicknames, no supplements aesthetic. Quality: ultra detailed, extremely detailed, hyper-detailed, razor sharp focus, tack sharp, crystal clear, ultra sharp, 8k resolution, photorealistic, hyperrealistic, ultra realistic, HDR. creation motif 451/500 · LAB-451. Keep product identity and any on-screen research typography sharp and unchanged. For laboratory research use only. Not for human use or consumption.",Active,0,
PBVita-Lab-452,452,LAB-452,packaging,pack insert accordion folded,insert,"pack insert accordion folded on matte pure white infinity surface, soft overhead softbox, even catalog lighting, locked tripod hero frame with subtle push",12,"ultra detailed, extremely detailed, hyper-detailed, razor sharp focus, tack sharp, crystal clear, ultra sharp, 8k resolution, photorealistic, hyperrealistic, ultra realistic, HDR",9:16,8,1080p,grok-imagine-image-quality,grok-imagine-video-1.5,2k,"Photoreal vertical 9:16 Palm Beach Vitality laboratory research catalog film, chemical research material only, premium American research aesthetic. PRIMARY SUBJECT (must be clearly recognizable, real laboratory object, sharp and centered): pack insert accordion folded. Physical detail: insert. Setting surface: matte pure white infinity surface. Lighting: soft overhead softbox, even catalog lighting. Camera: locked tripod hero frame with subtle push. No abstract shapes, no glass orbs, no crystal balls, no surreal spheres, no CGI blobs, no nebula, no galaxies, no fantasy energy, no particle portals, no impossible geometry, no melting objects, no dreamscape, no people, no faces, no hands, no bare skin, no needles penetrating skin, no injection act, no clinic patient scene, no gym, no lifestyle, no wellness claims, no nicknames, no supplements aesthetic. Quality: ultra detailed, extremely detailed, hyper-detailed, razor sharp focus, tack sharp, crystal clear, ultra sharp, 8k resolution, photorealistic, hyperrealistic, ultra realistic, HDR. creation motif 452/500 · LAB-452. Keep product identity and any on-screen research typography sharp and unchanged. For laboratory research use only. Not for human use or consumption.",Active,0,
PBVita-Lab-453,453,LAB-453,packaging,silica gel pillow packs,pillows,"silica gel pillow packs on brushed stainless steel lab bench, warm neutral side light, still clinical, low angle tracking slide",12,"ultra detailed, extremely detailed, hyper-detailed, razor sharp focus, tack sharp, crystal clear, ultra sharp, 8k resolution, photorealistic, hyperrealistic, ultra realistic, HDR",9:16,8,1080p,grok-imagine-image-quality,grok-imagine-video-1.5,2k,"Photoreal vertical 9:16 Palm Beach Vitality laboratory research catalog film, chemical research material only, premium American research aesthetic. PRIMARY SUBJECT (must be clearly recognizable, real laboratory object, sharp and centered): silica gel pillow packs. Physical detail: pillows. Setting surface: brushed stainless steel lab bench. Lighting: warm neutral side light, still clinical. Camera: low angle tracking slide. No abstract shapes, no glass orbs, no crystal balls, no surreal spheres, no CGI blobs, no nebula, no galaxies, no fantasy energy, no particle portals, no impossible geometry, no melting objects, no dreamscape, no people, no faces, no hands, no bare skin, no needles penetrating skin, no injection act, no clinic patient scene, no gym, no lifestyle, no wellness claims, no nicknames, no supplements aesthetic. Quality: ultra detailed, extremely detailed, hyper-detailed, razor sharp focus, tack sharp, crystal clear, ultra sharp, 8k resolution, photorealistic, hyperrealistic, ultra realistic, HDR. creation motif 453/500 · LAB-453. Keep product identity and any on-screen research typography sharp and unchanged. For laboratory research use only. Not for human use or consumption.",Active,0,
PBVita-Lab-454,454,LAB-454,packaging,foam-in-place corner blocks,corners,"foam-in-place corner blocks on dark charcoal epoxy resin countertop, split soft key and gentle bounce, circular arc that never fully completes",12,"ultra detailed, extremely detailed, hyper-detailed, razor sharp focus, tack sharp, crystal clear, ultra sharp, 8k resolution, photorealistic, hyperrealistic, ultra realistic, HDR",9:16,8,1080p,grok-imagine-image-quality,grok-imagine-video-1.5,2k,"Photoreal vertical 9:16 Palm Beach Vitality laboratory research catalog film, chemical research material only, premium American research aesthetic. PRIMARY SUBJECT (must be clearly recognizable, real laboratory object, sharp and centered): foam-in-place corner blocks. Physical detail: corners. Setting surface: dark charcoal epoxy resin countertop. Lighting: split soft key and gentle bounce. Camera: circular arc that never fully completes. No abstract shapes, no glass orbs, no crystal balls, no surreal spheres, no CGI blobs, no nebula, no galaxies, no fantasy energy, no particle portals, no impossible geometry, no melting objects, no dreamscape, no people, no faces, no hands, no bare skin, no needles penetrating skin, no injection act, no clinic patient scene, no gym, no lifestyle, no wellness claims, no nicknames, no supplements aesthetic. Quality: ultra detailed, extremely detailed, hyper-detailed, razor sharp focus, tack sharp, crystal clear, ultra sharp, 8k resolution, photorealistic, hyperrealistic, ultra realistic, HDR. creation motif 454/500 · LAB-454. Keep product identity and any on-screen research typography sharp and unchanged. For laboratory research use only. Not for human use or consumption.",Active,0,
PBVita-Lab-455,455,LAB-455,packaging,molded pulp egg-crate for vials,pulp tray,"molded pulp egg-crate for vials on cool gray ceramic tile, high-key seamless catalog lighting, vertical rise from base to label",12,"ultra detailed, extremely detailed, hyper-detailed, razor sharp focus, tack sharp, crystal clear, ultra sharp, 8k resolution, photorealistic, hyperrealistic, ultra realistic, HDR",9:16,8,1080p,grok-imagine-image-quality,grok-imagine-video-1.5,2k,"Photoreal vertical 9:16 Palm Beach Vitality laboratory research catalog film, chemical research material only, premium American research aesthetic. PRIMARY SUBJECT (must be clearly recognizable, real laboratory object, sharp and centered): molded pulp egg-crate for vials. Physical detail: pulp tray. Setting surface: cool gray ceramic tile. Lighting: high-key seamless catalog lighting. Camera: vertical rise from base to label. No abstract shapes, no glass orbs, no crystal balls, no surreal spheres, no CGI blobs, no nebula, no galaxies, no fantasy energy, no particle portals, no impossible geometry, no melting objects, no dreamscape, no people, no faces, no hands, no bare skin, no needles penetrating skin, no injection act, no clinic patient scene, no gym, no lifestyle, no wellness claims, no nicknames, no supplements aesthetic. Quality: ultra detailed, extremely detailed, hyper-detailed, razor sharp focus, tack sharp, crystal clear, ultra sharp, 8k resolution, photorealistic, hyperrealistic, ultra realistic, HDR. creation motif 455/500 · LAB-455. Keep product identity and any on-screen research typography sharp and unchanged. For laboratory research use only. Not for human use or consumption.",Active,0,
PBVita-Lab-456,456,LAB-456,packaging,PET clam for dual pens,dual clam,"PET clam for dual pens on mirrored chrome instrument tray, low-key selective highlight on glass edges, fast resolve into locked hero frame",12,"ultra detailed, extremely detailed, hyper-detailed, razor sharp focus, tack sharp, crystal clear, ultra sharp, 8k resolution, photorealistic, hyperrealistic, ultra realistic, HDR",9:16,8,1080p,grok-imagine-image-quality,grok-imagine-video-1.5,2k,"Photoreal vertical 9:16 Palm Beach Vitality laboratory research catalog film, chemical research material only, premium American research aesthetic. PRIMARY SUBJECT (must be clearly recognizable, real laboratory object, sharp and centered): PET clam for dual pens. Physical detail: dual clam. Setting surface: mirrored chrome instrument tray. Lighting: low-key selective highlight on glass edges. Camera: fast resolve into locked hero frame. No abstract shapes, no glass orbs, no crystal balls, no surreal spheres, no CGI blobs, no nebula, no galaxies, no fantasy energy, no particle portals, no impossible geometry, no melting objects, no dreamscape, no people, no faces, no hands, no bare skin, no needles penetrating skin, no injection act, no clinic patient scene, no gym, no lifestyle, no wellness claims, no nicknames, no supplements aesthetic. Quality: ultra detailed, extremely detailed, hyper-detailed, razor sharp focus, tack sharp, crystal clear, ultra sharp, 8k resolution, photorealistic, hyperrealistic, ultra realistic, HDR. creation motif 456/500 · LAB-456. Keep product identity and any on-screen research typography sharp and unchanged. For laboratory research use only. Not for human use or consumption.",Active,0,
PBVita-Lab-457,457,LAB-457,packaging,kraft tube mailer for pen,tube mailer,"kraft tube mailer for pen on white melamine cleanroom table, soft rim light from behind, slow 360 degree orbit at eye level",12,"ultra detailed, extremely detailed, hyper-detailed, razor sharp focus, tack sharp, crystal clear, ultra sharp, 8k resolution, photorealistic, hyperrealistic, ultra realistic, HDR",9:16,8,1080p,grok-imagine-image-quality,grok-imagine-video-1.5,2k,"Photoreal vertical 9:16 Palm Beach Vitality laboratory research catalog film, chemical research material only, premium American research aesthetic. PRIMARY SUBJECT (must be clearly recognizable, real laboratory object, sharp and centered): kraft tube mailer for pen. Physical detail: tube mailer. Setting surface: white melamine cleanroom table. Lighting: soft rim light from behind. Camera: slow 360 degree orbit at eye level. No abstract shapes, no glass orbs, no crystal balls, no surreal spheres, no CGI blobs, no nebula, no galaxies, no fantasy energy, no particle portals, no impossible geometry, no melting objects, no dreamscape, no people, no faces, no hands, no bare skin, no needles penetrating skin, no injection act, no clinic patient scene, no gym, no lifestyle, no wellness claims, no nicknames, no supplements aesthetic. Quality: ultra detailed, extremely detailed, hyper-detailed, razor sharp focus, tack sharp, crystal clear, ultra sharp, 8k resolution, photorealistic, hyperrealistic, ultra realistic, HDR. creation motif 457/500 · LAB-457. Keep product identity and any on-screen research typography sharp and unchanged. For laboratory research use only. Not for human use or consumption.",Active,0,
PBVita-Lab-458,458,LAB-458,packaging,windowless matte black carton research,black carton,"windowless matte black carton research on textured slate sample board, cool clinical blue-white LED, extreme macro push-in",12,"ultra detailed, extremely detailed, hyper-detailed, razor sharp focus, tack sharp, crystal clear, ultra sharp, 8k resolution, photorealistic, hyperrealistic, ultra realistic, HDR",9:16,8,1080p,grok-imagine-image-quality,grok-imagine-video-1.5,2k,"Photoreal vertical 9:16 Palm Beach Vitality laboratory research catalog film, chemical research material only, premium American research aesthetic. PRIMARY SUBJECT (must be clearly recognizable, real laboratory object, sharp and centered): windowless matte black carton research. Physical detail: black carton. Setting surface: textured slate sample board. Lighting: cool clinical blue-white LED. Camera: extreme macro push-in. No abstract shapes, no glass orbs, no crystal balls, no surreal spheres, no CGI blobs, no nebula, no galaxies, no fantasy energy, no particle portals, no impossible geometry, no melting objects, no dreamscape, no people, no faces, no hands, no bare skin, no needles penetrating skin, no injection act, no clinic patient scene, no gym, no lifestyle, no wellness claims, no nicknames, no supplements aesthetic. Quality: ultra detailed, extremely detailed, hyper-detailed, razor sharp focus, tack sharp, crystal clear, ultra sharp, 8k resolution, photorealistic, hyperrealistic, ultra realistic, HDR. creation motif 458/500 · LAB-458. Keep product identity and any on-screen research typography sharp and unchanged. For laboratory research use only. Not for human use or consumption.",Active,0,
PBVita-Lab-459,459,LAB-459,packaging,soft-touch laminate carton,soft touch pack,"soft-touch laminate carton on soft gray seamless paper backdrop, single hard key light with controlled fill, gentle top-down descending move",12,"ultra detailed, extremely detailed, hyper-detailed, razor sharp focus, tack sharp, crystal clear, ultra sharp, 8k resolution, photorealistic, hyperrealistic, ultra realistic, HDR",9:16,8,1080p,grok-imagine-image-quality,grok-imagine-video-1.5,2k,"Photoreal vertical 9:16 Palm Beach Vitality laboratory research catalog film, chemical research material only, premium American research aesthetic. PRIMARY SUBJECT (must be clearly recognizable, real laboratory object, sharp and centered): soft-touch laminate carton. Physical detail: soft touch pack. Setting surface: soft gray seamless paper backdrop. Lighting: single hard key light with controlled fill. Camera: gentle top-down descending move. No abstract shapes, no glass orbs, no crystal balls, no surreal spheres, no CGI blobs, no nebula, no galaxies, no fantasy energy, no particle portals, no impossible geometry, no melting objects, no dreamscape, no people, no faces, no hands, no bare skin, no needles penetrating skin, no injection act, no clinic patient scene, no gym, no lifestyle, no wellness claims, no nicknames, no supplements aesthetic. Quality: ultra detailed, extremely detailed, hyper-detailed, razor sharp focus, tack sharp, crystal clear, ultra sharp, 8k resolution, photorealistic, hyperrealistic, ultra realistic, HDR. creation motif 459/500 · LAB-459. Keep product identity and any on-screen research typography sharp and unchanged. For laboratory research use only. Not for human use or consumption.",Active,0,
PBVita-Lab-460,460,LAB-460,packaging,carton with embossed logo blank area,emboss panel,"carton with embossed logo blank area on anodized aluminum tray, soft overhead softbox, even catalog lighting, locked tripod hero frame with subtle push",12,"ultra detailed, extremely detailed, hyper-detailed, razor sharp focus, tack sharp, crystal clear, ultra sharp, 8k resolution, photorealistic, hyperrealistic, ultra realistic, HDR",9:16,8,1080p,grok-imagine-image-quality,grok-imagine-video-1.5,2k,"Photoreal vertical 9:16 Palm Beach Vitality laboratory research catalog film, chemical research material only, premium American research aesthetic. PRIMARY SUBJECT (must be clearly recognizable, real laboratory object, sharp and centered): carton with embossed logo blank area. Physical detail: emboss panel. Setting surface: anodized aluminum tray. Lighting: soft overhead softbox, even catalog lighting. Camera: locked tripod hero frame with subtle push. No abstract shapes, no glass orbs, no crystal balls, no surreal spheres, no CGI blobs, no nebula, no galaxies, no fantasy energy, no particle portals, no impossible geometry, no melting objects, no dreamscape, no people, no faces, no hands, no bare skin, no needles penetrating skin, no injection act, no clinic patient scene, no gym, no lifestyle, no wellness claims, no nicknames, no supplements aesthetic. Quality: ultra detailed, extremely detailed, hyper-detailed, razor sharp focus, tack sharp, crystal clear, ultra sharp, 8k resolution, photorealistic, hyperrealistic, ultra realistic, HDR. creation motif 460/500 · LAB-460. Keep product identity and any on-screen research typography sharp and unchanged. For laboratory research use only. Not for human use or consumption.",Active,0,
PBVita-Lab-461,461,LAB-461,ppe_sterile,sterile gown packaged barrier fabric,gown pack,"sterile gown packaged barrier fabric on polished black reflective acrylic, warm neutral side light, still clinical, low angle tracking slide",12,"ultra detailed, extremely detailed, hyper-detailed, razor sharp focus, tack sharp, crystal clear, ultra sharp, 8k resolution, photorealistic, hyperrealistic, ultra realistic, HDR",9:16,8,1080p,grok-imagine-image-quality,grok-imagine-video-1.5,2k,"Photoreal vertical 9:16 Palm Beach Vitality laboratory research catalog film, chemical research material only, premium American research aesthetic. PRIMARY SUBJECT (must be clearly recognizable, real laboratory object, sharp and centered): sterile gown packaged barrier fabric. Physical detail: gown pack. Setting surface: polished black reflective acrylic. Lighting: warm neutral side light, still clinical. Camera: low angle tracking slide. No abstract shapes, no glass orbs, no crystal balls, no surreal spheres, no CGI blobs, no nebula, no galaxies, no fantasy energy, no particle portals, no impossible geometry, no melting objects, no dreamscape, no people, no faces, no hands, no bare skin, no needles penetrating skin, no injection act, no clinic patient scene, no gym, no lifestyle, no wellness claims, no nicknames, no supplements aesthetic. Quality: ultra detailed, extremely detailed, hyper-detailed, razor sharp focus, tack sharp, crystal clear, ultra sharp, 8k resolution, photorealistic, hyperrealistic, ultra realistic, HDR. creation motif 461/500 · LAB-461. Keep product identity and any on-screen research typography sharp and unchanged. For laboratory research use only. Not for human use or consumption.",Active,0,
PBVita-Lab-462,462,LAB-462,ppe_sterile,sleeve protector pair packaged,sleeves,"sleeve protector pair packaged on matte pure white infinity surface, split soft key and gentle bounce, circular arc that never fully completes",12,"ultra detailed, extremely detailed, hyper-detailed, razor sharp focus, tack sharp, crystal clear, ultra sharp, 8k resolution, photorealistic, hyperrealistic, ultra realistic, HDR",9:16,8,1080p,grok-imagine-image-quality,grok-imagine-video-1.5,2k,"Photoreal vertical 9:16 Palm Beach Vitality laboratory research catalog film, chemical research material only, premium American research aesthetic. PRIMARY SUBJECT (must be clearly recognizable, real laboratory object, sharp and centered): sleeve protector pair packaged. Physical detail: sleeves. Setting surface: matte pure white infinity surface. Lighting: split soft key and gentle bounce. Camera: circular arc that never fully completes. No abstract shapes, no glass orbs, no crystal balls, no surreal spheres, no CGI blobs, no nebula, no galaxies, no fantasy energy, no particle portals, no impossible geometry, no melting objects, no dreamscape, no people, no faces, no hands, no bare skin, no needles penetrating skin, no injection act, no clinic patient scene, no gym, no lifestyle, no wellness claims, no nicknames, no supplements aesthetic. Quality: ultra detailed, extremely detailed, hyper-detailed, razor sharp focus, tack sharp, crystal clear, ultra sharp, 8k resolution, photorealistic, hyperrealistic, ultra realistic, HDR. creation motif 462/500 · LAB-462. Keep product identity and any on-screen research typography sharp and unchanged. For laboratory research use only. Not for human use or consumption.",Active,0,
PBVita-Lab-463,463,LAB-463,ppe_sterile,cleanroom goggles sealed bag,goggles,"cleanroom goggles sealed bag on brushed stainless steel lab bench, high-key seamless catalog lighting, vertical rise from base to label",12,"ultra detailed, extremely detailed, hyper-detailed, razor sharp focus, tack sharp, crystal clear, ultra sharp, 8k resolution, photorealistic, hyperrealistic, ultra realistic, HDR",9:16,8,1080p,grok-imagine-image-quality,grok-imagine-video-1.5,2k,"Photoreal vertical 9:16 Palm Beach Vitality laboratory research catalog film, chemical research material only, premium American research aesthetic. PRIMARY SUBJECT (must be clearly recognizable, real laboratory object, sharp and centered): cleanroom goggles sealed bag. Physical detail: goggles. Setting surface: brushed stainless steel lab bench. Lighting: high-key seamless catalog lighting. Camera: vertical rise from base to label. No abstract shapes, no glass orbs, no crystal balls, no surreal spheres, no CGI blobs, no nebula, no galaxies, no fantasy energy, no particle portals, no impossible geometry, no melting objects, no dreamscape, no people, no faces, no hands, no bare skin, no needles penetrating skin, no injection act, no clinic patient scene, no gym, no lifestyle, no wellness claims, no nicknames, no supplements aesthetic. Quality: ultra detailed, extremely detailed, hyper-detailed, razor sharp focus, tack sharp, crystal clear, ultra sharp, 8k resolution, photorealistic, hyperrealistic, ultra realistic, HDR. creation motif 463/500 · LAB-463. Keep product identity and any on-screen research typography sharp and unchanged. For laboratory research use only. Not for human use or consumption.",Active,0,
PBVita-Lab-464,464,LAB-464,ppe_sterile,ear plugs dispenser bottle,dispenser,"ear plugs dispenser bottle on dark charcoal epoxy resin countertop, low-key selective highlight on glass edges, fast resolve into locked hero frame",12,"ultra detailed, extremely detailed, hyper-detailed, razor sharp focus, tack sharp, crystal clear, ultra sharp, 8k resolution, photorealistic, hyperrealistic, ultra realistic, HDR",9:16,8,1080p,grok-imagine-image-quality,grok-imagine-video-1.5,2k,"Photoreal vertical 9:16 Palm Beach Vitality laboratory research catalog film, chemical research material only, premium American research aesthetic. PRIMARY SUBJECT (must be clearly recognizable, real laboratory object, sharp and centered): ear plugs dispenser bottle. Physical detail: dispenser. Setting surface: dark charcoal epoxy resin countertop. Lighting: low-key selective highlight on glass edges. Camera: fast resolve into locked hero frame. No abstract shapes, no glass orbs, no crystal balls, no surreal spheres, no CGI blobs, no nebula, no galaxies, no fantasy energy, no particle portals, no impossible geometry, no melting objects, no dreamscape, no people, no faces, no hands, no bare skin, no needles penetrating skin, no injection act, no clinic patient scene, no gym, no lifestyle, no wellness claims, no nicknames, no supplements aesthetic. Quality: ultra detailed, extremely detailed, hyper-detailed, razor sharp focus, tack sharp, crystal clear, ultra sharp, 8k resolution, photorealistic, hyperrealistic, ultra realistic, HDR. creation motif 464/500 · LAB-464. Keep product identity and any on-screen research typography sharp and unchanged. For laboratory research use only. Not for human use or consumption.",Active,0,
PBVita-Lab-465,465,LAB-465,ppe_sterile,cut-resistant glove pair folded,gloves objects,"cut-resistant glove pair folded on cool gray ceramic tile, soft rim light from behind, slow 360 degree orbit at eye level",12,"ultra detailed, extremely detailed, hyper-detailed, razor sharp focus, tack sharp, crystal clear, ultra sharp, 8k resolution, photorealistic, hyperrealistic, ultra realistic, HDR",9:16,8,1080p,grok-imagine-image-quality,grok-imagine-video-1.5,2k,"Photoreal vertical 9:16 Palm Beach Vitality laboratory research catalog film, chemical research material only, premium American research aesthetic. PRIMARY SUBJECT (must be clearly recognizable, real laboratory object, sharp and centered): cut-resistant glove pair folded. Physical detail: gloves objects. Setting surface: cool gray ceramic tile. Lighting: soft rim light from behind. Camera: slow 360 degree orbit at eye level. No abstract shapes, no glass orbs, no crystal balls, no surreal spheres, no CGI blobs, no nebula, no galaxies, no fantasy energy, no particle portals, no impossible geometry, no melting objects, no dreamscape, no people, no faces, no hands, no bare skin, no needles penetrating skin, no injection act, no clinic patient scene, no gym, no lifestyle, no wellness claims, no nicknames, no supplements aesthetic. Quality: ultra detailed, extremely detailed, hyper-detailed, razor sharp focus, tack sharp, crystal clear, ultra sharp, 8k resolution, photorealistic, hyperrealistic, ultra realistic, HDR. creation motif 465/500 · LAB-465. Keep product identity and any on-screen research typography sharp and unchanged. For laboratory research use only. Not for human use or consumption.",Active,0,
PBVita-Lab-466,466,LAB-466,ppe_sterile,cryo apron folded,apron,"cryo apron folded on mirrored chrome instrument tray, cool clinical blue-white LED, extreme macro push-in",12,"ultra detailed, extremely detailed, hyper-detailed, razor sharp focus, tack sharp, crystal clear, ultra sharp, 8k resolution, photorealistic, hyperrealistic, ultra realistic, HDR",9:16,8,1080p,grok-imagine-image-quality,grok-imagine-video-1.5,2k,"Photoreal vertical 9:16 Palm Beach Vitality laboratory research catalog film, chemical research material only, premium American research aesthetic. PRIMARY SUBJECT (must be clearly recognizable, real laboratory object, sharp and centered): cryo apron folded. Physical detail: apron. Setting surface: mirrored chrome instrument tray. Lighting: cool clinical blue-white LED. Camera: extreme macro push-in. No abstract shapes, no glass orbs, no crystal balls, no surreal spheres, no CGI blobs, no nebula, no galaxies, no fantasy energy, no particle portals, no impossible geometry, no melting objects, no dreamscape, no people, no faces, no hands, no bare skin, no needles penetrating skin, no injection act, no clinic patient scene, no gym, no lifestyle, no wellness claims, no nicknames, no supplements aesthetic. Quality: ultra detailed, extremely detailed, hyper-detailed, razor sharp focus, tack sharp, crystal clear, ultra sharp, 8k resolution, photorealistic, hyperrealistic, ultra realistic, HDR. creation motif 466/500 · LAB-466. Keep product identity and any on-screen research typography sharp and unchanged. For laboratory research use only. Not for human use or consumption.",Active,0,
PBVita-Lab-467,467,LAB-467,ppe_sterile,chemical apron neoprene folded,apron,"chemical apron neoprene folded on white melamine cleanroom table, single hard key light with controlled fill, gentle top-down descending move",12,"ultra detailed, extremely detailed, hyper-detailed, razor sharp focus, tack sharp, crystal clear, ultra sharp, 8k resolution, photorealistic, hyperrealistic, ultra realistic, HDR",9:16,8,1080p,grok-imagine-image-quality,grok-imagine-video-1.5,2k,"Photoreal vertical 9:16 Palm Beach Vitality laboratory research catalog film, chemical research material only, premium American research aesthetic. PRIMARY SUBJECT (must be clearly recognizable, real laboratory object, sharp and centered): chemical apron neoprene folded. Physical detail: apron. Setting surface: white melamine cleanroom table. Lighting: single hard key light with controlled fill. Camera: gentle top-down descending move. No abstract shapes, no glass orbs, no crystal balls, no surreal spheres, no CGI blobs, no nebula, no galaxies, no fantasy energy, no particle portals, no impossible geometry, no melting objects, no dreamscape, no people, no faces, no hands, no bare skin, no needles penetrating skin, no injection act, no clinic patient scene, no gym, no lifestyle, no wellness claims, no nicknames, no supplements aesthetic. Quality: ultra detailed, extremely detailed, hyper-detailed, razor sharp focus, tack sharp, crystal clear, ultra sharp, 8k resolution, photorealistic, hyperrealistic, ultra realistic, HDR. creation motif 467/500 · LAB-467. Keep product identity and any on-screen research typography sharp and unchanged. For laboratory research use only. Not for human use or consumption.",Active,0,
PBVita-Lab-468,468,LAB-468,ppe_sterile,respirator cartridges in pack unused,cartridges sealed,"respirator cartridges in pack unused on textured slate sample board, soft overhead softbox, even catalog lighting, locked tripod hero frame with subtle push",12,"ultra detailed, extremely detailed, hyper-detailed, razor sharp focus, tack sharp, crystal clear, ultra sharp, 8k resolution, photorealistic, hyperrealistic, ultra realistic, HDR",9:16,8,1080p,grok-imagine-image-quality,grok-imagine-video-1.5,2k,"Photoreal vertical 9:16 Palm Beach Vitality laboratory research catalog film, chemical research material only, premium American research aesthetic. PRIMARY SUBJECT (must be clearly recognizable, real laboratory object, sharp and centered): respirator cartridges in pack unused. Physical detail: cartridges sealed. Setting surface: textured slate sample board. Lighting: soft overhead softbox, even catalog lighting. Camera: locked tripod hero frame with subtle push. No abstract shapes, no glass orbs, no crystal balls, no surreal spheres, no CGI blobs, no nebula, no galaxies, no fantasy energy, no particle portals, no impossible geometry, no melting objects, no dreamscape, no people, no faces, no hands, no bare skin, no needles penetrating skin, no injection act, no clinic patient scene, no gym, no lifestyle, no wellness claims, no nicknames, no supplements aesthetic. Quality: ultra detailed, extremely detailed, hyper-detailed, razor sharp focus, tack sharp, crystal clear, ultra sharp, 8k resolution, photorealistic, hyperrealistic, ultra realistic, HDR. creation motif 468/500 · LAB-468. Keep product identity and any on-screen research typography sharp and unchanged. For laboratory research use only. Not for human use or consumption.",Active,0,
PBVita-Lab-469,469,LAB-469,ppe_sterile,half-mask respirator unused on tray,mask object no wearing,"half-mask respirator unused on tray on soft gray seamless paper backdrop, warm neutral side light, still clinical, low angle tracking slide",12,"ultra detailed, extremely detailed, hyper-detailed, razor sharp focus, tack sharp, crystal clear, ultra sharp, 8k resolution, photorealistic, hyperrealistic, ultra realistic, HDR",9:16,8,1080p,grok-imagine-image-quality,grok-imagine-video-1.5,2k,"Photoreal vertical 9:16 Palm Beach Vitality laboratory research catalog film, chemical research material only, premium American research aesthetic. PRIMARY SUBJECT (must be clearly recognizable, real laboratory object, sharp and centered): half-mask respirator unused on tray. Physical detail: mask object no wearing. Setting surface: soft gray seamless paper backdrop. Lighting: warm neutral side light, still clinical. Camera: low angle tracking slide. No abstract shapes, no glass orbs, no crystal balls, no surreal spheres, no CGI blobs, no nebula, no galaxies, no fantasy energy, no particle portals, no impossible geometry, no melting objects, no dreamscape, no people, no faces, no hands, no bare skin, no needles penetrating skin, no injection act, no clinic patient scene, no gym, no lifestyle, no wellness claims, no nicknames, no supplements aesthetic. Quality: ultra detailed, extremely detailed, hyper-detailed, razor sharp focus, tack sharp, crystal clear, ultra sharp, 8k resolution, photorealistic, hyperrealistic, ultra realistic, HDR. creation motif 469/500 · LAB-469. Keep product identity and any on-screen research typography sharp and unchanged. For laboratory research use only. Not for human use or consumption.",Active,0,
PBVita-Lab-470,470,LAB-470,ppe_sterile,safety glasses anti-fog cloth kit,cloth kit,"safety glasses anti-fog cloth kit on anodized aluminum tray, split soft key and gentle bounce, circular arc that never fully completes",12,"ultra detailed, extremely detailed, hyper-detailed, razor sharp focus, tack sharp, crystal clear, ultra sharp, 8k resolution, photorealistic, hyperrealistic, ultra realistic, HDR",9:16,8,1080p,grok-imagine-image-quality,grok-imagine-video-1.5,2k,"Photoreal vertical 9:16 Palm Beach Vitality laboratory research catalog film, chemical research material only, premium American research aesthetic. PRIMARY SUBJECT (must be clearly recognizable, real laboratory object, sharp and centered): safety glasses anti-fog cloth kit. Physical detail: cloth kit. Setting surface: anodized aluminum tray. Lighting: split soft key and gentle bounce. Camera: circular arc that never fully completes. No abstract shapes, no glass orbs, no crystal balls, no surreal spheres, no CGI blobs, no nebula, no galaxies, no fantasy energy, no particle portals, no impossible geometry, no melting objects, no dreamscape, no people, no faces, no hands, no bare skin, no needles penetrating skin, no injection act, no clinic patient scene, no gym, no lifestyle, no wellness claims, no nicknames, no supplements aesthetic. Quality: ultra detailed, extremely detailed, hyper-detailed, razor sharp focus, tack sharp, crystal clear, ultra sharp, 8k resolution, photorealistic, hyperrealistic, ultra realistic, HDR. creation motif 470/500 · LAB-470. Keep product identity and any on-screen research typography sharp and unchanged. For laboratory research use only. Not for human use or consumption.",Active,0,
PBVita-Lab-471,471,LAB-471,ppe_sterile,finger cots box,finger cots,"finger cots box on polished black reflective acrylic, high-key seamless catalog lighting, vertical rise from base to label",12,"ultra detailed, extremely detailed, hyper-detailed, razor sharp focus, tack sharp, crystal clear, ultra sharp, 8k resolution, photorealistic, hyperrealistic, ultra realistic, HDR",9:16,8,1080p,grok-imagine-image-quality,grok-imagine-video-1.5,2k,"Photoreal vertical 9:16 Palm Beach Vitality laboratory research catalog film, chemical research material only, premium American research aesthetic. PRIMARY SUBJECT (must be clearly recognizable, real laboratory object, sharp and centered): finger cots box. Physical detail: finger cots. Setting surface: polished black reflective acrylic. Lighting: high-key seamless catalog lighting. Camera: vertical rise from base to label. No abstract shapes, no glass orbs, no crystal balls, no surreal spheres, no CGI blobs, no nebula, no galaxies, no fantasy energy, no particle portals, no impossible geometry, no melting objects, no dreamscape, no people, no faces, no hands, no bare skin, no needles penetrating skin, no injection act, no clinic patient scene, no gym, no lifestyle, no wellness claims, no nicknames, no supplements aesthetic. Quality: ultra detailed, extremely detailed, hyper-detailed, razor sharp focus, tack sharp, crystal clear, ultra sharp, 8k resolution, photorealistic, hyperrealistic, ultra realistic, HDR. creation motif 471/500 · LAB-471. Keep product identity and any on-screen research typography sharp and unchanged. For laboratory research use only. Not for human use or consumption.",Active,0,
PBVita-Lab-472,472,LAB-472,ppe_sterile,sterile gloves individually wrapped pair,pair wrap,"sterile gloves individually wrapped pair on matte pure white infinity surface, low-key selective highlight on glass edges, fast resolve into locked hero frame",12,"ultra detailed, extremely detailed, hyper-detailed, razor sharp focus, tack sharp, crystal clear, ultra sharp, 8k resolution, photorealistic, hyperrealistic, ultra realistic, HDR",9:16,8,1080p,grok-imagine-image-quality,grok-imagine-video-1.5,2k,"Photoreal vertical 9:16 Palm Beach Vitality laboratory research catalog film, chemical research material only, premium American research aesthetic. PRIMARY SUBJECT (must be clearly recognizable, real laboratory object, sharp and centered): sterile gloves individually wrapped pair. Physical detail: pair wrap. Setting surface: matte pure white infinity surface. Lighting: low-key selective highlight on glass edges. Camera: fast resolve into locked hero frame. No abstract shapes, no glass orbs, no crystal balls, no surreal spheres, no CGI blobs, no nebula, no galaxies, no fantasy energy, no particle portals, no impossible geometry, no melting objects, no dreamscape, no people, no faces, no hands, no bare skin, no needles penetrating skin, no injection act, no clinic patient scene, no gym, no lifestyle, no wellness claims, no nicknames, no supplements aesthetic. Quality: ultra detailed, extremely detailed, hyper-detailed, razor sharp focus, tack sharp, crystal clear, ultra sharp, 8k resolution, photorealistic, hyperrealistic, ultra realistic, HDR. creation motif 472/500 · LAB-472. Keep product identity and any on-screen research typography sharp and unchanged. For laboratory research use only. Not for human use or consumption.",Active,0,
PBVita-Lab-473,473,LAB-473,ppe_sterile,cleanroom paper ream,paper,"cleanroom paper ream on brushed stainless steel lab bench, soft rim light from behind, slow 360 degree orbit at eye level",12,"ultra detailed, extremely detailed, hyper-detailed, razor sharp focus, tack sharp, crystal clear, ultra sharp, 8k resolution, photorealistic, hyperrealistic, ultra realistic, HDR",9:16,8,1080p,grok-imagine-image-quality,grok-imagine-video-1.5,2k,"Photoreal vertical 9:16 Palm Beach Vitality laboratory research catalog film, chemical research material only, premium American research aesthetic. PRIMARY SUBJECT (must be clearly recognizable, real laboratory object, sharp and centered): cleanroom paper ream. Physical detail: paper. Setting surface: brushed stainless steel lab bench. Lighting: soft rim light from behind. Camera: slow 360 degree orbit at eye level. No abstract shapes, no glass orbs, no crystal balls, no surreal spheres, no CGI blobs, no nebula, no galaxies, no fantasy energy, no particle portals, no impossible geometry, no melting objects, no dreamscape, no people, no faces, no hands, no bare skin, no needles penetrating skin, no injection act, no clinic patient scene, no gym, no lifestyle, no wellness claims, no nicknames, no supplements aesthetic. Quality: ultra detailed, extremely detailed, hyper-detailed, razor sharp focus, tack sharp, crystal clear, ultra sharp, 8k resolution, photorealistic, hyperrealistic, ultra realistic, HDR. creation motif 473/500 · LAB-473. Keep product identity and any on-screen research typography sharp and unchanged. For laboratory research use only. Not for human use or consumption.",Active,0,
PBVita-Lab-474,474,LAB-474,ppe_sterile,cleanroom notebooks pack,notebooks,"cleanroom notebooks pack on dark charcoal epoxy resin countertop, cool clinical blue-white LED, extreme macro push-in",12,"ultra detailed, extremely detailed, hyper-detailed, razor sharp focus, tack sharp, crystal clear, ultra sharp, 8k resolution, photorealistic, hyperrealistic, ultra realistic, HDR",9:16,8,1080p,grok-imagine-image-quality,grok-imagine-video-1.5,2k,"Photoreal vertical 9:16 Palm Beach Vitality laboratory research catalog film, chemical research material only, premium American research aesthetic. PRIMARY SUBJECT (must be clearly recognizable, real laboratory object, sharp and centered): cleanroom notebooks pack. Physical detail: notebooks. Setting surface: dark charcoal epoxy resin countertop. Lighting: cool clinical blue-white LED. Camera: extreme macro push-in. No abstract shapes, no glass orbs, no crystal balls, no surreal spheres, no CGI blobs, no nebula, no galaxies, no fantasy energy, no particle portals, no impossible geometry, no melting objects, no dreamscape, no people, no faces, no hands, no bare skin, no needles penetrating skin, no injection act, no clinic patient scene, no gym, no lifestyle, no wellness claims, no nicknames, no supplements aesthetic. Quality: ultra detailed, extremely detailed, hyper-detailed, razor sharp focus, tack sharp, crystal clear, ultra sharp, 8k resolution, photorealistic, hyperrealistic, ultra realistic, HDR. creation motif 474/500 · LAB-474. Keep product identity and any on-screen research typography sharp and unchanged. For laboratory research use only. Not for human use or consumption.",Active,0,
PBVita-Lab-475,475,LAB-475,ppe_sterile,sticky roller for garments,lint roller,"sticky roller for garments on cool gray ceramic tile, single hard key light with controlled fill, gentle top-down descending move",12,"ultra detailed, extremely detailed, hyper-detailed, razor sharp focus, tack sharp, crystal clear, ultra sharp, 8k resolution, photorealistic, hyperrealistic, ultra realistic, HDR",9:16,8,1080p,grok-imagine-image-quality,grok-imagine-video-1.5,2k,"Photoreal vertical 9:16 Palm Beach Vitality laboratory research catalog film, chemical research material only, premium American research aesthetic. PRIMARY SUBJECT (must be clearly recognizable, real laboratory object, sharp and centered): sticky roller for garments. Physical detail: lint roller. Setting surface: cool gray ceramic tile. Lighting: single hard key light with controlled fill. Camera: gentle top-down descending move. No abstract shapes, no glass orbs, no crystal balls, no surreal spheres, no CGI blobs, no nebula, no galaxies, no fantasy energy, no particle portals, no impossible geometry, no melting objects, no dreamscape, no people, no faces, no hands, no bare skin, no needles penetrating skin, no injection act, no clinic patient scene, no gym, no lifestyle, no wellness claims, no nicknames, no supplements aesthetic. Quality: ultra detailed, extremely detailed, hyper-detailed, razor sharp focus, tack sharp, crystal clear, ultra sharp, 8k resolution, photorealistic, hyperrealistic, ultra realistic, HDR. creation motif 475/500 · LAB-475. Keep product identity and any on-screen research typography sharp and unchanged. For laboratory research use only. Not for human use or consumption.",Active,0,
PBVita-Lab-476,476,LAB-476,ppe_sterile,garment bag hanging empty,bag,"garment bag hanging empty on mirrored chrome instrument tray, soft overhead softbox, even catalog lighting, locked tripod hero frame with subtle push",12,"ultra detailed, extremely detailed, hyper-detailed, razor sharp focus, tack sharp, crystal clear, ultra sharp, 8k resolution, photorealistic, hyperrealistic, ultra realistic, HDR",9:16,8,1080p,grok-imagine-image-quality,grok-imagine-video-1.5,2k,"Photoreal vertical 9:16 Palm Beach Vitality laboratory research catalog film, chemical research material only, premium American research aesthetic. PRIMARY SUBJECT (must be clearly recognizable, real laboratory object, sharp and centered): garment bag hanging empty. Physical detail: bag. Setting surface: mirrored chrome instrument tray. Lighting: soft overhead softbox, even catalog lighting. Camera: locked tripod hero frame with subtle push. No abstract shapes, no glass orbs, no crystal balls, no surreal spheres, no CGI blobs, no nebula, no galaxies, no fantasy energy, no particle portals, no impossible geometry, no melting objects, no dreamscape, no people, no faces, no hands, no bare skin, no needles penetrating skin, no injection act, no clinic patient scene, no gym, no lifestyle, no wellness claims, no nicknames, no supplements aesthetic. Quality: ultra detailed, extremely detailed, hyper-detailed, razor sharp focus, tack sharp, crystal clear, ultra sharp, 8k resolution, photorealistic, hyperrealistic, ultra realistic, HDR. creation motif 476/500 · LAB-476. Keep product identity and any on-screen research typography sharp and unchanged. For laboratory research use only. Not for human use or consumption.",Active,0,
PBVita-Lab-477,477,LAB-477,ppe_sterile,laundry hamper closed cleanroom,hamper,"laundry hamper closed cleanroom on white melamine cleanroom table, warm neutral side light, still clinical, low angle tracking slide",12,"ultra detailed, extremely detailed, hyper-detailed, razor sharp focus, tack sharp, crystal clear, ultra sharp, 8k resolution, photorealistic, hyperrealistic, ultra realistic, HDR",9:16,8,1080p,grok-imagine-image-quality,grok-imagine-video-1.5,2k,"Photoreal vertical 9:16 Palm Beach Vitality laboratory research catalog film, chemical research material only, premium American research aesthetic. PRIMARY SUBJECT (must be clearly recognizable, real laboratory object, sharp and centered): laundry hamper closed cleanroom. Physical detail: hamper. Setting surface: white melamine cleanroom table. Lighting: warm neutral side light, still clinical. Camera: low angle tracking slide. No abstract shapes, no glass orbs, no crystal balls, no surreal spheres, no CGI blobs, no nebula, no galaxies, no fantasy energy, no particle portals, no impossible geometry, no melting objects, no dreamscape, no people, no faces, no hands, no bare skin, no needles penetrating skin, no injection act, no clinic patient scene, no gym, no lifestyle, no wellness claims, no nicknames, no supplements aesthetic. Quality: ultra detailed, extremely detailed, hyper-detailed, razor sharp focus, tack sharp, crystal clear, ultra sharp, 8k resolution, photorealistic, hyperrealistic, ultra realistic, HDR. creation motif 477/500 · LAB-477. Keep product identity and any on-screen research typography sharp and unchanged. For laboratory research use only. Not for human use or consumption.",Active,0,
PBVita-Lab-478,478,LAB-478,ppe_sterile,PPE size placard stand,placard,"PPE size placard stand on textured slate sample board, split soft key and gentle bounce, circular arc that never fully completes",12,"ultra detailed, extremely detailed, hyper-detailed, razor sharp focus, tack sharp, crystal clear, ultra sharp, 8k resolution, photorealistic, hyperrealistic, ultra realistic, HDR",9:16,8,1080p,grok-imagine-image-quality,grok-imagine-video-1.5,2k,"Photoreal vertical 9:16 Palm Beach Vitality laboratory research catalog film, chemical research material only, premium American research aesthetic. PRIMARY SUBJECT (must be clearly recognizable, real laboratory object, sharp and centered): PPE size placard stand. Physical detail: placard. Setting surface: textured slate sample board. Lighting: split soft key and gentle bounce. Camera: circular arc that never fully completes. No abstract shapes, no glass orbs, no crystal balls, no surreal spheres, no CGI blobs, no nebula, no galaxies, no fantasy energy, no particle portals, no impossible geometry, no melting objects, no dreamscape, no people, no faces, no hands, no bare skin, no needles penetrating skin, no injection act, no clinic patient scene, no gym, no lifestyle, no wellness claims, no nicknames, no supplements aesthetic. Quality: ultra detailed, extremely detailed, hyper-detailed, razor sharp focus, tack sharp, crystal clear, ultra sharp, 8k resolution, photorealistic, hyperrealistic, ultra realistic, HDR. creation motif 478/500 · LAB-478. Keep product identity and any on-screen research typography sharp and unchanged. For laboratory research use only. Not for human use or consumption.",Active,0,
PBVita-Lab-479,479,LAB-479,ppe_sterile,eye wash sign placard only,sign,"eye wash sign placard only on soft gray seamless paper backdrop, high-key seamless catalog lighting, vertical rise from base to label",12,"ultra detailed, extremely detailed, hyper-detailed, razor sharp focus, tack sharp, crystal clear, ultra sharp, 8k resolution, photorealistic, hyperrealistic, ultra realistic, HDR",9:16,8,1080p,grok-imagine-image-quality,grok-imagine-video-1.5,2k,"Photoreal vertical 9:16 Palm Beach Vitality laboratory research catalog film, chemical research material only, premium American research aesthetic. PRIMARY SUBJECT (must be clearly recognizable, real laboratory object, sharp and centered): eye wash sign placard only. Physical detail: sign. Setting surface: soft gray seamless paper backdrop. Lighting: high-key seamless catalog lighting. Camera: vertical rise from base to label. No abstract shapes, no glass orbs, no crystal balls, no surreal spheres, no CGI blobs, no nebula, no galaxies, no fantasy energy, no particle portals, no impossible geometry, no melting objects, no dreamscape, no people, no faces, no hands, no bare skin, no needles penetrating skin, no injection act, no clinic patient scene, no gym, no lifestyle, no wellness claims, no nicknames, no supplements aesthetic. Quality: ultra detailed, extremely detailed, hyper-detailed, razor sharp focus, tack sharp, crystal clear, ultra sharp, 8k resolution, photorealistic, hyperrealistic, ultra realistic, HDR. creation motif 479/500 · LAB-479. Keep product identity and any on-screen research typography sharp and unchanged. For laboratory research use only. Not for human use or consumption.",Active,0,
PBVita-Lab-480,480,LAB-480,ppe_sterile,spill sock absorbent coiled,sock,"spill sock absorbent coiled on anodized aluminum tray, low-key selective highlight on glass edges, fast resolve into locked hero frame",12,"ultra detailed, extremely detailed, hyper-detailed, razor sharp focus, tack sharp, crystal clear, ultra sharp, 8k resolution, photorealistic, hyperrealistic, ultra realistic, HDR",9:16,8,1080p,grok-imagine-image-quality,grok-imagine-video-1.5,2k,"Photoreal vertical 9:16 Palm Beach Vitality laboratory research catalog film, chemical research material only, premium American research aesthetic. PRIMARY SUBJECT (must be clearly recognizable, real laboratory object, sharp and centered): spill sock absorbent coiled. Physical detail: sock. Setting surface: anodized aluminum tray. Lighting: low-key selective highlight on glass edges. Camera: fast resolve into locked hero frame. No abstract shapes, no glass orbs, no crystal balls, no surreal spheres, no CGI blobs, no nebula, no galaxies, no fantasy energy, no particle portals, no impossible geometry, no melting objects, no dreamscape, no people, no faces, no hands, no bare skin, no needles penetrating skin, no injection act, no clinic patient scene, no gym, no lifestyle, no wellness claims, no nicknames, no supplements aesthetic. Quality: ultra detailed, extremely detailed, hyper-detailed, razor sharp focus, tack sharp, crystal clear, ultra sharp, 8k resolution, photorealistic, hyperrealistic, ultra realistic, HDR. creation motif 480/500 · LAB-480. Keep product identity and any on-screen research typography sharp and unchanged. For laboratory research use only. Not for human use or consumption.",Active,0,
PBVita-Lab-481,481,LAB-481,ppe_sterile,neutralizer powder bottle,bottle,"neutralizer powder bottle on polished black reflective acrylic, soft rim light from behind, slow 360 degree orbit at eye level",12,"ultra detailed, extremely detailed, hyper-detailed, razor sharp focus, tack sharp, crystal clear, ultra sharp, 8k resolution, photorealistic, hyperrealistic, ultra realistic, HDR",9:16,8,1080p,grok-imagine-image-quality,grok-imagine-video-1.5,2k,"Photoreal vertical 9:16 Palm Beach Vitality laboratory research catalog film, chemical research material only, premium American research aesthetic. PRIMARY SUBJECT (must be clearly recognizable, real laboratory object, sharp and centered): neutralizer powder bottle. Physical detail: bottle. Setting surface: polished black reflective acrylic. Lighting: soft rim light from behind. Camera: slow 360 degree orbit at eye level. No abstract shapes, no glass orbs, no crystal balls, no surreal spheres, no CGI blobs, no nebula, no galaxies, no fantasy energy, no particle portals, no impossible geometry, no melting objects, no dreamscape, no people, no faces, no hands, no bare skin, no needles penetrating skin, no injection act, no clinic patient scene, no gym, no lifestyle, no wellness claims, no nicknames, no supplements aesthetic. Quality: ultra detailed, extremely detailed, hyper-detailed, razor sharp focus, tack sharp, crystal clear, ultra sharp, 8k resolution, photorealistic, hyperrealistic, ultra realistic, HDR. creation motif 481/500 · LAB-481. Keep product identity and any on-screen research typography sharp and unchanged. For laboratory research use only. Not for human use or consumption.",Active,0,
PBVita-Lab-482,482,LAB-482,ppe_sterile,chemical absorbent pads stack,pads,"chemical absorbent pads stack on matte pure white infinity surface, cool clinical blue-white LED, extreme macro push-in",12,"ultra detailed, extremely detailed, hyper-detailed, razor sharp focus, tack sharp, crystal clear, ultra sharp, 8k resolution, photorealistic, hyperrealistic, ultra realistic, HDR",9:16,8,1080p,grok-imagine-image-quality,grok-imagine-video-1.5,2k,"Photoreal vertical 9:16 Palm Beach Vitality laboratory research catalog film, chemical research material only, premium American research aesthetic. PRIMARY SUBJECT (must be clearly recognizable, real laboratory object, sharp and centered): chemical absorbent pads stack. Physical detail: pads. Setting surface: matte pure white infinity surface. Lighting: cool clinical blue-white LED. Camera: extreme macro push-in. No abstract shapes, no glass orbs, no crystal balls, no surreal spheres, no CGI blobs, no nebula, no galaxies, no fantasy energy, no particle portals, no impossible geometry, no melting objects, no dreamscape, no people, no faces, no hands, no bare skin, no needles penetrating skin, no injection act, no clinic patient scene, no gym, no lifestyle, no wellness claims, no nicknames, no supplements aesthetic. Quality: ultra detailed, extremely detailed, hyper-detailed, razor sharp focus, tack sharp, crystal clear, ultra sharp, 8k resolution, photorealistic, hyperrealistic, ultra realistic, HDR. creation motif 482/500 · LAB-482. Keep product identity and any on-screen research typography sharp and unchanged. For laboratory research use only. Not for human use or consumption.",Active,0,
PBVita-Lab-483,483,LAB-483,ppe_sterile,waste bag stand with labeled bag empty,stand,"waste bag stand with labeled bag empty on brushed stainless steel lab bench, single hard key light with controlled fill, gentle top-down descending move",12,"ultra detailed, extremely detailed, hyper-detailed, razor sharp focus, tack sharp, crystal clear, ultra sharp, 8k resolution, photorealistic, hyperrealistic, ultra realistic, HDR",9:16,8,1080p,grok-imagine-image-quality,grok-imagine-video-1.5,2k,"Photoreal vertical 9:16 Palm Beach Vitality laboratory research catalog film, chemical research material only, premium American research aesthetic. PRIMARY SUBJECT (must be clearly recognizable, real laboratory object, sharp and centered): waste bag stand with labeled bag empty. Physical detail: stand. Setting surface: brushed stainless steel lab bench. Lighting: single hard key light with controlled fill. Camera: gentle top-down descending move. No abstract shapes, no glass orbs, no crystal balls, no surreal spheres, no CGI blobs, no nebula, no galaxies, no fantasy energy, no particle portals, no impossible geometry, no melting objects, no dreamscape, no people, no faces, no hands, no bare skin, no needles penetrating skin, no injection act, no clinic patient scene, no gym, no lifestyle, no wellness claims, no nicknames, no supplements aesthetic. Quality: ultra detailed, extremely detailed, hyper-detailed, razor sharp focus, tack sharp, crystal clear, ultra sharp, 8k resolution, photorealistic, hyperrealistic, ultra realistic, HDR. creation motif 483/500 · LAB-483. Keep product identity and any on-screen research typography sharp and unchanged. For laboratory research use only. Not for human use or consumption.",Active,0,
PBVita-Lab-484,484,LAB-484,ppe_sterile,sharps container wall bracket empty mount,bracket,"sharps container wall bracket empty mount on dark charcoal epoxy resin countertop, soft overhead softbox, even catalog lighting, locked tripod hero frame with subtle push",12,"ultra detailed, extremely detailed, hyper-detailed, razor sharp focus, tack sharp, crystal clear, ultra sharp, 8k resolution, photorealistic, hyperrealistic, ultra realistic, HDR",9:16,8,1080p,grok-imagine-image-quality,grok-imagine-video-1.5,2k,"Photoreal vertical 9:16 Palm Beach Vitality laboratory research catalog film, chemical research material only, premium American research aesthetic. PRIMARY SUBJECT (must be clearly recognizable, real laboratory object, sharp and centered): sharps container wall bracket empty mount. Physical detail: bracket. Setting surface: dark charcoal epoxy resin countertop. Lighting: soft overhead softbox, even catalog lighting. Camera: locked tripod hero frame with subtle push. No abstract shapes, no glass orbs, no crystal balls, no surreal spheres, no CGI blobs, no nebula, no galaxies, no fantasy energy, no particle portals, no impossible geometry, no melting objects, no dreamscape, no people, no faces, no hands, no bare skin, no needles penetrating skin, no injection act, no clinic patient scene, no gym, no lifestyle, no wellness claims, no nicknames, no supplements aesthetic. Quality: ultra detailed, extremely detailed, hyper-detailed, razor sharp focus, tack sharp, crystal clear, ultra sharp, 8k resolution, photorealistic, hyperrealistic, ultra realistic, HDR. creation motif 484/500 · LAB-484. Keep product identity and any on-screen research typography sharp and unchanged. For laboratory research use only. Not for human use or consumption.",Active,0,
PBVita-Lab-485,485,LAB-485,ppe_sterile,biohazard label roll,labels,"biohazard label roll on cool gray ceramic tile, warm neutral side light, still clinical, low angle tracking slide",12,"ultra detailed, extremely detailed, hyper-detailed, razor sharp focus, tack sharp, crystal clear, ultra sharp, 8k resolution, photorealistic, hyperrealistic, ultra realistic, HDR",9:16,8,1080p,grok-imagine-image-quality,grok-imagine-video-1.5,2k,"Photoreal vertical 9:16 Palm Beach Vitality laboratory research catalog film, chemical research material only, premium American research aesthetic. PRIMARY SUBJECT (must be clearly recognizable, real laboratory object, sharp and centered): biohazard label roll. Physical detail: labels. Setting surface: cool gray ceramic tile. Lighting: warm neutral side light, still clinical. Camera: low angle tracking slide. No abstract shapes, no glass orbs, no crystal balls, no surreal spheres, no CGI blobs, no nebula, no galaxies, no fantasy energy, no particle portals, no impossible geometry, no melting objects, no dreamscape, no people, no faces, no hands, no bare skin, no needles penetrating skin, no injection act, no clinic patient scene, no gym, no lifestyle, no wellness claims, no nicknames, no supplements aesthetic. Quality: ultra detailed, extremely detailed, hyper-detailed, razor sharp focus, tack sharp, crystal clear, ultra sharp, 8k resolution, photorealistic, hyperrealistic, ultra realistic, HDR. creation motif 485/500 · LAB-485. Keep product identity and any on-screen research typography sharp and unchanged. For laboratory research use only. Not for human use or consumption.",Active,0,
PBVita-Lab-486,486,LAB-486,qc_analytical,mass spectrometer inlet detail idle,instrument detail idle,"mass spectrometer inlet detail idle on mirrored chrome instrument tray, split soft key and gentle bounce, circular arc that never fully completes",12,"ultra detailed, extremely detailed, hyper-detailed, razor sharp focus, tack sharp, crystal clear, ultra sharp, 8k resolution, photorealistic, hyperrealistic, ultra realistic, HDR",9:16,8,1080p,grok-imagine-image-quality,grok-imagine-video-1.5,2k,"Photoreal vertical 9:16 Palm Beach Vitality laboratory research catalog film, chemical research material only, premium American research aesthetic. PRIMARY SUBJECT (must be clearly recognizable, real laboratory object, sharp and centered): mass spectrometer inlet detail idle. Physical detail: instrument detail idle. Setting surface: mirrored chrome instrument tray. Lighting: split soft key and gentle bounce. Camera: circular arc that never fully completes. No abstract shapes, no glass orbs, no crystal balls, no surreal spheres, no CGI blobs, no nebula, no galaxies, no fantasy energy, no particle portals, no impossible geometry, no melting objects, no dreamscape, no people, no faces, no hands, no bare skin, no needles penetrating skin, no injection act, no clinic patient scene, no gym, no lifestyle, no wellness claims, no nicknames, no supplements aesthetic. Quality: ultra detailed, extremely detailed, hyper-detailed, razor sharp focus, tack sharp, crystal clear, ultra sharp, 8k resolution, photorealistic, hyperrealistic, ultra realistic, HDR. creation motif 486/500 · LAB-486. Keep product identity and any on-screen research typography sharp and unchanged. For laboratory research use only. Not for human use or consumption.",Active,0,
PBVita-Lab-487,487,LAB-487,qc_analytical,LC column oven door closed,oven door,"LC column oven door closed on white melamine cleanroom table, high-key seamless catalog lighting, vertical rise from base to label",12,"ultra detailed, extremely detailed, hyper-detailed, razor sharp focus, tack sharp, crystal clear, ultra sharp, 8k resolution, photorealistic, hyperrealistic, ultra realistic, HDR",9:16,8,1080p,grok-imagine-image-quality,grok-imagine-video-1.5,2k,"Photoreal vertical 9:16 Palm Beach Vitality laboratory research catalog film, chemical research material only, premium American research aesthetic. PRIMARY SUBJECT (must be clearly recognizable, real laboratory object, sharp and centered): LC column oven door closed. Physical detail: oven door. Setting surface: white melamine cleanroom table. Lighting: high-key seamless catalog lighting. Camera: vertical rise from base to label. No abstract shapes, no glass orbs, no crystal balls, no surreal spheres, no CGI blobs, no nebula, no galaxies, no fantasy energy, no particle portals, no impossible geometry, no melting objects, no dreamscape, no people, no faces, no hands, no bare skin, no needles penetrating skin, no injection act, no clinic patient scene, no gym, no lifestyle, no wellness claims, no nicknames, no supplements aesthetic. Quality: ultra detailed, extremely detailed, hyper-detailed, razor sharp focus, tack sharp, crystal clear, ultra sharp, 8k resolution, photorealistic, hyperrealistic, ultra realistic, HDR. creation motif 487/500 · LAB-487. Keep product identity and any on-screen research typography sharp and unchanged. For laboratory research use only. Not for human use or consumption.",Active,0,
PBVita-Lab-488,488,LAB-488,qc_analytical,autosampler tray with vials partial,tray,"autosampler tray with vials partial on textured slate sample board, low-key selective highlight on glass edges, fast resolve into locked hero frame",12,"ultra detailed, extremely detailed, hyper-detailed, razor sharp focus, tack sharp, crystal clear, ultra sharp, 8k resolution, photorealistic, hyperrealistic, ultra realistic, HDR",9:16,8,1080p,grok-imagine-image-quality,grok-imagine-video-1.5,2k,"Photoreal vertical 9:16 Palm Beach Vitality laboratory research catalog film, chemical research material only, premium American research aesthetic. PRIMARY SUBJECT (must be clearly recognizable, real laboratory object, sharp and centered): autosampler tray with vials partial. Physical detail: tray. Setting surface: textured slate sample board. Lighting: low-key selective highlight on glass edges. Camera: fast resolve into locked hero frame. No abstract shapes, no glass orbs, no crystal balls, no surreal spheres, no CGI blobs, no nebula, no galaxies, no fantasy energy, no particle portals, no impossible geometry, no melting objects, no dreamscape, no people, no faces, no hands, no bare skin, no needles penetrating skin, no injection act, no clinic patient scene, no gym, no lifestyle, no wellness claims, no nicknames, no supplements aesthetic. Quality: ultra detailed, extremely detailed, hyper-detailed, razor sharp focus, tack sharp, crystal clear, ultra sharp, 8k resolution, photorealistic, hyperrealistic, ultra realistic, HDR. creation motif 488/500 · LAB-488. Keep product identity and any on-screen research typography sharp and unchanged. For laboratory research use only. Not for human use or consumption.",Active,0,
PBVita-Lab-489,489,LAB-489,qc_analytical,GC column box,column box,"GC column box on soft gray seamless paper backdrop, soft rim light from behind, slow 360 degree orbit at eye level",12,"ultra detailed, extremely detailed, hyper-detailed, razor sharp focus, tack sharp, crystal clear, ultra sharp, 8k resolution, photorealistic, hyperrealistic, ultra realistic, HDR",9:16,8,1080p,grok-imagine-image-quality,grok-imagine-video-1.5,2k,"Photoreal vertical 9:16 Palm Beach Vitality laboratory research catalog film, chemical research material only, premium American research aesthetic. PRIMARY SUBJECT (must be clearly recognizable, real laboratory object, sharp and centered): GC column box. Physical detail: column box. Setting surface: soft gray seamless paper backdrop. Lighting: soft rim light from behind. Camera: slow 360 degree orbit at eye level. No abstract shapes, no glass orbs, no crystal balls, no surreal spheres, no CGI blobs, no nebula, no galaxies, no fantasy energy, no particle portals, no impossible geometry, no melting objects, no dreamscape, no people, no faces, no hands, no bare skin, no needles penetrating skin, no injection act, no clinic patient scene, no gym, no lifestyle, no wellness claims, no nicknames, no supplements aesthetic. Quality: ultra detailed, extremely detailed, hyper-detailed, razor sharp focus, tack sharp, crystal clear, ultra sharp, 8k resolution, photorealistic, hyperrealistic, ultra realistic, HDR. creation motif 489/500 · LAB-489. Keep product identity and any on-screen research typography sharp and unchanged. For laboratory research use only. Not for human use or consumption.",Active,0,
PBVita-Lab-490,490,LAB-490,qc_analytical,helium cylinder regulator detail,regulator,"helium cylinder regulator detail on anodized aluminum tray, cool clinical blue-white LED, extreme macro push-in",12,"ultra detailed, extremely detailed, hyper-detailed, razor sharp focus, tack sharp, crystal clear, ultra sharp, 8k resolution, photorealistic, hyperrealistic, ultra realistic, HDR",9:16,8,1080p,grok-imagine-image-quality,grok-imagine-video-1.5,2k,"Photoreal vertical 9:16 Palm Beach Vitality laboratory research catalog film, chemical research material only, premium American research aesthetic. PRIMARY SUBJECT (must be clearly recognizable, real laboratory object, sharp and centered): helium cylinder regulator detail. Physical detail: regulator. Setting surface: anodized aluminum tray. Lighting: cool clinical blue-white LED. Camera: extreme macro push-in. No abstract shapes, no glass orbs, no crystal balls, no surreal spheres, no CGI blobs, no nebula, no galaxies, no fantasy energy, no particle portals, no impossible geometry, no melting objects, no dreamscape, no people, no faces, no hands, no bare skin, no needles penetrating skin, no injection act, no clinic patient scene, no gym, no lifestyle, no wellness claims, no nicknames, no supplements aesthetic. Quality: ultra detailed, extremely detailed, hyper-detailed, razor sharp focus, tack sharp, crystal clear, ultra sharp, 8k resolution, photorealistic, hyperrealistic, ultra realistic, HDR. creation motif 490/500 · LAB-490. Keep product identity and any on-screen research typography sharp and unchanged. For laboratory research use only. Not for human use or consumption.",Active,0,
PBVita-Lab-491,491,LAB-491,qc_analytical,zero air generator compact,generator,"zero air generator compact on polished black reflective acrylic, single hard key light with controlled fill, gentle top-down descending move",12,"ultra detailed, extremely detailed, hyper-detailed, razor sharp focus, tack sharp, crystal clear, ultra sharp, 8k resolution, photorealistic, hyperrealistic, ultra realistic, HDR",9:16,8,1080p,grok-imagine-image-quality,grok-imagine-video-1.5,2k,"Photoreal vertical 9:16 Palm Beach Vitality laboratory research catalog film, chemical research material only, premium American research aesthetic. PRIMARY SUBJECT (must be clearly recognizable, real laboratory object, sharp and centered): zero air generator compact. Physical detail: generator. Setting surface: polished black reflective acrylic. Lighting: single hard key light with controlled fill. Camera: gentle top-down descending move. No abstract shapes, no glass orbs, no crystal balls, no surreal spheres, no CGI blobs, no nebula, no galaxies, no fantasy energy, no particle portals, no impossible geometry, no melting objects, no dreamscape, no people, no faces, no hands, no bare skin, no needles penetrating skin, no injection act, no clinic patient scene, no gym, no lifestyle, no wellness claims, no nicknames, no supplements aesthetic. Quality: ultra detailed, extremely detailed, hyper-detailed, razor sharp focus, tack sharp, crystal clear, ultra sharp, 8k resolution, photorealistic, hyperrealistic, ultra realistic, HDR. creation motif 491/500 · LAB-491. Keep product identity and any on-screen research typography sharp and unchanged. For laboratory research use only. Not for human use or consumption.",Active,0,
PBVita-Lab-492,492,LAB-492,qc_analytical,TOC analyzer exterior,analyzer,"TOC analyzer exterior on matte pure white infinity surface, soft overhead softbox, even catalog lighting, locked tripod hero frame with subtle push",12,"ultra detailed, extremely detailed, hyper-detailed, razor sharp focus, tack sharp, crystal clear, ultra sharp, 8k resolution, photorealistic, hyperrealistic, ultra realistic, HDR",9:16,8,1080p,grok-imagine-image-quality,grok-imagine-video-1.5,2k,"Photoreal vertical 9:16 Palm Beach Vitality laboratory research catalog film, chemical research material only, premium American research aesthetic. PRIMARY SUBJECT (must be clearly recognizable, real laboratory object, sharp and centered): TOC analyzer exterior. Physical detail: analyzer. Setting surface: matte pure white infinity surface. Lighting: soft overhead softbox, even catalog lighting. Camera: locked tripod hero frame with subtle push. No abstract shapes, no glass orbs, no crystal balls, no surreal spheres, no CGI blobs, no nebula, no galaxies, no fantasy energy, no particle portals, no impossible geometry, no melting objects, no dreamscape, no people, no faces, no hands, no bare skin, no needles penetrating skin, no injection act, no clinic patient scene, no gym, no lifestyle, no wellness claims, no nicknames, no supplements aesthetic. Quality: ultra detailed, extremely detailed, hyper-detailed, razor sharp focus, tack sharp, crystal clear, ultra sharp, 8k resolution, photorealistic, hyperrealistic, ultra realistic, HDR. creation motif 492/500 · LAB-492. Keep product identity and any on-screen research typography sharp and unchanged. For laboratory research use only. Not for human use or consumption.",Active,0,
PBVita-Lab-493,493,LAB-493,qc_analytical,dissolution apparatus basket idle,basket apparatus,"dissolution apparatus basket idle on brushed stainless steel lab bench, warm neutral side light, still clinical, low angle tracking slide",12,"ultra detailed, extremely detailed, hyper-detailed, razor sharp focus, tack sharp, crystal clear, ultra sharp, 8k resolution, photorealistic, hyperrealistic, ultra realistic, HDR",9:16,8,1080p,grok-imagine-image-quality,grok-imagine-video-1.5,2k,"Photoreal vertical 9:16 Palm Beach Vitality laboratory research catalog film, chemical research material only, premium American research aesthetic. PRIMARY SUBJECT (must be clearly recognizable, real laboratory object, sharp and centered): dissolution apparatus basket idle. Physical detail: basket apparatus. Setting surface: brushed stainless steel lab bench. Lighting: warm neutral side light, still clinical. Camera: low angle tracking slide. No abstract shapes, no glass orbs, no crystal balls, no surreal spheres, no CGI blobs, no nebula, no galaxies, no fantasy energy, no particle portals, no impossible geometry, no melting objects, no dreamscape, no people, no faces, no hands, no bare skin, no needles penetrating skin, no injection act, no clinic patient scene, no gym, no lifestyle, no wellness claims, no nicknames, no supplements aesthetic. Quality: ultra detailed, extremely detailed, hyper-detailed, razor sharp focus, tack sharp, crystal clear, ultra sharp, 8k resolution, photorealistic, hyperrealistic, ultra realistic, HDR. creation motif 493/500 · LAB-493. Keep product identity and any on-screen research typography sharp and unchanged. For laboratory research use only. Not for human use or consumption.",Active,0,
PBVita-Lab-494,494,LAB-494,qc_analytical,hardness tester for solid research materials,tester,"hardness tester for solid research materials on dark charcoal epoxy resin countertop, split soft key and gentle bounce, circular arc that never fully completes",12,"ultra detailed, extremely detailed, hyper-detailed, razor sharp focus, tack sharp, crystal clear, ultra sharp, 8k resolution, photorealistic, hyperrealistic, ultra realistic, HDR",9:16,8,1080p,grok-imagine-image-quality,grok-imagine-video-1.5,2k,"Photoreal vertical 9:16 Palm Beach Vitality laboratory research catalog film, chemical research material only, premium American research aesthetic. PRIMARY SUBJECT (must be clearly recognizable, real laboratory object, sharp and centered): hardness tester for solid research materials. Physical detail: tester. Setting surface: dark charcoal epoxy resin countertop. Lighting: split soft key and gentle bounce. Camera: circular arc that never fully completes. No abstract shapes, no glass orbs, no crystal balls, no surreal spheres, no CGI blobs, no nebula, no galaxies, no fantasy energy, no particle portals, no impossible geometry, no melting objects, no dreamscape, no people, no faces, no hands, no bare skin, no needles penetrating skin, no injection act, no clinic patient scene, no gym, no lifestyle, no wellness claims, no nicknames, no supplements aesthetic. Quality: ultra detailed, extremely detailed, hyper-detailed, razor sharp focus, tack sharp, crystal clear, ultra sharp, 8k resolution, photorealistic, hyperrealistic, ultra realistic, HDR. creation motif 494/500 · LAB-494. Keep product identity and any on-screen research typography sharp and unchanged. For laboratory research use only. Not for human use or consumption.",Active,0,
PBVita-Lab-495,495,LAB-495,qc_analytical,friability drum open empty,drum,"friability drum open empty on cool gray ceramic tile, high-key seamless catalog lighting, vertical rise from base to label",12,"ultra detailed, extremely detailed, hyper-detailed, razor sharp focus, tack sharp, crystal clear, ultra sharp, 8k resolution, photorealistic, hyperrealistic, ultra realistic, HDR",9:16,8,1080p,grok-imagine-image-quality,grok-imagine-video-1.5,2k,"Photoreal vertical 9:16 Palm Beach Vitality laboratory research catalog film, chemical research material only, premium American research aesthetic. PRIMARY SUBJECT (must be clearly recognizable, real laboratory object, sharp and centered): friability drum open empty. Physical detail: drum. Setting surface: cool gray ceramic tile. Lighting: high-key seamless catalog lighting. Camera: vertical rise from base to label. No abstract shapes, no glass orbs, no crystal balls, no surreal spheres, no CGI blobs, no nebula, no galaxies, no fantasy energy, no particle portals, no impossible geometry, no melting objects, no dreamscape, no people, no faces, no hands, no bare skin, no needles penetrating skin, no injection act, no clinic patient scene, no gym, no lifestyle, no wellness claims, no nicknames, no supplements aesthetic. Quality: ultra detailed, extremely detailed, hyper-detailed, razor sharp focus, tack sharp, crystal clear, ultra sharp, 8k resolution, photorealistic, hyperrealistic, ultra realistic, HDR. creation motif 495/500 · LAB-495. Keep product identity and any on-screen research typography sharp and unchanged. For laboratory research use only. Not for human use or consumption.",Active,0,
PBVita-Lab-496,496,LAB-496,qc_analytical,tap density tester,tester,"tap density tester on mirrored chrome instrument tray, low-key selective highlight on glass edges, fast resolve into locked hero frame",12,"ultra detailed, extremely detailed, hyper-detailed, razor sharp focus, tack sharp, crystal clear, ultra sharp, 8k resolution, photorealistic, hyperrealistic, ultra realistic, HDR",9:16,8,1080p,grok-imagine-image-quality,grok-imagine-video-1.5,2k,"Photoreal vertical 9:16 Palm Beach Vitality laboratory research catalog film, chemical research material only, premium American research aesthetic. PRIMARY SUBJECT (must be clearly recognizable, real laboratory object, sharp and centered): tap density tester. Physical detail: tester. Setting surface: mirrored chrome instrument tray. Lighting: low-key selective highlight on glass edges. Camera: fast resolve into locked hero frame. No abstract shapes, no glass orbs, no crystal balls, no surreal spheres, no CGI blobs, no nebula, no galaxies, no fantasy energy, no particle portals, no impossible geometry, no melting objects, no dreamscape, no people, no faces, no hands, no bare skin, no needles penetrating skin, no injection act, no clinic patient scene, no gym, no lifestyle, no wellness claims, no nicknames, no supplements aesthetic. Quality: ultra detailed, extremely detailed, hyper-detailed, razor sharp focus, tack sharp, crystal clear, ultra sharp, 8k resolution, photorealistic, hyperrealistic, ultra realistic, HDR. creation motif 496/500 · LAB-496. Keep product identity and any on-screen research typography sharp and unchanged. For laboratory research use only. Not for human use or consumption.",Active,0,
PBVita-Lab-497,497,LAB-497,qc_analytical,sieve stack for powders,sieves,"sieve stack for powders on white melamine cleanroom table, soft rim light from behind, slow 360 degree orbit at eye level",12,"ultra detailed, extremely detailed, hyper-detailed, razor sharp focus, tack sharp, crystal clear, ultra sharp, 8k resolution, photorealistic, hyperrealistic, ultra realistic, HDR",9:16,8,1080p,grok-imagine-image-quality,grok-imagine-video-1.5,2k,"Photoreal vertical 9:16 Palm Beach Vitality laboratory research catalog film, chemical research material only, premium American research aesthetic. PRIMARY SUBJECT (must be clearly recognizable, real laboratory object, sharp and centered): sieve stack for powders. Physical detail: sieves. Setting surface: white melamine cleanroom table. Lighting: soft rim light from behind. Camera: slow 360 degree orbit at eye level. No abstract shapes, no glass orbs, no crystal balls, no surreal spheres, no CGI blobs, no nebula, no galaxies, no fantasy energy, no particle portals, no impossible geometry, no melting objects, no dreamscape, no people, no faces, no hands, no bare skin, no needles penetrating skin, no injection act, no clinic patient scene, no gym, no lifestyle, no wellness claims, no nicknames, no supplements aesthetic. Quality: ultra detailed, extremely detailed, hyper-detailed, razor sharp focus, tack sharp, crystal clear, ultra sharp, 8k resolution, photorealistic, hyperrealistic, ultra realistic, HDR. creation motif 497/500 · LAB-497. Keep product identity and any on-screen research typography sharp and unchanged. For laboratory research use only. Not for human use or consumption.",Active,0,
PBVita-Lab-498,498,LAB-498,qc_analytical,laser diffraction sample cell,cell,"laser diffraction sample cell on textured slate sample board, cool clinical blue-white LED, extreme macro push-in",12,"ultra detailed, extremely detailed, hyper-detailed, razor sharp focus, tack sharp, crystal clear, ultra sharp, 8k resolution, photorealistic, hyperrealistic, ultra realistic, HDR",9:16,8,1080p,grok-imagine-image-quality,grok-imagine-video-1.5,2k,"Photoreal vertical 9:16 Palm Beach Vitality laboratory research catalog film, chemical research material only, premium American research aesthetic. PRIMARY SUBJECT (must be clearly recognizable, real laboratory object, sharp and centered): laser diffraction sample cell. Physical detail: cell. Setting surface: textured slate sample board. Lighting: cool clinical blue-white LED. Camera: extreme macro push-in. No abstract shapes, no glass orbs, no crystal balls, no surreal spheres, no CGI blobs, no nebula, no galaxies, no fantasy energy, no particle portals, no impossible geometry, no melting objects, no dreamscape, no people, no faces, no hands, no bare skin, no needles penetrating skin, no injection act, no clinic patient scene, no gym, no lifestyle, no wellness claims, no nicknames, no supplements aesthetic. Quality: ultra detailed, extremely detailed, hyper-detailed, razor sharp focus, tack sharp, crystal clear, ultra sharp, 8k resolution, photorealistic, hyperrealistic, ultra realistic, HDR. creation motif 498/500 · LAB-498. Keep product identity and any on-screen research typography sharp and unchanged. For laboratory research use only. Not for human use or consumption.",Active,0,
PBVita-Lab-499,499,LAB-499,qc_analytical,zeta potential cuvette,cuvette,"zeta potential cuvette on soft gray seamless paper backdrop, single hard key light with controlled fill, gentle top-down descending move",12,"ultra detailed, extremely detailed, hyper-detailed, razor sharp focus, tack sharp, crystal clear, ultra sharp, 8k resolution, photorealistic, hyperrealistic, ultra realistic, HDR",9:16,8,1080p,grok-imagine-image-quality,grok-imagine-video-1.5,2k,"Photoreal vertical 9:16 Palm Beach Vitality laboratory research catalog film, chemical research material only, premium American research aesthetic. PRIMARY SUBJECT (must be clearly recognizable, real laboratory object, sharp and centered): zeta potential cuvette. Physical detail: cuvette. Setting surface: soft gray seamless paper backdrop. Lighting: single hard key light with controlled fill. Camera: gentle top-down descending move. No abstract shapes, no glass orbs, no crystal balls, no surreal spheres, no CGI blobs, no nebula, no galaxies, no fantasy energy, no particle portals, no impossible geometry, no melting objects, no dreamscape, no people, no faces, no hands, no bare skin, no needles penetrating skin, no injection act, no clinic patient scene, no gym, no lifestyle, no wellness claims, no nicknames, no supplements aesthetic. Quality: ultra detailed, extremely detailed, hyper-detailed, razor sharp focus, tack sharp, crystal clear, ultra sharp, 8k resolution, photorealistic, hyperrealistic, ultra realistic, HDR. creation motif 499/500 · LAB-499. Keep product identity and any on-screen research typography sharp and unchanged. For laboratory research use only. Not for human use or consumption.",Active,0,
PBVita-Lab-500,500,LAB-500,qc_analytical,rheometer geometry plate,plate,"rheometer geometry plate on anodized aluminum tray, soft overhead softbox, even catalog lighting, locked tripod hero frame with subtle push",12,"ultra detailed, extremely detailed, hyper-detailed, razor sharp focus, tack sharp, crystal clear, ultra sharp, 8k resolution, photorealistic, hyperrealistic, ultra realistic, HDR",9:16,8,1080p,grok-imagine-image-quality,grok-imagine-video-1.5,2k,"Photoreal vertical 9:16 Palm Beach Vitality laboratory research catalog film, chemical research material only, premium American research aesthetic. PRIMARY SUBJECT (must be clearly recognizable, real laboratory object, sharp and centered): rheometer geometry plate. Physical detail: plate. Setting surface: anodized aluminum tray. Lighting: soft overhead softbox, even catalog lighting. Camera: locked tripod hero frame with subtle push. No abstract shapes, no glass orbs, no crystal balls, no surreal spheres, no CGI blobs, no nebula, no galaxies, no fantasy energy, no particle portals, no impossible geometry, no melting objects, no dreamscape, no people, no faces, no hands, no bare skin, no needles penetrating skin, no injection act, no clinic patient scene, no gym, no lifestyle, no wellness claims, no nicknames, no supplements aesthetic. Quality: ultra detailed, extremely detailed, hyper-detailed, razor sharp focus, tack sharp, crystal clear, ultra sharp, 8k resolution, photorealistic, hyperrealistic, ultra realistic, HDR. creation motif 500/500 · LAB-500. Keep product identity and any on-screen research typography sharp and unchanged. For laboratory research use only. Not for human use or consumption.",Active,0,
