ID,SKU,Name,Short description,Description
151,PBV-GHK-CU-PEN,GHK-Cu Pen,GHK-Cu is the copper(II) complex of the tripeptide glycyl-L-histidyl-L-lysine.,"GHK-Cu 3 mL Pen

The Science, Simplified: GHK-Cu is the copper(II) complex of the tripeptide glycyl-L-histidyl-L-lysine.

Product Specifications – GHK-Cu 50 mg 3 mL Pen

Total GHK-Cu: 50 mg
Volume: 3 mL pre-filled pen
Concentration: ≈16.67 mg/mL
Purity: Research-grade, third-party tested (COA available)
Format: Ready-to-use multi-dose pre-filled pen

Key Research Focus: Copper tripeptide complexation and extracellular matrix signaling research.

Physical Form &amp; Solubility:

Appearance: Clear blue solution
Solubility: Already in aqueous solution. Highly soluble; no reconstitution required.

Pen Format Details: The 3 mL pre-filled pen is a sterile, multi-dose delivery system designed for precise, consistent dispensing of the research compound. It features a sealed cartridge, dial-a-dose mechanism for accurate volume control, and a fine-gauge needle interface. The pen is ready for immediate laboratory use with no mixing or transfer steps required. Each pen is labeled with total peptide content and lot-specific COA reference.

Stability &amp; Handling Notes:

 Refrigerated at 2–8°C (36–46°F). Practical shelf life is 4–6 weeks when protected from light and handled with aseptic technique. 
 Do not freeze. Avoid prolonged room-temperature exposure. 
 Discard after 6 weeks or if the solution becomes cloudy, discolored, or shows particulate matter. 
 Protect from light and moisture at all times."
153,PBV-5-AMINO-MQ-PEN,5 Amino MQ Pen,5-Amino-1MQ (5-Amino-1-methylquinolinium) is a small-molecule inhibitor of nicotinamide N-methyltransferase (NNMT).,"5-Amino-1MQ 3 mL Pen

The Science, Simplified: 5-Amino-1MQ (5-Amino-1-methylquinolinium) is a small-molecule inhibitor of nicotinamide N-methyltransferase (NNMT).

Product Specifications – 5-Amino-1MQ 3 mL Pen

Total 5-Amino-1MQ: 50 mg
Volume: 3 mL pre-filled pen
Concentration: ≈16.67 mg/mL
Purity: Research-grade, third-party tested (COA available)
Format: Ready-to-use multi-dose pre-filled pen

Key Research Focus: NNMT inhibition and metabolic regulation research.

Physical Form &amp; Solubility:

Appearance: Clear liquid
Solubility: Already in aqueous solution. Highly soluble; no reconstitution required.

Pen Format Details: The 3 mL pre-filled pen is a sterile, multi-dose delivery system designed for precise, consistent dispensing of the research compound. It features a sealed cartridge, dial-a-dose mechanism for accurate volume control, and a fine-gauge needle interface. The pen is ready for immediate laboratory use with no mixing or transfer steps required. Each pen is labeled with total content and lot-specific COA reference.

Stability &amp; Handling Notes:

Refrigerated at 2–8°C (36–46°F). Practical shelf life is 4–6 weeks when protected from light and handled with aseptic technique.
Do not freeze. Avoid prolonged room-temperature exposure.
Discard after 6 weeks or if the solution becomes cloudy, discolored, or shows particulate matter.
Protect from light and moisture at all times. 

&lt;

p dir=&#8221;auto&#8221;&gt;"
147,PBV-CJC-IPAMORELIN-1,CJC/Ipamorelin Pen,"This is a dual-peptide research blend combining CJC (no DAC) / Modified GRF (1-29), a tetrasubstituted GHRH analog, and Ipamorelin, a selective growth hormone secretagogue…","CJC (no DAC) / Ipamorelin 3 mL Pen

The Science, Simplified: This is a dual-peptide research blend combining CJC (no DAC) / Modified GRF (1-29), a tetrasubstituted GHRH analog, and Ipamorelin, a selective growth hormone secretagogue (ghrelin mimetic).

Product Specifications – CJC (no DAC) / Ipamorelin 10 mg / 10 mg 3 mL Pen

Total CJC (no DAC): 10 mg
Total Ipamorelin: 10 mg
Volume: 3 mL pre-filled pen
Concentration: ≈3.33 mg/mL CJC (no DAC) + ≈3.33 mg/mL Ipamorelin
Purity: Research-grade, third-party tested (COA available)
Format: Ready-to-use multi-dose pre-filled pen

Key Research Focus: Growth hormone release research.

Physical Form &amp; Solubility:

Appearance: Clear to slightly opalescent liquid
Solubility: Already in aqueous solution (acetate salt form for optimal solubility and stability). Highly soluble; no reconstitution required.

Pen Format Details: The 3 mL pre-filled pen is a sterile, multi-dose delivery system designed for precise, consistent dispensing of the research blend. It features a sealed cartridge, dial-a-dose mechanism for accurate volume control, and a fine-gauge needle interface. The pen is ready for immediate laboratory use with no mixing or transfer steps required. Each pen is labeled with total peptide content and lot-specific COA reference.

Stability &amp; Handling Notes:

Refrigerated at 2–8°C (36–46°F). Practical shelf life is 4–6 weeks when protected from light and handled with aseptic technique.
Do not freeze. Avoid prolonged room-temperature exposure.
Discard after 6 weeks or if the solution becomes cloudy, discolored, or shows particulate matter.
Protect from light and moisture at all times."
149,PBV-DSIP-PEN,DSIP Pen,DSIP (Delta Sleep-Inducing Peptide) is a synthetic nonapeptide originally isolated from cerebral venous blood and studied in sleep regulation research.,"DSIP 3 mL Pen

The Science, Simplified: DSIP (Delta Sleep-Inducing Peptide) is a synthetic nonapeptide originally isolated from cerebral venous blood and studied in sleep regulation research.

Product Specifications – DSIP 5 mg 3 mL Pen

Total DSIP: 5 mg
Volume: 3 mL pre-filled pen
Concentration: ≈1.67 mg/mL
Purity: Research-grade, third-party tested (COA available)
Format: Ready-to-use multi-dose pre-filled pen

Key Research Focus: Sleep regulation and neuropeptide research.

Physical Form &amp; Solubility:

Appearance: Clear to slightly opalescent liquid
Solubility: Already in aqueous solution (acetate salt form for optimal solubility and stability). Highly soluble; no reconstitution required.

Pen Format Details: The 3 mL pre-filled pen is a sterile, multi-dose delivery system designed for precise, consistent dispensing of the research compound. It features a sealed cartridge, dial-a-dose mechanism for accurate volume control, and a fine-gauge needle interface. The pen is ready for immediate laboratory use with no mixing or transfer steps required. Each pen is labeled with total peptide content and lot-specific COA reference.

Stability &amp; Handling Notes:

Refrigerated at 2–8°C (36–46°F). Practical shelf life is 4–6 weeks when protected from light and handled with aseptic technique.
Do not freeze. Avoid prolonged room-temperature exposure.
Discard after 6 weeks or if the solution becomes cloudy, discolored, or shows particulate matter.
Protect from light and moisture at all times."
155,PBV-GLOW-PEN,GLOW Pen,"This is a triple-peptide research blend combining BPC-157 (synthetic gastric pentadecapeptide), TB-500 (synthetic actin-binding fragment of thymosin beta-4), and GHK-Cu (copper…","GLOW (BPC-157 / TB-500 / GHK-Cu) 3 mL Pen

The Science, Simplified: This is a triple-peptide research blend combining BPC-157 (synthetic gastric pentadecapeptide), TB-500 (synthetic actin-binding fragment of thymosin beta-4), and GHK-Cu (copper complex of glycyl-L-histidyl-L-lysine).

Product Specifications – GLOW (BPC-157 / TB-500 / GHK-Cu) 10 mg / 10 mg / 50 mg 3 mL Pen

Total BPC-157: 10 mg
Total TB-500: 10 mg
Total GHK-Cu: 50 mg
Volume: 3 mL pre-filled pen
Concentration: ≈3.33 mg/mL BPC-157 + ≈3.33 mg/mL TB-500 + ≈16.67 mg/mL GHK-Cu
Purity: Research-grade, third-party tested (COA available)
Format: Ready-to-use multi-dose pre-filled pen

Key Research Focus: Multi-pathway tissue remodeling and regeneration research.

Physical Form &amp; Solubility:

Appearance: Distinctive clear blue liquid (the characteristic blue color comes from the GHK-Cu copper complex)
Solubility: Already in aqueous solution (acetate salt form for optimal solubility and stability). Highly soluble; no reconstitution required.

Pen Format Details: The 3 mL pre-filled pen is a sterile, multi-dose delivery system designed for precise, consistent dispensing of the research blend. It features a sealed cartridge, dial-a-dose mechanism for accurate volume control, and a fine-gauge needle interface. The pen is ready for immediate laboratory use with no mixing or transfer steps required. Each pen is labeled with total peptide content and lot-specific COA reference.

Stability &amp; Handling Notes:

 Refrigerated at 2–8°C (36–46°F). Practical shelf life is 4–6 weeks when protected from light and handled with aseptic technique. 
 Do not freeze. Avoid prolonged room-temperature exposure. 
 Discard after 6 weeks or if the solution becomes cloudy, discolored, or shows particulate matter. 
 Protect from light and moisture at all times."
123,PBV-KLOW-PEN,KLOW Pen,"This is a multi-peptide research blend combining KPV (Lys-Pro-Val tripeptide), BPC-157 (synthetic gastric pentadecapeptide), TB-500 (synthetic actin-binding fragment of thymosin…","KLOW 3 mL Pen

The Science, Simplified: This is a multi-peptide research blend combining KPV (Lys-Pro-Val tripeptide), BPC-157 (synthetic gastric pentadecapeptide), TB-500 (synthetic actin-binding fragment of thymosin beta-4), and GHK-Cu (copper complex of glycyl-L-histidyl-L-lysine).

Product Specifications – KLOW 3 mL Pen

Total KPV: 10 mg
Total BPC-157: 10 mg
Total TB-500: 10 mg
Total GHK-Cu: 50 mg
Volume: 3 mL pre-filled pen
Concentration: ≈3.33 mg/mL KPV + ≈3.33 mg/mL BPC-157 + ≈3.33 mg/mL TB-500 + ≈16.67 mg/mL GHK-Cu
Purity: Research-grade, third-party tested (COA available)
Format: Ready-to-use multi-dose pre-filled pen

Key Research Focus: Multi-pathway inflammation modulation and tissue remodeling research.

Physical Form &amp; Solubility:

Appearance: Clear to lightly blue-tinted liquid
Solubility: Already in aqueous solution (acetate salt form for optimal solubility and stability). Highly soluble; no reconstitution required.

Pen Format Details: The 3 mL pre-filled pen is a sterile, multi-dose delivery system designed for precise, consistent dispensing of the research blend. It features a sealed cartridge, dial-a-dose mechanism for accurate volume control, and a fine-gauge needle interface. The pen is ready for immediate laboratory use with no mixing or transfer steps required. Each pen is labeled with total peptide content and lot-specific COA reference.

Stability &amp; Handling Notes:

 Refrigerated at 2–8°C (36–46°F). Practical shelf life is 4–6 weeks when protected from light and handled with aseptic technique. 
 Do not freeze. Avoid prolonged room-temperature exposure. 
 Discard after 6 weeks or if the solution becomes cloudy, discolored, or shows particulate matter. 
 Protect from light and moisture at all times."
159,PBV-KPV,KPV Pen,KPV is a synthetic tripeptide corresponding to the C-terminal sequence of α-melanocyte-stimulating hormone (α-MSH).,"KPV 3 mL Pen

The Science, Simplified: KPV is a synthetic tripeptide corresponding to the C-terminal sequence of α-melanocyte-stimulating hormone (α-MSH).

Product Specifications – KPV 10 mg 3 mL Pen

Total KPV: 10 mg
Volume: 3 mL pre-filled pen
Concentration: ≈3.33 mg/mL
Purity: Research-grade, third-party tested (COA available)
Format: Ready-to-use multi-dose pre-filled pen

Key Research Focus: Melanocortin-related and inflammation modulation research.

Physical Form &amp; Solubility:

Appearance: Clear to slightly opalescent liquid
Solubility: Already in aqueous solution (acetate salt form for optimal solubility and stability). Highly soluble; no reconstitution required.

Pen Format Details: The 3 mL pre-filled pen is a sterile, multi-dose delivery system designed for precise, consistent dispensing of the research compound. It features a sealed cartridge, dial-a-dose mechanism for accurate volume control, and a fine-gauge needle interface. The pen is ready for immediate laboratory use with no mixing or transfer steps required. Each pen is labeled with total peptide content and lot-specific COA reference.

Stability &amp; Handling Notes:

Refrigerated at 2–8°C (36–46°F). Practical shelf life is 4–6 weeks when protected from light and handled with aseptic technique.
Do not freeze. Avoid prolonged room-temperature exposure.
Discard after 6 weeks or if the solution becomes cloudy, discolored, or shows particulate matter.
Protect from light and moisture at all times."
125,PBV-MOTS-C,MOTS-C Pen,MOTS-c is a mitochondrial-derived peptide encoded by the 12S rRNA region of the mitochondrial genome.,"MOTS-c 3 mL Pen

The Science, Simplified: MOTS-c is a mitochondrial-derived peptide encoded by the 12S rRNA region of the mitochondrial genome.

Product Specifications – MOTS-c 20 mg 3 mL Pen

Total MOTS-c: 20 mg
Volume: 3 mL pre-filled pen
Concentration: ≈6.67 mg/mL
Purity: Research-grade, third-party tested (COA available)
Format: Ready-to-use multi-dose pre-filled pen

Key Research Focus: Mitochondrial signaling and metabolic regulation research.

Physical Form &amp; Solubility:

Appearance: Clear to slightly opalescent liquid
Solubility: Already in aqueous solution (acetate salt form for optimal solubility and stability). Highly soluble; no reconstitution required.

Pen Format Details: The 3 mL pre-filled pen is a sterile, multi-dose delivery system designed for precise, consistent dispensing of the research compound. It features a sealed cartridge, dial-a-dose mechanism for accurate volume control, and a fine-gauge needle interface. The pen is ready for immediate laboratory use with no mixing or transfer steps required. Each pen is labeled with total peptide content and lot-specific COA reference.

Stability &amp; Handling Notes:

Refrigerated at 2–8°C (36–46°F). Practical shelf life is 4–6 weeks when protected from light and handled with aseptic technique.
Do not freeze. Avoid prolonged room-temperature exposure.
Discard after 6 weeks or if the solution becomes cloudy, discolored, or shows particulate matter.
Protect from light and moisture at all times."
127,,NAD+ Pen 1000mg,"NAD+ (nicotinamide adenine dinucleotide, oxidized form) is a critical coenzyme involved in cellular redox reactions and energy metabolism.","NAD+ 3 mL Pen

The Science, Simplified: NAD+ (nicotinamide adenine dinucleotide, oxidized form) is a critical coenzyme involved in cellular redox reactions and energy metabolism.

Product Specifications – NAD+ 1000 mg 3 mL Pen

Total NAD+: 1000 mg
Volume: 3 mL pre-filled pen
Concentration: ≈333.3 mg/mL
Purity: Research-grade, third-party tested (COA available)
Format: Ready-to-use multi-dose pre-filled pen

Key Research Focus: Cellular energy metabolism and redox research.

Physical Form &amp; Solubility:

Appearance: Clear liquid
Solubility: Already in aqueous solution. Highly soluble; no reconstitution required.

Pen Format Details: The 3 mL pre-filled pen is a sterile, multi-dose delivery system designed for precise, consistent dispensing of the research compound. It features a sealed cartridge, dial-a-dose mechanism for accurate volume control, and a fine-gauge needle interface. The pen is ready for immediate laboratory use with no mixing or transfer steps required. Each pen is labeled with total content and lot-specific COA reference.

Stability &amp; Handling Notes:

Refrigerated at 2–8°C (36–46°F). Practical shelf life is 4–6 weeks when protected from light and handled with aseptic technique.
Do not freeze. Avoid prolonged room-temperature exposure.
Discard after 6 weeks or if the solution becomes cloudy, discolored, or shows particulate matter.
Protect from light and moisture at all times."
208,PBV-NAD-PEN-500MG,NAD+ Pen 500mg,"NAD+ (nicotinamide adenine dinucleotide, oxidized form) is a critical coenzyme involved in cellular redox reactions and energy metabolism.","NAD+ 3 mL Pen

The Science, Simplified: NAD+ (nicotinamide adenine dinucleotide, oxidized form) is a critical coenzyme involved in cellular redox reactions and energy metabolism.

Product Specifications – NAD+ 500 mg 3 mL Pen

Total NAD+: 500 mg
Volume: 3 mL pre-filled pen
Concentration: ≈166.7 mg/mL
Purity: Research-grade, third-party tested (COA available)
Format: Ready-to-use multi-dose pre-filled pen

Key Research Focus: Cellular energy metabolism and redox research.

Physical Form &amp; Solubility:

Appearance: Clear liquid
Solubility: Already in aqueous solution. Highly soluble; no reconstitution required.

Pen Format Details: The 3 mL pre-filled pen is a sterile, multi-dose delivery system designed for precise, consistent dispensing of the research compound. It features a sealed cartridge, dial-a-dose mechanism for accurate volume control, and a fine-gauge needle interface. The pen is ready for immediate laboratory use with no mixing or transfer steps required. Each pen is labeled with total content and lot-specific COA reference.

Stability &amp; Handling Notes:

Refrigerated at 2–8°C (36–46°F). Practical shelf life is 4–6 weeks when protected from light and handled with aseptic technique.
Do not freeze. Avoid prolonged room-temperature exposure.
Discard after 6 weeks or if the solution becomes cloudy, discolored, or shows particulate matter.
Protect from light and moisture at all times."
129,PBV-PT-141-PEN,PT-141 Pen,PT-141 is a synthetic cyclic heptapeptide analog of α-melanocyte-stimulating hormone (α-MSH).,"PT-141 3 mL Pen

The Science, Simplified: PT-141 is a synthetic cyclic heptapeptide analog of α-melanocyte-stimulating hormone (α-MSH).

Product Specifications – PT-141 10 mg 3 mL Pen

Total PT-141: 10 mg
Volume: 3 mL pre-filled pen
Concentration: ≈3.33 mg/mL
Purity: Research-grade, third-party tested (COA available)
Format: Ready-to-use multi-dose pre-filled pen

Key Research Focus: Central melanocortin receptor activation research.

Physical Form &amp; Solubility:

Appearance: Clear to slightly opalescent liquid
Solubility: Already in aqueous solution (acetate salt form for optimal solubility and stability). Highly soluble; no reconstitution required.

Pen Format Details: The 3 mL pre-filled pen is a sterile, multi-dose delivery system designed for precise, consistent dispensing of the research compound. It features a sealed cartridge, dial-a-dose mechanism for accurate volume control, and a fine-gauge needle interface. The pen is ready for immediate laboratory use with no mixing or transfer steps required. Each pen is labeled with total peptide content and lot-specific COA reference.

Stability &amp; Handling Notes:

 Refrigerated at 2–8°C (36–46°F). Practical shelf life is 4–6 weeks when protected from light and handled with aseptic technique. 
 Do not freeze. Avoid prolonged room-temperature exposure. 
 Discard after 6 weeks or if the solution becomes cloudy, discolored, or shows particulate matter. 
 Protect from light and moisture at all times."
157,PBV-SS-31-PEN,SS-31 Pen,SS-31 (Elamipretide) is a synthetic aromatic-cationic tetrapeptide that selectively targets the inner mitochondrial membrane by binding cardiolipin.,"SS-31 3 mL Pen

The Science, Simplified: SS-31 (Elamipretide) is a synthetic aromatic-cationic tetrapeptide that selectively targets the inner mitochondrial membrane by binding cardiolipin.

Product Specifications – SS-31 50 mg 3 mL Pen

Total SS-31: 50 mg
Volume: 3 mL pre-filled pen
Concentration: ≈16.67 mg/mL
Purity: Research-grade, third-party tested (COA available)
Format: Ready-to-use multi-dose pre-filled pen

Key Research Focus: Mitochondrial function and cardiolipin interaction research.

Physical Form &amp; Solubility:

Appearance: Clear to slightly opalescent liquid
Solubility: Already in aqueous solution (acetate salt form for optimal solubility and stability). Highly soluble; no reconstitution required.

Pen Format Details: The 3 mL pre-filled pen is a sterile, multi-dose delivery system designed for precise, consistent dispensing of the research compound. It features a sealed cartridge, dial-a-dose mechanism for accurate volume control, and a fine-gauge needle interface. The pen is ready for immediate laboratory use with no mixing or transfer steps required. Each pen is labeled with total peptide content and lot-specific COA reference.

Stability &amp; Handling Notes:

 Refrigerated at 2–8°C (36–46°F). Practical shelf life is 4–6 weeks when protected from light and handled with aseptic technique. 
 Do not freeze. Avoid prolonged room-temperature exposure. 
 Discard after 6 weeks or if the solution becomes cloudy, discolored, or shows particulate matter. 
 Protect from light and moisture at all times."
133,PBV-SELANK-PEN,Selank Pen,Selank is a synthetic heptapeptide analog of the immunomodulatory peptide tuftsin.,"Selank 3 mL Pen

The Science, Simplified: Selank is a synthetic heptapeptide analog of the immunomodulatory peptide tuftsin.

Product Specifications – Selank 20 mg 3 mL Pen

Total Selank: 20 mg
Volume: 3 mL pre-filled pen
Concentration: ≈6.67 mg/mL
Purity: Research-grade, third-party tested (COA available)
Format: Ready-to-use multi-dose pre-filled pen

Key Research Focus: Tuftsin analog and neuropeptide research.

Physical Form &amp; Solubility:

Appearance: Clear to slightly opalescent liquid
Solubility: Already in aqueous solution (acetate salt form for optimal solubility and stability). Highly soluble; no reconstitution required.

Pen Format Details: The 3 mL pre-filled pen is a sterile, multi-dose delivery system designed for precise, consistent dispensing of the research compound. It features a sealed cartridge, dial-a-dose mechanism for accurate volume control, and a fine-gauge needle interface. The pen is ready for immediate laboratory use with no mixing or transfer steps required. Each pen is labeled with total peptide content and lot-specific COA reference.

Stability &amp; Handling Notes:

Refrigerated at 2–8°C (36–46°F). Practical shelf life is 4–6 weeks when protected from light and handled with aseptic technique.
Do not freeze. Avoid prolonged room-temperature exposure.
Discard after 6 weeks or if the solution becomes cloudy, discolored, or shows particulate matter.
Protect from light and moisture at all times."
131,PBV-SEMAX-PEN,Semax Pen,PT-141 is a synthetic cyclic heptapeptide analog of α-melanocyte-stimulating hormone (α-MSH).,"PT-141 3 mL Pen

The Science, Simplified: PT-141 is a synthetic cyclic heptapeptide analog of α-melanocyte-stimulating hormone (α-MSH).

Product Specifications – PT-141 10 mg 3 mL Pen

Total PT-141: 10 mg
Volume: 3 mL pre-filled pen
Concentration: ≈3.33 mg/mL
Purity: Research-grade, third-party tested (COA available)
Format: Ready-to-use multi-dose pre-filled pen

Key Research Focus: Central melanocortin receptor activation research.

Physical Form &amp; Solubility:

Appearance: Clear to slightly opalescent liquid
Solubility: Already in aqueous solution (acetate salt form for optimal solubility and stability). Highly soluble; no reconstitution required.

Pen Format Details: The 3 mL pre-filled pen is a sterile, multi-dose delivery system designed for precise, consistent dispensing of the research compound. It features a sealed cartridge, dial-a-dose mechanism for accurate volume control, and a fine-gauge needle interface. The pen is ready for immediate laboratory use with no mixing or transfer steps required. Each pen is labeled with total peptide content and lot-specific COA reference.

Stability &amp; Handling Notes:

 Refrigerated at 2–8°C (36–46°F). Practical shelf life is 4–6 weeks when protected from light and handled with aseptic technique. 
 Do not freeze. Avoid prolonged room-temperature exposure. 
 Discard after 6 weeks or if the solution becomes cloudy, discolored, or shows particulate matter. 
 Protect from light and moisture at all times."
135,PBV-SERMORELIN-PEN,Sermorelin Pen,Sermorelin is a synthetic 29-amino acid peptide corresponding to the biologically active N-terminal fragment of human growth hormone-releasing hormone (GHRH 1-29).,"Sermorelin 3 mL Pen

The Science, Simplified: Sermorelin is a synthetic 29-amino acid peptide corresponding to the biologically active N-terminal fragment of human growth hormone-releasing hormone (GHRH 1-29).

Product Specifications – Sermorelin 10 mg 3 mL Pen

Total Sermorelin: 10 mg
Volume: 3 mL pre-filled pen
Concentration: ≈3.33 mg/mL
Purity: Research-grade, third-party tested (COA available)
Format: Ready-to-use multi-dose pre-filled pen

Key Research Focus: Growth hormone release and GH axis research.

Physical Form &amp; Solubility:

Appearance: Clear to slightly opalescent liquid
Solubility: Already in aqueous solution (acetate salt form for optimal solubility and stability). Highly soluble; no reconstitution required.

Pen Format Details: The 3 mL pre-filled pen is a sterile, multi-dose delivery system designed for precise, consistent dispensing of the research compound. It features a sealed cartridge, dial-a-dose mechanism for accurate volume control, and a fine-gauge needle interface. The pen is ready for immediate laboratory use with no mixing or transfer steps required. Each pen is labeled with total peptide content and lot-specific COA reference.

Stability &amp; Handling Notes:

Refrigerated at 2–8°C (36–46°F). Practical shelf life is 4–6 weeks when protected from light and handled with aseptic technique.
Do not freeze. Avoid prolonged room-temperature exposure.
Discard after 6 weeks or if the solution becomes cloudy, discolored, or shows particulate matter.
Protect from light and moisture at all times."
137,PBV-TA-2,TA-1,Sermorelin is a synthetic 29-amino acid peptide corresponding to the biologically active N-terminal fragment of human growth hormone-releasing hormone (GHRH 1-29).,"Sermorelin 3 mL Pen

The Science, Simplified: Sermorelin is a synthetic 29-amino acid peptide corresponding to the biologically active N-terminal fragment of human growth hormone-releasing hormone (GHRH 1-29).

Product Specifications – Sermorelin 10 mg 3 mL Pen

Total Sermorelin: 10 mg
Volume: 3 mL pre-filled pen
Concentration: ≈3.33 mg/mL
Purity: Research-grade, third-party tested (COA available)
Format: Ready-to-use multi-dose pre-filled pen

Key Research Focus: Growth hormone release and GH axis research.

Physical Form &amp; Solubility:

Appearance: Clear to slightly opalescent liquid
Solubility: Already in aqueous solution (acetate salt form for optimal solubility and stability). Highly soluble; no reconstitution required.

Pen Format Details: The 3 mL pre-filled pen is a sterile, multi-dose delivery system designed for precise, consistent dispensing of the research compound. It features a sealed cartridge, dial-a-dose mechanism for accurate volume control, and a fine-gauge needle interface. The pen is ready for immediate laboratory use with no mixing or transfer steps required. Each pen is labeled with total peptide content and lot-specific COA reference.

Stability &amp; Handling Notes:

Refrigerated at 2–8°C (36–46°F). Practical shelf life is 4–6 weeks when protected from light and handled with aseptic technique.
Do not freeze. Avoid prolonged room-temperature exposure.
Discard after 6 weeks or if the solution becomes cloudy, discolored, or shows particulate matter.
Protect from light and moisture at all times."
139,PBV-TESAMORELIN-10MG-PEN,Tesamorelin 10mg Pen,Tesamorelin is a synthetic 44-amino acid analog of growth hormone-releasing hormone (GHRH) featuring an N-terminal trans-3-hexenoyl modification.,"Tesamorelin 3 mL Pen

The Science, Simplified: Tesamorelin is a synthetic 44-amino acid analog of growth hormone-releasing hormone (GHRH) featuring an N-terminal trans-3-hexenoyl modification.

Product Specifications – Tesamorelin 10 mg 3 mL Pen

Total Tesamorelin: 10 mg
Volume: 3 mL pre-filled pen
Concentration: ≈3.33 mg/mL
Purity: Research-grade, third-party tested (COA available)
Format: Ready-to-use multi-dose pre-filled pen

Key Research Focus: GHRH receptor activation and growth hormone release research.

Physical Form &amp; Solubility:

Appearance: Clear to slightly opalescent liquid
Solubility: Already in aqueous solution (acetate salt form for optimal solubility and stability). Highly soluble; no reconstitution required.

Pen Format Details: The 3 mL pre-filled pen is a sterile, multi-dose delivery system designed for precise, consistent dispensing of the research compound. It features a sealed cartridge, dial-a-dose mechanism for accurate volume control, and a fine-gauge needle interface. The pen is ready for immediate laboratory use with no mixing or transfer steps required. Each pen is labeled with total peptide content and lot-specific COA reference.

Stability &amp; Handling Notes:

Refrigerated at 2–8°C (36–46°F). Practical shelf life is 4–6 weeks when protected from light and handled with aseptic technique.
Do not freeze. Avoid prolonged room-temperature exposure.
Discard after 6 weeks or if the solution becomes cloudy, discolored, or shows particulate matter.
Protect from light and moisture at all times."
141,PBV-TESAMORELIN-30MG-PEN,Tesamorelin 30mg Pen,Tesamorelin is a synthetic 44-amino acid analog of growth hormone-releasing hormone (GHRH) featuring an N-terminal trans-3-hexenoyl modification.,"Tesamorelin 3 mL Pen

The Science, Simplified: Tesamorelin is a synthetic 44-amino acid analog of growth hormone-releasing hormone (GHRH) featuring an N-terminal trans-3-hexenoyl modification.

Product Specifications – Tesamorelin 30 mg 3 mL Pen

Total Tesamorelin: 30 mg
Volume: 3 mL pre-filled pen
Concentration: ≈10 mg/mL
Purity: Research-grade, third-party tested (COA available)
Format: Ready-to-use multi-dose pre-filled pen

Key Research Focus: GHRH receptor activation and growth hormone release research.

Physical Form &amp; Solubility:

Appearance: Clear to slightly opalescent liquid
Solubility: Already in aqueous solution (acetate salt form for optimal solubility and stability). Highly soluble; no reconstitution required.

Pen Format Details: The 3 mL pre-filled pen is a sterile, multi-dose delivery system designed for precise, consistent dispensing of the research compound. It features a sealed cartridge, dial-a-dose mechanism for accurate volume control, and a fine-gauge needle interface. The pen is ready for immediate laboratory use with no mixing or transfer steps required. Each pen is labeled with total peptide content and lot-specific COA reference.

Stability &amp; Handling Notes:

 Refrigerated at 2–8°C (36–46°F). Practical shelf life is 4–6 weeks when protected from light and handled with aseptic technique. 
 Do not freeze. Avoid prolonged room-temperature exposure. 
 Discard after 6 weeks or if the solution becomes cloudy, discolored, or shows particulate matter. 
 Protect from light and moisture at all times."
143,PBV-TESAMORELIN-IPAMORELIN-PEN,Tesamorelin/Ipamorelin Pen,This is a dual-peptide research blend combining Tesamorelin (synthetic 44-amino acid GHRH analog with N-terminal trans-3-hexenoyl modification) and Ipamorelin (selective growth…,"Tesamorelin / Ipamorelin 3 mL Pen

The Science, Simplified: This is a dual-peptide research blend combining Tesamorelin (synthetic 44-amino acid GHRH analog with N-terminal trans-3-hexenoyl modification) and Ipamorelin (selective growth hormone secretagogue / ghrelin mimetic).

Product Specifications – Tesamorelin / Ipamorelin 12 mg / 3 mg 3 mL Pen

Total Tesamorelin: 12 mg
Total Ipamorelin: 3 mg
Volume: 3 mL pre-filled pen
Concentration: ≈4 mg/mL Tesamorelin + ≈1 mg/mL Ipamorelin
Purity: Research-grade, third-party tested (COA available)
Format: Ready-to-use multi-dose pre-filled pen

Key Research Focus: Growth hormone release research.

Physical Form &amp; Solubility:

Appearance: Clear to slightly opalescent liquid
Solubility: Already in aqueous solution (acetate salt form for optimal solubility and stability). Highly soluble; no reconstitution required.

Pen Format Details: The 3 mL pre-filled pen is a sterile, multi-dose delivery system designed for precise, consistent dispensing of the research blend. It features a sealed cartridge, dial-a-dose mechanism for accurate volume control, and a fine-gauge needle interface. The pen is ready for immediate laboratory use with no mixing or transfer steps required. Each pen is labeled with total peptide content and lot-specific COA reference.

Stability &amp; Handling Notes:

Refrigerated at 2–8°C (36–46°F). Practical shelf life is 4–6 weeks when protected from light and handled with aseptic technique.
Do not freeze. Avoid prolonged room-temperature exposure.
Discard after 6 weeks or if the solution becomes cloudy, discolored, or shows particulate matter.
Protect from light and moisture at all times."
145,PBV-WOLVERINE-PEN,Wolverine Pen,This is a dual-peptide research blend combining BPC-157 (synthetic gastric pentadecapeptide) and TB-500 (synthetic actin-binding fragment of thymosin beta-4).,"Wolverine (BPC-157 / TB-500) 3 mL Pen

The Science, Simplified: This is a dual-peptide research blend combining BPC-157 (synthetic gastric pentadecapeptide) and TB-500 (synthetic actin-binding fragment of thymosin beta-4).

Product Specifications – Wolverine (BPC-157 / TB-500) 10 mg / 10 mg 3 mL Pen

Total BPC-157: 10 mg
Total TB-500: 10 mg
Volume: 3 mL pre-filled pen
Concentration: ≈3.33 mg/mL BPC-157 + ≈3.33 mg/mL TB-500
Purity: Research-grade, third-party tested (COA available)
Format: Ready-to-use multi-dose pre-filled pen

Key Research Focus: Tissue repair and regeneration research.

Physical Form &amp; Solubility:

Appearance: Clear to slightly opalescent liquid
Solubility: Already in aqueous solution (acetate salt form for optimal solubility and stability). Highly soluble; no reconstitution required.

Pen Format Details: The 3 mL pre-filled pen is a sterile, multi-dose delivery system designed for precise, consistent dispensing of the research blend. It features a sealed cartridge, dial-a-dose mechanism for accurate volume control, and a fine-gauge needle interface. The pen is ready for immediate laboratory use with no mixing or transfer steps required. Each pen is labeled with total peptide content and lot-specific COA reference.

Stability &amp; Handling Notes:

Refrigerated at 2–8°C (36–46°F). Practical shelf life is 4–6 weeks when protected from light and handled with aseptic technique.
Do not freeze. Avoid prolonged room-temperature exposure.
Discard after 6 weeks or if the solution becomes cloudy, discolored, or shows particulate matter.
Protect from light and moisture at all times."
111,PBV-AOD-9604,AOD-9604 Vial,Research-use peptide vial.,"AOD-9604 10 mL Vial

The Science, Simplified: AOD-9604 is a synthetic 16-amino acid peptide fragment corresponding to the C-terminal region of human growth hormone (hGH 176-191) with an N-terminal tyrosine addition and a stabilizing disulfide bond.

Product Specifications – AOD-9604 10 mL Vial (10 mg)

Total AOD-9604: 10 mg
Volume: 10 mL vial
Concentration: 1 mg/mL
Purity: Research-grade, third-party tested (COA available)
Format: Ready-to-use liquid vial

Key Research Focus: Growth hormone fragment and lipid metabolism research.

Physical Form &amp; Solubility:

Appearance: Clear to slightly opalescent liquid
Solubility: Already in aqueous solution (acetate salt form for optimal solubility and stability). Highly soluble; no reconstitution required.

Stability &amp; Handling Notes:

Lyophilized powder (if applicable for other products): Stable long-term at –20°C (typically 1–2 years when protected from moisture and light).
 Liquid (ready-to-use or reconstituted): Refrigerated at 2–8°C (36–46°F). Practical shelf life is 4–6 weeks when protected from light and handled with aseptic technique. Do not freeze. Avoid prolonged room-temperature exposure. Discard after 6 weeks or if the solution becomes cloudy, discolored, or shows particulate matter.
Protect from light and moisture at all times.

For lyophilized orders please contact us (minimum order required) 
www.palmbeach-vitality.com"
288,PBV-BPC-157-10MG,BPC-157 10mg Vial,Research-use peptide vial. Not for human consumption.,"BPC-157 10 mL Vial

The Science, Simplified: BPC-157 is a synthetic gastric pentadecapeptide derived from a protein found in human gastric juice.

Product Specifications – BPC-157 10 mL Vial (10 mg)

Total BPC-157: 10 mg
Volume: 10 mL vial
Concentration: 1 mg/mL
Purity: Research-grade, third-party tested (COA available)
Format: Ready-to-use liquid vial

Key Research Focus: Tissue repair and regeneration research.

Physical Form &amp; Solubility:

Appearance: Clear to slightly opalescent liquid
Solubility: Already in aqueous solution (acetate salt form for optimal solubility and stability). Highly soluble; no reconstitution required.

Stability &amp; Handling Notes:

Refrigerated at 2–8°C (36–46°F). Practical shelf life is 4–6 weeks when protected from light and handled with aseptic technique.
Do not freeze. Avoid prolonged room-temperature exposure.
Discard after 6 weeks or if the solution becomes cloudy, discolored, or shows particulate matter.
Protect from light and moisture at all times.

For lyophilized orders please contact us (minimum order required)
www.palmbeach-vitality.com"
193,PBV-BPC-157-20MG,BPC-157 20mg Vial,Research-use peptide vial.,"BPC-157 20 mL Vial

The Science, Simplified: BPC-157 is a synthetic gastric pentadecapeptide derived from a protein found in human gastric juice.

Product Specifications – BPC-157 10 mL Vial (20 mg)

Total BPC-157: 20 mg
Volume: 10 mL vial
Concentration: 2 mg/mL
Purity: Research-grade, third-party tested (COA available)
Format: Ready-to-use liquid vial

Key Research Focus: Tissue repair and regeneration research.

Physical Form &amp; Solubility:

Appearance: Clear to slightly opalescent liquid
Solubility: Already in aqueous solution (acetate salt form for optimal solubility and stability). Highly soluble; no reconstitution required.

Stability &amp; Handling Notes:

 Refrigerated at 2–8°C (36–46°F). Practical shelf life is 4–6 weeks when protected from light and handled with aseptic technique. 
 Do not freeze. Avoid prolonged room-temperature exposure. 
 Discard after 6 weeks or if the solution becomes cloudy, discolored, or shows particulate matter. 
 Protect from light and moisture at all times. 

For lyophilized orders please contact us (minimum order required) 
www.palmbeach-vitality.com"
290,PBV-CJC-VIAL,CJC Vial,Research-use peptide vial. Not for human consumption.,"CJC (no DAC) 10 mL Vial

The Science, Simplified: CJC (no DAC), also known as Modified GRF (1-29), is a synthetic tetrasubstituted analog of growth hormone-releasing hormone (GHRH).

Product Specifications – CJC (no DAC) 10 mL Vial (100 mg)

Total CJC (no DAC): 100 mg
Volume: 10 mL vial
Concentration: 10 mg/mL
Purity: Research-grade, third-party tested (COA available)
Format: Ready-to-use liquid vial

Key Research Focus: Growth hormone release research.

Physical Form &amp; Solubility:

Appearance: Clear to slightly opalescent liquid
Solubility: Already in aqueous solution (acetate salt form for optimal solubility and stability). Highly soluble; no reconstitution required.

Stability &amp; Handling Notes:

Refrigerated at 2–8°C (36–46°F). Practical shelf life is 4–6 weeks when protected from light and handled with aseptic technique.
Do not freeze. Avoid prolonged room-temperature exposure.
Discard after 6 weeks or if the solution becomes cloudy, discolored, or shows particulate matter.
Protect from light and moisture at all times."
291,PBV-CJC-IPAMORELIN-VIAL,CJC/Ipamorelin Vial,Research-use peptide vial. Not for human consumption.,"CJC (no DAC) / Ipamorelin 10 mL Vial

The Science, Simplified: This is a dual-peptide research blend combining CJC (no DAC) / Modified GRF (1-29), a tetrasubstituted GHRH analog, and Ipamorelin, a selective growth hormone secretagogue (ghrelin mimetic).

Product Specifications – CJC (no DAC) / Ipamorelin 10 mL Vial (10 mg / 10 mg)

Total CJC (no DAC): 10 mg
Total Ipamorelin: 10 mg
Volume: 10 mL vial
Concentration: 1 mg/mL CJC (no DAC) + 1 mg/mL Ipamorelin
Purity: Research-grade, third-party tested (COA available)
Format: Ready-to-use liquid vial

Key Research Focus: Growth hormone release research.

Physical Form &amp; Solubility:

Appearance: Clear to slightly opalescent liquid
Solubility: Already in aqueous solution (acetate salt form for optimal solubility and stability). Highly soluble; no reconstitution required.

Stability &amp; Handling Notes:

Refrigerated at 2–8°C (36–46°F). Practical shelf life is 4–6 weeks when protected from light and handled with aseptic technique.
Do not freeze. Avoid prolonged room-temperature exposure.
Discard after 6 weeks or if the solution becomes cloudy, discolored, or shows particulate matter.
Protect from light and moisture at all times."
289,PBV-CARGRILINITIDE,Cargrilinitide Vial,Research-use peptide vial. Not for human consumption.,"Cagrilintide 5 mL Vial

The Science, Simplified: Cagrilintide is a long-acting synthetic amylin analog.

Product Specifications – Cagrilintide 5 mL Vial (25 mg)

Total Cagrilintide: 25 mg
Volume: 5 mL vial
Concentration: 5 mg/mL
Purity: Research-grade, third-party tested (COA available)
Format: Ready-to-use liquid vial

Key Research Focus: Amylin receptor and metabolic regulation research.

Physical Form &amp; Solubility:

Appearance: Clear to slightly opalescent liquid
Solubility: Already in aqueous solution (acetate salt form for optimal solubility and stability). Highly soluble; no reconstitution required.

Stability &amp; Handling Notes:

Refrigerated at 2–8°C (36–46°F). Practical shelf life is 4–6 weeks when protected from light and handled with aseptic technique.
Do not freeze. Avoid prolonged room-temperature exposure.
Discard after 6 weeks or if the solution becomes cloudy, discolored, or shows particulate matter.
Protect from light and moisture at all times."
292,PBV-GHK-CU-VIAL,GHK-Cu Vial,Research-use peptide vial. Not for human consumption.,"GHK-Cu 10 mL Vial

The Science, Simplified: GHK-Cu is the copper(II) complex of the tripeptide glycyl-L-histidyl-L-lysine.

Product Specifications – GHK-Cu 10 mL Vial (50 mg)

Total GHK-Cu: 50 mg
Volume: 10 mL vial
Concentration: 5 mg/mL
Purity: Research-grade, third-party tested (COA available)
Format: Ready-to-use liquid vial

Key Research Focus: Copper tripeptide complexation and extracellular matrix signaling research.

Physical Form &amp; Solubility:

Appearance: Clear blue solution
Solubility: Already in aqueous solution. Highly soluble; no reconstitution required.

Stability &amp; Handling Notes:

Refrigerated at 2–8°C (36–46°F). Practical shelf life is 4–6 weeks when protected from light and handled with aseptic technique.
Do not freeze. Avoid prolonged room-temperature exposure.
Discard after 6 weeks or if the solution becomes cloudy, discolored, or shows particulate matter.
Protect from light and moisture at all times."
293,PBV-GLOW-VIAL,GLOW Vial,Research-use peptide vial. Not for human consumption.,"GLOW (BPC-157 / TB-500 / GHK-Cu) 10 mL Vial

The Science, Simplified: This is a triple-peptide research blend combining BPC-157 (synthetic gastric pentadecapeptide), TB-500 (synthetic actin-binding fragment of thymosin beta-4), and GHK-Cu (copper complex of glycyl-L-histidyl-L-lysine).

Product Specifications – GLOW (BPC-157 / TB-500 / GHK-Cu) 10 mL Vial (10 mg / 10 mg / 50 mg)

Total BPC-157: 10 mg
Total TB-500: 10 mg
Total GHK-Cu: 50 mg
Volume: 10 mL vial
Concentration: 1 mg/mL BPC-157 + 1 mg/mL TB-500 + 5 mg/mL GHK-Cu
Purity: Research-grade, third-party tested (COA available)
Format: Ready-to-use liquid vial

Key Research Focus: Multi-pathway tissue remodeling and regeneration research.

Physical Form &amp; Solubility:

Appearance: Distinctive clear blue liquid (the characteristic blue color comes from the GHK-Cu copper complex)
Solubility: Already in aqueous solution (acetate salt form for optimal solubility and stability). Highly soluble; no reconstitution required.

Stability &amp; Handling Notes:

Refrigerated at 2–8°C (36–46°F). Practical shelf life is 4–6 weeks when protected from light and handled with aseptic technique.
Do not freeze. Avoid prolonged room-temperature exposure.
Discard after 6 weeks or if the solution becomes cloudy, discolored, or shows particulate matter.
Protect from light and moisture at all times."
294,PBV-KLOW-VIAL,KLOW Vial,Research-use peptide vial. Not for human consumption.,"KLOW (KPV / BPC-157 / TB-500 / GHK-Cu) 10 mL Vial

The Science, Simplified: This is a multi-peptide research blend combining KPV (Lys-Pro-Val tripeptide), BPC-157 (synthetic gastric pentadecapeptide), TB-500 (synthetic actin-binding fragment of thymosin beta-4), and GHK-Cu (copper complex of glycyl-L-histidyl-L-lysine).

Product Specifications – KLOW (KPV / BPC-157 / TB-500 / GHK-Cu) 10 mL Vial (10 mg / 10 mg / 10 mg / 50 mg)

Total KPV: 10 mg
Total BPC-157: 10 mg
Total TB-500: 10 mg
Total GHK-Cu: 50 mg
Volume: 10 mL vial
Concentration: 1 mg/mL KPV + 1 mg/mL BPC-157 + 1 mg/mL TB-500 + 5 mg/mL GHK-Cu
Purity: Research-grade, third-party tested (COA available)
Format: Ready-to-use liquid vial

Key Research Focus: Multi-pathway inflammation modulation and tissue remodeling research.

Physical Form &amp; Solubility:

Appearance: Clear to lightly blue-tinted liquid
Solubility: Already in aqueous solution (acetate salt form for optimal solubility and stability). Highly soluble; no reconstitution required.

Stability &amp; Handling Notes:

Refrigerated at 2–8°C (36–46°F). Practical shelf life is 4–6 weeks when protected from light and handled with aseptic technique.
Do not freeze. Avoid prolonged room-temperature exposure.
Discard after 6 weeks or if the solution becomes cloudy, discolored, or shows particulate matter.
Protect from light and moisture at all time."
295,PBV-MOTS-C-VIAL,MOTS-C Vial,Research-use peptide vial. Not for human consumption.,"MOTS-c 10 mL Vial

The Science, Simplified: MOTS-c is a mitochondrial-derived peptide encoded by the 12S rRNA region of the mitochondrial genome.

Product Specifications – MOTS-c 10 mL Vial (20 mg)

Total MOTS-c: 20 mg
Volume: 10 mL vial
Concentration: 2 mg/mL
Purity: Research-grade, third-party tested (COA available)
Format: Ready-to-use liquid vial

Key Research Focus: Mitochondrial signaling and metabolic regulation research.

Physical Form &amp; Solubility:

Appearance: Clear to slightly opalescent liquid
Solubility: Already in aqueous solution (acetate salt form for optimal solubility and stability). Highly soluble; no reconstitution required.

Stability &amp; Handling Notes:

Refrigerated at 2–8°C (36–46°F). Practical shelf life is 4–6 weeks when protected from light and handled with aseptic technique.
Do not freeze. Avoid prolonged room-temperature exposure.
Discard after 6 weeks or if the solution becomes cloudy, discolored, or shows particulate matter.
Protect from light and moisture at all times."
114,PBV-MELONOTAN,Melonotan Vial,Research-use peptide vial.,"Melanotan II 10 mL Vial

The Science, Simplified: Melanotan II is a synthetic cyclic heptapeptide analog of α-melanocyte-stimulating hormone (α-MSH).

Product Specifications – Melanotan II 10 mL Vial (10 mg)

Total Melanotan II: 10 mg
Volume: 10 mL vial
Concentration: 1 mg/mL
Purity: Research-grade, third-party tested (COA available)
Format: Ready-to-use liquid vial

Key Research Focus: Melanocortin receptor activation research.

Physical Form &amp; Solubility:

Appearance: Clear to slightly opalescent liquid
Solubility: Already in aqueous solution (acetate salt form for optimal solubility and stability). Highly soluble; no reconstitution required.

Stability &amp; Handling Notes:

Lyophilized powder (if applicable for other products): Stable long-term at –20°C (typically 1–2 years when protected from moisture and light).
 Liquid (ready-to-use or reconstituted): Refrigerated at 2–8°C (36–46°F). Practical shelf life is 4–6 weeks when protected from light and handled with aseptic technique. Do not freeze. Avoid prolonged room-temperature exposure. Discard after 6 weeks or if the solution becomes cloudy, discolored, or shows particulate matter.
Protect from light and moisture at all times."
189,PBV-NAD-1,NAD+ 1000mg Vial,Research-use peptide vial.,"NAD+ 10 mL Vial 500mg

The Science, Simplified: NAD+ (nicotinamide adenine dinucleotide, oxidized form) is a critical coenzyme involved in cellular redox reactions and energy metabolism.

Product Specifications – NAD+ 10 mL Vial (1000 mg)

Total NAD+: 1000 mg
Volume: 10 mL vial
Concentration: 50 mg/mL
Purity: Research-grade, third-party tested (COA available)
Format: Ready-to-use liquid vial

Key Research Focus: Cellular energy metabolism and redox research.

Physical Form &amp; Solubility:

Appearance: Clear liquid*
Solubility: Already in aqueous solution. Highly soluble; no reconstitution required.

Stability &amp; Handling Notes:

Refrigerated at 2–8°C (36–46°F). Practical shelf life is 4–6 weeks when protected from light and handled with aseptic technique.
Do not freeze. Avoid prolonged room-temperature exposure.
Discard after 6 weeks or if the solution becomes cloudy, discolored, or shows particulate matter.
Protect from light and moisture at all times.

For lyophilized orders please contact us (minimum order required) 
www.palmbeach-vitality.com"
206,PBV-NAD-500MG,NAD+ 500mg Vial,Research-use peptide vial.,"NAD+ 10 mL Vial 500mg

The Science, Simplified: NAD+ (nicotinamide adenine dinucleotide, oxidized form) is a critical coenzyme involved in cellular redox reactions and energy metabolism.

Product Specifications – NAD+ 10 mL Vial (500 mg)

Total NAD+: 1000 mg
Volume: 10 mL vial
Concentration: 50 mg/mL
Purity: Research-grade, third-party tested (COA available)
Format: Ready-to-use liquid vial

Key Research Focus: Cellular energy metabolism and redox research.

Physical Form &amp; Solubility:

Appearance: Clear liquid*
Solubility: Already in aqueous solution. Highly soluble; no reconstitution required.

Stability &amp; Handling Notes:

Refrigerated at 2–8°C (36–46°F). Practical shelf life is 4–6 weeks when protected from light and handled with aseptic technique.
Do not freeze. Avoid prolonged room-temperature exposure.
Discard after 6 weeks or if the solution becomes cloudy, discolored, or shows particulate matter.
Protect from light and moisture at all times.

For lyophilized orders please contact us (minimum order required) 
www.palmbeach-vitality.com"
296,PBV-PT-141-VIAL,PT-141 Vial,Research-use peptide vial. Not for human consumption.,"The Science, Simplified: PT-141 is a synthetic cyclic heptapeptide analog of α-melanocyte-stimulating hormone (α-MSH).

Product Specifications – PT-141 10 mL Vial (20 mg)

Total PT-141: 20 mg
Volume: 10 mL vial
Concentration: 2 mg/mL
Purity: Research-grade, third-party tested (COA available)
Format: Ready-to-use liquid vial

Key Research Focus: Central melanocortin receptor activation research.

Physical Form &amp; Solubility:

Appearance: Clear to slightly opalescent liquid
Solubility: Already in aqueous solution (acetate salt form for optimal solubility and stability). Highly soluble; no reconstitution required.

Stability &amp; Handling Notes:

Refrigerated at 2–8°C (36–46°F). Practical shelf life is 4–6 weeks when protected from light and handled with aseptic technique.
Do not freeze. Avoid prolonged room-temperature exposure.
Discard after 6 weeks or if the solution becomes cloudy, discolored, or shows particulate matter.
Protect from light and moisture at all times."
300,PBV-SS-31-VIAL,SS-31 Vial,Research-use peptide vial. Not for human consumption.,"SS-31 10 mL Vial

The Science, Simplified: SS-31 (Elamipretide) is a synthetic aromatic-cationic tetrapeptide that selectively targets the inner mitochondrial membrane by binding cardiolipin.

Product Specifications – SS-31 10 mL Vial (10 mg)

Total SS-31: 10 mg
Volume: 10 mL vial
Concentration: 1 mg/mL
Purity: Research-grade, third-party tested (COA available)
Format: Ready-to-use liquid vial

Key Research Focus: Mitochondrial function and cardiolipin interaction research.

Physical Form &amp; Solubility:

Appearance: Clear to slightly opalescent liquid
Solubility: Already in aqueous solution (acetate salt form for optimal solubility and stability). Highly soluble; no reconstitution required.

Stability &amp; Handling Notes:

Refrigerated at 2–8°C (36–46°F). Practical shelf life is 4–6 weeks when protected from light and handled with aseptic technique.
Do not freeze. Avoid prolonged room-temperature exposure.
Discard after 6 weeks or if the solution becomes cloudy, discolored, or shows particulate matter.
Protect from light and moisture at all times."
297,PBV-SELANK-VIAL,Selank Vial,Research-use peptide vial. Not for human consumption.,"Selank 10 mL Vial

The Science, Simplified: Selank is a synthetic heptapeptide analog of the endogenous immunomodulatory peptide tuftsin. It features a Pro-Gly-Pro C-terminal extension that improves metabolic stability compared to native tuftsin.

Product Specifications – Selank 10 mL Vial (10 mg)

Total Selank: 10 mg
Volume: 10 mL vial
Concentration: 1 mg/mL
Purity: Research-grade, third-party tested (COA available)
Format: Ready-to-use liquid vial

Key Research Focus: Anxiety regulation, cognitive function, and immune modulation research via GABAergic and related pathways.

Physical Form &amp; Solubility:

Appearance: Clear to slightly opalescent liquid
Solubility: Already in aqueous solution (acetate salt form for optimal solubility and stability). Highly soluble; no reconstitution required.

Stability &amp; Handling Notes:

Lyophilized powder (if applicable for other products): Stable long-term at –20°C (typically 1–2 years when protected from moisture and light).
Liquid (ready-to-use or reconstituted): Refrigerated at 2–8°C (36–46°F). Practical shelf life is 4–6 weeks when protected from light and handled with aseptic technique. Do not freeze. Avoid prolonged room-temperature exposure. Discard after 6 weeks or if the solution becomes cloudy, discolored, or shows particulate matter.
Protect from light and moisture at all times."
298,PBV-SEMAX-VIAL,Semax Vial,Research-use peptide vial. Not for human consumption.,"Semax 10 mL Vial

The Science, Simplified: Semax is a synthetic heptapeptide analog of the adrenocorticotropic hormone fragment ACTH(4-10).

Product Specifications – Semax 10 mL Vial (10 mg)

Total Semax: 10 mg
Volume: 10 mL vial
Concentration: 1 mg/mL
Purity: Research-grade, third-party tested (COA available)
Format: Ready-to-use liquid vial

Key Research Focus: Nootropic and neuroprotective research.

Physical Form &amp; Solubility:

Appearance: Clear to slightly opalescent liquid
Solubility: Already in aqueous solution (acetate salt form for optimal solubility and stability). Highly soluble; no reconstitution required.

Stability &amp; Handling Notes:

Refrigerated at 2–8°C (36–46°F). Practical shelf life is 4–6 weeks when protected from light and handled with aseptic technique.
Do not freeze. Avoid prolonged room-temperature exposure.
Discard after 6 weeks or if the solution becomes cloudy, discolored, or shows particulate matter.
Protect from light and moisture at all times."
299,PBV-SERMORELIN-VIAL,Sermorelin Vial,Research-use peptide vial. Not for human consumption.,"Sermorelin 10 mL Vial

The Science, Simplified: Sermorelin is a synthetic 29-amino acid peptide corresponding to the biologically active N-terminal fragment of human growth hormone-releasing hormone (GHRH 1-29).

Molecular Structure: (Clean white-background structure image will match the exact consistent style locked for all peptides — pure black lines, solid white background, zero text.)

Product Specifications – Sermorelin 10 mL Vial (20 mg)

Total Sermorelin: 20 mg
Volume: 10 mL vial
Concentration: 2 mg/mL
Purity: Research-grade, third-party tested (COA available)
Format: Ready-to-use liquid vial

Key Research Focus: Growth hormone release and GH axis research.

Physical Form &amp; Solubility:

Appearance: Clear to slightly opalescent liquid
Solubility: Already in aqueous solution (acetate salt form for optimal solubility and stability). Highly soluble; no reconstitution required.

Stability &amp; Handling Notes:

Lyophilized powder (if applicable for other products): Stable long-term at –20°C (typically 1–2 years when protected from moisture and light).
Liquid (ready-to-use or reconstituted): Refrigerated at 2–8°C (36–46°F). Practical shelf life is 4–6 weeks when protected from light and handled with aseptic technique. Do not freeze. Avoid prolonged room-temperature exposure. Discard after 6 weeks or if the solution becomes cloudy, discolored, or shows particulate matter.
Protect from light and moisture at all times."
108,PBV-TA-1,TA-1 Vial,Research-use peptide vial.,"TA-1 10 mL Vial

The Science, Simplified: TA-1 (Thymosin Alpha-1) is a synthetic 28-amino acid peptide corresponding to the N-terminal active fragment of prothymosin alpha.

Product Specifications – TA-1 10 mL Vial (10 mg)

Total TA-1: 10 mg
Volume: 10 mL vial
Concentration: 1 mg/mL
Purity: Research-grade, third-party tested (COA available)
Format: Ready-to-use liquid vial

Key Research Focus: Immune modulation and T-cell research.

Physical Form &amp; Solubility:

Appearance: Clear to slightly opalescent liquid
Solubility: Already in aqueous solution (acetate salt form for optimal solubility and stability). Highly soluble; no reconstitution required.

Stability &amp; Handling Notes:

Lyophilized powder (if applicable for other products): Stable long-term at –20°C (typically 1–2 years when protected from moisture and light).
 Liquid (ready-to-use or reconstituted): Refrigerated at 2–8°C (36–46°F). Practical shelf life is 4–6 weeks when protected from light and handled with aseptic technique. Do not freeze. Avoid prolonged room-temperature exposure. Discard after 6 weeks or if the solution becomes cloudy, discolored, or shows particulate matter.
Protect from light and moisture at all times.

For lyophilized orders please contact us (minimum order required) 
www.palmbeach-vitality.com"
301,PBV-TB-500-VIAL,TB-500 Vial,Research-use peptide vial. Not for human consumption.,"TB-500 10 mL Vial

The Science, Simplified: TB-500 is a synthetic actin-binding fragment of thymosin beta-4.

Product Specifications – TB-500 10 mL Vial (10 mg)

Total TB-500: 10 mg
Volume: 10 mL vial
Concentration: 1 mg/mL
Purity: Research-grade, third-party tested (COA available)
Format: Ready-to-use liquid vial

Key Research Focus: Tissue repair and regeneration research.

Physical Form &amp; Solubility:

Appearance: Clear to slightly opalescent liquid
Solubility: Already in aqueous solution (acetate salt form for optimal solubility and stability). Highly soluble; no reconstitution required.

Stability &amp; Handling Notes:

Refrigerated at 2–8°C (36–46°F). Practical shelf life is 4–6 weeks when protected from light and handled with aseptic technique.
Do not freeze. Avoid prolonged room-temperature exposure.
Discard after 6 weeks or if the solution becomes cloudy, discolored, or shows particulate matter.
Protect from light and moisture at all times."
302,PBV-TESAMORELIN-VIAL,Tesamorelin Vial,Research-use peptide vial. Not for human consumption.,"Tesamorelin 10 mL Vial

The Science, Simplified: Tesamorelin is a synthetic 44-amino acid analog of growth hormone-releasing hormone (GHRH) featuring an N-terminal trans-3-hexenoyl modification.

Product Specifications – Tesamorelin 10 mL Vial (30 mg)

Total Tesamorelin: 30 mg
Volume: 10 mL vial
Concentration: 3 mg/mL
Purity: Research-grade, third-party tested (COA available)
Format: Ready-to-use liquid vial

Key Research Focus: GHRH receptor activation and growth hormone release research.

Physical Form &amp; Solubility:

Appearance: Clear to slightly opalescent liquid
Solubility: Already in aqueous solution (acetate salt form for optimal solubility and stability). Highly soluble; no reconstitution required.

Stability &amp; Handling Notes:

Refrigerated at 2–8°C (36–46°F). Practical shelf life is 4–6 weeks when protected from light and handled with aseptic technique.
Do not freeze. Avoid prolonged room-temperature exposure.
Discard after 6 weeks or if the solution becomes cloudy, discolored, or shows particulate matter.
Protect from light and moisture at all times."
303,PBV-WOLVERINE-VIAL,Wolverine Vial,Research-use peptide vial. Not for human consumption.,"BPC-157 / TB-500 (Wolverine) 10 mL Vial

The Science, Simplified: This is a dual-peptide research blend combining BPC-157 (a synthetic gastric pentadecapeptide) and TB-500 (a synthetic actin-binding fragment of thymosin beta-4).

Product Specifications – BPC-157 / TB-500 (Wolverine) 10 mL Vial (10 mg / 10 mg)

Total BPC-157: 10 mg
Total TB-500: 10 mg
Volume: 10 mL vial
Concentration: 1 mg/mL BPC-157 + 1 mg/mL TB-500
Purity: Research-grade, third-party tested (COA available)
Format: Ready-to-use liquid vial

Key Research Focus: Tissue repair and regeneration research.

Physical Form &amp; Solubility:

Appearance: Clear to slightly opalescent liquid
Solubility: Already in aqueous solution (acetate salt form for optimal solubility and stability). Highly soluble; no reconstitution required.

Stability &amp; Handling Notes:

Lyophilized powder (if applicable for other products): Stable long-term at –20°C (typically 1–2 years when protected from moisture and light).
Liquid (ready-to-use or reconstituted): Refrigerated at 2–8°C (36–46°F). Practical shelf life is 4–6 weeks when protected from light and handled with aseptic technique. Do not freeze. Avoid prolonged room-temperature exposure. Discard after 6 weeks or if the solution becomes cloudy, discolored, or shows particulate matter.
Protect from light and moisture at all times.

For lyophilized orders please contact us (minimum order required)
www.palmbeach-vitality.com"
163,PBV-RETATRUTIDE-100MG,Retatrutide 100mg,Dosage: 100mg,"Retatrutide 100mg 10mL Vial 

Retatrutide the Weight Loss Powerhouse:

 Retaturtide is a next-generation triple agonist peptide that activates GLP-1, GIP, and glucagon receptors simultaneously. This unique triple-action mechanism sets it apart from other weight loss peptides, as it not only suppresses appetite and improves insulin sensitivity but also significantly increases energy expenditure and fat burning through glucagon receptor activation. Currently one of the most powerful compounds being researched for obesity and metabolic health, Retatrutide has shown impressive results in clinical studies for substantial and sustained weight loss.

 What makes Retatrutide particularly exciting is its ability to deliver both strong appetite control and increased fat oxidation in one molecule. Users in research settings often report significant reductions in body weight, improved body composition, better blood sugar control, and enhanced metabolic function. With its multi-pathway approach, Retatrutide represents a major advancement in the evolving landscape of weight management and metabolic research peptides.

Available Strengths:

 Retatrutide 60mg (6mg/mL)
 Retatrutide 100mg (10mg/mL)
 Retatrutide 200mg (20mg/mL)

Product Specs (All Strengths):

 Form: 10mL Sterile Multi-Dose Vial
 Strengths: 60mg,100mg and 200mg
 Concentration: 6mg/mL, 10mg/ml and 20mg/ml
 Purity: 99.99% verified under strict third-party analysis
 Format: Ready-to-use liquid vial

Premium quality for serious weight loss results.

Take control of your transformation – choose your strength and start your Retatrutide journey today!"
165,PBV-RETATRUTIDE-200MG,Retatrutide 200mg,Dosage: 200mg,"Retatrutide 200mg 10mL Vial 

Retatrutide the Weight Loss Powerhouse:

 Retaturtide is a next-generation triple agonist peptide that activates GLP-1, GIP, and glucagon receptors simultaneously. This unique triple-action mechanism sets it apart from other weight loss peptides, as it not only suppresses appetite and improves insulin sensitivity but also significantly increases energy expenditure and fat burning through glucagon receptor activation. Currently one of the most powerful compounds being researched for obesity and metabolic health, Retatrutide has shown impressive results in clinical studies for substantial and sustained weight loss.

 What makes Retatrutide particularly exciting is its ability to deliver both strong appetite control and increased fat oxidation in one molecule. Users in research settings often report significant reductions in body weight, improved body composition, better blood sugar control, and enhanced metabolic function. With its multi-pathway approach, Retatrutide represents a major advancement in the evolving landscape of weight management and metabolic research peptides.

Available Strengths:

 Retatrutide 60mg (6mg/mL)
 Retatrutide 100mg (10mg/mL)
 Retatrutide 200mg (20mg/mL)

Product Specs (All Strengths):

 Form: 10mL Sterile Multi-Dose Vial
 Strengths: 60mg,100mg and 200mg
 Concentration: 6mg/mL, 10mg/ml and 20mg/ml
 Purity: 99.99% verified under strict third-party analysis
 Format: Ready-to-use liquid vial

Premium quality for serious weight loss results.

Take control of your transformation – choose your strength and start your Retatrutide journey today!"
117,PBV-RETATRUTIDE,Retatrutide 60mg,Dosage: 60mg,"Retatrutide 60mg 10mL Vial 

Retatrutide the Weight Loss Powerhouse:

 Retaturtide is a next-generation triple agonist peptide that activates GLP-1, GIP, and glucagon receptors simultaneously. This unique triple-action mechanism sets it apart from other weight loss peptides, as it not only suppresses appetite and improves insulin sensitivity but also significantly increases energy expenditure and fat burning through glucagon receptor activation. Currently one of the most powerful compounds being researched for obesity and metabolic health, Retatrutide has shown impressive results in clinical studies for substantial and sustained weight loss.

 What makes Retatrutide particularly exciting is its ability to deliver both strong appetite control and increased fat oxidation in one molecule. Users in research settings often report significant reductions in body weight, improved body composition, better blood sugar control, and enhanced metabolic function. With its multi-pathway approach, Retatrutide represents a major advancement in the evolving landscape of weight management and metabolic research peptides.

Available Strengths:

 Retatrutide 60mg (6mg/mL)
 Retatrutide 100mg (10mg/mL)
 Retatrutide 200mg (20mg/mL)

Product Specs (All Strengths):

 Form: 10mL Sterile Multi-Dose Vial
 Strengths: 60mg,100mg and 200mg
 Concentration: 6mg/mL, 10mg/ml and 20mg/ml
 Purity: 99.99% verified under strict third-party analysis
 Format: Ready-to-use liquid vial

Premium quality for serious weight loss results.

Take control of your transformation – choose your strength and start your Retatrutide journey today!"
121,PBV-SEMAGLUTIDE,Semaglutide 25mg,Dosage: 25mg,"Semaglutide 25mg 10ml Vial 

Proven GLP-1 Power for Weight Loss:

  Semaglutide is a well-established GLP-1 receptor agonist that effectively suppresses appetite, slows gastric emptying, and supports significant, sustainable weight loss while improving metabolic health. A trusted choice for consistent fat reduction and long-term results.

Available Strengths:
Semaglutide 25mg (10mL Vial – 2.5mg/mL) Ideal for beginners and gentle titration.

Semaglutide 50mg (10mL Vial – 5mg/mL) Stronger concentration for faster progress and higher dosing.

Product Specs (All Strengths):

 Form: 10mL Sterile Multi-Dose Vial
 Strengths: 25mg or 50mg 
 Concentration: 25mg/mL or 50mg/ml
 Purity: 99.99% verified under strict third-party analysis
 Format: Ready-to-use liquid vial

Choose your strength and start your weight loss journey today!"
161,PBV-SEMAGLUTIDE-50MG,Semaglutide 50mg,Dosage: 50mg,"Semaglutide 50mg 10ml Vial 

Proven GLP-1 Power for Weight Loss:

  Semaglutide is a well-established GLP-1 receptor agonist that effectively suppresses appetite, slows gastric emptying, and supports significant, sustainable weight loss while improving metabolic health. A trusted choice for consistent fat reduction and long-term results.

Available Strengths:
Semaglutide 25mg (10mL Vial – 2.5mg/mL) Ideal for beginners and gentle titration.

Semaglutide 50mg (10mL Vial – 5mg/mL) Stronger concentration for faster progress and higher dosing.

Product Specs (All Strengths):

 Form: 10mL Sterile Multi-Dose Vial
 Strengths: 25mg or 50mg 
 Concentration: 25mg/mL or 50mg/ml
 Purity: 99.99% verified under strict third-party analysis
 Format: Ready-to-use liquid vial

Choose your strength and start your weight loss journey today!"
119,PBV-TIRZEPATIDE,Tirzepatide 100mg,Dosage: 100mg,"Tirzepatide 100mg 10ml Vial

Tirzepatide – Dual Agonist for Powerful Weight Loss:

 Tirzepatide is a powerful dual agonist peptide that activates both GLP-1 and GIP receptors. This dual-action mechanism enhances insulin secretion, suppresses appetite, slows gastric emptying, and improves overall metabolic function more effectively than single GLP-1 agonists alone. Originally developed for type 2 diabetes management, Tirzepatide has gained massive attention in research for its impressive ability to drive significant and sustained weight loss.

 What sets Tirzepatide apart is its ability to deliver superior appetite control and fat reduction while also supporting better blood sugar regulation. Research has shown it can produce greater weight loss results compared to traditional GLP-1 medications, with many users experiencing meaningful improvements in body composition, energy levels, and metabolic health. Its dual receptor activation makes it one of the most effective peptides currently being studied for weight management and overall metabolic optimization.

Available Strengths:
Tirzepatide 100mg (10mL Vial – 10mg/mL) Great starting-to-mid strength for consistent results.

Tirzepatide 200mg (10mL Vial – 20mg/mL) High-potency option for advanced users seeking maximum weight loss.

Product Specs (All Strengths):

 Form: 10mL Sterile Multi-Dose Vial
 Strengths: 10mg or 20mg 
 Concentration: 10mg/mL or 20mg/ml
 Purity: 99.99% verified under strict third-party analysis
 Format: Ready-to-use liquid vial

Choose your strength and take control of your transformation today!"
167,PBV-TIRZEPATIDE-200MG,Tirzepatide 200mg,Dosage: 200mg,"Tirzepatide 200mg 10ml Vial

Tirzepatide – Dual Agonist for Powerful Weight Loss:

 Tirzepatide is a powerful dual agonist peptide that activates both GLP-1 and GIP receptors. This dual-action mechanism enhances insulin secretion, suppresses appetite, slows gastric emptying, and improves overall metabolic function more effectively than single GLP-1 agonists alone. Originally developed for type 2 diabetes management, Tirzepatide has gained massive attention in research for its impressive ability to drive significant and sustained weight loss.

 What sets Tirzepatide apart is its ability to deliver superior appetite control and fat reduction while also supporting better blood sugar regulation. Research has shown it can produce greater weight loss results compared to traditional GLP-1 medications, with many users experiencing meaningful improvements in body composition, energy levels, and metabolic health. Its dual receptor activation makes it one of the most effective peptides currently being studied for weight management and overall metabolic optimization.

Available Strengths:
Tirzepatide 100mg (10mL Vial – 10mg/mL) Great starting-to-mid strength for consistent results.

Tirzepatide 200mg (10mL Vial – 20mg/mL) High-potency option for advanced users seeking maximum weight loss.

Product Specs (All Strengths):

 Form: 10mL Sterile Multi-Dose Vial
 Strengths: 10mg or 20mg 
 Concentration: 10mg/mL or 20mg/ml
 Purity: 99.99% verified under strict third-party analysis
 Format: Ready-to-use liquid vial

Choose your strength and take control of your transformation today!"
199,PBV-RETATRUTRIDE-16MG-PEN,Retatrutride 16mg Pen,Retatrutide Pen vs Vial: Why the Pen Wins for Convenience: Ditch the hassle and level up with our Retatrutide 3mL Injection Pens!,"Retatrutide Pen vs Vial: Why the Pen Wins for Convenience:

     Ditch the hassle and level up with our Retatrutide 3mL Injection Pens! Unlike traditional vials that require mixing, drawing with syringes, and careful dosing, the ready-to-use pen delivers precise, mess-free injections every time—no reconstitution, no wasted product, and way less room for error. Perfect for on-the-go warriors, it’s discreet, travel-friendly, and built for consistent daily use. Faster, cleaner, and easier means you stay locked in and keep crushing your goals. Grab the pen and feel the difference! We offer multiple dosage strengths so researchers can select the exact concentration that best matches their specific protocol, titration schedule, and individual research needs.

Discover Retatrutide: Advanced Triple Agonist for Superior Weight Management:

     Experience next-level metabolic support with Retatrutide — a powerful triple agonist that activates GLP-1, GIP, and glucagon receptors for enhanced appetite control, increased energy expenditure, and significant fat loss. We deliver the gold standard: 99.99% purity verified through rigorous third-party analysis, so you know you’re getting nothing but the best.

     Retatrutide works by combining strong hunger suppression with improved metabolic rate and fat oxidation. It is widely studied for its impressive effects on body composition, blood sugar regulation, and sustainable weight management. Users in research settings often report reduced appetite, greater fat loss, and meaningful improvements in overall metabolic function. Premium quality for serious results.

Product Specifications – Retatrutide 3mL Pens

Available Strengths: 8mg, 16mg, 24mg, 32mg, 40mg
Volume: 3 mL pre-filled pen
Format: Ready-to-use injection pen (no reconstitution or mixing required)
Purity: 99.99% third-party tested (COA available)
Key Benefit: Precise, convenient daily dosing with zero hassle — perfect for consistent research protocols across multiple strengths

Ready to take your weight management research to the next level? Grab your Retatrutide 3mL Pen today in the strength that fits your protocol!"
201,PBV-RETATRUTRIDE-24MG-PEN,Retatrutride 24mg Pen,Retatrutide Pen vs Vial: Why the Pen Wins for Convenience: Ditch the hassle and level up with our Retatrutide 3mL Injection Pens!,"Retatrutide Pen vs Vial: Why the Pen Wins for Convenience:

     Ditch the hassle and level up with our Retatrutide 3mL Injection Pens! Unlike traditional vials that require mixing, drawing with syringes, and careful dosing, the ready-to-use pen delivers precise, mess-free injections every time—no reconstitution, no wasted product, and way less room for error. Perfect for on-the-go warriors, it’s discreet, travel-friendly, and built for consistent daily use. Faster, cleaner, and easier means you stay locked in and keep crushing your goals. Grab the pen and feel the difference! We offer multiple dosage strengths so researchers can select the exact concentration that best matches their specific protocol, titration schedule, and individual research needs.

Discover Retatrutide: Advanced Triple Agonist for Superior Weight Management:

     Experience next-level metabolic support with Retatrutide — a powerful triple agonist that activates GLP-1, GIP, and glucagon receptors for enhanced appetite control, increased energy expenditure, and significant fat loss. We deliver the gold standard: 99.99% purity verified through rigorous third-party analysis, so you know you’re getting nothing but the best.

     Retatrutide works by combining strong hunger suppression with improved metabolic rate and fat oxidation. It is widely studied for its impressive effects on body composition, blood sugar regulation, and sustainable weight management. Users in research settings often report reduced appetite, greater fat loss, and meaningful improvements in overall metabolic function. Premium quality for serious results.

Product Specifications – Retatrutide 3mL Pens

Available Strengths: 8mg, 16mg, 24mg, 32mg, 40mg
Volume: 3 mL pre-filled pen
Format: Ready-to-use injection pen (no reconstitution or mixing required)
Purity: 99.99% third-party tested (COA available)
Key Benefit: Precise, convenient daily dosing with zero hassle — perfect for consistent research protocols across multiple strengths

Ready to take your weight management research to the next level? Grab your Retatrutide 3mL Pen today in the strength that fits your protocol!"
203,PBV-RETATRUTRIDE-32MG-PEN,Retatrutride 32mg Pen,Retatrutide Pen vs Vial: Why the Pen Wins for Convenience: Ditch the hassle and level up with our Retatrutide 3mL Injection Pens!,"Retatrutide Pen vs Vial: Why the Pen Wins for Convenience:

     Ditch the hassle and level up with our Retatrutide 3mL Injection Pens! Unlike traditional vials that require mixing, drawing with syringes, and careful dosing, the ready-to-use pen delivers precise, mess-free injections every time—no reconstitution, no wasted product, and way less room for error. Perfect for on-the-go warriors, it’s discreet, travel-friendly, and built for consistent daily use. Faster, cleaner, and easier means you stay locked in and keep crushing your goals. Grab the pen and feel the difference! We offer multiple dosage strengths so researchers can select the exact concentration that best matches their specific protocol, titration schedule, and individual research needs.

Discover Retatrutide: Advanced Triple Agonist for Superior Weight Management:

     Experience next-level metabolic support with Retatrutide — a powerful triple agonist that activates GLP-1, GIP, and glucagon receptors for enhanced appetite control, increased energy expenditure, and significant fat loss. We deliver the gold standard: 99.99% purity verified through rigorous third-party analysis, so you know you’re getting nothing but the best.

     Retatrutide works by combining strong hunger suppression with improved metabolic rate and fat oxidation. It is widely studied for its impressive effects on body composition, blood sugar regulation, and sustainable weight management. Users in research settings often report reduced appetite, greater fat loss, and meaningful improvements in overall metabolic function. Premium quality for serious results.

Product Specifications – Retatrutide 3mL Pens

Available Strengths: 8mg, 16mg, 24mg, 32mg, 40mg
Volume: 3 mL pre-filled pen
Format: Ready-to-use injection pen (no reconstitution or mixing required)
Purity: 99.99% third-party tested (COA available)
Key Benefit: Precise, convenient daily dosing with zero hassle — perfect for consistent research protocols across multiple strengths

Ready to take your weight management research to the next level? Grab your Retatrutide 3mL Pen today in the strength that fits your protocol!"
204,PBV-RETATRUTRIDE-40MG-PEN,Retatrutride 40mg Pen,Retatrutide Pen vs Vial: Why the Pen Wins for Convenience: Ditch the hassle and level up with our Retatrutide 3mL Injection Pens!,"Retatrutide Pen vs Vial: Why the Pen Wins for Convenience:

     Ditch the hassle and level up with our Retatrutide 3mL Injection Pens! Unlike traditional vials that require mixing, drawing with syringes, and careful dosing, the ready-to-use pen delivers precise, mess-free injections every time—no reconstitution, no wasted product, and way less room for error. Perfect for on-the-go warriors, it’s discreet, travel-friendly, and built for consistent daily use. Faster, cleaner, and easier means you stay locked in and keep crushing your goals. Grab the pen and feel the difference! We offer multiple dosage strengths so researchers can select the exact concentration that best matches their specific protocol, titration schedule, and individual research needs.

Discover Retatrutide: Advanced Triple Agonist for Superior Weight Management:

     Experience next-level metabolic support with Retatrutide — a powerful triple agonist that activates GLP-1, GIP, and glucagon receptors for enhanced appetite control, increased energy expenditure, and significant fat loss. We deliver the gold standard: 99.99% purity verified through rigorous third-party analysis, so you know you’re getting nothing but the best.

     Retatrutide works by combining strong hunger suppression with improved metabolic rate and fat oxidation. It is widely studied for its impressive effects on body composition, blood sugar regulation, and sustainable weight management. Users in research settings often report reduced appetite, greater fat loss, and meaningful improvements in overall metabolic function. Premium quality for serious results.

Product Specifications – Retatrutide 3mL Pens

Available Strengths: 8mg, 16mg, 24mg, 32mg, 40mg
Volume: 3 mL pre-filled pen
Format: Ready-to-use injection pen (no reconstitution or mixing required)
Purity: 99.99% third-party tested (COA available)
Key Benefit: Precise, convenient daily dosing with zero hassle — perfect for consistent research protocols across multiple strengths

Ready to take your weight management research to the next level? Grab your Retatrutide 3mL Pen today in the strength that fits your protocol!"
197,PBV-RETATRUTRIDE-8MG-PEN,Retatrutride 8mg Pen,Retatrutide Pen vs Vial: Why the Pen Wins for Convenience: Ditch the hassle and level up with our Retatrutide 3mL Injection Pens!,"Retatrutide Pen vs Vial: Why the Pen Wins for Convenience:

     Ditch the hassle and level up with our Retatrutide 3mL Injection Pens! Unlike traditional vials that require mixing, drawing with syringes, and careful dosing, the ready-to-use pen delivers precise, mess-free injections every time—no reconstitution, no wasted product, and way less room for error. Perfect for on-the-go warriors, it’s discreet, travel-friendly, and built for consistent daily use. Faster, cleaner, and easier means you stay locked in and keep crushing your goals. Grab the pen and feel the difference! We offer multiple dosage strengths so researchers can select the exact concentration that best matches their specific protocol, titration schedule, and individual research needs.

Discover Retatrutide: Advanced Triple Agonist for Superior Weight Management:

     Experience next-level metabolic support with Retatrutide — a powerful triple agonist that activates GLP-1, GIP, and glucagon receptors for enhanced appetite control, increased energy expenditure, and significant fat loss. We deliver the gold standard: 99.99% purity verified through rigorous third-party analysis, so you know you’re getting nothing but the best.

     Retatrutide works by combining strong hunger suppression with improved metabolic rate and fat oxidation. It is widely studied for its impressive effects on body composition, blood sugar regulation, and sustainable weight management. Users in research settings often report reduced appetite, greater fat loss, and meaningful improvements in overall metabolic function. Premium quality for serious results.

Product Specifications – Retatrutide 3mL Pens

Available Strengths: 8mg, 16mg, 24mg, 32mg, 40mg
Volume: 3 mL pre-filled pen
Format: Ready-to-use injection pen (no reconstitution or mixing required)
Purity: 99.99% third-party tested (COA available)
Key Benefit: Precise, convenient daily dosing with zero hassle — perfect for consistent research protocols across multiple strengths

Ready to take your weight management research to the next level? Grab your Retatrutide 3mL Pen today in the strength that fits your protocol!"
169,PBV-SEMAGLUTIDE-1-5MG-PEN,Semaglutide 1.5mg Pen,Dosage: 1.5mg,"Semaglutide 1.5mg 3ml Pen

Semaglutide Pen vs Vial: Why the Pen Wins for Convenience:

 Ditch the hassle and level up with our Semaglutide 3mL Injection Pens! Unlike traditional vials that require mixing, drawing with syringes, and careful dosing, the ready-to-use pen delivers precise, mess-free injections every time—no reconstitution, no wasted product, and way less room for error. Perfect for on-the-go warriors, it’s discreet, travel-friendly, and built for consistent daily use. Faster, cleaner, and easier means you stay locked in and keep crushing your goals. Grab the pen and feel the difference! We offer multiple dosage strengths so researchers can select the exact concentration that best matches their specific protocol, titration schedule, and individual research needs.

 Discover Semaglutide: Powerful GLP-1 Support for Weight Management:

 Experience advanced metabolic support with Semaglutide — a highly effective GLP-1 receptor agonist researched for its ability to suppress appetite, slow gastric emptying, and support significant weight loss and blood sugar control. We deliver the gold standard: 99.99% purity verified through rigorous third-party analysis, so you know you’re getting nothing but the best.

 Semaglutide works by mimicking natural gut hormones to help regulate hunger and improve insulin response. It is widely studied for its strong effects on body composition, metabolic health, and sustainable weight management. Users in research settings often report reduced appetite, better portion control, and meaningful improvements in overall metabolic function. Premium quality for serious results.

Product Specifications – Semaglutide 3mL Pens

Available Strengths: 1.5mg, 3.5mg, 5.5mg, 7.5mg, 10mg, 15mg
Volume: 3 mL pre-filled pen
Format: Ready-to-use injection pen (no reconstitution or mixing required)
Purity: 99.99% third-party tested (COA available)
Key Benefit: Precise, convenient daily dosing with zero hassle — perfect for consistent research protocols across multiple strengths

Ready to support your weight management and metabolic goals? Grab your Semaglutide 3mL Pen today in the strength that fits your protocol!"
177,PBV-SEMAGLUTIDE-10MG-PEN,Semaglutide 10mg Pen,Dosage: 10mg,"Semaglutide 10mg 3ml Pen

Semaglutide Pen vs Vial: Why the Pen Wins for Convenience:

 Ditch the hassle and level up with our Semaglutide 3mL Injection Pens! Unlike traditional vials that require mixing, drawing with syringes, and careful dosing, the ready-to-use pen delivers precise, mess-free injections every time—no reconstitution, no wasted product, and way less room for error. Perfect for on-the-go warriors, it’s discreet, travel-friendly, and built for consistent daily use. Faster, cleaner, and easier means you stay locked in and keep crushing your goals. Grab the pen and feel the difference! We offer multiple dosage strengths so researchers can select the exact concentration that best matches their specific protocol, titration schedule, and individual research needs.

 Discover Semaglutide: Powerful GLP-1 Support for Weight Management:

 Experience advanced metabolic support with Semaglutide — a highly effective GLP-1 receptor agonist researched for its ability to suppress appetite, slow gastric emptying, and support significant weight loss and blood sugar control. We deliver the gold standard: 99.99% purity verified through rigorous third-party analysis, so you know you’re getting nothing but the best.

 Semaglutide works by mimicking natural gut hormones to help regulate hunger and improve insulin response. It is widely studied for its strong effects on body composition, metabolic health, and sustainable weight management. Users in research settings often report reduced appetite, better portion control, and meaningful improvements in overall metabolic function. Premium quality for serious results.

Product Specifications – Semaglutide 3mL Pens

Available Strengths: 1.5mg, 3.5mg, 5.5mg, 7.5mg, 10mg, 15mg
Volume: 3 mL pre-filled pen
Format: Ready-to-use injection pen (no reconstitution or mixing required)
Purity: 99.99% third-party tested (COA available)
Key Benefit: Precise, convenient daily dosing with zero hassle — perfect for consistent research protocols across multiple strengths

Ready to support your weight management and metabolic goals? Grab your Semaglutide 3mL Pen today in the strength that fits your protocol!"
179,PBV-SEMAGLUTIDE-15MG-PEN,Semaglutide 15mg Pen,Dosage: 15mg,"Semaglutide 15mg 3ml Pen

Semaglutide Pen vs Vial: Why the Pen Wins for Convenience:

 Ditch the hassle and level up with our Semaglutide 3mL Injection Pens! Unlike traditional vials that require mixing, drawing with syringes, and careful dosing, the ready-to-use pen delivers precise, mess-free injections every time—no reconstitution, no wasted product, and way less room for error. Perfect for on-the-go warriors, it’s discreet, travel-friendly, and built for consistent daily use. Faster, cleaner, and easier means you stay locked in and keep crushing your goals. Grab the pen and feel the difference! We offer multiple dosage strengths so researchers can select the exact concentration that best matches their specific protocol, titration schedule, and individual research needs.

 Discover Semaglutide: Powerful GLP-1 Support for Weight Management:

 Experience advanced metabolic support with Semaglutide — a highly effective GLP-1 receptor agonist researched for its ability to suppress appetite, slow gastric emptying, and support significant weight loss and blood sugar control. We deliver the gold standard: 99.99% purity verified through rigorous third-party analysis, so you know you’re getting nothing but the best.

 Semaglutide works by mimicking natural gut hormones to help regulate hunger and improve insulin response. It is widely studied for its strong effects on body composition, metabolic health, and sustainable weight management. Users in research settings often report reduced appetite, better portion control, and meaningful improvements in overall metabolic function. Premium quality for serious results.

Product Specifications – Semaglutide 3mL Pens

Available Strengths: 1.5mg, 3.5mg, 5.5mg, 7.5mg, 10mg, 15mg
Volume: 3 mL pre-filled pen
Format: Ready-to-use injection pen (no reconstitution or mixing required)
Purity: 99.99% third-party tested (COA available)
Key Benefit: Precise, convenient daily dosing with zero hassle — perfect for consistent research protocols across multiple strengths

Ready to support your weight management and metabolic goals? Grab your Semaglutide 3mL Pen today in the strength that fits your protocol!"
171,PBV-SEMAGLUTIDE-3-5MG-PEN,Semaglutide 3.5mg Pen,Dosage: 3.5mg,"Semaglutide 3.5mg 3ml Pen

Semaglutide Pen vs Vial: Why the Pen Wins for Convenience:

 Ditch the hassle and level up with our Semaglutide 3mL Injection Pens! Unlike traditional vials that require mixing, drawing with syringes, and careful dosing, the ready-to-use pen delivers precise, mess-free injections every time—no reconstitution, no wasted product, and way less room for error. Perfect for on-the-go warriors, it’s discreet, travel-friendly, and built for consistent daily use. Faster, cleaner, and easier means you stay locked in and keep crushing your goals. Grab the pen and feel the difference! We offer multiple dosage strengths so researchers can select the exact concentration that best matches their specific protocol, titration schedule, and individual research needs.

 Discover Semaglutide: Powerful GLP-1 Support for Weight Management:

 Experience advanced metabolic support with Semaglutide — a highly effective GLP-1 receptor agonist researched for its ability to suppress appetite, slow gastric emptying, and support significant weight loss and blood sugar control. We deliver the gold standard: 99.99% purity verified through rigorous third-party analysis, so you know you’re getting nothing but the best.

 Semaglutide works by mimicking natural gut hormones to help regulate hunger and improve insulin response. It is widely studied for its strong effects on body composition, metabolic health, and sustainable weight management. Users in research settings often report reduced appetite, better portion control, and meaningful improvements in overall metabolic function. Premium quality for serious results.

Product Specifications – Semaglutide 3mL Pens

Available Strengths: 1.5mg, 3.5mg, 5.5mg, 7.5mg, 10mg, 15mg
Volume: 3 mL pre-filled pen
Format: Ready-to-use injection pen (no reconstitution or mixing required)
Purity: 99.99% third-party tested (COA available)
Key Benefit: Precise, convenient daily dosing with zero hassle — perfect for consistent research protocols across multiple strengths

Ready to support your weight management and metabolic goals? Grab your Semaglutide 3mL Pen today in the strength that fits your protocol!"
173,PBV-SEMAGLUTIDE-5-5MG-PEN,Semaglutide 5.5mg Pen,Dosage: 5.5mg,"Semaglutide 5.5mg 3ml Pen

Semaglutide Pen vs Vial: Why the Pen Wins for Convenience:

 Ditch the hassle and level up with our Semaglutide 3mL Injection Pens! Unlike traditional vials that require mixing, drawing with syringes, and careful dosing, the ready-to-use pen delivers precise, mess-free injections every time—no reconstitution, no wasted product, and way less room for error. Perfect for on-the-go warriors, it’s discreet, travel-friendly, and built for consistent daily use. Faster, cleaner, and easier means you stay locked in and keep crushing your goals. Grab the pen and feel the difference! We offer multiple dosage strengths so researchers can select the exact concentration that best matches their specific protocol, titration schedule, and individual research needs.

 Discover Semaglutide: Powerful GLP-1 Support for Weight Management:

 Experience advanced metabolic support with Semaglutide — a highly effective GLP-1 receptor agonist researched for its ability to suppress appetite, slow gastric emptying, and support significant weight loss and blood sugar control. We deliver the gold standard: 99.99% purity verified through rigorous third-party analysis, so you know you’re getting nothing but the best.

 Semaglutide works by mimicking natural gut hormones to help regulate hunger and improve insulin response. It is widely studied for its strong effects on body composition, metabolic health, and sustainable weight management. Users in research settings often report reduced appetite, better portion control, and meaningful improvements in overall metabolic function. Premium quality for serious results.

Product Specifications – Semaglutide 3mL Pens

Available Strengths: 1.5mg, 3.5mg, 5.5mg, 7.5mg, 10mg, 15mg
Volume: 3 mL pre-filled pen
Format: Ready-to-use injection pen (no reconstitution or mixing required)
Purity: 99.99% third-party tested (COA available)
Key Benefit: Precise, convenient daily dosing with zero hassle — perfect for consistent research protocols across multiple strengths

Ready to support your weight management and metabolic goals? Grab your Semaglutide 3mL Pen today in the strength that fits your protocol!"
175,PBV-SEMAGLUTIDE-7-5MG-PEN,Semaglutide 7.5mg Pen,Dosage: 7.5mg,"Semaglutide 7.5mg 3ml Pen

Semaglutide Pen vs Vial: Why the Pen Wins for Convenience:

 Ditch the hassle and level up with our Semaglutide 3mL Injection Pens! Unlike traditional vials that require mixing, drawing with syringes, and careful dosing, the ready-to-use pen delivers precise, mess-free injections every time—no reconstitution, no wasted product, and way less room for error. Perfect for on-the-go warriors, it’s discreet, travel-friendly, and built for consistent daily use. Faster, cleaner, and easier means you stay locked in and keep crushing your goals. Grab the pen and feel the difference! We offer multiple dosage strengths so researchers can select the exact concentration that best matches their specific protocol, titration schedule, and individual research needs.

 Discover Semaglutide: Powerful GLP-1 Support for Weight Management:

 Experience advanced metabolic support with Semaglutide — a highly effective GLP-1 receptor agonist researched for its ability to suppress appetite, slow gastric emptying, and support significant weight loss and blood sugar control. We deliver the gold standard: 99.99% purity verified through rigorous third-party analysis, so you know you’re getting nothing but the best.

 Semaglutide works by mimicking natural gut hormones to help regulate hunger and improve insulin response. It is widely studied for its strong effects on body composition, metabolic health, and sustainable weight management. Users in research settings often report reduced appetite, better portion control, and meaningful improvements in overall metabolic function. Premium quality for serious results.

Product Specifications – Semaglutide 3mL Pens

Available Strengths: 1.5mg, 3.5mg, 5.5mg, 7.5mg, 10mg, 15mg
Volume: 3 mL pre-filled pen
Format: Ready-to-use injection pen (no reconstitution or mixing required)
Purity: 99.99% third-party tested (COA available)
Key Benefit: Precise, convenient daily dosing with zero hassle — perfect for consistent research protocols across multiple strengths

Ready to support your weight management and metabolic goals? Grab your Semaglutide 3mL Pen today in the strength that fits your protocol!"
181,PBV-TIRZEPATIDE-10MG-PEN,Tirzepatide 10mg Pen,Dosage: 10mg,"Tirzepatide 10mg 3ml Pen 

BPC-157 Pen vs Vial: Why the Pen Wins for Convenience:

 Ditch the hassle and level up with our Tirzepatide 3mL Injection Pens! Unlike traditional vials that require mixing, drawing with syringes, and careful dosing, the ready-to-use pen delivers precise, mess-free injections every time—no reconstitution, no wasted product, and way less room for error. Perfect for on-the-go warriors, it’s discreet, travel-friendly, and built for consistent daily use. Faster, cleaner, and easier means you stay locked in and keep crushing your goals. Grab the pen and feel the difference!

Discover Tirzepatide: Advanced Dual Agonist for Superior Weight Management:

 Experience next-level metabolic support with Tirzepatide — a powerful dual GLP-1 and GIP receptor agonist researched for its ability to deliver stronger appetite suppression, improved insulin sensitivity, and significant weight loss compared to single agonists. We deliver the gold standard: 99.99% purity verified through rigorous third-party analysis, so you know you’re getting nothing but the best.

Tirzepatide works by activating two key gut hormone pathways, helping regulate hunger, slow digestion, and enhance metabolic function more effectively. It is widely studied for its impressive results in body composition improvement and sustainable weight management. Users in research settings often report reduced appetite, better energy balance, and meaningful progress toward their goals. Premium quality for serious results. We offer multiple dosage strengths so researchers can select the exact concentration that best matches their specific protocol, titration schedule, and individual research needs.

Product Specifications – Tirzepatide 3mL Pens

Available Strengths: 10mg, 20mg, 30mg, 40mg, 50mg, 60mg
Volume: 3 mL pre-filled pen
Format: Ready-to-use injection pen (no reconstitution or mixing required)
Purity: 99.99% third-party tested (COA available)
Key Benefit: Precise, convenient daily dosing with zero hassle — perfect for consistent research protocols across multiple strengths

Ready to take your weight management research to the next level? Grab your Tirzepatide 3mL Pen today in the strength that fits your protocol!"
183,PBV-TIRZEPATIDE-20MG-PEN,Tirzepatide 20mg Pen,Dosage: 20mg,"Tirzepatide 20mg 3ml Pen 

BPC-157 Pen vs Vial: Why the Pen Wins for Convenience:

 Ditch the hassle and level up with our Tirzepatide 3mL Injection Pens! Unlike traditional vials that require mixing, drawing with syringes, and careful dosing, the ready-to-use pen delivers precise, mess-free injections every time—no reconstitution, no wasted product, and way less room for error. Perfect for on-the-go warriors, it’s discreet, travel-friendly, and built for consistent daily use. Faster, cleaner, and easier means you stay locked in and keep crushing your goals. Grab the pen and feel the difference!

Discover Tirzepatide: Advanced Dual Agonist for Superior Weight Management:

 Experience next-level metabolic support with Tirzepatide — a powerful dual GLP-1 and GIP receptor agonist researched for its ability to deliver stronger appetite suppression, improved insulin sensitivity, and significant weight loss compared to single agonists. We deliver the gold standard: 99.99% purity verified through rigorous third-party analysis, so you know you’re getting nothing but the best.

Tirzepatide works by activating two key gut hormone pathways, helping regulate hunger, slow digestion, and enhance metabolic function more effectively. It is widely studied for its impressive results in body composition improvement and sustainable weight management. Users in research settings often report reduced appetite, better energy balance, and meaningful progress toward their goals. Premium quality for serious results. We offer multiple dosage strengths so researchers can select the exact concentration that best matches their specific protocol, titration schedule, and individual research needs.

Product Specifications – Tirzepatide 3mL Pens

Available Strengths: 10mg, 20mg, 30mg, 40mg, 50mg, 60mg
Volume: 3 mL pre-filled pen
Format: Ready-to-use injection pen (no reconstitution or mixing required)
Purity: 99.99% third-party tested (COA available)
Key Benefit: Precise, convenient daily dosing with zero hassle — perfect for consistent research protocols across multiple strengths

Ready to take your weight management research to the next level? Grab your Tirzepatide 3mL Pen today in the strength that fits your protocol!"
185,PBV-TIRZEPATIDE-30MG-PEN,Tirzepatide 30mg Pen,Tirzepatide 30mg 3ml Pen BPC-157 Pen vs Vial: Why the Pen Wins for Convenience: Ditch the hassle and level up with our Tirzepatide 3mL Injection Pens!,"Tirzepatide 30mg 3ml Pen 

BPC-157 Pen vs Vial: Why the Pen Wins for Convenience:

 Ditch the hassle and level up with our Tirzepatide 3mL Injection Pens! Unlike traditional vials that require mixing, drawing with syringes, and careful dosing, the ready-to-use pen delivers precise, mess-free injections every time—no reconstitution, no wasted product, and way less room for error. Perfect for on-the-go warriors, it’s discreet, travel-friendly, and built for consistent daily use. Faster, cleaner, and easier means you stay locked in and keep crushing your goals. Grab the pen and feel the difference!

Discover Tirzepatide: Advanced Dual Agonist for Superior Weight Management:

 Experience next-level metabolic support with Tirzepatide — a powerful dual GLP-1 and GIP receptor agonist researched for its ability to deliver stronger appetite suppression, improved insulin sensitivity, and significant weight loss compared to single agonists. We deliver the gold standard: 99.99% purity verified through rigorous third-party analysis, so you know you’re getting nothing but the best.

Tirzepatide works by activating two key gut hormone pathways, helping regulate hunger, slow digestion, and enhance metabolic function more effectively. It is widely studied for its impressive results in body composition improvement and sustainable weight management. Users in research settings often report reduced appetite, better energy balance, and meaningful progress toward their goals. Premium quality for serious results. We offer multiple dosage strengths so researchers can select the exact concentration that best matches their specific protocol, titration schedule, and individual research needs.

Product Specifications – Tirzepatide 3mL Pens

Available Strengths: 10mg, 20mg, 30mg, 40mg, 50mg, 60mg
Volume: 3 mL pre-filled pen
Format: Ready-to-use injection pen (no reconstitution or mixing required)
Purity: 99.99% third-party tested (COA available)
Key Benefit: Precise, convenient daily dosing with zero hassle — perfect for consistent research protocols across multiple strengths

Ready to take your weight management research to the next level? Grab your Tirzepatide 3mL Pen today in the strength that fits your protocol!"
187,PBV-TIRZEPATIDE-40MG-PEN,Tirzepatide 40mg Pen,Tirzepatide 40mg 3ml Pen BPC-157 Pen vs Vial: Why the Pen Wins for Convenience: Ditch the hassle and level up with our Tirzepatide 3mL Injection Pens!,"Tirzepatide 40mg 3ml Pen 

BPC-157 Pen vs Vial: Why the Pen Wins for Convenience:

Ditch the hassle and level up with our Tirzepatide 3mL Injection Pens! Unlike traditional vials that require mixing, drawing with syringes, and careful dosing, the ready-to-use pen delivers precise, mess-free injections every time—no reconstitution, no wasted product, and way less room for error. Perfect for on-the-go warriors, it’s discreet, travel-friendly, and built for consistent daily use. Faster, cleaner, and easier means you stay locked in and keep crushing your goals. Grab the pen and feel the difference!

Discover Tirzepatide: Advanced Dual Agonist for Superior Weight Management:

Experience next-level metabolic support with Tirzepatide — a powerful dual GLP-1 and GIP receptor agonist researched for its ability to deliver stronger appetite suppression, improved insulin sensitivity, and significant weight loss compared to single agonists. We deliver the gold standard: 99.99% purity verified through rigorous third-party analysis, so you know you’re getting nothing but the best.

Tirzepatide works by activating two key gut hormone pathways, helping regulate hunger, slow digestion, and enhance metabolic function more effectively. It is widely studied for its impressive results in body composition improvement and sustainable weight management. Users in research settings often report reduced appetite, better energy balance, and meaningful progress toward their goals. Premium quality for serious results. We offer multiple dosage strengths so researchers can select the exact concentration that best matches their specific protocol, titration schedule, and individual research needs.

Product Specifications – Tirzepatide 3mL Pens

Available Strengths: 10mg, 20mg, 30mg, 40mg, 50mg, 60mg
Volume: 3 mL pre-filled pen
Format: Ready-to-use injection pen (no reconstitution or mixing required)
Purity: 99.99% third-party tested (COA available)
Key Benefit: Precise, convenient daily dosing with zero hassle — perfect for consistent research protocols across multiple strengths

Ready to take your weight management research to the next level? Grab your Tirzepatide 3mL Pen today in the strength that fits your protocol!"
195,PBV-TIRZEPATIDE-50MG-PEN,Tirzepatide 50mg Pen,Tirzepatide 50mg 3ml Pen BPC-157 Pen vs Vial: Why the Pen Wins for Convenience: Ditch the hassle and level up with our Tirzepatide 3mL Injection Pens!,"Tirzepatide 50mg 3ml Pen 

BPC-157 Pen vs Vial: Why the Pen Wins for Convenience:

 Ditch the hassle and level up with our Tirzepatide 3mL Injection Pens! Unlike traditional vials that require mixing, drawing with syringes, and careful dosing, the ready-to-use pen delivers precise, mess-free injections every time—no reconstitution, no wasted product, and way less room for error. Perfect for on-the-go warriors, it’s discreet, travel-friendly, and built for consistent daily use. Faster, cleaner, and easier means you stay locked in and keep crushing your goals. Grab the pen and feel the difference!

Discover Tirzepatide: Advanced Dual Agonist for Superior Weight Management:

 Experience next-level metabolic support with Tirzepatide — a powerful dual GLP-1 and GIP receptor agonist researched for its ability to deliver stronger appetite suppression, improved insulin sensitivity, and significant weight loss compared to single agonists. We deliver the gold standard: 99.99% purity verified through rigorous third-party analysis, so you know you’re getting nothing but the best.

Tirzepatide works by activating two key gut hormone pathways, helping regulate hunger, slow digestion, and enhance metabolic function more effectively. It is widely studied for its impressive results in body composition improvement and sustainable weight management. Users in research settings often report reduced appetite, better energy balance, and meaningful progress toward their goals. Premium quality for serious results. We offer multiple dosage strengths so researchers can select the exact concentration that best matches their specific protocol, titration schedule, and individual research needs.

Product Specifications – Tirzepatide 3mL Pens

Available Strengths: 10mg, 20mg, 30mg, 40mg, 50mg, 60mg
Volume: 3 mL pre-filled pen
Format: Ready-to-use injection pen (no reconstitution or mixing required)
Purity: 99.99% third-party tested (COA available)
Key Benefit: Precise, convenient daily dosing with zero hassle — perfect for consistent research protocols across multiple strengths

Ready to take your weight management research to the next level? Grab your Tirzepatide 3mL Pen today in the strength that fits your protocol!"
191,PBV-TIRZEPATIDE-40MG-PEN-COPY,Tirzepatide 60mg Pen,Tirzepatide 60mg 3ml Pen BPC-157 Pen vs Vial: Why the Pen Wins for Convenience: Ditch the hassle and level up with our Tirzepatide 3mL Injection Pens!,"Tirzepatide 60mg 3ml Pen 

BPC-157 Pen vs Vial: Why the Pen Wins for Convenience:

 Ditch the hassle and level up with our Tirzepatide 3mL Injection Pens! Unlike traditional vials that require mixing, drawing with syringes, and careful dosing, the ready-to-use pen delivers precise, mess-free injections every time—no reconstitution, no wasted product, and way less room for error. Perfect for on-the-go warriors, it’s discreet, travel-friendly, and built for consistent daily use. Faster, cleaner, and easier means you stay locked in and keep crushing your goals. Grab the pen and feel the difference!

Discover Tirzepatide: Advanced Dual Agonist for Superior Weight Management:

 Experience next-level metabolic support with Tirzepatide — a powerful dual GLP-1 and GIP receptor agonist researched for its ability to deliver stronger appetite suppression, improved insulin sensitivity, and significant weight loss compared to single agonists. We deliver the gold standard: 99.99% purity verified through rigorous third-party analysis, so you know you’re getting nothing but the best.

Tirzepatide works by activating two key gut hormone pathways, helping regulate hunger, slow digestion, and enhance metabolic function more effectively. It is widely studied for its impressive results in body composition improvement and sustainable weight management. Users in research settings often report reduced appetite, better energy balance, and meaningful progress toward their goals. Premium quality for serious results. We offer multiple dosage strengths so researchers can select the exact concentration that best matches their specific protocol, titration schedule, and individual research needs.

Product Specifications – Tirzepatide 3mL Pens

Available Strengths: 10mg, 20mg, 30mg, 40mg, 50mg, 60mg
Volume: 3 mL pre-filled pen
Format: Ready-to-use injection pen (no reconstitution or mixing required)
Purity: 99.99% third-party tested (COA available)
Key Benefit: Precise, convenient daily dosing with zero hassle — perfect for consistent research protocols across multiple strengths

Ready to take your weight management research to the next level? Grab your Tirzepatide 3mL Pen today in the strength that fits your protocol!"
